{"type": "FeatureCollection", "features": [{"type": "Feature", "properties": {"capa": "tierra"}, "geometry": {"type": "Polygon", "coordinates": [[[-112.44427, 26.25965], [-112.44021, 26.26285], [-112.43885, 26.26684], [-112.43428, 26.27225], [-112.43075, 26.27823], [-112.43014, 26.28275], [-112.43199, 26.29339], [-112.43541, 26.29863], [-112.43595, 26.30521], [-112.4347, 26.3083], [-112.43039, 26.31278], [-112.42207, 26.32115], [-112.41896, 26.32076], [-112.40174, 26.32549], [-112.39755, 26.32727], [-112.39237, 26.32972], [-112.38352, 26.3354], [-112.37471, 26.34198], [-112.36797, 26.34963], [-112.36475, 26.35527], [-112.36007, 26.35887], [-112.35737, 26.36296], [-112.35572, 26.3638], [-112.35064, 26.37446], [-112.35196, 26.37863], [-112.35229, 26.38282], [-112.35055, 26.38593], [-112.34628, 26.38751], [-112.34465, 26.39143], [-112.34458, 26.39475], [-112.34233, 26.4], [-112.33171, 26.4049], [-112.32465, 26.40538], [-112.28136, 26.42454], [-112.28091, 26.42684], [-112.28229, 26.43154], [-112.28722, 26.43484], [-112.29471, 26.43705], [-112.29705, 26.4411], [-112.29742, 26.4456], [-112.29585, 26.44689], [-112.29235, 26.44662], [-112.26897, 26.46814], [-112.2692, 26.47364], [-112.27051, 26.47678], [-112.27139, 26.48362], [-112.27167, 26.49533], [-112.2736, 26.49882], [-112.27656, 26.50224], [-112.27438, 26.5045], [-112.27085, 26.50903], [-112.27105, 26.51417], [-112.23645, 26.51795], [-112.23417, 26.5197], [-112.22192, 26.52499], [-112.21813, 26.52793], [-112.20362, 26.53217], [-112.1964, 26.53307], [-112.16081, 26.55307], [-112.1607, 26.55341], [-112.1617, 26.55555], [-112.16412, 26.55663], [-112.1628, 26.56046], [-112.16468, 26.56381], [-112.16837, 26.56809], [-112.16865, 26.57166], [-112.16694, 26.57543], [-112.16743, 26.58166], [-112.16495, 26.58423], [-112.15878, 26.58642], [-112.14377, 26.59067], [-112.1403, 26.59361], [-112.1361, 26.5957], [-112.13327, 26.59799], [-112.12717, 26.60526], [-112.12359, 26.60672], [-112.12114, 26.60925], [-112.11906, 26.61238], [-112.10812, 26.6221], [-112.10483, 26.62294], [-112.10366, 26.62479], [-112.09652, 26.63184], [-112.09451, 26.63618], [-112.08988, 26.63869], [-112.04546, 26.61649], [-112.04426, 26.6169], [-112.04126, 26.62199], [-112.03789, 26.62609], [-112.03529, 26.63137], [-112.03074, 26.63286], [-112.02354, 26.63122], [-112.019, 26.63209], [-112.0171, 26.63311], [-112.01667, 26.63674], [-112.01488, 26.63956], [-112.0116, 26.64325], [-111.99557, 26.68286], [-111.98864, 26.6878], [-111.9879, 26.69085], [-111.99053, 26.6949], [-111.99092, 26.69998], [-111.98611, 26.70268], [-111.98244, 26.70291], [-111.97785, 26.70379], [-111.97407, 26.70703], [-111.97042, 26.70726], [-111.96529, 26.70639], [-111.9614, 26.70694], [-111.95979, 26.70892], [-112.00462, 26.75974], [-112.00647, 26.76029], [-112.00663, 26.762], [-112.00817, 26.76376], [-112.00549, 26.7664], [-112.00383, 26.76883], [-112.00373, 26.77638], [-111.99938, 26.78477], [-112.00465, 26.79705], [-112.00463, 26.80094], [-112.00583, 26.80337], [-111.99682, 26.80343], [-111.99187, 26.80398], [-111.98856, 26.80571], [-111.98319, 26.80553], [-111.97849, 26.80608], [-111.97425, 26.8078], [-111.97427, 26.81013], [-111.97291, 26.81451], [-111.96978, 26.81775], [-111.96299, 26.82071], [-111.96186, 26.82482], [-111.9598, 26.82721], [-111.95557, 26.827], [-111.95182, 26.82974], [-111.94683, 26.83056], [-111.94172, 26.83092], [-111.93414, 26.83791], [-111.93251, 26.83848], [-111.9126, 26.85813], [-111.91109, 26.85669], [-111.909, 26.85537], [-111.90556, 26.85405], [-111.90175, 26.85321], [-111.85307, 26.87392], [-111.85296, 26.87521], [-111.85228, 26.87564], [-111.85212, 26.87611], [-111.85226, 26.87729], [-111.85168, 26.87991], [-111.8502, 26.88017], [-111.84641, 26.88237], [-111.84033, 26.88252], [-111.83338, 26.88398], [-111.83276, 26.88447], [-111.83279, 26.88564], [-111.8323, 26.88701], [-111.83023, 26.88856], [-111.82942, 26.88846], [-111.82794, 26.88896], [-111.82722, 26.89101], [-111.82627, 26.89149], [-111.82571, 26.89281], [-111.82517, 26.89297], [-111.82486, 26.89356], [-111.82383, 26.8938], [-111.82361, 26.89515], [-111.82293, 26.89571], [-111.82267, 26.89645], [-111.8214, 26.89651], [-111.81908, 26.89581], [-111.81831, 26.89604], [-111.81769, 26.89721], [-111.81657, 26.89698], [-111.81634, 26.89593], [-111.81391, 26.89352], [-111.8134, 26.89344], [-111.8114, 26.89193], [-111.81011, 26.89172], [-111.80921, 26.89004], [-111.80985, 26.88946], [-111.80979, 26.88899], [-111.80836, 26.88745], [-111.80655, 26.8874], [-111.80603, 26.88681], [-111.8045, 26.88664], [-111.80411, 26.88745], [-111.80336, 26.88789], [-111.80299, 26.88956], [-111.80205, 26.88973], [-111.80166, 26.8895], [-111.8014, 26.88868], [-111.80145, 26.88634], [-111.80029, 26.88506], [-111.79924, 26.88486], [-111.79848, 26.88535], [-111.7966, 26.88502], [-111.79591, 26.88447], [-111.79612, 26.88154], [-111.7958, 26.88062], [-111.7961, 26.87911], [-111.7946, 26.8785], [-111.79435, 26.87795], [-111.79263, 26.87687], [-111.79217, 26.87477], [-111.7909, 26.87418], [-111.78872, 26.87457], [-111.78841, 26.87331], [-111.78758, 26.87367], [-111.787, 26.87356], [-111.78632, 26.87252], [-111.78524, 26.87186], [-111.78361, 26.87207], [-111.78275, 26.86931], [-111.7822, 26.8691], [-111.7819, 26.8696], [-111.78134, 26.86965], [-111.78001, 26.86799], [-111.77899, 26.86748], [-111.77807, 26.86774], [-111.77773, 26.86837], [-111.77728, 26.86831], [-111.77676, 26.86722], [-111.77507, 26.8664], [-111.77439, 26.86567], [-111.77382, 26.86367], [-111.77177, 26.86225], [-111.7702, 26.86164], [-111.7666, 26.86156], [-111.76604, 26.8611], [-111.76565, 26.85879], [-111.76481, 26.85778], [-111.76417, 26.85714], [-111.76123, 26.85593], [-111.76039, 26.8529], [-111.75806, 26.85172], [-111.75595, 26.84988], [-111.75392, 26.84904], [-111.75269, 26.84892], [-111.75051, 26.84705], [-111.74883, 26.84663], [-111.74814, 26.84613], [-111.74701, 26.84485], [-111.7468, 26.8434], [-111.7463, 26.84265], [-111.74136, 26.83895], [-111.74142, 26.83614], [-111.73926, 26.83396], [-111.73868, 26.83372], [-111.73834, 26.83264], [-111.73585, 26.83163], [-111.73553, 26.83114], [-111.73573, 26.82997], [-111.73424, 26.82791], [-111.73261, 26.82742], [-111.73221, 26.82571], [-111.73053, 26.82524], [-111.73123, 26.8232], [-111.73061, 26.82258], [-111.72854, 26.82159], [-111.72877, 26.82104], [-111.72853, 26.82055], [-111.72697, 26.82034], [-111.7273, 26.81919], [-111.7255, 26.81664], [-111.72437, 26.81561], [-111.72394, 26.81122], [-111.72324, 26.8094], [-111.7216, 26.80695], [-111.72014, 26.80612], [-111.71806, 26.80576], [-111.71742, 26.80455], [-111.71632, 26.80374], [-111.71214, 26.80258], [-111.7061, 26.79884], [-111.70437, 26.79737], [-111.70353, 26.79543], [-111.70227, 26.79502], [-111.70115, 26.79313], [-111.69881, 26.79272], [-111.6978, 26.79039], [-111.69671, 26.78941], [-111.69489, 26.78912], [-111.69112, 26.7868], [-111.68946, 26.78661], [-111.68863, 26.78616], [-111.68493, 26.78303], [-111.68428, 26.78157], [-111.68234, 26.78028], [-111.67985, 26.77954], [-111.67526, 26.77935], [-111.66949, 26.78035], [-111.66641, 26.78153], [-111.66637, 26.78079], [-111.66678, 26.78047], [-111.6672, 26.77916], [-111.66691, 26.7777], [-111.66768, 26.7765], [-111.66734, 26.77471], [-111.66782, 26.77406], [-111.66764, 26.77308], [-111.66689, 26.7724], [-111.66611, 26.77228], [-111.66554, 26.76971], [-111.66399, 26.76804], [-111.65948, 26.76533], [-111.65942, 26.76367], [-111.65852, 26.76295], [-111.65751, 26.76098], [-111.65794, 26.75996], [-111.65787, 26.75829], [-111.65742, 26.75744], [-111.65476, 26.75563], [-111.65023, 26.75425], [-111.64942, 26.75368], [-111.6496, 26.75018], [-111.64901, 26.74905], [-111.64906, 26.74682], [-111.6479, 26.74551], [-111.64684, 26.74485], [-111.64208, 26.74351], [-111.63853, 26.74362], [-111.63755, 26.74352], [-111.63674, 26.74293], [-111.63584, 26.74297], [-111.63565, 26.74247], [-111.63453, 26.74218], [-111.63439, 26.74111], [-111.63247, 26.73955], [-111.63098, 26.73962], [-111.63036, 26.74046], [-111.62991, 26.74057], [-111.62956, 26.74], [-111.62852, 26.73977], [-111.62741, 26.74108], [-111.62672, 26.7412], [-111.6262, 26.74051], [-111.62584, 26.73911], [-111.62596, 26.73842], [-111.62736, 26.7373], [-111.62751, 26.73628], [-111.62807, 26.73568], [-111.62745, 26.73448], [-111.6273, 26.73292], [-111.62563, 26.73174], [-111.6234, 26.73128], [-111.62233, 26.7306], [-111.62094, 26.73095], [-111.62091, 26.72995], [-111.61937, 26.72939], [-111.61805, 26.7294], [-111.61678, 26.7281], [-111.61521, 26.72928], [-111.61082, 26.72774], [-111.61049, 26.72712], [-111.61098, 26.72431], [-111.61028, 26.72298], [-111.61014, 26.7215], [-111.60785, 26.71917], [-111.60335, 26.71872], [-111.59943, 26.71746], [-111.59755, 26.71729], [-111.59629, 26.71599], [-111.5958, 26.71487], [-111.59554, 26.71295], [-111.59505, 26.71238], [-111.59337, 26.71186], [-111.59227, 26.71213], [-111.59075, 26.71326], [-111.58916, 26.71303], [-111.5875, 26.71082], [-111.58639, 26.71114], [-111.58498, 26.71261], [-111.5844, 26.71215], [-111.58444, 26.71145], [-111.5838, 26.71152], [-111.58309, 26.71284], [-111.58213, 26.71217], [-111.58263, 26.71066], [-111.58267, 26.7099], [-111.58232, 26.70951], [-111.58181, 26.70947], [-111.58094, 26.71014], [-111.57985, 26.71025], [-111.58, 26.70962], [-111.58093, 26.70906], [-111.58124, 26.70849], [-111.58022, 26.70718], [-111.57926, 26.7068], [-111.57866, 26.70669], [-111.5774, 26.70749], [-111.57533, 26.70806], [-111.57331, 26.70841], [-111.57264, 26.70824], [-111.57155, 26.70674], [-111.57327, 26.70503], [-111.57331, 26.70458], [-111.57211, 26.70312], [-111.57082, 26.70047], [-111.56964, 26.70097], [-111.56915, 26.70047], [-111.56955, 26.69913], [-111.5691, 26.6988], [-111.5685, 26.69908], [-111.56756, 26.69867], [-111.5667, 26.69736], [-111.56597, 26.69773], [-111.56516, 26.69717], [-111.56404, 26.69846], [-111.56351, 26.69784], [-111.56303, 26.69829], [-111.5626, 26.69825], [-111.56163, 26.69729], [-111.56175, 26.69612], [-111.56118, 26.69369], [-111.56172, 26.69296], [-111.56155, 26.6904], [-111.56181, 26.68947], [-111.5633, 26.68795], [-111.56447, 26.68608], [-111.56398, 26.68456], [-111.56314, 26.68368], [-111.56297, 26.68301], [-111.56387, 26.68057], [-111.56382, 26.67902], [-111.5645, 26.67814], [-111.56436, 26.6763], [-111.56507, 26.67469], [-111.56594, 26.67445], [-111.56736, 26.67301], [-111.56636, 26.67149], [-111.56685, 26.67043], [-111.56775, 26.67008], [-111.56734, 26.66928], [-111.56728, 26.66754], [-111.56803, 26.6652], [-111.56797, 26.66286], [-111.56721, 26.66093], [-111.56642, 26.66019], [-111.56661, 26.65875], [-111.567, 26.65803], [-111.56783, 26.65744], [-111.56846, 26.65554], [-111.56797, 26.65302], [-111.56696, 26.65214], [-111.56709, 26.65158], [-111.56785, 26.65144], [-111.5682, 26.65089], [-111.56853, 26.64611], [-111.56721, 26.64468], [-111.56732, 26.64136], [-111.5664, 26.64078], [-111.56646, 26.64015], [-111.56726, 26.63925], [-111.5675, 26.63698], [-111.56725, 26.6362], [-111.56573, 26.63543], [-111.56593, 26.63478], [-111.56646, 26.63465], [-111.56706, 26.63348], [-111.5682, 26.63283], [-111.56829, 26.63168], [-111.56766, 26.63109], [-111.56646, 26.63119], [-111.56685, 26.62993], [-111.56671, 26.62921], [-111.56595, 26.6282], [-111.5655, 26.62651], [-111.5657, 26.62537], [-111.56485, 26.62448], [-111.56367, 26.62195], [-111.56359, 26.62093], [-111.56622, 26.61909], [-111.56687, 26.61906], [-111.56786, 26.61837], [-111.5677, 26.61798], [-111.56706, 26.61774], [-111.56547, 26.61777], [-111.5647, 26.61828], [-111.56447, 26.61782], [-111.56595, 26.61215], [-111.56663, 26.61112], [-111.56674, 26.6085], [-111.56756, 26.60709], [-111.56803, 26.6029], [-111.56878, 26.60209], [-111.56814, 26.60106], [-111.56941, 26.5952], [-111.5688, 26.59336], [-111.56852, 26.58885], [-111.56908, 26.58715], [-111.57073, 26.58568], [-111.56938, 26.58502], [-111.56968, 26.58194], [-111.5693, 26.58028], [-111.57051, 26.57272], [-111.56924, 26.57], [-111.56766, 26.56799], [-111.56758, 26.56561], [-111.56822, 26.56461], [-111.56794, 26.56312], [-111.56618, 26.56093], [-111.56611, 26.55938], [-111.56542, 26.55862], [-111.56266, 26.55728], [-111.56097, 26.55534], [-111.5585, 26.55396], [-111.55841, 26.55306], [-111.55747, 26.55285], [-111.55717, 26.55179], [-111.55519, 26.55069], [-111.55401, 26.55049], [-111.54917, 26.54835], [-111.5434, 26.54686], [-111.54121, 26.54541], [-111.5404, 26.54413], [-111.53874, 26.54333], [-111.53329, 26.54194], [-111.53215, 26.54199], [-111.52958, 26.54104], [-111.52731, 26.53913], [-111.52579, 26.53885], [-111.52446, 26.53795], [-111.52245, 26.5372], [-111.51814, 26.53682], [-111.517, 26.5373], [-111.51599, 26.53721], [-111.51333, 26.53592], [-111.50934, 26.53498], [-111.5084, 26.53435], [-111.50825, 26.53307], [-111.50744, 26.53221], [-111.50307, 26.53059], [-111.4992, 26.5301], [-111.49106, 26.53001], [-111.48834, 26.53018], [-111.48786, 26.53047], [-111.48372, 26.53026], [-111.4826, 26.53042], [-111.48235, 26.53077], [-111.48017, 26.53057], [-111.4752, 26.5313], [-111.47414, 26.53174], [-111.47376, 26.53463], [-111.47291, 26.53577], [-111.46776, 26.53584], [-111.4638, 26.53823], [-111.4628, 26.5384], [-111.46244, 26.53777], [-111.46055, 26.53813], [-111.46042, 26.53767], [-111.46098, 26.5364], [-111.46314, 26.53464], [-111.46363, 26.5327], [-111.4631, 26.53169], [-111.463, 26.53038], [-111.46194, 26.52882], [-111.45742, 26.52567], [-111.45717, 26.52368], [-111.45658, 26.5228], [-111.45332, 26.52162], [-111.44737, 26.52112], [-111.44246, 26.5182], [-111.44259, 26.51734], [-111.44383, 26.51553], [-111.44445, 26.5153], [-111.44703, 26.51534], [-111.45087, 26.51654], [-111.45261, 26.51533], [-111.45272, 26.51465], [-111.45216, 26.51373], [-111.45235, 26.51267], [-111.45319, 26.51189], [-111.45393, 26.51039], [-111.45381, 26.50994], [-111.4534, 26.50981], [-111.4534, 26.50912], [-111.45434, 26.50833], [-111.45525, 26.50817], [-111.45662, 26.50646], [-111.45649, 26.50471], [-111.45572, 26.50393], [-111.45666, 26.503], [-111.45646, 26.50169], [-111.45544, 26.50044], [-111.45618, 26.49616], [-111.45542, 26.49502], [-111.45653, 26.4932], [-111.45573, 26.48973], [-111.45508, 26.4894], [-111.45546, 26.48788], [-111.45646, 26.48643], [-111.45801, 26.4856], [-111.45857, 26.4848], [-111.45926, 26.48264], [-111.46052, 26.48134], [-111.46076, 26.47964], [-111.46158, 26.4797], [-111.46289, 26.47914], [-111.46325, 26.47845], [-111.46488, 26.47866], [-111.46535, 26.47933], [-111.46622, 26.4792], [-111.46699, 26.47858], [-111.46694, 26.47718], [-111.46589, 26.47699], [-111.46569, 26.47595], [-111.46499, 26.4753], [-111.4655, 26.47438], [-111.46654, 26.47482], [-111.4685, 26.47292], [-111.46819, 26.47157], [-111.46881, 26.4707], [-111.46793, 26.46942], [-111.46793, 26.4676], [-111.47035, 26.46521], [-111.47152, 26.46225], [-111.47206, 26.45971], [-111.47183, 26.45818], [-111.47258, 26.45682], [-111.47235, 26.45648], [-111.47147, 26.45643], [-111.47057, 26.45588], [-111.46999, 26.45521], [-111.47065, 26.45286], [-111.46986, 26.45108], [-111.4699, 26.44841], [-111.46945, 26.44769], [-111.46986, 26.44654], [-111.46857, 26.44335], [-111.46864, 26.44191], [-111.46819, 26.44099], [-111.46866, 26.43945], [-111.46829, 26.43878], [-111.46823, 26.43738], [-111.46866, 26.43632], [-111.46823, 26.43584], [-111.46804, 26.434], [-111.46875, 26.43305], [-111.46879, 26.43242], [-111.46802, 26.43138], [-111.46846, 26.4305], [-111.46849, 26.42934], [-111.46789, 26.42885], [-111.46756, 26.42756], [-111.46782, 26.4269], [-111.46962, 26.42522], [-111.47005, 26.4212], [-111.4697, 26.41466], [-111.46882, 26.41206], [-111.46806, 26.4108], [-111.46804, 26.41009], [-111.46681, 26.40818], [-111.46421, 26.4056], [-111.46347, 26.40448], [-111.46275, 26.40245], [-111.45996, 26.39991], [-111.45855, 26.39925], [-111.4561, 26.39706], [-111.45093, 26.39347], [-111.44913, 26.39273], [-111.44871, 26.39209], [-111.4476, 26.39141], [-111.44548, 26.39095], [-111.44336, 26.39124], [-111.44072, 26.39033], [-111.44009, 26.38909], [-111.43896, 26.38854], [-111.43789, 26.38753], [-111.43794, 26.385], [-111.43765, 26.3844], [-111.43581, 26.38368], [-111.4352, 26.38373], [-111.43499, 26.3842], [-111.43418, 26.38408], [-111.43398, 26.38211], [-111.43241, 26.38014], [-111.43092, 26.38005], [-111.42972, 26.38067], [-111.42959, 26.38165], [-111.43061, 26.38261], [-111.43048, 26.38348], [-111.42935, 26.38439], [-111.42798, 26.38355], [-111.42713, 26.38157], [-111.42508, 26.38112], [-111.42452, 26.38057], [-111.42458, 26.3793], [-111.42501, 26.37901], [-111.42612, 26.3793], [-111.42765, 26.37887], [-111.42759, 26.37728], [-111.42287, 26.37526], [-111.42154, 26.3733], [-111.42169, 26.37276], [-111.42334, 26.37193], [-111.42398, 26.36971], [-111.42486, 26.36992], [-111.42482, 26.37079], [-111.42528, 26.37134], [-111.42637, 26.37082], [-111.42857, 26.3707], [-111.42905, 26.3699], [-111.42961, 26.3699], [-111.42967, 26.37089], [-111.43026, 26.37155], [-111.43111, 26.37159], [-111.43358, 26.37053], [-111.43514, 26.36898], [-111.43426, 26.36678], [-111.43467, 26.36589], [-111.43461, 26.36356], [-111.43384, 26.36224], [-111.43298, 26.36156], [-111.43102, 26.36157], [-111.43108, 26.36021], [-111.42951, 26.35996], [-111.42858, 26.35928], [-111.42863, 26.35805], [-111.42819, 26.35619], [-111.42746, 26.35537], [-111.42649, 26.35505], [-111.42679, 26.35342], [-111.42582, 26.3523], [-111.42491, 26.35202], [-111.42441, 26.3507], [-111.42273, 26.34964], [-111.41952, 26.34863], [-111.41777, 26.34764], [-111.41441, 26.34691], [-111.41266, 26.3469], [-111.41175, 26.34699], [-111.41143, 26.34794], [-111.41114, 26.34794], [-111.40677, 26.34711], [-111.40604, 26.34846], [-111.40485, 26.34849], [-111.40403, 26.3494], [-111.40381, 26.35044], [-111.40336, 26.3505], [-111.40317, 26.34842], [-111.40417, 26.34806], [-111.40545, 26.34644], [-111.40497, 26.34335], [-111.40336, 26.34213], [-111.39656, 26.34125], [-111.39581, 26.33967], [-111.39529, 26.33668], [-111.39453, 26.33518], [-111.39334, 26.33386], [-111.39304, 26.33278], [-111.39158, 26.33027], [-111.39094, 26.32797], [-111.39005, 26.32648], [-111.38824, 26.32508], [-111.38729, 26.32361], [-111.38733, 26.32271], [-111.38667, 26.32221], [-111.38654, 26.32159], [-111.38708, 26.32045], [-111.38736, 26.31879], [-111.38815, 26.31834], [-111.38882, 26.31576], [-111.38828, 26.31448], [-111.38853, 26.31347], [-111.38714, 26.31092], [-111.38661, 26.30829], [-111.38588, 26.30759], [-111.38493, 26.30573], [-111.38541, 26.30499], [-111.3854, 26.30396], [-111.3843, 26.3023], [-111.38354, 26.30149], [-111.38304, 26.3014], [-111.38233, 26.29999], [-111.38319, 26.29837], [-111.38332, 26.29317], [-111.38394, 26.29132], [-111.38405, 26.28805], [-111.38324, 26.28537], [-111.38328, 26.28354], [-111.38304, 26.28328], [-111.38328, 26.28109], [-111.3836, 26.2802], [-111.38472, 26.27979], [-111.38778, 26.28024], [-111.38958, 26.28122], [-111.39072, 26.28047], [-111.39273, 26.28014], [-111.39309, 26.27971], [-111.39315, 26.27881], [-111.39417, 26.27828], [-111.3952, 26.27709], [-111.39519, 26.27639], [-111.39439, 26.27575], [-111.39605, 26.27158], [-111.39638, 26.26956], [-111.39582, 26.26886], [-111.39512, 26.26863], [-111.39418, 26.26677], [-111.39523, 26.2638], [-111.39753, 26.26217], [-111.39785, 26.25769], [-111.39753, 26.25526], [-111.39577, 26.25249], [-111.39572, 26.25159], [-111.39482, 26.25124], [-111.39371, 26.2496], [-111.39205, 26.24889], [-111.39054, 26.24538], [-111.38854, 26.24375], [-111.38825, 26.242], [-111.38772, 26.24112], [-111.38773, 26.23976], [-111.38714, 26.23881], [-111.3874, 26.23702], [-111.38725, 26.23548], [-111.38568, 26.2327], [-111.38564, 26.23079], [-111.38435, 26.22847], [-111.38356, 26.22791], [-111.3836, 26.22714], [-111.38401, 26.22686], [-111.38387, 26.22632], [-111.38279, 26.22514], [-111.38289, 26.22439], [-111.38339, 26.22378], [-111.38292, 26.22184], [-111.38151, 26.22104], [-111.37826, 26.21823], [-111.37744, 26.21671], [-111.37768, 26.21594], [-111.37828, 26.21582], [-111.37875, 26.21509], [-111.3783, 26.21197], [-111.37716, 26.21049], [-111.37684, 26.20671], [-111.37682, 26.20254], [-111.37781, 26.199], [-111.37847, 26.19821], [-111.37836, 26.19661], [-111.37886, 26.19536], [-111.37791, 26.18922], [-111.37663, 26.1858], [-111.3715, 26.17845], [-111.36916, 26.17671], [-111.36721, 26.17592], [-111.36448, 26.17537], [-111.36197, 26.16907], [-111.36058, 26.1673], [-111.36025, 26.16239], [-111.36121, 26.16112], [-111.35987, 26.15692], [-111.35993, 26.15591], [-111.35934, 26.15495], [-111.35879, 26.15457], [-111.35785, 26.15451], [-111.35766, 26.15399], [-111.35815, 26.15136], [-111.35809, 26.14976], [-111.35868, 26.14828], [-111.35852, 26.14629], [-111.35731, 26.14203], [-111.35624, 26.14001], [-111.35585, 26.13849], [-111.35487, 26.13702], [-111.35501, 26.13647], [-111.35422, 26.13346], [-111.35419, 26.12964], [-111.35301, 26.12792], [-111.352, 26.12731], [-111.35058, 26.12716], [-111.34983, 26.12635], [-111.34931, 26.12523], [-111.34909, 26.12362], [-111.34813, 26.12304], [-111.34849, 26.1214], [-111.348, 26.11965], [-111.34742, 26.11859], [-111.3456, 26.11677], [-111.34435, 26.11187], [-111.34217, 26.11074], [-111.34124, 26.10948], [-111.34047, 26.10916], [-111.33885, 26.10767], [-111.3377, 26.10737], [-111.3372, 26.10624], [-111.33612, 26.10523], [-111.33395, 26.10428], [-111.33051, 26.10394], [-111.32899, 26.1023], [-111.32494, 26.10125], [-111.32393, 26.10013], [-111.32517, 26.09759], [-111.32517, 26.09414], [-111.32481, 26.09258], [-111.32416, 26.09173], [-111.32478, 26.09071], [-111.32553, 26.09018], [-111.32551, 26.0878], [-111.32515, 26.08683], [-111.3244, 26.08613], [-111.32438, 26.08529], [-111.32481, 26.08425], [-111.32382, 26.08225], [-111.32133, 26.07993], [-111.32078, 26.07865], [-111.31886, 26.07666], [-111.31854, 26.07097], [-111.31996, 26.06719], [-111.32108, 26.06599], [-111.32189, 26.06363], [-111.32326, 26.06249], [-111.32546, 26.06234], [-111.32693, 26.06018], [-111.32813, 26.0596], [-111.32865, 26.05855], [-111.32905, 26.05547], [-111.32848, 26.0495], [-111.33014, 26.04725], [-111.33058, 26.04539], [-111.33232, 26.04352], [-111.33317, 26.0433], [-111.33538, 26.04119], [-111.33941, 26.03823], [-111.3403, 26.03695], [-111.3408, 26.03684], [-111.34215, 26.03561], [-111.34249, 26.03413], [-111.34346, 26.03328], [-111.34472, 26.03056], [-111.34559, 26.02737], [-111.3444, 26.02181], [-111.34281, 26.01888], [-111.33988, 26.01541], [-111.33888, 26.01577], [-111.338, 26.01521], [-111.33805, 26.01456], [-111.33924, 26.01363], [-111.33873, 26.01103], [-111.33876, 26.00745], [-111.33758, 26.00589], [-111.33498, 26.00411], [-111.33547, 26.00237], [-111.33743, 26.00095], [-111.33796, 25.99429], [-111.33802, 25.98725], [-111.33895, 25.98519], [-111.34148, 25.9821], [-111.34671, 25.97749], [-111.34773, 25.97714], [-111.34952, 25.97578], [-111.35282, 25.97267], [-111.35452, 25.97058], [-111.35619, 25.9681], [-111.35719, 25.96555], [-111.35738, 25.96393], [-111.3583, 25.96282], [-111.3586, 25.96076], [-111.35825, 25.95674], [-111.35707, 25.95393], [-111.35453, 25.94979], [-111.35485, 25.94692], [-111.35414, 25.94608], [-111.35317, 25.94614], [-111.35311, 25.94577], [-111.35315, 25.94514], [-111.35364, 25.94479], [-111.3539, 25.94392], [-111.35355, 25.94257], [-111.35294, 25.94209], [-111.35323, 25.9411], [-111.35272, 25.94022], [-111.35294, 25.93962], [-111.35253, 25.93879], [-111.35262, 25.93804], [-111.35272, 25.93769], [-111.35466, 25.93742], [-111.35505, 25.93703], [-111.35613, 25.93275], [-111.35573, 25.93134], [-111.35574, 25.92986], [-111.35358, 25.92621], [-111.34924, 25.92274], [-111.34743, 25.92169], [-111.34588, 25.92157], [-111.34555, 25.92183], [-111.34526, 25.92316], [-111.34493, 25.92331], [-111.34414, 25.92295], [-111.34363, 25.92187], [-111.34367, 25.92121], [-111.34479, 25.92075], [-111.34487, 25.92036], [-111.3433, 25.92015], [-111.34314, 25.9187], [-111.34276, 25.91844], [-111.34264, 25.91734], [-111.34184, 25.91584], [-111.3419, 25.91473], [-111.34047, 25.91386], [-111.34032, 25.91156], [-111.33924, 25.91044], [-111.33835, 25.91], [-111.33669, 25.90814], [-111.33663, 25.90453], [-111.33739, 25.90417], [-111.33787, 25.90324], [-111.33706, 25.90162], [-111.33687, 25.90044], [-111.33764, 25.89923], [-111.33775, 25.89841], [-111.33879, 25.89763], [-111.33626, 25.89475], [-111.33549, 25.89237], [-111.33641, 25.89028], [-111.33594, 25.88562], [-111.33843, 25.8832], [-111.33884, 25.88166], [-111.34153, 25.8801], [-111.3418, 25.87858], [-111.34099, 25.87519], [-111.3409, 25.87352], [-111.33852, 25.87007], [-111.33785, 25.86977], [-111.3371, 25.8681], [-111.33442, 25.86548], [-111.3335, 25.86291], [-111.3336, 25.85834], [-111.33398, 25.8576], [-111.33396, 25.85641], [-111.33231, 25.85431], [-111.33148, 25.85262], [-111.33086, 25.84397], [-111.33197, 25.84225], [-111.33103, 25.84028], [-111.33105, 25.83887], [-111.3333, 25.83762], [-111.3334, 25.83671], [-111.32979, 25.83255], [-111.32657, 25.83131], [-111.32473, 25.83109], [-111.32431, 25.83159], [-111.32067, 25.83193], [-111.32005, 25.83255], [-111.31892, 25.83144], [-111.31741, 25.83162], [-111.3172, 25.83197], [-111.31762, 25.83292], [-111.31745, 25.83371], [-111.31646, 25.83545], [-111.31639, 25.83676], [-111.31555, 25.83703], [-111.31396, 25.83506], [-111.31111, 25.83294], [-111.30992, 25.83144], [-111.30715, 25.83041], [-111.30584, 25.82935], [-111.30536, 25.82664], [-111.3024, 25.82489], [-111.30105, 25.8229], [-111.30048, 25.82045], [-111.2994, 25.81925], [-111.29931, 25.81791], [-111.29803, 25.81714], [-111.29506, 25.81407], [-111.29234, 25.81372], [-111.29176, 25.81276], [-111.29185, 25.81108], [-111.29373, 25.81118], [-111.29695, 25.80758], [-111.29822, 25.807], [-111.30137, 25.80735], [-111.30195, 25.80764], [-111.30228, 25.80831], [-111.30187, 25.80895], [-111.30115, 25.80917], [-111.29959, 25.81121], [-111.29936, 25.81222], [-111.29989, 25.81287], [-111.30242, 25.81291], [-111.30722, 25.8124], [-111.30702, 25.81084], [-111.3073, 25.80976], [-111.30796, 25.8091], [-111.30856, 25.80535], [-111.31048, 25.80164], [-111.31109, 25.79906], [-111.31114, 25.79517], [-111.31098, 25.79384], [-111.31069, 25.79357], [-111.31109, 25.79053], [-111.31071, 25.78983], [-111.30976, 25.78932], [-111.30961, 25.78845], [-111.31029, 25.78698], [-111.31005, 25.78596], [-111.30893, 25.78411], [-111.30878, 25.7823], [-111.30698, 25.78001], [-111.30711, 25.77793], [-111.30635, 25.77622], [-111.30638, 25.7742], [-111.30492, 25.77237], [-111.30372, 25.77149], [-111.30324, 25.77073], [-111.30144, 25.76963], [-111.29234, 25.76585], [-111.29009, 25.76461], [-111.28925, 25.76382], [-111.28905, 25.76192], [-111.28766, 25.76171], [-111.28584, 25.76018], [-111.28576, 25.75854], [-111.28429, 25.75646], [-111.28008, 25.75455], [-111.27945, 25.75342], [-111.27963, 25.75192], [-111.27896, 25.75062], [-111.27133, 25.74699], [-111.26476, 25.74596], [-111.26082, 25.74497], [-111.25997, 25.74344], [-111.25882, 25.74235], [-111.25589, 25.74095], [-111.2541, 25.74049], [-111.25293, 25.73886], [-111.25134, 25.73802], [-111.25092, 25.73614], [-111.24888, 25.73318], [-111.24684, 25.73134], [-111.24558, 25.73081], [-111.24538, 25.72881], [-111.24497, 25.72807], [-111.244, 25.72752], [-111.244, 25.727], [-111.24462, 25.72563], [-111.24592, 25.72545], [-111.24602, 25.72463], [-111.24464, 25.72272], [-111.24347, 25.72191], [-111.23936, 25.72018], [-111.23519, 25.7201], [-111.23329, 25.72087], [-111.23216, 25.722], [-111.23223, 25.7228], [-111.23348, 25.7234], [-111.2343, 25.72449], [-111.23436, 25.72532], [-111.23363, 25.72648], [-111.23325, 25.72665], [-111.23183, 25.72538], [-111.23114, 25.72513], [-111.23017, 25.7253], [-111.22951, 25.72599], [-111.22595, 25.72569], [-111.2252, 25.72632], [-111.22363, 25.72539], [-111.22337, 25.72311], [-111.22027, 25.72024], [-111.22028, 25.71909], [-111.21939, 25.71857], [-111.21923, 25.71709], [-111.22001, 25.71603], [-111.21983, 25.71501], [-111.21851, 25.71399], [-111.21755, 25.71116], [-111.21604, 25.70905], [-111.2161, 25.70716], [-111.21662, 25.70649], [-111.21628, 25.7059], [-111.21567, 25.70562], [-111.21471, 25.70593], [-111.21372, 25.70886], [-111.2134, 25.70906], [-111.21306, 25.70875], [-111.21354, 25.70618], [-111.2128, 25.70546], [-111.21151, 25.70235], [-111.21172, 25.70134], [-111.21315, 25.70001], [-111.21308, 25.69728], [-111.21501, 25.69677], [-111.21568, 25.69547], [-111.21576, 25.69282], [-111.21536, 25.69012], [-111.21446, 25.6883], [-111.21057, 25.68305], [-111.21048, 25.68135], [-111.21125, 25.67956], [-111.21066, 25.67627], [-111.21022, 25.67543], [-111.20842, 25.67362], [-111.20715, 25.67295], [-111.20593, 25.67309], [-111.20552, 25.67365], [-111.20471, 25.67359], [-111.20424, 25.67307], [-111.2037, 25.67147], [-111.20374, 25.67054], [-111.20458, 25.66951], [-111.20609, 25.66879], [-111.20614, 25.66672], [-111.20563, 25.66543], [-111.2056, 25.66389], [-111.20447, 25.66151], [-111.20402, 25.65887], [-111.20265, 25.65803], [-111.20164, 25.65666], [-111.20095, 25.65654], [-111.20006, 25.65534], [-111.19951, 25.65512], [-111.20016, 25.65233], [-111.19954, 25.65153], [-111.19943, 25.65075], [-111.19956, 25.64979], [-111.20051, 25.64886], [-111.20018, 25.64714], [-111.20066, 25.64627], [-111.20029, 25.64547], [-111.19941, 25.6447], [-111.19941, 25.64418], [-111.19967, 25.64348], [-111.2013, 25.64252], [-111.20094, 25.64134], [-111.20027, 25.64054], [-111.20098, 25.63843], [-111.19952, 25.63454], [-111.19803, 25.63303], [-111.19794, 25.63138], [-111.19641, 25.63094], [-111.19575, 25.63203], [-111.19495, 25.63118], [-111.19553, 25.62974], [-111.19554, 25.62888], [-111.19447, 25.6257], [-111.19376, 25.62502], [-111.19385, 25.62433], [-111.19504, 25.62384], [-111.19447, 25.62322], [-111.19476, 25.6218], [-111.19433, 25.62125], [-111.19355, 25.62103], [-111.19265, 25.62133], [-111.19213, 25.62077], [-111.19248, 25.61792], [-111.19388, 25.61635], [-111.19379, 25.61477], [-111.19287, 25.61333], [-111.19058, 25.61091], [-111.19012, 25.60991], [-111.19009, 25.60816], [-111.18907, 25.60689], [-111.1858, 25.60466], [-111.18301, 25.60327], [-111.18259, 25.6025], [-111.18281, 25.60151], [-111.18196, 25.60084], [-111.18187, 25.59989], [-111.18095, 25.59892], [-111.18076, 25.59787], [-111.17984, 25.59725], [-111.17902, 25.59716], [-111.17808, 25.59774], [-111.17453, 25.59672], [-111.17334, 25.59672], [-111.17183, 25.59585], [-111.17183, 25.59494], [-111.17416, 25.59308], [-111.17359, 25.5924], [-111.17274, 25.59306], [-111.17194, 25.59294], [-111.17247, 25.59163], [-111.17371, 25.59114], [-111.17369, 25.58946], [-111.17283, 25.58828], [-111.17195, 25.58772], [-111.17126, 25.58777], [-111.16913, 25.58636], [-111.169, 25.58541], [-111.17038, 25.58424], [-111.17044, 25.58366], [-111.16945, 25.58267], [-111.16947, 25.58131], [-111.16915, 25.58071], [-111.16705, 25.57914], [-111.1657, 25.57734], [-111.16573, 25.575], [-111.16475, 25.57379], [-111.16115, 25.57142], [-111.15409, 25.56869], [-111.15275, 25.56846], [-111.15023, 25.56968], [-111.14847, 25.56881], [-111.14814, 25.56751], [-111.14725, 25.56662], [-111.14581, 25.56656], [-111.14488, 25.56577], [-111.14433, 25.56418], [-111.14441, 25.56287], [-111.14602, 25.5607], [-111.14587, 25.55969], [-111.14452, 25.55669], [-111.14442, 25.55515], [-111.14333, 25.5538], [-111.14212, 25.55319], [-111.14214, 25.55208], [-111.1428, 25.55143], [-111.1422, 25.5504], [-111.13951, 25.54843], [-111.13817, 25.54808], [-111.13789, 25.54746], [-111.13794, 25.54557], [-111.13658, 25.54339], [-111.13427, 25.54166], [-111.13147, 25.54087], [-111.1287, 25.53961], [-111.12617, 25.53739], [-111.12547, 25.53538], [-111.12433, 25.53452], [-111.12355, 25.53214], [-111.12291, 25.53137], [-111.12255, 25.52979], [-111.11943, 25.52743], [-111.11678, 25.5259], [-111.11347, 25.52498], [-111.10765, 25.52463], [-111.1062, 25.52488], [-111.10489, 25.52467], [-111.10418, 25.52502], [-111.10278, 25.52468], [-111.10181, 25.52607], [-111.10169, 25.52705], [-111.10081, 25.52761], [-111.09969, 25.52931], [-111.0983, 25.52747], [-111.09806, 25.52649], [-111.09416, 25.52577], [-111.08679, 25.52525], [-111.08562, 25.52565], [-111.08425, 25.52514], [-111.08231, 25.52643], [-111.08019, 25.52645], [-111.07891, 25.52571], [-111.07762, 25.52571], [-111.07585, 25.52684], [-111.07471, 25.52569], [-111.07416, 25.52562], [-111.07364, 25.5258], [-111.0729, 25.52701], [-111.07291, 25.52819], [-111.07257, 25.52879], [-111.07136, 25.5295], [-111.07122, 25.53051], [-111.07007, 25.53035], [-111.06961, 25.53094], [-111.06957, 25.53162], [-111.06916, 25.53166], [-111.06854, 25.53104], [-111.06841, 25.52916], [-111.06948, 25.52672], [-111.07202, 25.52539], [-111.07143, 25.5242], [-111.07171, 25.52364], [-111.07343, 25.52448], [-111.07433, 25.52391], [-111.07487, 25.52312], [-111.07432, 25.52096], [-111.07354, 25.5205], [-111.07311, 25.51979], [-111.07275, 25.51702], [-111.07001, 25.51521], [-111.066, 25.51363], [-111.06482, 25.51533], [-111.06384, 25.51514], [-111.0633, 25.5141], [-111.062, 25.51323], [-111.06043, 25.51379], [-111.06017, 25.51528], [-111.06077, 25.51595], [-111.06081, 25.51692], [-111.05922, 25.5181], [-111.05985, 25.5189], [-111.05989, 25.51981], [-111.05885, 25.5199], [-111.05757, 25.52079], [-111.05616, 25.52003], [-111.05501, 25.52087], [-111.05491, 25.52136], [-111.0536, 25.52117], [-111.05302, 25.52174], [-111.05277, 25.52163], [-111.05268, 25.51968], [-111.05036, 25.51828], [-111.04975, 25.51649], [-111.04826, 25.51613], [-111.04772, 25.51649], [-111.04694, 25.51777], [-111.04484, 25.51666], [-111.04218, 25.51575], [-111.03952, 25.51643], [-111.03842, 25.51723], [-111.03842, 25.51834], [-111.03931, 25.52041], [-111.03895, 25.52161], [-111.03837, 25.52203], [-111.03569, 25.52103], [-111.03517, 25.52012], [-111.03579, 25.51917], [-111.03582, 25.51851], [-111.03508, 25.51763], [-111.03326, 25.51674], [-111.03149, 25.51745], [-111.03139, 25.51847], [-111.0265, 25.51536], [-111.02472, 25.51624], [-111.02336, 25.51528], [-111.01971, 25.51503], [-111.01858, 25.51663], [-111.0173, 25.51617], [-111.01622, 25.51522], [-111.01618, 25.51276], [-111.01648, 25.51202], [-111.01601, 25.51096], [-111.01612, 25.50886], [-111.01513, 25.50765], [-111.01427, 25.5051], [-111.01479, 25.50443], [-111.01552, 25.50435], [-111.0166, 25.50565], [-111.01712, 25.50583], [-111.01948, 25.50445], [-111.02049, 25.50246], [-111.0218, 25.50174], [-111.02178, 25.50042], [-111.02237, 25.49968], [-111.02232, 25.49756], [-111.0194, 25.49419], [-111.01995, 25.49236], [-111.02009, 25.49026], [-111.01708, 25.48609], [-111.0167, 25.48515], [-111.01464, 25.48274], [-111.01397, 25.48015], [-111.01324, 25.47912], [-111.01307, 25.47786], [-111.01388, 25.47695], [-111.01453, 25.4773], [-111.01644, 25.47598], [-111.01934, 25.47603], [-111.02053, 25.47404], [-111.02084, 25.47164], [-111.01931, 25.47026], [-111.01925, 25.46966], [-111.02032, 25.46702], [-111.01938, 25.46523], [-111.01932, 25.46356], [-111.01861, 25.46293], [-111.01867, 25.46244], [-111.01957, 25.46166], [-111.02087, 25.46134], [-111.02253, 25.45994], [-111.02321, 25.45986], [-111.02455, 25.45899], [-111.02541, 25.45891], [-111.02607, 25.45822], [-111.02664, 25.45573], [-111.02678, 25.4518], [-111.02521, 25.45031], [-111.02535, 25.44915], [-111.02425, 25.44684], [-111.02475, 25.4445], [-111.02378, 25.44321], [-111.02064, 25.44167], [-111.0195, 25.43912], [-111.0177, 25.43641], [-111.01711, 25.43317], [-111.01618, 25.43168], [-111.01509, 25.42888], [-111.01507, 25.42646], [-111.01348, 25.42368], [-111.01341, 25.42209], [-111.01178, 25.42083], [-111.00722, 25.4189], [-111.00571, 25.41743], [-111.00449, 25.41764], [-111.00389, 25.41719], [-111.00339, 25.41268], [-111.00344, 25.41006], [-111.00421, 25.40848], [-111.00418, 25.40766], [-111.00341, 25.40612], [-111.00264, 25.40545], [-111.00258, 25.4037], [-111.00185, 25.40296], [-111.00171, 25.40105], [-111.00075, 25.3999], [-111.00026, 25.39841], [-111.00011, 25.39615], [-110.99962, 25.39519], [-110.99979, 25.39424], [-111.00063, 25.39308], [-111.00037, 25.39154], [-111.0006, 25.38824], [-110.99963, 25.38758], [-110.99753, 25.38748], [-110.99762, 25.38576], [-110.99914, 25.38446], [-110.99919, 25.38397], [-110.99826, 25.383], [-110.99494, 25.38106], [-110.99365, 25.3793], [-110.99382, 25.37659], [-110.99446, 25.37557], [-110.99446, 25.3749], [-110.99188, 25.37245], [-110.99022, 25.37223], [-110.98917, 25.3727], [-110.98764, 25.37208], [-110.98728, 25.37162], [-110.98728, 25.37036], [-110.98827, 25.36849], [-110.9858, 25.36764], [-110.98511, 25.36693], [-110.98475, 25.36239], [-110.98442, 25.36186], [-110.98256, 25.3607], [-110.98138, 25.35836], [-110.98103, 25.3551], [-110.98149, 25.35417], [-110.98152, 25.35311], [-110.97953, 25.34851], [-110.97947, 25.34655], [-110.98026, 25.3453], [-110.97964, 25.34372], [-110.97942, 25.3417], [-110.97616, 25.3396], [-110.97502, 25.33803], [-110.97149, 25.33512], [-110.96747, 25.33284], [-110.967, 25.3317], [-110.96632, 25.33101], [-110.95949, 25.32903], [-110.95852, 25.32909], [-110.95698, 25.32985], [-110.95455, 25.32956], [-110.95335, 25.32995], [-110.9529, 25.32964], [-110.95279, 25.32867], [-110.95481, 25.32861], [-110.95549, 25.32814], [-110.95603, 25.32632], [-110.95683, 25.3251], [-110.9575, 25.32466], [-110.95764, 25.3241], [-110.95713, 25.32278], [-110.95622, 25.32159], [-110.9546, 25.32087], [-110.95434, 25.31979], [-110.95324, 25.31917], [-110.95262, 25.31924], [-110.95052, 25.31771], [-110.94991, 25.31551], [-110.94686, 25.3141], [-110.94625, 25.31346], [-110.94576, 25.31045], [-110.94475, 25.30765], [-110.94368, 25.30638], [-110.94402, 25.30518], [-110.94509, 25.305], [-110.94585, 25.30549], [-110.947, 25.30495], [-110.94742, 25.30429], [-110.94777, 25.3029], [-110.94755, 25.30206], [-110.94681, 25.30114], [-110.94694, 25.30027], [-110.94783, 25.29929], [-110.94782, 25.29867], [-110.94661, 25.29679], [-110.94552, 25.29672], [-110.94512, 25.29604], [-110.9439, 25.29552], [-110.94209, 25.29577], [-110.94077, 25.2945], [-110.93723, 25.29225], [-110.93515, 25.29179], [-110.93457, 25.29198], [-110.9344, 25.29255], [-110.93305, 25.29264], [-110.93282, 25.29237], [-110.93269, 25.2915], [-110.9343, 25.29058], [-110.93477, 25.28952], [-110.9384, 25.28863], [-110.93887, 25.28765], [-110.93862, 25.28386], [-110.93763, 25.28249], [-110.93516, 25.28118], [-110.9349, 25.27873], [-110.93421, 25.27856], [-110.93396, 25.27805], [-110.93494, 25.27699], [-110.93507, 25.27503], [-110.93604, 25.27431], [-110.93642, 25.27293], [-110.93812, 25.27204], [-110.93892, 25.27249], [-110.93966, 25.27372], [-110.94053, 25.27411], [-110.9424, 25.27353], [-110.94442, 25.27207], [-110.94589, 25.26834], [-110.94588, 25.26497], [-110.94509, 25.26298], [-110.94518, 25.26221], [-110.94646, 25.26062], [-110.94599, 25.25673], [-110.9444, 25.25195], [-110.94215, 25.24832], [-110.93846, 25.2447], [-110.93833, 25.24196], [-110.9387, 25.24165], [-110.93987, 25.24166], [-110.94108, 25.24072], [-110.94138, 25.23991], [-110.94138, 25.23765], [-110.93816, 25.23215], [-110.93809, 25.22918], [-110.93756, 25.22822], [-110.93711, 25.22622], [-110.93752, 25.22438], [-110.93723, 25.22301], [-110.93575, 25.22082], [-110.93408, 25.21935], [-110.93414, 25.2163], [-110.93236, 25.21441], [-110.92995, 25.21256], [-110.92501, 25.21009], [-110.9224, 25.20763], [-110.92031, 25.2064], [-110.92029, 25.20515], [-110.92063, 25.2042], [-110.91945, 25.20242], [-110.91895, 25.20061], [-110.91818, 25.20003], [-110.91722, 25.19853], [-110.91699, 25.19643], [-110.91599, 25.19495], [-110.91569, 25.19285], [-110.91602, 25.19169], [-110.91566, 25.19093], [-110.90875, 25.1872], [-110.90617, 25.18385], [-110.90615, 25.1823], [-110.90679, 25.18098], [-110.91032, 25.17858], [-110.91179, 25.17621], [-110.91198, 25.17518], [-110.91193, 25.16977], [-110.91074, 25.16768], [-110.90982, 25.16515], [-110.90999, 25.16407], [-110.91121, 25.1618], [-110.91054, 25.1605], [-110.91, 25.15716], [-110.90799, 25.15121], [-110.90727, 25.14627], [-110.9027, 25.14083], [-110.90127, 25.13975], [-110.89896, 25.1387], [-110.89807, 25.13645], [-110.89593, 25.13473], [-110.8943, 25.13386], [-110.8937, 25.13312], [-110.89306, 25.13138], [-110.88741, 25.12906], [-110.88127, 25.12731], [-110.87904, 25.12699], [-110.879, 25.12646], [-110.87945, 25.12602], [-110.88087, 25.12519], [-110.88079, 25.12411], [-110.87852, 25.12191], [-110.87674, 25.12174], [-110.87512, 25.11994], [-110.87482, 25.1183], [-110.87561, 25.11611], [-110.87564, 25.11473], [-110.87334, 25.11162], [-110.87279, 25.10984], [-110.87109, 25.10798], [-110.8689, 25.10651], [-110.86881, 25.10355], [-110.86944, 25.10272], [-110.86917, 25.0988], [-110.86741, 25.09749], [-110.8671, 25.09569], [-110.86644, 25.09461], [-110.86459, 25.09288], [-110.86385, 25.09256], [-110.8636, 25.09202], [-110.86372, 25.09114], [-110.8647, 25.09056], [-110.86498, 25.08972], [-110.86387, 25.0882], [-110.86384, 25.08549], [-110.86239, 25.08428], [-110.86288, 25.08303], [-110.86287, 25.08112], [-110.86016, 25.07903], [-110.90578, 25.05847], [-110.93898, 25.07543], [-110.94357, 25.05754], [-110.94344, 25.05722], [-110.9428, 25.05707], [-110.94492, 25.04738], [-110.94662, 25.04157], [-110.94794, 25.04029], [-110.95264, 25.02174], [-110.97755, 24.9911], [-110.97794, 24.98991], [-110.97939, 24.98884], [-110.98524, 24.98164], [-110.9855, 24.98088], [-110.98691, 24.97958], [-111.00049, 24.96287], [-111.00425, 24.95441], [-111.01146, 24.94795], [-111.01318, 24.94727], [-111.05925, 24.89058], [-111.07124, 24.88663], [-111.07199, 24.88601], [-111.07503, 24.88488], [-111.07829, 24.88431], [-111.09745, 24.878], [-111.09873, 24.86983], [-111.10139, 24.8681], [-111.10697, 24.86808], [-111.1103, 24.87073], [-111.11483, 24.87113], [-111.12083, 24.86831], [-111.13143, 24.86413], [-111.14628, 24.86193], [-111.14981, 24.86077], [-111.15531, 24.85718], [-111.1604, 24.85529], [-111.16915, 24.85597], [-111.17497, 24.85801], [-111.17919, 24.864], [-111.18782, 24.86681], [-111.19316, 24.8629], [-111.19838, 24.863], [-111.20144, 24.86839], [-111.21593, 24.8711], [-111.22978, 24.87625], [-111.23724, 24.88218], [-111.24822, 24.88429], [-111.25781, 24.88453], [-111.2653, 24.88568], [-111.27967, 24.89198], [-111.29081, 24.89307], [-111.29083, 24.89266], [-111.28747, 24.88852], [-111.29316, 24.88359], [-111.29906, 24.88139], [-111.32004, 24.86184], [-111.32686, 24.84914], [-111.34227, 24.82028], [-111.33953, 24.8148], [-111.34961, 24.80134], [-111.35443, 24.79754], [-111.39599, 24.7198], [-111.3963, 24.6958], [-111.41872, 24.67243], [-111.42244, 24.67028], [-111.43499, 24.6468], [-111.48786, 24.63747], [-111.49986, 24.62806], [-111.51172, 24.598], [-111.52213, 24.57535], [-111.52892, 24.55843], [-111.52855, 24.53805], [-111.53267, 24.52698], [-111.54951, 24.51034], [-111.56813, 24.49087], [-111.57072, 24.4888], [-111.62916, 24.36199], [-111.63298, 24.36017], [-111.6401, 24.35834], [-111.66102, 24.35453], [-111.66352, 24.35361], [-111.6656, 24.35327], [-111.66744, 24.35359], [-111.66929, 24.35503], [-111.69407, 24.35051], [-111.69414, 24.34905], [-111.69486, 24.34717], [-111.69504, 24.34436], [-111.69666, 24.34249], [-111.69667, 24.34063], [-111.69723, 24.33853], [-111.69937, 24.33641], [-111.69953, 24.33473], [-111.70255, 24.33125], [-111.70332, 24.32766], [-111.7033, 24.32432], [-111.70538, 24.32229], [-111.70742, 24.32166], [-111.70955, 24.32049], [-111.70956, 24.31855], [-111.71035, 24.31706], [-111.71046, 24.31547], [-111.70946, 24.31093], [-111.71003, 24.30727], [-111.70978, 24.30285], [-111.711, 24.30342], [-111.71126, 24.3051], [-111.7111, 24.3065], [-111.71183, 24.30997], [-111.71269, 24.31232], [-111.71336, 24.31264], [-111.71401, 24.31147], [-111.71506, 24.3113], [-111.71679, 24.31394], [-111.71706, 24.31699], [-111.7175, 24.31805], [-111.71997, 24.32093], [-111.72207, 24.32244], [-111.72394, 24.32532], [-111.72376, 24.32619], [-111.72493, 24.32667], [-111.72507, 24.3278], [-111.72623, 24.32901], [-111.72847, 24.32934], [-111.72958, 24.33014], [-111.73428, 24.33451], [-111.73548, 24.33654], [-111.73526, 24.33816], [-111.7387, 24.341], [-111.73933, 24.34238], [-111.74082, 24.34431], [-111.74511, 24.34848], [-111.74816, 24.35097], [-111.75614, 24.35558], [-111.76501, 24.3615], [-111.78633, 24.37467], [-111.79885, 24.38342], [-111.81297, 24.39395], [-111.83322, 24.40969], [-111.83808, 24.41386], [-111.85603, 24.42751], [-111.8589, 24.43004], [-111.87569, 24.4426], [-111.88007, 24.44483], [-111.88138, 24.44611], [-111.88322, 24.44615], [-111.88424, 24.44668], [-111.88698, 24.44563], [-111.8874, 24.4471], [-111.8891, 24.44742], [-111.88951, 24.44864], [-111.89172, 24.4501], [-111.89423, 24.4492], [-111.89569, 24.44979], [-111.89608, 24.45219], [-111.89807, 24.45303], [-111.89866, 24.45399], [-111.89944, 24.45403], [-111.90283, 24.45547], [-111.90365, 24.45631], [-111.90498, 24.4569], [-111.90835, 24.45713], [-111.90933, 24.45797], [-111.9094, 24.45904], [-111.91193, 24.46033], [-111.91272, 24.46128], [-111.91459, 24.46151], [-111.91564, 24.4625], [-111.91525, 24.46368], [-111.91642, 24.46584], [-111.91945, 24.46925], [-111.92132, 24.47086], [-111.92385, 24.47129], [-111.92419, 24.46984], [-111.92508, 24.46889], [-111.92594, 24.46899], [-111.92678, 24.47009], [-111.92886, 24.47129], [-111.93139, 24.47354], [-111.93332, 24.47465], [-111.93444, 24.47639], [-111.9352, 24.47904], [-111.93756, 24.48194], [-111.94323, 24.48667], [-111.94699, 24.4889], [-111.94818, 24.48893], [-111.94815, 24.48817], [-111.95137, 24.49061], [-111.95326, 24.49145], [-111.95663, 24.49189], [-111.959, 24.49307], [-111.96294, 24.49371], [-111.96857, 24.4965], [-111.97011, 24.49775], [-111.97637, 24.49972], [-111.97802, 24.50073], [-111.98205, 24.50172], [-111.98429, 24.50462], [-111.9864, 24.50563], [-111.99104, 24.50652], [-111.99236, 24.50706], [-111.99654, 24.50705], [-112.00046, 24.51051], [-112.00262, 24.51066], [-112.00484, 24.51128], [-112.00517, 24.51239], [-112.00622, 24.51363], [-112.00688, 24.51515], [-112.05603, 24.53869], [-112.05806, 24.54043], [-112.05853, 24.54033], [-112.05868, 24.53969], [-112.05926, 24.53975], [-112.05933, 24.54092], [-112.05979, 24.54158], [-112.06055, 24.54103], [-112.06163, 24.541], [-112.06216, 24.54056], [-112.06295, 24.54051], [-112.06263, 24.54146], [-112.06309, 24.54195], [-112.06679, 24.5407], [-112.06827, 24.54082], [-112.06919, 24.54205], [-112.06892, 24.54283], [-112.06923, 24.54338], [-112.07019, 24.54326], [-112.07136, 24.54197], [-112.07298, 24.54354], [-112.07442, 24.54385], [-112.07472, 24.54364], [-112.07495, 24.54222], [-112.07617, 24.543], [-112.07581, 24.54423], [-112.07653, 24.54503], [-112.0802, 24.54564], [-112.08506, 24.54883], [-112.08629, 24.54871], [-112.0864, 24.54779], [-112.08678, 24.5474], [-112.08821, 24.54896], [-112.08912, 24.55077], [-112.0917, 24.55175], [-112.0929, 24.5513], [-112.09318, 24.55228], [-112.09423, 24.55359], [-112.09614, 24.55325], [-112.09656, 24.55581], [-112.09956, 24.55747], [-112.10144, 24.55915], [-112.10039, 24.56073], [-112.09887, 24.56171], [-112.10063, 24.57307], [-112.10127, 24.5749], [-112.10143, 24.57765], [-112.10408, 24.58294], [-112.10473, 24.5835], [-112.10621, 24.58622], [-112.10835, 24.5885], [-112.11155, 24.59309], [-112.11224, 24.59474], [-112.1124, 24.59754], [-112.11389, 24.59901], [-112.11568, 24.60214], [-112.12241, 24.60724], [-112.12328, 24.60897], [-112.12433, 24.6101], [-112.12921, 24.61448], [-112.13021, 24.61658], [-112.13665, 24.61987], [-112.14223, 24.61996], [-112.14544, 24.62079], [-112.14638, 24.62162], [-112.14701, 24.62573], [-112.14766, 24.62618], [-112.14919, 24.62628], [-112.14975, 24.62679], [-112.15107, 24.63082], [-112.15189, 24.63134], [-112.1554, 24.63649], [-112.15908, 24.63965], [-112.15882, 24.64048], [-112.15683, 24.64137], [-112.15738, 24.64419], [-112.1615, 24.64571], [-112.16481, 24.64614], [-112.16708, 24.6471], [-112.16895, 24.64735], [-112.17156, 24.64863], [-112.17207, 24.65051], [-112.17395, 24.65195], [-112.17444, 24.65317], [-112.17167, 24.65602], [-112.16994, 24.65874], [-112.16752, 24.66053], [-112.16748, 24.66093], [-112.16831, 24.66209], [-112.16683, 24.66325], [-112.16587, 24.66521], [-112.16588, 24.66736], [-112.16559, 24.66814], [-112.16566, 24.66885], [-112.16627, 24.66977], [-112.16597, 24.6712], [-112.16372, 24.67235], [-112.16212, 24.67189], [-112.16024, 24.67299], [-112.15919, 24.67278], [-112.15866, 24.67165], [-112.1561, 24.67077], [-112.15588, 24.67043], [-112.15436, 24.67083], [-112.15387, 24.67067], [-112.15168, 24.66911], [-112.15056, 24.66642], [-112.14963, 24.66625], [-112.14631, 24.66731], [-112.14337, 24.66945], [-112.14172, 24.67125], [-112.13862, 24.67776], [-112.1376, 24.68151], [-112.13614, 24.6846], [-112.13531, 24.68888], [-112.1349, 24.69658], [-112.13555, 24.7066], [-112.13687, 24.71182], [-112.13703, 24.71387], [-112.13902, 24.72355], [-112.14043, 24.72817], [-112.14287, 24.73316], [-112.146, 24.73783], [-112.14969, 24.74258], [-112.15483, 24.74788], [-112.15644, 24.74909], [-112.16187, 24.75438], [-112.17456, 24.76519], [-112.18112, 24.77013], [-112.18826, 24.77442], [-112.18958, 24.77559], [-112.19097, 24.77604], [-112.1999, 24.78078], [-112.21581, 24.78711], [-112.22356, 24.78891], [-112.23507, 24.79], [-112.2383, 24.78966], [-112.2408, 24.78897], [-112.24256, 24.78885], [-112.2447, 24.78812], [-112.2468, 24.7879], [-112.2487, 24.78869], [-112.24946, 24.78841], [-112.25083, 24.78679], [-112.25625, 24.78425], [-112.25706, 24.78313], [-112.25867, 24.78225], [-112.26033, 24.78252], [-112.26062, 24.78231], [-112.26049, 24.78173], [-112.26096, 24.78043], [-112.26085, 24.77695], [-112.26132, 24.77424], [-112.26117, 24.7725], [-112.26065, 24.76997], [-112.25912, 24.7683], [-112.25933, 24.7667], [-112.25852, 24.76503], [-112.25909, 24.76051], [-112.25897, 24.75929], [-112.25809, 24.75827], [-112.25781, 24.75624], [-112.2592, 24.75509], [-112.25834, 24.75353], [-112.25834, 24.75258], [-112.25862, 24.75065], [-112.25922, 24.74997], [-112.25985, 24.75065], [-112.26072, 24.75261], [-112.26304, 24.75377], [-112.26529, 24.7562], [-112.26642, 24.75662], [-112.26916, 24.75892], [-112.27115, 24.76261], [-112.27219, 24.76545], [-112.27251, 24.76691], [-112.27258, 24.77171], [-112.277, 24.77648], [-112.28193, 24.78011], [-112.28414, 24.77996], [-112.28593, 24.78067], [-112.28632, 24.78118], [-112.28605, 24.78179], [-112.2869, 24.78352], [-112.28815, 24.78455], [-112.28919, 24.78598], [-112.29257, 24.78788], [-112.2954, 24.78798], [-112.2972, 24.78886], [-112.29881, 24.79065], [-112.30132, 24.79131], [-112.30212, 24.79188], [-112.30407, 24.79445], [-112.30428, 24.79739], [-112.30338, 24.80039], [-112.30206, 24.8022], [-112.30101, 24.80285], [-112.29999, 24.8049], [-112.30167, 24.80752], [-112.30199, 24.80896], [-112.3018, 24.80928], [-112.30108, 24.80912], [-112.29571, 24.80958], [-112.29471, 24.81023], [-112.29193, 24.81088], [-112.28799, 24.81385], [-112.28597, 24.81722], [-112.28069, 24.82766], [-112.27935, 24.83119], [-112.27517, 24.84008], [-112.27093, 24.84821], [-112.26774, 24.85702], [-112.26645, 24.85908], [-112.26057, 24.87537], [-112.24642, 24.90803], [-112.24225, 24.91936], [-112.23907, 24.92689], [-112.23652, 24.93205], [-112.23037, 24.94977], [-112.22798, 24.95491], [-112.22266, 24.96987], [-112.22136, 24.97212], [-112.21874, 24.98033], [-112.2174, 24.9833], [-112.2168, 24.98617], [-112.21509, 24.98821], [-112.21095, 25.00023], [-112.20848, 25.00621], [-112.20773, 25.00925], [-112.20583, 25.0135], [-112.20491, 25.017], [-112.19953, 25.03204], [-112.19139, 25.05758], [-112.18775, 25.07038], [-112.18423, 25.08133], [-112.18069, 25.09446], [-112.18006, 25.09562], [-112.1779, 25.10347], [-112.17627, 25.10802], [-112.17556, 25.1116], [-112.17309, 25.11868], [-112.16739, 25.13857], [-112.16604, 25.14225], [-112.16537, 25.14631], [-112.16344, 25.15103], [-112.16249, 25.15623], [-112.15769, 25.17182], [-112.15477, 25.1836], [-112.15301, 25.1882], [-112.15239, 25.19432], [-112.14936, 25.20472], [-112.14908, 25.20718], [-112.14687, 25.21558], [-112.14685, 25.21772], [-112.14571, 25.22309], [-112.14569, 25.22598], [-112.14459, 25.23156], [-112.14215, 25.2512], [-112.13977, 25.26238], [-112.13824, 25.26469], [-112.1358, 25.26699], [-112.13308, 25.26891], [-112.12907, 25.27086], [-112.12927, 25.28535], [-112.13113, 25.2874], [-112.13702, 25.2923], [-112.1379, 25.29398], [-112.13824, 25.29732], [-112.13653, 25.29941], [-112.13326, 25.30123], [-112.13204, 25.30243], [-112.12895, 25.307], [-112.12497, 25.31838], [-112.12468, 25.32038], [-112.12269, 25.32665], [-112.11951, 25.34008], [-112.11685, 25.35402], [-112.11644, 25.35764], [-112.11531, 25.36232], [-112.11524, 25.36456], [-112.11009, 25.39618], [-112.10971, 25.40193], [-112.10876, 25.40653], [-112.10855, 25.41046], [-112.10625, 25.42556], [-112.10606, 25.42973], [-112.10557, 25.43058], [-112.10533, 25.43201], [-112.10531, 25.43539], [-112.10488, 25.43771], [-112.10404, 25.43988], [-112.10394, 25.44161], [-112.10438, 25.44351], [-112.10369, 25.44454], [-112.10272, 25.45167], [-112.10329, 25.45312], [-112.10323, 25.45397], [-112.10183, 25.45616], [-112.1022, 25.46441], [-112.10179, 25.46577], [-112.10158, 25.47662], [-112.10287, 25.48101], [-112.10459, 25.48438], [-112.10514, 25.48471], [-112.10553, 25.48577], [-112.1067, 25.48696], [-112.10683, 25.48774], [-112.10501, 25.49058], [-112.10357, 25.49205], [-112.10235, 25.49264], [-112.09908, 25.49317], [-112.09772, 25.494], [-112.09901, 25.50119], [-112.10016, 25.50186], [-112.10095, 25.5028], [-112.10385, 25.50708], [-112.10456, 25.51168], [-112.10421, 25.5259], [-112.10353, 25.52839], [-112.10331, 25.53275], [-112.10181, 25.54192], [-112.09891, 25.56401], [-112.09786, 25.57962], [-112.09737, 25.58278], [-112.09703, 25.61228], [-112.09739, 25.6264], [-112.0973, 25.65471], [-112.0979, 25.67781], [-112.09709, 25.67957], [-112.0941, 25.68118], [-112.0943, 25.68447], [-112.09808, 25.68766], [-112.09855, 25.68828], [-112.09904, 25.69005], [-112.0993, 25.69804], [-112.09902, 25.70241], [-112.09956, 25.70372], [-112.09911, 25.70495], [-112.09911, 25.70831], [-112.09986, 25.72545], [-112.09979, 25.7298], [-112.10031, 25.73274], [-112.10095, 25.74186], [-112.10102, 25.74787], [-112.10076, 25.7483], [-112.09988, 25.74832], [-112.09967, 25.74868], [-112.10038, 25.75438], [-112.1017, 25.75837], [-112.10148, 25.75924], [-112.1026, 25.76517], [-112.10368, 25.76822], [-112.10488, 25.77659], [-112.10581, 25.78082], [-112.1099, 25.78991], [-112.11071, 25.79326], [-112.11194, 25.79558], [-112.1144, 25.79876], [-112.1153, 25.80069], [-112.11663, 25.80196], [-112.11842, 25.802], [-112.11935, 25.80388], [-112.11988, 25.80433], [-112.11998, 25.80534], [-112.12136, 25.80761], [-112.12219, 25.80797], [-112.12232, 25.80904], [-112.12318, 25.81039], [-112.12599, 25.81296], [-112.1267, 25.81324], [-112.12741, 25.81299], [-112.12899, 25.81545], [-112.12891, 25.81899], [-112.12921, 25.82012], [-112.12881, 25.82263], [-112.12913, 25.82297], [-112.12953, 25.82269], [-112.13003, 25.82288], [-112.13041, 25.82348], [-112.13052, 25.82392], [-112.12997, 25.82539], [-112.13076, 25.82601], [-112.13106, 25.82669], [-112.13123, 25.82774], [-112.13079, 25.82863], [-112.13096, 25.82928], [-112.13202, 25.82939], [-112.13262, 25.8301], [-112.13188, 25.83169], [-112.13459, 25.84031], [-112.13644, 25.84389], [-112.13641, 25.84603], [-112.13656, 25.84709], [-112.13706, 25.84795], [-112.13707, 25.85047], [-112.13942, 25.85454], [-112.1401, 25.85674], [-112.1408, 25.85751], [-112.14136, 25.86023], [-112.14284, 25.8628], [-112.14306, 25.86405], [-112.14588, 25.86793], [-112.14663, 25.86981], [-112.1497, 25.87411], [-112.15005, 25.87532], [-112.15148, 25.87728], [-112.15192, 25.87886], [-112.15324, 25.88131], [-112.15323, 25.88329], [-112.15605, 25.88974], [-112.15793, 25.89259], [-112.15857, 25.89433], [-112.1597, 25.89523], [-112.16005, 25.89664], [-112.16142, 25.89809], [-112.16273, 25.90269], [-112.16337, 25.90326], [-112.16319, 25.9041], [-112.16365, 25.90606], [-112.1647, 25.90774], [-112.16448, 25.90852], [-112.16494, 25.91035], [-112.16605, 25.91218], [-112.16708, 25.91851], [-112.16829, 25.92075], [-112.16894, 25.92431], [-112.16957, 25.92482], [-112.16979, 25.92752], [-112.17022, 25.92855], [-112.17236, 25.93956], [-112.17294, 25.94072], [-112.17359, 25.9441], [-112.17429, 25.94465], [-112.17499, 25.94839], [-112.17603, 25.95019], [-112.17627, 25.9521], [-112.17802, 25.95626], [-112.17962, 25.95862], [-112.17961, 25.95979], [-112.18258, 25.9647], [-112.18283, 25.96627], [-112.18461, 25.96907], [-112.18554, 25.97304], [-112.18719, 25.97674], [-112.18707, 25.97759], [-112.1876, 25.97926], [-112.1875, 25.98004], [-112.18893, 25.98131], [-112.18852, 25.98239], [-112.18873, 25.9831], [-112.19138, 25.98819], [-112.20097, 26.00019], [-112.20512, 26.00197], [-112.20624, 26.00206], [-112.20875, 26.0042], [-112.2118, 26.00857], [-112.21374, 26.0109], [-112.2147, 26.01144], [-112.21768, 26.01519], [-112.22469, 26.0251], [-112.22706, 26.0279], [-112.22882, 26.02935], [-112.23239, 26.03409], [-112.23292, 26.03425], [-112.23413, 26.03562], [-112.23626, 26.03662], [-112.23837, 26.03847], [-112.24026, 26.03954], [-112.24249, 26.03966], [-112.24337, 26.04037], [-112.24394, 26.04009], [-112.2441, 26.03963], [-112.24442, 26.03968], [-112.24641, 26.04212], [-112.25118, 26.04616], [-112.25193, 26.04643], [-112.25615, 26.05049], [-112.25787, 26.05131], [-112.26023, 26.05306], [-112.26113, 26.05327], [-112.26149, 26.05368], [-112.26227, 26.05366], [-112.2648, 26.05519], [-112.27008, 26.05669], [-112.27272, 26.05718], [-112.27405, 26.05646], [-112.27634, 26.05826], [-112.27744, 26.05869], [-112.27886, 26.05998], [-112.27938, 26.0609], [-112.28106, 26.06123], [-112.28435, 26.05956], [-112.28514, 26.05885], [-112.28654, 26.05657], [-112.28784, 26.05623], [-112.28957, 26.05452], [-112.29014, 26.05437], [-112.29247, 26.05648], [-112.29326, 26.05683], [-112.29508, 26.05677], [-112.29609, 26.05821], [-112.2964, 26.0594], [-112.29753, 26.0606], [-112.29763, 26.06137], [-112.29821, 26.06172], [-112.29837, 26.0629], [-112.29933, 26.06338], [-112.29938, 26.06388], [-112.30034, 26.06484], [-112.30055, 26.06555], [-112.30152, 26.06646], [-112.30336, 26.06756], [-112.30352, 26.06862], [-112.30424, 26.0692], [-112.30445, 26.06999], [-112.30697, 26.07072], [-112.30787, 26.0706], [-112.30866, 26.07114], [-112.30881, 26.07238], [-112.30833, 26.07302], [-112.30821, 26.07544], [-112.30777, 26.07648], [-112.30783, 26.07731], [-112.30815, 26.0776], [-112.30792, 26.08126], [-112.30828, 26.08171], [-112.30938, 26.09129], [-112.31061, 26.095], [-112.31055, 26.09571], [-112.31113, 26.09597], [-112.31139, 26.09917], [-112.31187, 26.10131], [-112.31233, 26.10175], [-112.31267, 26.10427], [-112.31296, 26.10505], [-112.31349, 26.10539], [-112.31386, 26.10452], [-112.31422, 26.10444], [-112.31464, 26.10506], [-112.31536, 26.10513], [-112.31613, 26.10443], [-112.3178, 26.10418], [-112.3184, 26.10443], [-112.31829, 26.10607], [-112.31909, 26.10649], [-112.31885, 26.10733], [-112.31797, 26.10725], [-112.31756, 26.10759], [-112.31808, 26.10824], [-112.31808, 26.10883], [-112.31787, 26.10945], [-112.31692, 26.11026], [-112.31707, 26.11161], [-112.31595, 26.11279], [-112.31604, 26.11357], [-112.31641, 26.1138], [-112.31688, 26.11292], [-112.31744, 26.1126], [-112.31795, 26.11369], [-112.31791, 26.11496], [-112.31635, 26.1149], [-112.31608, 26.11518], [-112.31644, 26.11658], [-112.31707, 26.11697], [-112.31731, 26.11941], [-112.31868, 26.1206], [-112.31918, 26.12025], [-112.31913, 26.11915], [-112.318, 26.11782], [-112.31797, 26.11572], [-112.31907, 26.11639], [-112.31964, 26.11763], [-112.32096, 26.11795], [-112.32085, 26.11866], [-112.32004, 26.11871], [-112.3198, 26.11903], [-112.32065, 26.12053], [-112.3213, 26.12071], [-112.3213, 26.12277], [-112.3202, 26.12443], [-112.32035, 26.12518], [-112.32171, 26.12516], [-112.32248, 26.12633], [-112.32388, 26.1267], [-112.32407, 26.12718], [-112.32371, 26.12789], [-112.32367, 26.12905], [-112.32493, 26.1299], [-112.32475, 26.13059], [-112.32422, 26.1308], [-112.32436, 26.13166], [-112.32469, 26.13244], [-112.32559, 26.13252], [-112.32622, 26.13656], [-112.32689, 26.13728], [-112.32847, 26.13774], [-112.32817, 26.13837], [-112.32765, 26.13841], [-112.3275, 26.13874], [-112.32801, 26.13946], [-112.32892, 26.13951], [-112.32855, 26.14146], [-112.32938, 26.1434], [-112.33005, 26.14353], [-112.32995, 26.1453], [-112.33035, 26.14599], [-112.33134, 26.1461], [-112.3315, 26.14691], [-112.33227, 26.14698], [-112.33295, 26.14777], [-112.3331, 26.14881], [-112.33255, 26.1493], [-112.33308, 26.1497], [-112.3335, 26.15202], [-112.33476, 26.15374], [-112.33619, 26.15324], [-112.33662, 26.15338], [-112.33666, 26.15432], [-112.33582, 26.15461], [-112.33592, 26.15646], [-112.33697, 26.15881], [-112.33812, 26.16034], [-112.33911, 26.16021], [-112.33922, 26.16092], [-112.34012, 26.16064], [-112.34081, 26.16114], [-112.33985, 26.16267], [-112.34053, 26.16341], [-112.34059, 26.16504], [-112.34171, 26.16667], [-112.34163, 26.16768], [-112.34216, 26.1689], [-112.34106, 26.1707], [-112.34196, 26.1707], [-112.34257, 26.16994], [-112.34432, 26.17033], [-112.3449, 26.17167], [-112.34444, 26.17209], [-112.34443, 26.17255], [-112.346, 26.17304], [-112.34615, 26.17358], [-112.34585, 26.17433], [-112.34706, 26.17493], [-112.34817, 26.17477], [-112.34806, 26.17574], [-112.34736, 26.17569], [-112.34698, 26.17609], [-112.34758, 26.177], [-112.34887, 26.17766], [-112.34852, 26.17883], [-112.34872, 26.18007], [-112.34791, 26.17996], [-112.34764, 26.18028], [-112.34877, 26.18157], [-112.34884, 26.18303], [-112.34997, 26.18361], [-112.35053, 26.18436], [-112.35047, 26.18512], [-112.35175, 26.1859], [-112.35218, 26.18654], [-112.35402, 26.18665], [-112.35459, 26.18652], [-112.35516, 26.18577], [-112.35632, 26.18592], [-112.35658, 26.18696], [-112.35559, 26.18747], [-112.35525, 26.18864], [-112.35422, 26.18873], [-112.35403, 26.18909], [-112.35494, 26.18981], [-112.35585, 26.18986], [-112.35627, 26.19107], [-112.35719, 26.19078], [-112.35801, 26.19114], [-112.35808, 26.19193], [-112.35754, 26.19244], [-112.35787, 26.19285], [-112.35851, 26.19307], [-112.35883, 26.19251], [-112.35928, 26.19253], [-112.36068, 26.19375], [-112.36522, 26.19266], [-112.3651, 26.19362], [-112.36367, 26.19444], [-112.3631, 26.19616], [-112.36461, 26.19698], [-112.36563, 26.19696], [-112.36576, 26.19869], [-112.36741, 26.19898], [-112.36737, 26.19973], [-112.36786, 26.1999], [-112.36796, 26.20061], [-112.36844, 26.20098], [-112.36904, 26.20405], [-112.37031, 26.20388], [-112.37072, 26.20325], [-112.37147, 26.20335], [-112.37145, 26.20439], [-112.371, 26.20457], [-112.37093, 26.20549], [-112.37211, 26.20624], [-112.3724, 26.20821], [-112.37406, 26.20887], [-112.3746, 26.21033], [-112.37509, 26.21063], [-112.37515, 26.21183], [-112.37593, 26.21335], [-112.38017, 26.2165], [-112.38132, 26.2169], [-112.3813, 26.21729], [-112.38072, 26.21776], [-112.38105, 26.21856], [-112.38242, 26.21889], [-112.38265, 26.21792], [-112.38394, 26.21784], [-112.3844, 26.21966], [-112.38662, 26.22256], [-112.38668, 26.2232], [-112.38633, 26.2236], [-112.3872, 26.22474], [-112.38774, 26.22678], [-112.38838, 26.2268], [-112.38857, 26.22549], [-112.38879, 26.22502], [-112.38906, 26.22504], [-112.38967, 26.2258], [-112.39029, 26.22603], [-112.39046, 26.22655], [-112.39157, 26.22653], [-112.39175, 26.22759], [-112.3931, 26.2276], [-112.39282, 26.22843], [-112.39314, 26.22932], [-112.39434, 26.22966], [-112.39438, 26.23029], [-112.39336, 26.23106], [-112.39334, 26.23155], [-112.39537, 26.23165], [-112.39527, 26.23337], [-112.39642, 26.23396], [-112.39645, 26.23493], [-112.39818, 26.23525], [-112.39831, 26.23631], [-112.39968, 26.23663], [-112.40035, 26.23727], [-112.40129, 26.23725], [-112.40137, 26.23832], [-112.40186, 26.23874], [-112.40297, 26.23886], [-112.40315, 26.24006], [-112.40426, 26.24015], [-112.40462, 26.23927], [-112.40565, 26.24038], [-112.40563, 26.24106], [-112.40507, 26.24165], [-112.40542, 26.2423], [-112.40618, 26.24264], [-112.40664, 26.24179], [-112.40743, 26.24194], [-112.40749, 26.24338], [-112.40848, 26.24354], [-112.40868, 26.24454], [-112.40947, 26.24454], [-112.4099, 26.24504], [-112.41048, 26.24504], [-112.41131, 26.24613], [-112.41204, 26.24616], [-112.41306, 26.24721], [-112.41563, 26.2482], [-112.41587, 26.24858], [-112.41677, 26.24862], [-112.41862, 26.24945], [-112.42936, 26.25233], [-112.43227, 26.25341], [-112.43503, 26.25522], [-112.43841, 26.25653], [-112.44155, 26.25847], [-112.44427, 26.25965]], [[-112.26148, 24.7871], [-112.26195, 24.78647], [-112.26144, 24.78379], [-112.26077, 24.78311], [-112.26049, 24.78377], [-112.25924, 24.78493], [-112.25931, 24.78578], [-112.25891, 24.7867], [-112.25937, 24.78744], [-112.25946, 24.78837], [-112.25855, 24.78979], [-112.25901, 24.79063], [-112.26035, 24.79045], [-112.26146, 24.78851], [-112.26148, 24.7871]], [[-112.31454, 26.10802], [-112.31473, 26.10661], [-112.3137, 26.10634], [-112.31395, 26.10781], [-112.31454, 26.10802]], [[-112.32157, 26.1285], [-112.32127, 26.12606], [-112.32039, 26.12544], [-112.32006, 26.12588], [-112.32004, 26.12769], [-112.3205, 26.12845], [-112.32128, 26.12875], [-112.32157, 26.1285]], [[-112.3395, 26.16122], [-112.33909, 26.16096], [-112.33873, 26.16151], [-112.33932, 26.16168], [-112.3395, 26.16122]], [[-112.3601, 26.19441], [-112.35983, 26.19394], [-112.35905, 26.19388], [-112.35871, 26.19496], [-112.35937, 26.19513], [-112.3601, 26.19441]], [[-112.36563, 26.19908], [-112.36485, 26.19871], [-112.36452, 26.19899], [-112.36531, 26.19962], [-112.36563, 26.19908]], [[-112.36677, 26.20041], [-112.36647, 26.20082], [-112.36702, 26.20115], [-112.36718, 26.20062], [-112.36677, 26.20041]], [[-112.38427, 26.22142], [-112.38446, 26.22096], [-112.38333, 26.22017], [-112.383, 26.21921], [-112.38262, 26.21918], [-112.38237, 26.22], [-112.38363, 26.22149], [-112.38427, 26.22142]], [[-112.38591, 26.22341], [-112.38627, 26.22333], [-112.38626, 26.22295], [-112.3851, 26.22194], [-112.3847, 26.22195], [-112.38463, 26.22268], [-112.38591, 26.22341]], [[-112.39051, 26.22844], [-112.3908, 26.22757], [-112.39007, 26.22715], [-112.38983, 26.22767], [-112.39016, 26.2283], [-112.39051, 26.22844]]]}}, {"type": "Feature", "properties": {"capa": "localidad", "nombre": "El Molino", "poblacion": 2}, "geometry": {"type": "Point", "coordinates": [-111.72418, 26.53444]}}, {"type": "Feature", "properties": {"capa": "localidad", "nombre": "La Casa De Piedra", "poblacion": 2}, "geometry": {"type": "Point", "coordinates": [-111.75527, 26.53667]}}, {"type": "Feature", "properties": {"capa": "localidad", "nombre": "El Manglito", "poblacion": 2}, "geometry": {"type": "Point", "coordinates": [-111.75889, 26.54667]}}, {"type": "Feature", "properties": {"capa": "localidad", "nombre": "El Rosarito", "poblacion": 8}, "geometry": {"type": "Point", "coordinates": [-111.64751, 26.45693]}}, {"type": "Feature", "properties": {"capa": "localidad", "nombre": "Canipolo", "poblacion": 3}, "geometry": {"type": "Point", "coordinates": [-111.66834, 26.41193]}}, {"type": "Feature", "properties": {"capa": "localidad", "nombre": "El Batequito", "poblacion": 3}, "geometry": {"type": "Point", "coordinates": [-111.63111, 26.00278]}}, {"type": "Feature", "properties": {"capa": "localidad", "nombre": "Las Lagrimas", "poblacion": 3}, "geometry": {"type": "Point", "coordinates": [-111.67279, 25.93806]}}, {"type": "Feature", "properties": {"capa": "localidad", "nombre": "El Palo Chino", "poblacion": 4}, "geometry": {"type": "Point", "coordinates": [-111.65832, 25.95195]}}, {"type": "Feature", "properties": {"capa": "localidad", "nombre": "Jacobo", "poblacion": 3}, "geometry": {"type": "Point", "coordinates": [-111.54001, 26.53388]}}, {"type": "Feature", "properties": {"capa": "localidad", "nombre": "San Nicolas", "poblacion": 62}, "geometry": {"type": "Point", "coordinates": [-111.54917, 26.54333]}}, {"type": "Feature", "properties": {"capa": "localidad", "nombre": "El Saucito", "poblacion": 9}, "geometry": {"type": "Point", "coordinates": [-111.55945, 26.55333]}}, {"type": "Feature", "properties": {"capa": "localidad", "nombre": "Los Chamacos", "poblacion": 2}, "geometry": {"type": "Point", "coordinates": [-111.54222, 26.38389]}}, {"type": "Feature", "properties": {"capa": "localidad", "nombre": "San Antonio", "poblacion": 2}, "geometry": {"type": "Point", "coordinates": [-111.56361, 26.38472]}}, {"type": "Feature", "properties": {"capa": "localidad", "nombre": "La Ascension", "poblacion": 1}, "geometry": {"type": "Point", "coordinates": [-111.61, 26.40223]}}, {"type": "Feature", "properties": {"capa": "localidad", "nombre": "El Cimarron", "poblacion": 3}, "geometry": {"type": "Point", "coordinates": [-111.54721, 26.28056]}}, {"type": "Feature", "properties": {"capa": "localidad", "nombre": "El 47", "poblacion": 2}, "geometry": {"type": "Point", "coordinates": [-111.55666, 26.34944]}}, {"type": "Feature", "properties": {"capa": "localidad", "nombre": "La Giganta", "poblacion": 24}, "geometry": {"type": "Point", "coordinates": [-111.53722, 26.29805]}}, {"type": "Feature", "properties": {"capa": "localidad", "nombre": "El Imposible", "poblacion": 3}, "geometry": {"type": "Point", "coordinates": [-111.55889, 26.22972]}}, {"type": "Feature", "properties": {"capa": "localidad", "nombre": "Naocojoa", "poblacion": 2}, "geometry": {"type": "Point", "coordinates": [-111.59833, 26.26223]}}, {"type": "Feature", "properties": {"capa": "localidad", "nombre": "San Pedro", "poblacion": 2}, "geometry": {"type": "Point", "coordinates": [-111.575, 26.19834]}}, {"type": "Feature", "properties": {"capa": "localidad", "nombre": "San Vicente", "poblacion": 2}, "geometry": {"type": "Point", "coordinates": [-111.55972, 26.16166]}}, {"type": "Feature", "properties": {"capa": "localidad", "nombre": "Los Aguajitos", "poblacion": 3}, "geometry": {"type": "Point", "coordinates": [-111.53973, 26.18667]}}, {"type": "Feature", "properties": {"capa": "localidad", "nombre": "El Picacho", "poblacion": 3}, "geometry": {"type": "Point", "coordinates": [-111.58584, 26.0]}}, {"type": "Feature", "properties": {"capa": "localidad", "nombre": "La Calera", "poblacion": 8}, "geometry": {"type": "Point", "coordinates": [-111.54333, 25.90278]}}, {"type": "Feature", "properties": {"capa": "localidad", "nombre": "San Guillermo", "poblacion": 2}, "geometry": {"type": "Point", "coordinates": [-111.595, 25.93694]}}, {"type": "Feature", "properties": {"capa": "localidad", "nombre": "Rancho Nuevo", "poblacion": 2}, "geometry": {"type": "Point", "coordinates": [-111.53584, 25.94]}}, {"type": "Feature", "properties": {"capa": "localidad", "nombre": "Santa Isabel", "poblacion": 5}, "geometry": {"type": "Point", "coordinates": [-111.60528, 25.93555]}}, {"type": "Feature", "properties": {"capa": "localidad", "nombre": "Rancho Viejo", "poblacion": 2}, "geometry": {"type": "Point", "coordinates": [-111.54612, 25.93389]}}, {"type": "Feature", "properties": {"capa": "localidad", "nombre": "El Horno", "poblacion": 3}, "geometry": {"type": "Point", "coordinates": [-111.55221, 25.9]}}, {"type": "Feature", "properties": {"capa": "localidad", "nombre": "Chula Vista", "poblacion": 7}, "geometry": {"type": "Point", "coordinates": [-111.55166, 25.90334]}}, {"type": "Feature", "properties": {"capa": "localidad", "nombre": "San Javier", "poblacion": 131}, "geometry": {"type": "Point", "coordinates": [-111.54361, 25.86112]}}, {"type": "Feature", "properties": {"capa": "localidad", "nombre": "El Segundo Paso", "poblacion": 21}, "geometry": {"type": "Point", "coordinates": [-111.55361, 25.84472]}}, {"type": "Feature", "properties": {"capa": "localidad", "nombre": "La Fortuna", "poblacion": 22}, "geometry": {"type": "Point", "coordinates": [-111.54222, 25.82471]}}, {"type": "Feature", "properties": {"capa": "localidad", "nombre": "Rancho Nuevo", "poblacion": 5}, "geometry": {"type": "Point", "coordinates": [-111.55056, 25.79278]}}, {"type": "Feature", "properties": {"capa": "localidad", "nombre": "Santo Domingo", "poblacion": 4}, "geometry": {"type": "Point", "coordinates": [-111.5325, 25.74055]}}, {"type": "Feature", "properties": {"capa": "localidad", "nombre": "La Poza De Gonzalez", "poblacion": 6}, "geometry": {"type": "Point", "coordinates": [-111.54361, 25.75417]}}, {"type": "Feature", "properties": {"capa": "localidad", "nombre": "Agua Escondida", "poblacion": 17}, "geometry": {"type": "Point", "coordinates": [-111.54777, 25.77862]}}, {"type": "Feature", "properties": {"capa": "localidad", "nombre": "El Eden", "poblacion": 3}, "geometry": {"type": "Point", "coordinates": [-111.57668, 25.66777]}}, {"type": "Feature", "properties": {"capa": "localidad", "nombre": "La Poza De Teresa", "poblacion": 3}, "geometry": {"type": "Point", "coordinates": [-111.53389, 25.70221]}}, {"type": "Feature", "properties": {"capa": "localidad", "nombre": "Las Palmas", "poblacion": 2}, "geometry": {"type": "Point", "coordinates": [-111.54805, 25.69251]}}, {"type": "Feature", "properties": {"capa": "localidad", "nombre": "El Palo Blanco", "poblacion": 5}, "geometry": {"type": "Point", "coordinates": [-111.60333, 25.65389]}}, {"type": "Feature", "properties": {"capa": "localidad", "nombre": "San Lucas", "poblacion": 2}, "geometry": {"type": "Point", "coordinates": [-111.545, 25.61417]}}, {"type": "Feature", "properties": {"capa": "localidad", "nombre": "San Juaniquito", "poblacion": 1}, "geometry": {"type": "Point", "coordinates": [-111.45166, 26.39222]}}, {"type": "Feature", "properties": {"capa": "localidad", "nombre": "Los Bufalos", "poblacion": 39}, "geometry": {"type": "Point", "coordinates": [-111.52666, 26.2939]}}, {"type": "Feature", "properties": {"capa": "localidad", "nombre": "El Copalito", "poblacion": 5}, "geometry": {"type": "Point", "coordinates": [-111.51222, 26.29555]}}, {"type": "Feature", "properties": {"capa": "localidad", "nombre": "San Juan Londo", "poblacion": 3}, "geometry": {"type": "Point", "coordinates": [-111.47473, 26.22445]}}, {"type": "Feature", "properties": {"capa": "localidad", "nombre": "Panjamo", "poblacion": 6}, "geometry": {"type": "Point", "coordinates": [-111.46945, 26.22778]}}, {"type": "Feature", "properties": {"capa": "localidad", "nombre": "Lote 67", "poblacion": 1}, "geometry": {"type": "Point", "coordinates": [-111.48638, 26.22639]}}, {"type": "Feature", "properties": {"capa": "localidad", "nombre": "El Rincon", "poblacion": 6}, "geometry": {"type": "Point", "coordinates": [-111.48917, 26.25278]}}, {"type": "Feature", "properties": {"capa": "localidad", "nombre": "Las Bebelamas", "poblacion": 3}, "geometry": {"type": "Point", "coordinates": [-111.46027, 26.20416]}}, {"type": "Feature", "properties": {"capa": "localidad", "nombre": "El Pozo Redondo", "poblacion": 7}, "geometry": {"type": "Point", "coordinates": [-111.49222, 26.15499]}}, {"type": "Feature", "properties": {"capa": "localidad", "nombre": "San Antonio", "poblacion": 3}, "geometry": {"type": "Point", "coordinates": [-111.45666, 26.14305]}}, {"type": "Feature", "properties": {"capa": "localidad", "nombre": "Monte Cabello", "poblacion": 2}, "geometry": {"type": "Point", "coordinates": [-111.49861, 26.18527]}}, {"type": "Feature", "properties": {"capa": "localidad", "nombre": "El Salto", "poblacion": 2}, "geometry": {"type": "Point", "coordinates": [-111.50166, 26.13833]}}, {"type": "Feature", "properties": {"capa": "localidad", "nombre": "Hacienda Guadalupe", "poblacion": 2}, "geometry": {"type": "Point", "coordinates": [-111.51082, 26.13306]}}, {"type": "Feature", "properties": {"capa": "localidad", "nombre": "El Cardonal", "poblacion": 4}, "geometry": {"type": "Point", "coordinates": [-111.4661, 26.17722]}}, {"type": "Feature", "properties": {"capa": "localidad", "nombre": "Las Parras", "poblacion": 4}, "geometry": {"type": "Point", "coordinates": [-111.49082, 25.96694]}}, {"type": "Feature", "properties": {"capa": "localidad", "nombre": "La Venta", "poblacion": 2}, "geometry": {"type": "Point", "coordinates": [-111.46973, 25.97556]}}, {"type": "Feature", "properties": {"capa": "localidad", "nombre": "Rancho Nuevo", "poblacion": 2}, "geometry": {"type": "Point", "coordinates": [-111.53584, 25.94]}}, {"type": "Feature", "properties": {"capa": "localidad", "nombre": "Inch�", "poblacion": 1}, "geometry": {"type": "Point", "coordinates": [-111.45999, 25.90529]}}, {"type": "Feature", "properties": {"capa": "localidad", "nombre": "Los Dolores", "poblacion": 15}, "geometry": {"type": "Point", "coordinates": [-111.52556, 25.83362]}}, {"type": "Feature", "properties": {"capa": "localidad", "nombre": "Los Corrales", "poblacion": 10}, "geometry": {"type": "Point", "coordinates": [-111.51473, 25.83055]}}, {"type": "Feature", "properties": {"capa": "localidad", "nombre": "El Pasito", "poblacion": 13}, "geometry": {"type": "Point", "coordinates": [-111.51889, 25.83055]}}, {"type": "Feature", "properties": {"capa": "localidad", "nombre": "El Belen", "poblacion": 1}, "geometry": {"type": "Point", "coordinates": [-111.46334, 25.83806]}}, {"type": "Feature", "properties": {"capa": "localidad", "nombre": "El P�A", "poblacion": 7}, "geometry": {"type": "Point", "coordinates": [-111.49694, 25.83694]}}, {"type": "Feature", "properties": {"capa": "localidad", "nombre": "El Peloteado", "poblacion": 23}, "geometry": {"type": "Point", "coordinates": [-111.48473, 25.75777]}}, {"type": "Feature", "properties": {"capa": "localidad", "nombre": "Los Seris", "poblacion": 4}, "geometry": {"type": "Point", "coordinates": [-111.46055, 25.79444]}}, {"type": "Feature", "properties": {"capa": "localidad", "nombre": "La Ilusion", "poblacion": 6}, "geometry": {"type": "Point", "coordinates": [-111.46445, 25.7825]}}, {"type": "Feature", "properties": {"capa": "localidad", "nombre": "Los Palos Fierros", "poblacion": 7}, "geometry": {"type": "Point", "coordinates": [-111.46417, 25.79083]}}, {"type": "Feature", "properties": {"capa": "localidad", "nombre": "Santo Domingo", "poblacion": 4}, "geometry": {"type": "Point", "coordinates": [-111.5325, 25.74055]}}, {"type": "Feature", "properties": {"capa": "localidad", "nombre": "La Piedra Rayada", "poblacion": 4}, "geometry": {"type": "Point", "coordinates": [-111.50278, 25.76167]}}, {"type": "Feature", "properties": {"capa": "localidad", "nombre": "El Aguaje", "poblacion": 9}, "geometry": {"type": "Point", "coordinates": [-111.46222, 25.79195]}}, {"type": "Feature", "properties": {"capa": "localidad", "nombre": "La Herradura", "poblacion": 3}, "geometry": {"type": "Point", "coordinates": [-111.44362, 25.75528]}}, {"type": "Feature", "properties": {"capa": "localidad", "nombre": "Rancho Escondido", "poblacion": 5}, "geometry": {"type": "Point", "coordinates": [-111.45222, 25.74917]}}, {"type": "Feature", "properties": {"capa": "localidad", "nombre": "El Agua Bonita", "poblacion": 4}, "geometry": {"type": "Point", "coordinates": [-111.45027, 25.75222]}}, {"type": "Feature", "properties": {"capa": "localidad", "nombre": "El Mezquite", "poblacion": 5}, "geometry": {"type": "Point", "coordinates": [-111.51305, 25.64112]}}, {"type": "Feature", "properties": {"capa": "localidad", "nombre": "Uña De Gato", "poblacion": 3}, "geometry": {"type": "Point", "coordinates": [-111.50861, 25.64445]}}, {"type": "Feature", "properties": {"capa": "localidad", "nombre": "La Angostura", "poblacion": 5}, "geometry": {"type": "Point", "coordinates": [-111.46445, 25.69639]}}, {"type": "Feature", "properties": {"capa": "localidad", "nombre": "La Virgencita", "poblacion": 3}, "geometry": {"type": "Point", "coordinates": [-111.51501, 25.64249]}}, {"type": "Feature", "properties": {"capa": "localidad", "nombre": "La Poza De Teresa", "poblacion": 3}, "geometry": {"type": "Point", "coordinates": [-111.53389, 25.70221]}}, {"type": "Feature", "properties": {"capa": "localidad", "nombre": "La Virgencita", "poblacion": 3}, "geometry": {"type": "Point", "coordinates": [-111.51501, 25.64249]}}, {"type": "Feature", "properties": {"capa": "localidad", "nombre": "Los Corrales", "poblacion": 3}, "geometry": {"type": "Point", "coordinates": [-111.44917, 25.59]}}, {"type": "Feature", "properties": {"capa": "localidad", "nombre": "La Engañosa", "poblacion": 3}, "geometry": {"type": "Point", "coordinates": [-111.4811, 25.57777]}}, {"type": "Feature", "properties": {"capa": "localidad", "nombre": "El Arroyo Del Leon", "poblacion": 5}, "geometry": {"type": "Point", "coordinates": [-111.44083, 26.14527]}}, {"type": "Feature", "properties": {"capa": "localidad", "nombre": "El Troquero", "poblacion": 1}, "geometry": {"type": "Point", "coordinates": [-111.43834, 26.17333]}}, {"type": "Feature", "properties": {"capa": "localidad", "nombre": "Lomas Altas", "poblacion": 6}, "geometry": {"type": "Point", "coordinates": [-111.37139, 26.06027]}}, {"type": "Feature", "properties": {"capa": "localidad", "nombre": "Agua Escondida", "poblacion": 3}, "geometry": {"type": "Point", "coordinates": [-111.42471, 26.06334]}}, {"type": "Feature", "properties": {"capa": "localidad", "nombre": "Las Piedras Rodadas", "poblacion": 3}, "geometry": {"type": "Point", "coordinates": [-111.39778, 26.09138]}}, {"type": "Feature", "properties": {"capa": "localidad", "nombre": "Lomas Lindas", "poblacion": 4}, "geometry": {"type": "Point", "coordinates": [-111.37555, 26.07055]}}, {"type": "Feature", "properties": {"capa": "localidad", "nombre": "Cerro Blanco", "poblacion": 6}, "geometry": {"type": "Point", "coordinates": [-111.4425, 26.04223]}}, {"type": "Feature", "properties": {"capa": "localidad", "nombre": "El Pozo De Los Murillo", "poblacion": 3}, "geometry": {"type": "Point", "coordinates": [-111.39583, 26.06417]}}, {"type": "Feature", "properties": {"capa": "localidad", "nombre": "Las Cuevas", "poblacion": 16}, "geometry": {"type": "Point", "coordinates": [-111.39195, 25.96667]}}, {"type": "Feature", "properties": {"capa": "localidad", "nombre": "El Saucito", "poblacion": 2}, "geometry": {"type": "Point", "coordinates": [-111.42195, 25.92223]}}, {"type": "Feature", "properties": {"capa": "localidad", "nombre": "Nopolo", "poblacion": 89}, "geometry": {"type": "Point", "coordinates": [-111.36083, 25.93584]}}, {"type": "Feature", "properties": {"capa": "localidad", "nombre": "El Rincon", "poblacion": 2}, "geometry": {"type": "Point", "coordinates": [-111.36028, 25.91333]}}, {"type": "Feature", "properties": {"capa": "localidad", "nombre": "Tiombo", "poblacion": 4}, "geometry": {"type": "Point", "coordinates": [-111.42834, 25.91194]}}, {"type": "Feature", "properties": {"capa": "localidad", "nombre": "Santa Ines", "poblacion": 6}, "geometry": {"type": "Point", "coordinates": [-111.41167, 25.73361]}}, {"type": "Feature", "properties": {"capa": "localidad", "nombre": "San Angel", "poblacion": 4}, "geometry": {"type": "Point", "coordinates": [-111.43083, 25.77]}}, {"type": "Feature", "properties": {"capa": "localidad", "nombre": "Nuevo Santa Rosa", "poblacion": 1}, "geometry": {"type": "Point", "coordinates": [-111.41527, 25.73278]}}, {"type": "Feature", "properties": {"capa": "localidad", "nombre": "El Palmarcito", "poblacion": 5}, "geometry": {"type": "Point", "coordinates": [-111.41778, 25.7286]}}, {"type": "Feature", "properties": {"capa": "localidad", "nombre": "La Higuera", "poblacion": 6}, "geometry": {"type": "Point", "coordinates": [-111.4389, 25.75833]}}, {"type": "Feature", "properties": {"capa": "localidad", "nombre": "La Herradura", "poblacion": 3}, "geometry": {"type": "Point", "coordinates": [-111.44362, 25.75528]}}, {"type": "Feature", "properties": {"capa": "localidad", "nombre": "El Corralito", "poblacion": 4}, "geometry": {"type": "Point", "coordinates": [-111.43471, 25.76529]}}, {"type": "Feature", "properties": {"capa": "localidad", "nombre": "La Altagracia", "poblacion": 10}, "geometry": {"type": "Point", "coordinates": [-111.39667, 25.67472]}}, {"type": "Feature", "properties": {"capa": "localidad", "nombre": "La Cruz", "poblacion": 5}, "geometry": {"type": "Point", "coordinates": [-111.39388, 25.57556]}}, {"type": "Feature", "properties": {"capa": "localidad", "nombre": "La Poza Seca", "poblacion": 3}, "geometry": {"type": "Point", "coordinates": [-111.39971, 25.56223]}}, {"type": "Feature", "properties": {"capa": "localidad", "nombre": "La Poza Verde", "poblacion": 7}, "geometry": {"type": "Point", "coordinates": [-111.35556, 25.62611]}}, {"type": "Feature", "properties": {"capa": "localidad", "nombre": "Agua Amarga", "poblacion": 6}, "geometry": {"type": "Point", "coordinates": [-111.37, 25.57806]}}, {"type": "Feature", "properties": {"capa": "localidad", "nombre": "El Divisadero", "poblacion": 8}, "geometry": {"type": "Point", "coordinates": [-111.42027, 25.60333]}}, {"type": "Feature", "properties": {"capa": "localidad", "nombre": "La Poza Seca", "poblacion": 3}, "geometry": {"type": "Point", "coordinates": [-111.39971, 25.56223]}}, {"type": "Feature", "properties": {"capa": "localidad", "nombre": "La Pila", "poblacion": 4}, "geometry": {"type": "Point", "coordinates": [-111.3636, 25.52862]}}, {"type": "Feature", "properties": {"capa": "localidad", "nombre": "San Enrique", "poblacion": 3}, "geometry": {"type": "Point", "coordinates": [-111.41306, 25.55611]}}, {"type": "Feature", "properties": {"capa": "localidad", "nombre": "Loreto", "poblacion": 14724}, "geometry": {"type": "Point", "coordinates": [-111.34332, 26.01279]}}, {"type": "Feature", "properties": {"capa": "localidad", "nombre": "Notri", "poblacion": 11}, "geometry": {"type": "Point", "coordinates": [-111.34944, 25.88195]}}, {"type": "Feature", "properties": {"capa": "localidad", "nombre": "El Manguito", "poblacion": 1}, "geometry": {"type": "Point", "coordinates": [-111.34944, 25.91499]}}, {"type": "Feature", "properties": {"capa": "localidad", "nombre": "Puerto Escondido", "poblacion": 2}, "geometry": {"type": "Point", "coordinates": [-111.30777, 25.81055]}}, {"type": "Feature", "properties": {"capa": "localidad", "nombre": "Tripui]", "poblacion": 5}, "geometry": {"type": "Point", "coordinates": [-111.31888, 25.80555]}}, {"type": "Feature", "properties": {"capa": "localidad", "nombre": "Juncalito", "poblacion": 40}, "geometry": {"type": "Point", "coordinates": [-111.33223, 25.83362]}}, {"type": "Feature", "properties": {"capa": "localidad", "nombre": "Ligui", "poblacion": 203}, "geometry": {"type": "Point", "coordinates": [-111.27, 25.73444]}}, {"type": "Feature", "properties": {"capa": "localidad", "nombre": "El Entronque De Agua Verde", "poblacion": 5}, "geometry": {"type": "Point", "coordinates": [-111.31472, 25.60862]}}, {"type": "Feature", "properties": {"capa": "localidad", "nombre": "La Poza Verde", "poblacion": 7}, "geometry": {"type": "Point", "coordinates": [-111.35556, 25.62611]}}, {"type": "Feature", "properties": {"capa": "localidad", "nombre": "El Huatamote", "poblacion": 11}, "geometry": {"type": "Point", "coordinates": [-111.33916, 25.59695]}}, {"type": "Feature", "properties": {"capa": "localidad", "nombre": "El Tulillo", "poblacion": 5}, "geometry": {"type": "Point", "coordinates": [-111.345, 25.50555]}}, {"type": "Feature", "properties": {"capa": "localidad", "nombre": "El Paso De Santa Cruz", "poblacion": 8}, "geometry": {"type": "Point", "coordinates": [-111.32084, 25.53694]}}, {"type": "Feature", "properties": {"capa": "localidad", "nombre": "La Pila", "poblacion": 2}, "geometry": {"type": "Point", "coordinates": [-111.35139, 25.53944]}}, {"type": "Feature", "properties": {"capa": "localidad", "nombre": "Rancho Viejo", "poblacion": 6}, "geometry": {"type": "Point", "coordinates": [-111.27056, 25.55944]}}, {"type": "Feature", "properties": {"capa": "localidad", "nombre": "La Presa", "poblacion": 4}, "geometry": {"type": "Point", "coordinates": [-111.30305, 25.54583]}}, {"type": "Feature", "properties": {"capa": "localidad", "nombre": "Santa Cruz", "poblacion": 3}, "geometry": {"type": "Point", "coordinates": [-111.28805, 25.55139]}}, {"type": "Feature", "properties": {"capa": "localidad", "nombre": "El Saucito", "poblacion": 2}, "geometry": {"type": "Point", "coordinates": [-111.33111, 25.51001]}}, {"type": "Feature", "properties": {"capa": "localidad", "nombre": "Los Sestiaderos", "poblacion": 7}, "geometry": {"type": "Point", "coordinates": [-111.35444, 25.53861]}}, {"type": "Feature", "properties": {"capa": "localidad", "nombre": "San Antonio De La Higuera", "poblacion": 2}, "geometry": {"type": "Point", "coordinates": [-111.28584, 25.46862]}}, {"type": "Feature", "properties": {"capa": "localidad", "nombre": "Isla Nuestra Señora Del Carmen", "poblacion": 4}, "geometry": {"type": "Point", "coordinates": [-111.17973, 25.92223]}}, {"type": "Feature", "properties": {"capa": "localidad", "nombre": "Ensenada Blanca", "poblacion": 255}, "geometry": {"type": "Point", "coordinates": [-111.24722, 25.72611]}}, {"type": "Feature", "properties": {"capa": "localidad", "nombre": "Ligui", "poblacion": 203}, "geometry": {"type": "Point", "coordinates": [-111.27, 25.73444]}}, {"type": "Feature", "properties": {"capa": "localidad", "nombre": "La Danzante", "poblacion": 174}, "geometry": {"type": "Point", "coordinates": [-111.23833, 25.71722]}}, {"type": "Feature", "properties": {"capa": "localidad", "nombre": "La Ultima Agua", "poblacion": 8}, "geometry": {"type": "Point", "coordinates": [-111.25777, 25.56277]}}, {"type": "Feature", "properties": {"capa": "localidad", "nombre": "Las Huertas", "poblacion": 5}, "geometry": {"type": "Point", "coordinates": [-111.26445, 25.56083]}}, {"type": "Feature", "properties": {"capa": "localidad", "nombre": "Rancho Viejo", "poblacion": 6}, "geometry": {"type": "Point", "coordinates": [-111.27056, 25.55944]}}, {"type": "Feature", "properties": {"capa": "localidad", "nombre": "La Ultima Agua", "poblacion": 8}, "geometry": {"type": "Point", "coordinates": [-111.25777, 25.56277]}}, {"type": "Feature", "properties": {"capa": "localidad", "nombre": "Las Huertas", "poblacion": 5}, "geometry": {"type": "Point", "coordinates": [-111.26445, 25.56083]}}, {"type": "Feature", "properties": {"capa": "localidad", "nombre": "San Cosme", "poblacion": 28}, "geometry": {"type": "Point", "coordinates": [-111.16917, 25.57723]}}, {"type": "Feature", "properties": {"capa": "localidad", "nombre": "Palo Blanco", "poblacion": 3}, "geometry": {"type": "Point", "coordinates": [-111.12806, 25.53278]}}, {"type": "Feature", "properties": {"capa": "localidad", "nombre": "Puerto Agua Verde", "poblacion": 192}, "geometry": {"type": "Point", "coordinates": [-111.07083, 25.51194]}}, {"type": "Feature", "properties": {"capa": "localidad", "nombre": "Agua Verde", "poblacion": 25}, "geometry": {"type": "Point", "coordinates": [-111.08139, 25.51861]}}, {"type": "Feature", "properties": {"capa": "localidad", "nombre": "Santa Martha", "poblacion": 6}, "geometry": {"type": "Point", "coordinates": [-111.02833, 25.45139]}}, {"type": "Feature", "properties": {"capa": "camino"}, "geometry": {"type": "MultiLineString", "coordinates": [[[-111.7688, 26.54815], [-111.7697, 26.54917], [-111.778, 26.56098], [-111.77919, 26.56274], [-111.7808, 26.56586], [-111.7825, 26.56815], [-111.7834, 26.57026], [-111.7842, 26.5716], [-111.7847, 26.57628], [-111.78511, 26.57701], [-111.78579, 26.57769], [-111.7863, 26.57872], [-111.7863, 26.58099], [-111.7881, 26.58335]], [[-111.7519, 26.53666], [-111.75611, 26.53751], [-111.7612, 26.54015], [-111.76201, 26.54073], [-111.7688, 26.54815]], [[-111.76867, 26.54799], [-111.7688, 26.54815]], [[-111.7519, 26.53666], [-111.7543, 26.53706]], [[-111.7516, 26.53662], [-111.7519, 26.53666]], [[-111.75156, 26.53661], [-111.7516, 26.53662]], [[-111.70761, 26.52133], [-111.7086, 26.5249], [-111.71089, 26.52797], [-111.71119, 26.5281], [-111.7119, 26.52794], [-111.713, 26.52694], [-111.71369, 26.52691], [-111.7141, 26.52707], [-111.7146, 26.52757], [-111.7149, 26.52804], [-111.71499, 26.52869], [-111.7154, 26.52909], [-111.716, 26.52936], [-111.7176, 26.52943], [-111.7195, 26.53018], [-111.7202, 26.53012], [-111.72149, 26.52933], [-111.7223, 26.52911], [-111.7307, 26.5291], [-111.73459, 26.52986], [-111.7376, 26.53058], [-111.7382, 26.53103], [-111.7388, 26.53192], [-111.7426, 26.53414], [-111.75, 26.53629], [-111.7516, 26.53662]]]}}, {"type": "Feature", "properties": {"capa": "camino"}, "geometry": {"type": "LineString", "coordinates": [[-111.7316, 26.36038], [-111.7317, 26.36029]]}}, {"type": "Feature", "properties": {"capa": "camino"}, "geometry": {"type": "MultiLineString", "coordinates": [[[-111.70761, 26.3788], [-111.713, 26.37641], [-111.7145, 26.37643], [-111.71499, 26.37623], [-111.7173, 26.37411], [-111.7179, 26.37089], [-111.7181, 26.37043], [-111.7198, 26.3695], [-111.72059, 26.36856], [-111.7216, 26.36861], [-111.7221, 26.36841], [-111.7269, 26.3642], [-111.73149, 26.36047]], [[-111.6737, 26.40397], [-111.67939, 26.39758], [-111.68251, 26.39476], [-111.6826, 26.39446], [-111.6824, 26.39363], [-111.68483, 26.39064]]]}}, {"type": "Feature", "properties": {"capa": "camino"}, "geometry": {"type": "LineString", "coordinates": [[-111.73149, 26.36047], [-111.7316, 26.36038]]}}, {"type": "Feature", "properties": {"capa": "camino"}, "geometry": {"type": "MultiLineString", "coordinates": [[[-111.6994, 26.51102], [-111.6999, 26.51245], [-111.70121, 26.51332], [-111.7029, 26.51485], [-111.7043, 26.51744], [-111.7044, 26.51852], [-111.7055, 26.52011]], [[-111.6994, 26.51102], [-111.69942, 26.51113]], [[-111.6696, 26.47123], [-111.6702, 26.47202], [-111.6707, 26.4729], [-111.6711, 26.47336], [-111.67221, 26.47513], [-111.673, 26.47607], [-111.6746, 26.47731], [-111.67781, 26.48064], [-111.67971, 26.48481], [-111.681, 26.486], [-111.6819, 26.48985], [-111.68251, 26.49075], [-111.6829, 26.49229], [-111.6836, 26.4933], [-111.6838, 26.494], [-111.6837, 26.49466], [-111.68319, 26.49515], [-111.68319, 26.49609], [-111.6829, 26.49698], [-111.6839, 26.49814], [-111.6838, 26.49917], [-111.68431, 26.50062], [-111.6884, 26.50318], [-111.6924, 26.50443], [-111.6933, 26.50522], [-111.6943, 26.50548], [-111.69561, 26.50684], [-111.696, 26.50759], [-111.6967, 26.50908], [-111.697, 26.50941], [-111.6979, 26.5099], [-111.69819, 26.51018], [-111.69841, 26.51046], [-111.69909, 26.5108], [-111.6994, 26.51102], [-111.6994, 26.51102]], [[-111.69651, 26.50868], [-111.6967, 26.50908], [-111.697, 26.50941], [-111.6979, 26.5099], [-111.69841, 26.51046], [-111.6994, 26.51102]], [[-111.6696, 26.47123], [-111.67003, 26.4718]], [[-111.6678, 26.46957], [-111.6696, 26.47123]], [[-111.6649, 26.467], [-111.6678, 26.46957]], [[-111.66752, 26.46934], [-111.6678, 26.46957]], [[-111.6649, 26.467], [-111.66641, 26.46831]], [[-111.664, 26.46617], [-111.6649, 26.467]], [[-111.66367, 26.46596], [-111.664, 26.46617]], [[-111.6388, 26.43639], [-111.6399, 26.43788], [-111.64071, 26.43981], [-111.6423, 26.44517], [-111.644, 26.44841], [-111.64479, 26.45186], [-111.6451, 26.45251], [-111.64819, 26.4563], [-111.6502, 26.45852], [-111.6506, 26.45877], [-111.654, 26.45984], [-111.6609, 26.46507], [-111.6629, 26.46565], [-111.664, 26.46617]]]}}, {"type": "Feature", "properties": {"capa": "camino"}, "geometry": {"type": "LineString", "coordinates": [[-111.7055, 26.52011], [-111.7057, 26.52025]]}}, {"type": "Feature", "properties": {"capa": "camino"}, "geometry": {"type": "LineString", "coordinates": [[-111.7057, 26.52025], [-111.70591, 26.52049], [-111.7072, 26.52071], [-111.70749, 26.52093], [-111.7086, 26.5249], [-111.71036, 26.52728]]}}, {"type": "Feature", "properties": {"capa": "camino"}, "geometry": {"type": "MultiLineString", "coordinates": [[[-111.6662, 26.41393], [-111.66729, 26.41294], [-111.6688, 26.41203], [-111.6678, 26.41113], [-111.6676, 26.41077], [-111.6735, 26.40427]], [[-111.6662, 26.41393], [-111.66641, 26.41379]], [[-111.66381, 26.4159], [-111.6662, 26.41393]], [[-111.6546, 26.43246], [-111.6546, 26.43128], [-111.65509, 26.43052], [-111.6557, 26.42974], [-111.65699, 26.42885], [-111.6574, 26.42826], [-111.6576, 26.42751], [-111.658, 26.42682], [-111.658, 26.42636], [-111.6583, 26.42561], [-111.6593, 26.42397], [-111.6595, 26.42298], [-111.6601, 26.42151], [-111.6601, 26.42114], [-111.6611, 26.41847], [-111.6625, 26.4167], [-111.66381, 26.4159]], [[-111.66367, 26.41599], [-111.66381, 26.4159]]]}}, {"type": "Feature", "properties": {"capa": "camino"}, "geometry": {"type": "LineString", "coordinates": [[-111.6735, 26.40427], [-111.6736, 26.40412]]}}, {"type": "Feature", "properties": {"capa": "camino"}, "geometry": {"type": "LineString", "coordinates": [[-111.6736, 26.40412], [-111.6737, 26.40397]]}}, {"type": "Feature", "properties": {"capa": "camino"}, "geometry": {"type": "LineString", "coordinates": [[-111.6829, 26.3931], [-111.6863, 26.38875], [-111.6867, 26.38847], [-111.7008, 26.3818], [-111.7014, 26.38166], [-111.7029, 26.38197], [-111.7055, 26.37974], [-111.71036, 26.37756]]}}, {"type": "Feature", "properties": {"capa": "camino"}, "geometry": {"type": "MultiLineString", "coordinates": [[[-111.6667, 25.96895], [-111.6668, 25.96837], [-111.6676, 25.96716], [-111.6679, 25.96641], [-111.6679, 25.9657], [-111.6678, 25.96566], [-111.6678, 25.96349], [-111.66751, 25.96303], [-111.6664, 25.96218]], [[-111.66641, 25.96219], [-111.6664, 25.96218]], [[-111.6664, 25.96218], [-111.6657, 25.96122], [-111.6637, 25.95984]], [[-111.6637, 25.95984], [-111.66259, 25.95937], [-111.6624, 25.95914], [-111.66169, 25.95681]], [[-111.6637, 25.95984], [-111.66367, 25.95983]]]}}, {"type": "Feature", "properties": {"capa": "camino"}, "geometry": {"type": "LineString", "coordinates": [[-111.66661, 25.969], [-111.66661, 25.96899]]}}, {"type": "Feature", "properties": {"capa": "camino"}, "geometry": {"type": "LineString", "coordinates": [[-111.66661, 25.96899], [-111.6667, 25.96895]]}}, {"type": "Feature", "properties": {"capa": "camino"}, "geometry": {"type": "LineString", "coordinates": [[-111.6526, 26.44363], [-111.6528, 26.44015], [-111.653, 26.43999], [-111.6533, 26.43899], [-111.6534, 26.43818], [-111.6536, 26.43786], [-111.6536, 26.43744], [-111.6538, 26.43717], [-111.6545, 26.43446], [-111.6546, 26.43128], [-111.6555, 26.43]]}}, {"type": "Feature", "properties": {"capa": "camino"}, "geometry": {"type": "LineString", "coordinates": [[-111.6525, 26.44371], [-111.6526, 26.44363]]}}, {"type": "Feature", "properties": {"capa": "camino"}, "geometry": {"type": "LineString", "coordinates": [[-111.6386, 26.43619], [-111.6388, 26.43639]]}}, {"type": "Feature", "properties": {"capa": "camino"}, "geometry": {"type": "MultiLineString", "coordinates": [[[-111.6494, 26.45487], [-111.649, 26.45502], [-111.6501, 26.45438], [-111.6513, 26.45312], [-111.6526, 26.45097], [-111.6526, 26.45049], [-111.652, 26.44972], [-111.652, 26.44849], [-111.6524, 26.44751], [-111.65229, 26.44654], [-111.6524, 26.44611], [-111.6522, 26.44588], [-111.6521, 26.44459], [-111.6525, 26.44371]], [[-111.6485, 26.45546], [-111.6494, 26.45487]], [[-111.6494, 26.45487], [-111.6497, 26.45471], [-111.6499, 26.45468], [-111.6494, 26.45487]]]}}, {"type": "Feature", "properties": {"capa": "camino"}, "geometry": {"type": "LineString", "coordinates": [[-111.63394, 26.43], [-111.6386, 26.43619]]}}, {"type": "Feature", "properties": {"capa": "camino"}, "geometry": {"type": "MultiLineString", "coordinates": [[[-111.61972, 26.40785], [-111.62359, 26.41092], [-111.6251, 26.4124], [-111.62889, 26.42115], [-111.63359, 26.42951], [-111.63576, 26.43246]], [[-111.5536, 26.34464], [-111.56178, 26.35373]]]}}, {"type": "Feature", "properties": {"capa": "camino"}, "geometry": {"type": "LineString", "coordinates": [[-111.65161, 25.94464], [-111.6515, 25.94457]]}}, {"type": "Feature", "properties": {"capa": "camino"}, "geometry": {"type": "LineString", "coordinates": [[-111.66253, 25.95928], [-111.6622, 25.95866], [-111.66191, 25.95738], [-111.6612, 25.95562], [-111.65979, 25.95428], [-111.65509, 25.94823], [-111.65161, 25.94464]]}}, {"type": "Feature", "properties": {"capa": "camino"}, "geometry": {"type": "LineString", "coordinates": [[-111.6515, 25.94457], [-111.6515, 25.9445]]}}, {"type": "Feature", "properties": {"capa": "camino"}, "geometry": {"type": "LineString", "coordinates": [[-111.6515, 25.9445], [-111.6509, 25.94386], [-111.64791, 25.93963], [-111.6459, 25.93771], [-111.6393, 25.93167], [-111.63511, 25.9291], [-111.63481, 25.92902], [-111.6333, 25.92933], [-111.633, 25.93013], [-111.632, 25.93081], [-111.63169, 25.93218], [-111.6288, 25.93426], [-111.6263, 25.93389], [-111.624, 25.93141], [-111.62359, 25.9312], [-111.61972, 25.93048]]}}, {"type": "Feature", "properties": {"capa": "camino"}, "geometry": {"type": "MultiLineString", "coordinates": [[[-111.6076, 26.39304], [-111.612, 26.39801], [-111.6195, 26.40765], [-111.62247, 26.41]], [[-111.6076, 26.39304], [-111.60763, 26.3931]], [[-111.60611, 26.39139], [-111.6076, 26.39304]], [[-111.5784, 26.36476], [-111.5791, 26.36495], [-111.57959, 26.36504], [-111.5813, 26.36525], [-111.58209, 26.36565], [-111.5882, 26.37091], [-111.58989, 26.37275], [-111.5963, 26.38092], [-111.5989, 26.38543], [-111.6036, 26.38873], [-111.60611, 26.39139]], [[-111.60539, 26.39064], [-111.60611, 26.39139]], [[-111.5784, 26.36476], [-111.57852, 26.36479]], [[-111.5764, 26.36417], [-111.5784, 26.36476]], [[-111.57578, 26.364], [-111.5764, 26.36417]], [[-111.55955, 26.35127], [-111.56929, 26.36199], [-111.5701, 26.36238], [-111.57521, 26.36385], [-111.5764, 26.36417]]]}}, {"type": "Feature", "properties": {"capa": "camino"}, "geometry": {"type": "MultiLineString", "coordinates": [[[-111.6079, 25.93577], [-111.60679, 25.93593], [-111.6065, 25.93611], [-111.60579, 25.93709], [-111.6026, 25.93822], [-111.60209, 25.93882], [-111.6, 25.93946], [-111.5994, 25.93943], [-111.59549, 25.93774], [-111.59493, 25.93783]], [[-111.59493, 25.93783], [-111.5949, 25.93783], [-111.5949, 25.93785], [-111.59493, 25.93783]], [[-111.59493, 25.93783], [-111.5951, 25.93764], [-111.5914, 25.94084], [-111.59089, 25.94092], [-111.5837, 25.93882], [-111.5785, 25.936]], [[-111.57852, 25.93601], [-111.5785, 25.936]], [[-111.5785, 25.936], [-111.5767, 25.93486], [-111.5763, 25.93414], [-111.57611, 25.93317], [-111.5758, 25.93272]], [[-111.5758, 25.93272], [-111.5717, 25.92904], [-111.57119, 25.92897], [-111.5702, 25.92923]], [[-111.5758, 25.93272], [-111.57578, 25.93271]]]}}, {"type": "Feature", "properties": {"capa": "camino"}, "geometry": {"type": "LineString", "coordinates": [[-111.608, 25.93574], [-111.6079, 25.93577]]}}, {"type": "Feature", "properties": {"capa": "camino"}, "geometry": {"type": "LineString", "coordinates": [[-111.62247, 25.931], [-111.6184, 25.93027], [-111.61799, 25.93037], [-111.614, 25.93276], [-111.61049, 25.93252], [-111.6101, 25.93276], [-111.6093, 25.93407], [-111.60859, 25.93469], [-111.6081, 25.9357]]}}, {"type": "Feature", "properties": {"capa": "camino"}, "geometry": {"type": "LineString", "coordinates": [[-111.6081, 25.9357], [-111.608, 25.93574]]}}, {"type": "Feature", "properties": {"capa": "camino"}, "geometry": {"type": "MultiLineString", "coordinates": [[[-111.5342, 26.31961], [-111.5346, 26.31984], [-111.5351, 26.32008], [-111.5355, 26.32034], [-111.5369, 26.32106], [-111.5377, 26.32155], [-111.5417, 26.32364], [-111.5433, 26.32474], [-111.5438, 26.32578], [-111.5443, 26.3276], [-111.5459, 26.33015], [-111.5464, 26.33247], [-111.54901, 26.33943], [-111.5536, 26.34464]], [[-111.5342, 26.31961], [-111.53458, 26.31983]], [[-111.5321, 26.31852], [-111.5342, 26.31961]], [[-111.53183, 26.31834], [-111.5321, 26.31852]], [[-111.52439, 26.31399], [-111.5256, 26.31502], [-111.5321, 26.31852]], [[-111.52439, 26.31399], [-111.52479, 26.31434]], [[-111.5229, 26.3122], [-111.52439, 26.31399]], [[-111.50578, 26.27248], [-111.5119, 26.28751], [-111.5139, 26.29602], [-111.51509, 26.30026], [-111.52069, 26.30955], [-111.5229, 26.3122]], [[-111.52257, 26.31188], [-111.5229, 26.3122]]]}}, {"type": "Feature", "properties": {"capa": "camino"}, "geometry": {"type": "LineString", "coordinates": [[-111.5701, 25.92926], [-111.56929, 25.92956], [-111.56749, 25.93106], [-111.5657, 25.93202], [-111.5655, 25.93198], [-111.5654, 25.93089], [-111.5645, 25.9301], [-111.5641, 25.92993], [-111.56369, 25.93], [-111.56369, 25.93095], [-111.5631, 25.93133], [-111.5625, 25.93147], [-111.5616, 25.93132], [-111.5595, 25.93062], [-111.5585, 25.9297], [-111.55741, 25.92755], [-111.556, 25.92525], [-111.5515, 25.92255], [-111.5535, 25.91997], [-111.55339, 25.91729]]}}, {"type": "Feature", "properties": {"capa": "camino"}, "geometry": {"type": "LineString", "coordinates": [[-111.5702, 25.92923], [-111.5701, 25.92926]]}}, {"type": "Feature", "properties": {"capa": "camino"}, "geometry": {"type": "LineString", "coordinates": [[-111.53183, 25.94427], [-111.5324, 25.94373], [-111.5341, 25.94315], [-111.53501, 25.94228], [-111.5356, 25.94096], [-111.5364, 25.94036], [-111.5384, 25.93918], [-111.54001, 25.93878], [-111.5421, 25.93646], [-111.5447, 25.93431], [-111.5455, 25.93236], [-111.5491, 25.92171], [-111.54969, 25.9209], [-111.5528, 25.91816], [-111.55318, 25.91729]]}}, {"type": "Feature", "properties": {"capa": "camino"}, "geometry": {"type": "LineString", "coordinates": [[-111.5535, 25.91976], [-111.55339, 25.9171], [-111.5539, 25.91609], [-111.5539, 25.91526], [-111.5511, 25.91076], [-111.5512, 25.90788]]}}, {"type": "Feature", "properties": {"capa": "camino"}, "geometry": {"type": "LineString", "coordinates": [[-111.5512, 25.90768], [-111.551, 25.90695], [-111.5476, 25.90089], [-111.5473, 25.90011], [-111.5473, 25.89921], [-111.54879, 25.89022], [-111.54901, 25.88963], [-111.54901, 25.88884], [-111.5479, 25.88632], [-111.54499, 25.88053], [-111.5442, 25.87776]]}}, {"type": "Feature", "properties": {"capa": "camino"}, "geometry": {"type": "LineString", "coordinates": [[-111.55101, 25.91976], [-111.5528, 25.91816], [-111.55336, 25.91691]]}}, {"type": "Feature", "properties": {"capa": "camino"}, "geometry": {"type": "LineString", "coordinates": [[-111.5512, 25.90788], [-111.5512, 25.90778]]}}, {"type": "Feature", "properties": {"capa": "camino"}, "geometry": {"type": "LineString", "coordinates": [[-111.5512, 25.90778], [-111.5512, 25.90768]]}}, {"type": "Feature", "properties": {"capa": "camino"}, "geometry": {"type": "MultiLineString", "coordinates": [[[-111.54779, 25.8684], [-111.5468, 25.86867], [-111.5461, 25.86775], [-111.5457, 25.86663], [-111.5449, 25.86581], [-111.5447, 25.86507], [-111.5447, 25.86403], [-111.5444, 25.86333], [-111.54409, 25.86312], [-111.5437, 25.86343]], [[-111.5449, 25.88023], [-111.5437, 25.87601], [-111.5436, 25.87523], [-111.54409, 25.87476], [-111.5457, 25.87386], [-111.5461, 25.8734], [-111.5479, 25.87039], [-111.548, 25.86906], [-111.54779, 25.8684]], [[-111.54779, 25.8684], [-111.54779, 25.86836], [-111.5479, 25.86836], [-111.54779, 25.8684]]]}}, {"type": "Feature", "properties": {"capa": "camino"}, "geometry": {"type": "LineString", "coordinates": [[-111.5437, 25.86343], [-111.5437, 25.86344]]}}, {"type": "Feature", "properties": {"capa": "camino"}, "geometry": {"type": "LineString", "coordinates": [[-111.5015, 26.26529], [-111.5033, 26.26733]]}}, {"type": "Feature", "properties": {"capa": "camino"}, "geometry": {"type": "LineString", "coordinates": [[-111.48788, 26.249], [-111.5015, 26.26529]]}}, {"type": "Feature", "properties": {"capa": "camino"}, "geometry": {"type": "LineString", "coordinates": [[-111.5033, 26.26733], [-111.5041, 26.26843], [-111.5049, 26.27009], [-111.50676, 26.27495]]}}, {"type": "Feature", "properties": {"capa": "camino"}, "geometry": {"type": "LineString", "coordinates": [[-111.48788, 25.96832], [-111.49009, 25.96759], [-111.4908, 25.96774], [-111.4916, 25.96758], [-111.4917, 25.96717], [-111.4925, 25.96661], [-111.4927, 25.966], [-111.4942, 25.96612], [-111.4949, 25.96566], [-111.49669, 25.96605], [-111.4974, 25.96633], [-111.49791, 25.96674], [-111.4985, 25.96671], [-111.4993, 25.96713], [-111.4994, 25.96674], [-111.49859, 25.96618], [-111.4983, 25.96535], [-111.49791, 25.96488], [-111.49759, 25.96423], [-111.4978, 25.96387], [-111.49759, 25.96351], [-111.49759, 25.96307], [-111.4972, 25.9628], [-111.497, 25.96239], [-111.4981, 25.96179], [-111.49919, 25.95989], [-111.5038, 25.95681]]}}, {"type": "Feature", "properties": {"capa": "camino"}, "geometry": {"type": "LineString", "coordinates": [[-111.51129, 25.95478], [-111.5128, 25.95389], [-111.5137, 25.95301], [-111.5156, 25.95293], [-111.51789, 25.95222], [-111.52, 25.95067], [-111.5218, 25.94984], [-111.5233, 25.94862], [-111.5257, 25.94734], [-111.5279, 25.94653], [-111.5307, 25.94602], [-111.5311, 25.94574], [-111.5314, 25.94464], [-111.5324, 25.94373], [-111.53379, 25.9433], [-111.53458, 25.94273]]}}, {"type": "Feature", "properties": {"capa": "camino"}, "geometry": {"type": "LineString", "coordinates": [[-111.5111, 25.95479], [-111.51129, 25.95478]]}}, {"type": "Feature", "properties": {"capa": "camino"}, "geometry": {"type": "LineString", "coordinates": [[-111.50008, 25.95928], [-111.5061, 25.95525], [-111.51101, 25.9548]]}}, {"type": "Feature", "properties": {"capa": "camino"}, "geometry": {"type": "LineString", "coordinates": [[-111.51101, 25.9548], [-111.5111, 25.95479]]}}, {"type": "Feature", "properties": {"capa": "camino"}, "geometry": {"type": "MultiLineString", "coordinates": [[[-111.4765, 26.23544], [-111.49063, 26.25226]], [[-111.4765, 26.23544], [-111.47654, 26.23553]], [[-111.47519, 26.23387], [-111.4765, 26.23544]], [[-111.4463, 26.21118], [-111.4467, 26.2121], [-111.4485, 26.21425], [-111.4509, 26.21578], [-111.4523, 26.2171], [-111.45329, 26.2191], [-111.4553, 26.22022], [-111.4572, 26.22153], [-111.4597, 26.22393], [-111.46041, 26.22429], [-111.465, 26.22541], [-111.469, 26.22794], [-111.4716, 26.22977], [-111.47519, 26.23387]], [[-111.47446, 26.23307], [-111.47519, 26.23387]], [[-111.4463, 26.21118], [-111.44669, 26.21207]], [[-111.4441, 26.20764], [-111.4448, 26.20842], [-111.4463, 26.21118]], [[-111.44394, 26.20751], [-111.4441, 26.20764]], [[-111.4388, 26.1706], [-111.4388, 26.17137], [-111.4384, 26.1733], [-111.4372, 26.17837], [-111.43741, 26.17986], [-111.4383, 26.18193], [-111.4384, 26.18332], [-111.43801, 26.18452], [-111.4372, 26.18609], [-111.4371, 26.18716], [-111.4404, 26.1934], [-111.4407, 26.19486], [-111.441, 26.19822], [-111.4428, 26.20409], [-111.4426, 26.20538], [-111.44271, 26.20585], [-111.4433, 26.20693], [-111.4439, 26.20748], [-111.4441, 26.20764]]]}}, {"type": "Feature", "properties": {"capa": "camino"}, "geometry": {"type": "LineString", "coordinates": [[-111.47979, 25.97506], [-111.47989, 25.97501]]}}, {"type": "Feature", "properties": {"capa": "camino"}, "geometry": {"type": "LineString", "coordinates": [[-111.45201, 25.9817], [-111.45201, 25.9816]]}}, {"type": "Feature", "properties": {"capa": "camino"}, "geometry": {"type": "LineString", "coordinates": [[-111.4519, 25.98179], [-111.45201, 25.9817]]}}, {"type": "Feature", "properties": {"capa": "camino"}, "geometry": {"type": "LineString", "coordinates": [[-111.45201, 25.9816], [-111.45269, 25.98036], [-111.4543, 25.97963], [-111.4543, 25.97853], [-111.4549, 25.97821], [-111.45549, 25.97806], [-111.4559, 25.97857], [-111.4564, 25.97878], [-111.4578, 25.97797], [-111.4581, 25.97807], [-111.4582, 25.97859], [-111.4585, 25.9787], [-111.4591, 25.97864], [-111.4609, 25.97799], [-111.4616, 25.97836], [-111.4616, 25.97855], [-111.4618, 25.97869], [-111.4618, 25.97832], [-111.4615, 25.97803], [-111.4616, 25.97783], [-111.4624, 25.97832], [-111.4633, 25.97807], [-111.4648, 25.97811], [-111.4652, 25.97776], [-111.46579, 25.9766], [-111.46639, 25.97622], [-111.4681, 25.97584], [-111.46859, 25.97582], [-111.4691, 25.97604], [-111.47, 25.9758], [-111.4704, 25.97607], [-111.47139, 25.97584], [-111.4723, 25.97617], [-111.4728, 25.97718], [-111.4762, 25.97992], [-111.4768, 25.98112], [-111.4768, 25.98176], [-111.4772, 25.98183], [-111.4774, 25.98156], [-111.4774, 25.9811], [-111.4768, 25.98038], [-111.47699, 25.97992], [-111.47631, 25.9792], [-111.4759, 25.97816], [-111.4747, 25.97669], [-111.47541, 25.97649], [-111.4757, 25.97662], [-111.4759, 25.97701], [-111.4764, 25.97699], [-111.4769, 25.97662], [-111.4769, 25.97585], [-111.4774, 25.97641], [-111.47821, 25.97655], [-111.48, 25.97553], [-111.48011, 25.97533], [-111.47979, 25.97506]]}}, {"type": "Feature", "properties": {"capa": "camino"}, "geometry": {"type": "LineString", "coordinates": [[-111.47989, 25.97501], [-111.47989, 25.97498]]}}, {"type": "Feature", "properties": {"capa": "camino"}, "geometry": {"type": "LineString", "coordinates": [[-111.47989, 25.97498], [-111.4812, 25.97437], [-111.4812, 25.97416], [-111.4806, 25.97356], [-111.4809, 25.97306], [-111.4813, 25.97287], [-111.4813, 25.97245], [-111.4822, 25.97284], [-111.48269, 25.97284], [-111.48291, 25.97119], [-111.4834, 25.9711], [-111.48419, 25.9712], [-111.48481, 25.97101], [-111.4849, 25.97087], [-111.48449, 25.97057], [-111.48449, 25.97036], [-111.4861, 25.96979], [-111.4865, 25.96957], [-111.4867, 25.96923], [-111.48729, 25.96905], [-111.4871, 25.96866], [-111.4872, 25.96858], [-111.49009, 25.96759], [-111.49063, 25.96774]]}}, {"type": "Feature", "properties": {"capa": "camino"}, "geometry": {"type": "LineString", "coordinates": [[-111.44394, 25.98434], [-111.44429, 25.98413], [-111.4454, 25.98428], [-111.44619, 25.98348], [-111.4469, 25.98343], [-111.4479, 25.98308], [-111.44831, 25.98316], [-111.4495, 25.98265], [-111.451, 25.98255], [-111.4519, 25.98179]]}}, {"type": "Feature", "properties": {"capa": "camino"}, "geometry": {"type": "LineString", "coordinates": [[-111.4388, 26.17034], [-111.4388, 26.1706]]}}, {"type": "Feature", "properties": {"capa": "camino"}, "geometry": {"type": "LineString", "coordinates": [[-111.43108, 26.15421], [-111.43119, 26.15467], [-111.4319, 26.15538], [-111.4339, 26.15615], [-111.4356, 26.15722], [-111.43679, 26.15832], [-111.4378, 26.15989], [-111.4385, 26.1616], [-111.43869, 26.16262], [-111.4388, 26.17034]]}}, {"type": "Feature", "properties": {"capa": "camino"}, "geometry": {"type": "MultiLineString", "coordinates": [[[-111.4172, 26.117], [-111.42151, 26.12015], [-111.4222, 26.12154], [-111.4229, 26.12227], [-111.4233, 26.1231], [-111.4259, 26.12532], [-111.4266, 26.12624], [-111.42711, 26.12758], [-111.4269, 26.12883], [-111.427, 26.12951], [-111.4272, 26.1298], [-111.4283, 26.13044], [-111.4287, 26.13103], [-111.4286, 26.13176], [-111.42749, 26.13303], [-111.4262, 26.13662], [-111.4264, 26.13699], [-111.42749, 26.13776], [-111.4279, 26.13832], [-111.4279, 26.1392], [-111.4273, 26.14121], [-111.4273, 26.14217], [-111.4288, 26.14637], [-111.4287, 26.14901], [-111.42929, 26.1504], [-111.4306, 26.15209], [-111.4309, 26.15281], [-111.43119, 26.15467], [-111.4315, 26.15506], [-111.4323, 26.15558], [-111.4339, 26.15615], [-111.43484, 26.15667]], [[-111.4172, 26.117], [-111.41747, 26.11722]], [[-111.4155, 26.11488], [-111.4172, 26.117]], [[-111.39999, 26.09764], [-111.4008, 26.09891], [-111.4012, 26.10035], [-111.402, 26.10156], [-111.40461, 26.10299], [-111.4062, 26.10313], [-111.4117, 26.10819], [-111.4121, 26.1095], [-111.41369, 26.11146], [-111.4146, 26.1137], [-111.4155, 26.11488]], [[-111.41536, 26.11475], [-111.4155, 26.11488]]]}}, {"type": "Feature", "properties": {"capa": "camino"}, "geometry": {"type": "LineString", "coordinates": [[-111.39999, 26.00404], [-111.4, 26.00459], [-111.40029, 26.00477], [-111.4014, 26.00469], [-111.402, 26.00488], [-111.4035, 26.00473], [-111.404, 26.0044], [-111.4047, 26.00426], [-111.4055, 26.00362], [-111.4067, 26.00342], [-111.407, 26.00271], [-111.4079, 26.00218], [-111.4096, 26.0015], [-111.4101, 26.00169], [-111.4098, 26.00233], [-111.4098, 26.00284], [-111.41, 26.00322], [-111.4113, 26.00371], [-111.4122, 26.00385], [-111.4122, 26.00437], [-111.4124, 26.00444], [-111.4144, 26.00349], [-111.4158, 26.00193]]}}, {"type": "Feature", "properties": {"capa": "camino"}, "geometry": {"type": "LineString", "coordinates": [[-111.4158, 26.00193], [-111.4159, 26.00184]]}}, {"type": "Feature", "properties": {"capa": "camino"}, "geometry": {"type": "LineString", "coordinates": [[-111.4159, 26.00184], [-111.4178, 26.00025], [-111.4189, 25.99863], [-111.4187, 25.99795], [-111.4179, 25.9968], [-111.418, 25.99632]]}}, {"type": "Feature", "properties": {"capa": "camino"}, "geometry": {"type": "LineString", "coordinates": [[-111.41874, 25.99878], [-111.4189, 25.99834], [-111.4179, 25.9968], [-111.4182, 25.99572], [-111.4189, 25.9951], [-111.4191, 25.99417], [-111.4205, 25.99297], [-111.4216, 25.99257], [-111.4224, 25.99145], [-111.42369, 25.99095], [-111.4246, 25.9893], [-111.4249, 25.98857], [-111.4249, 25.988], [-111.4253, 25.98726], [-111.4253, 25.98711], [-111.4246, 25.98651], [-111.4245, 25.98619], [-111.425, 25.98572], [-111.425, 25.98523], [-111.4258, 25.98459], [-111.42649, 25.98456], [-111.4274, 25.98549], [-111.4277, 25.98558], [-111.4281, 25.98549], [-111.4285, 25.98503], [-111.429, 25.98528], [-111.4298, 25.9851], [-111.4305, 25.98455], [-111.4308, 25.98336], [-111.431, 25.98328], [-111.4317, 25.98358], [-111.4323, 25.98302], [-111.4334, 25.98306], [-111.4339, 25.98266], [-111.4343, 25.98196], [-111.43521, 25.98121], [-111.4354, 25.98096], [-111.4354, 25.98053], [-111.4356, 25.98042], [-111.4362, 25.98071], [-111.4362, 25.98139], [-111.4364, 25.98159], [-111.4377, 25.98232], [-111.4379, 25.98283], [-111.43801, 25.98391], [-111.4385, 25.98441], [-111.439, 25.98429], [-111.4392, 25.98409], [-111.4393, 25.98356], [-111.4395, 25.98349], [-111.43959, 25.98399], [-111.4405, 25.98464], [-111.4431, 25.98476], [-111.4442, 25.98415], [-111.4454, 25.98428], [-111.44619, 25.98348], [-111.44669, 25.98344]]}}, {"type": "Feature", "properties": {"capa": "camino"}, "geometry": {"type": "MultiLineString", "coordinates": [[[-111.42961, 25.53631], [-111.4277, 25.53746], [-111.426, 25.53813], [-111.4249, 25.53889], [-111.4238, 25.54006], [-111.4233, 25.54174], [-111.4208, 25.547], [-111.4206, 25.54767], [-111.4205, 25.54863], [-111.42089, 25.5506], [-111.42089, 25.55187], [-111.4205, 25.55343], [-111.42, 25.55411], [-111.4166, 25.55602], [-111.413, 25.55695], [-111.4086, 25.55912], [-111.406, 25.55982], [-111.4052, 25.56029], [-111.40461, 25.56125]], [[-111.40473, 25.56103], [-111.40461, 25.56125]], [[-111.40461, 25.56125], [-111.4032, 25.56897], [-111.40249, 25.57058]], [[-111.40274, 25.57005], [-111.40249, 25.57058]], [[-111.40249, 25.57058], [-111.4001, 25.5745]], [[-111.4001, 25.5745], [-111.39999, 25.5746]], [[-111.4001, 25.5745], [-111.39901, 25.57567], [-111.3977, 25.57661], [-111.3848, 25.57704], [-111.38289, 25.57724], [-111.3824, 25.57766], [-111.3809, 25.5799], [-111.3793, 25.58107], [-111.37819, 25.58171], [-111.37751, 25.5819], [-111.3715, 25.58192], [-111.36569, 25.58335], [-111.3645, 25.58329], [-111.3636, 25.58345], [-111.3631, 25.58383], [-111.3626, 25.58457], [-111.3605, 25.58852], [-111.35849, 25.59033]], [[-111.3588, 25.59006], [-111.35849, 25.59033]], [[-111.35849, 25.59033], [-111.3561, 25.59228]], [[-111.3561, 25.59228], [-111.35605, 25.59231]], [[-111.3561, 25.59228], [-111.35041, 25.59698], [-111.3483, 25.59853], [-111.3465, 25.59888], [-111.343, 25.59848], [-111.3411, 25.59859], [-111.3396, 25.59913], [-111.3369, 25.60059]]]}}, {"type": "Feature", "properties": {"capa": "camino"}, "geometry": {"type": "MultiLineString", "coordinates": [[[-111.3793, 26.07774], [-111.38031, 26.079], [-111.38099, 26.07944], [-111.38311, 26.07989], [-111.38439, 26.07984]], [[-111.3793, 26.07774], [-111.3793, 26.07775]], [[-111.3771, 26.0753], [-111.3772, 26.07561], [-111.3783, 26.07658], [-111.3793, 26.07774]], [[-111.3639, 26.03789], [-111.36569, 26.0429], [-111.36569, 26.04372], [-111.3647, 26.0466], [-111.365, 26.04893], [-111.36609, 26.05378], [-111.3669, 26.05489], [-111.36721, 26.05611], [-111.36699, 26.0577], [-111.3686, 26.06321], [-111.3693, 26.06409], [-111.37091, 26.06443], [-111.3715, 26.06487], [-111.37159, 26.06522], [-111.3712, 26.06653], [-111.3714, 26.06711], [-111.3736, 26.06796], [-111.3742, 26.06844], [-111.3771, 26.0753]], [[-111.37709, 26.07529], [-111.3771, 26.0753]], [[-111.3639, 26.03789], [-111.36399, 26.03828]], [[-111.3631, 26.03583], [-111.3639, 26.03789]], [[-111.3587, 26.02896], [-111.362, 26.03357], [-111.3631, 26.03583]], [[-111.36309, 26.03581], [-111.3631, 26.03583]], [[-111.3587, 26.02896], [-111.3588, 26.02904]], [[-111.3565, 26.02579], [-111.3587, 26.02896]], [[-111.35605, 26.02502], [-111.3565, 26.02579]], [[-111.3535, 26.02145], [-111.3565, 26.02579]]]}}, {"type": "Feature", "properties": {"capa": "camino"}, "geometry": {"type": "LineString", "coordinates": [[-111.38439, 26.07984], [-111.38781, 26.08014], [-111.3893, 26.08075], [-111.3918, 26.08126], [-111.3938, 26.08231], [-111.39469, 26.08324], [-111.39621, 26.08638], [-111.3961, 26.08759], [-111.3963, 26.08838], [-111.3972, 26.09025], [-111.3974, 26.09316], [-111.3976, 26.09395], [-111.3992, 26.09537], [-111.39969, 26.09714], [-111.4008, 26.09891], [-111.4012, 26.10035], [-111.402, 26.10156], [-111.40274, 26.10193]]}}, {"type": "Feature", "properties": {"capa": "camino"}, "geometry": {"type": "LineString", "coordinates": [[-111.3669, 25.99653], [-111.3669, 25.99669], [-111.3758, 25.99696], [-111.3904, 25.99708], [-111.391, 25.9974], [-111.3914, 25.99812], [-111.39129, 26.00189], [-111.3917, 26.00266], [-111.39219, 26.00303], [-111.394, 26.00337], [-111.39659, 26.00453], [-111.3973, 26.00506], [-111.3985, 26.00533], [-111.3993, 26.00524], [-111.39939, 26.0042], [-111.3998, 26.00397], [-111.4, 26.00405], [-111.4, 26.00459], [-111.4002, 26.00475], [-111.40274, 26.00479]]}}, {"type": "Feature", "properties": {"capa": "camino"}, "geometry": {"type": "LineString", "coordinates": [[-111.36647, 25.99632], [-111.3662, 26.00399], [-111.3658, 26.00612], [-111.36531, 26.00728], [-111.3643, 26.00819], [-111.3589, 26.01181], [-111.3571, 26.01358], [-111.35605, 26.01433]]}}, {"type": "Feature", "properties": {"capa": "camino"}, "geometry": {"type": "MultiLineString", "coordinates": [[[-111.35849, 25.92196], [-111.3639, 25.92525], [-111.3659, 25.92686], [-111.3669, 25.92801], [-111.3677, 25.9293], [-111.3683, 25.9307], [-111.3687, 25.93245], [-111.36879, 25.93452], [-111.36849, 25.93917], [-111.36811, 25.95111], [-111.3673, 25.98623], [-111.36721, 25.98784], [-111.3669, 25.98828], [-111.3665, 25.98838]], [[-111.35849, 25.92196], [-111.3588, 25.92212]], [[-111.3565, 25.92076], [-111.35849, 25.92196]], [[-111.3546, 25.91959], [-111.3565, 25.92076]], [[-111.35605, 25.92047], [-111.3565, 25.92076]], [[-111.3546, 25.91959], [-111.35488, 25.91976]], [[-111.3514, 25.91772], [-111.3546, 25.91959]], [[-111.349, 25.91631], [-111.3514, 25.91772]], [[-111.35065, 25.91729], [-111.3514, 25.91772]]]}}, {"type": "Feature", "properties": {"capa": "camino"}, "geometry": {"type": "LineString", "coordinates": [[-111.3665, 25.98838], [-111.3668, 25.9894], [-111.3665, 25.99594]]}}, {"type": "Feature", "properties": {"capa": "camino"}, "geometry": {"type": "LineString", "coordinates": [[-111.3669, 25.99653], [-111.3669, 25.99669], [-111.3758, 25.99696], [-111.3904, 25.99708], [-111.3912, 25.99761], [-111.3914, 25.99812], [-111.3914, 25.99878]]}}, {"type": "Feature", "properties": {"capa": "camino"}, "geometry": {"type": "LineString", "coordinates": [[-111.3665, 25.99616], [-111.36637, 25.99878]]}}, {"type": "Feature", "properties": {"capa": "camino"}, "geometry": {"type": "LineString", "coordinates": [[-111.3665, 25.98838], [-111.35605, 25.98964]]}}, {"type": "Feature", "properties": {"capa": "camino"}, "geometry": {"type": "LineString", "coordinates": [[-111.3665, 25.99594], [-111.3665, 25.99616]]}}, {"type": "Feature", "properties": {"capa": "camino"}, "geometry": {"type": "LineString", "coordinates": [[-111.3588, 26.01191], [-111.3571, 26.01358], [-111.3526, 26.01675], [-111.35199, 26.01759], [-111.3518, 26.01825], [-111.35199, 26.01929], [-111.3535, 26.02145]]}}, {"type": "Feature", "properties": {"capa": "camino"}, "geometry": {"type": "LineString", "coordinates": [[-111.3588, 25.98932], [-111.35289, 25.99], [-111.3528, 25.99022], [-111.35308, 25.99042]]}}, {"type": "Feature", "properties": {"capa": "camino"}, "geometry": {"type": "LineString", "coordinates": [[-111.3425, 25.87776], [-111.3443, 25.89795], [-111.34571, 25.91072], [-111.3456, 25.91264], [-111.3459, 25.91376], [-111.3465, 25.91471], [-111.349, 25.91631]]}}, {"type": "Feature", "properties": {"capa": "camino"}, "geometry": {"type": "LineString", "coordinates": [[-111.33669, 25.83821], [-111.33229, 25.84505], [-111.3322, 25.84586], [-111.3325, 25.84752], [-111.3328, 25.85233], [-111.3332, 25.85342], [-111.33329, 25.85417], [-111.3338, 25.85517], [-111.3353, 25.85691], [-111.33731, 25.85846], [-111.34, 25.86196], [-111.3412, 25.86441], [-111.34169, 25.86736], [-111.3427, 25.88023]]}}, {"type": "Feature", "properties": {"capa": "camino"}, "geometry": {"type": "MultiLineString", "coordinates": [[[-111.32791, 25.80252], [-111.32731, 25.80255], [-111.3187, 25.80694], [-111.3171, 25.808], [-111.3138, 25.80966]], [[-111.31485, 25.80909], [-111.3138, 25.80966]], [[-111.3138, 25.80966], [-111.3135, 25.80968], [-111.3124, 25.81039], [-111.3106, 25.81114], [-111.30799, 25.81153]]]}}, {"type": "Feature", "properties": {"capa": "camino"}, "geometry": {"type": "LineString", "coordinates": [[-111.32669, 25.79865], [-111.32791, 25.80192], [-111.3278, 25.80218], [-111.32791, 25.80252]]}}, {"type": "Feature", "properties": {"capa": "camino"}, "geometry": {"type": "LineString", "coordinates": [[-111.32791, 25.80252], [-111.3282, 25.80263], [-111.329, 25.80477]]}}, {"type": "Feature", "properties": {"capa": "camino"}, "geometry": {"type": "LineString", "coordinates": [[-111.329, 25.80477], [-111.33541, 25.82122], [-111.3386, 25.82992], [-111.3386, 25.83144], [-111.3384, 25.83243], [-111.33699, 25.8376], [-111.33512, 25.84069]]}}, {"type": "Feature", "properties": {"capa": "camino"}, "geometry": {"type": "MultiLineString", "coordinates": [[[-111.3147, 25.77137], [-111.3213, 25.7843], [-111.32762, 25.80113]], [[-111.3147, 25.77137], [-111.31485, 25.77172]], [[-111.3124, 25.7678], [-111.3134, 25.76891], [-111.3147, 25.77137]], [[-111.3121, 25.76758], [-111.3124, 25.7678]], [[-111.3031, 25.76155], [-111.3124, 25.7678]], [[-111.3031, 25.76155], [-111.30311, 25.76156]], [[-111.3, 25.75947], [-111.3031, 25.76155]], [[-111.2832, 25.74432], [-111.2866, 25.74815], [-111.2873, 25.75024], [-111.2882, 25.75135], [-111.3, 25.75947]], [[-111.29949, 25.75908], [-111.3, 25.75947]]]}}, {"type": "Feature", "properties": {"capa": "camino"}, "geometry": {"type": "MultiLineString", "coordinates": [[[-111.31549, 25.60876], [-111.3153, 25.60873]], [[-111.3153, 25.60873], [-111.3153, 25.60869]], [[-111.3153, 25.60873], [-111.3152, 25.60872]], [[-111.3152, 25.60872], [-111.3152, 25.60875]], [[-111.3152, 25.60872], [-111.3148, 25.60846]], [[-111.31485, 25.60848], [-111.3148, 25.60846]], [[-111.3148, 25.60846], [-111.3122, 25.60635], [-111.30861, 25.60305]], [[-111.30868, 25.60314], [-111.30861, 25.60305]], [[-111.30861, 25.60305], [-111.3061, 25.60068]], [[-111.3061, 25.60068], [-111.30606, 25.60066]], [[-111.3061, 25.60068], [-111.2975, 25.5929], [-111.2966, 25.59292], [-111.2962, 25.59274], [-111.2959, 25.59318], [-111.2957, 25.59323], [-111.2947, 25.59275], [-111.2928, 25.59007], [-111.2911, 25.58815], [-111.29081, 25.58589]]]}}, {"type": "Feature", "properties": {"capa": "camino"}, "geometry": {"type": "LineString", "coordinates": [[-111.3368, 25.60066], [-111.3367, 25.60073]]}}, {"type": "Feature", "properties": {"capa": "camino"}, "geometry": {"type": "LineString", "coordinates": [[-111.3367, 25.60073], [-111.3275, 25.6056], [-111.3207, 25.60645], [-111.3196, 25.60678], [-111.3175, 25.60774], [-111.3148, 25.60968], [-111.3121, 25.61095]]}}, {"type": "Feature", "properties": {"capa": "camino"}, "geometry": {"type": "LineString", "coordinates": [[-111.3369, 25.60059], [-111.3367, 25.60073]]}}, {"type": "Feature", "properties": {"capa": "camino"}, "geometry": {"type": "LineString", "coordinates": [[-111.3367, 25.60073], [-111.33227, 25.60314]]}}, {"type": "Feature", "properties": {"capa": "camino"}, "geometry": {"type": "MultiLineString", "coordinates": [[[-111.26816, 25.73135], [-111.2699, 25.73398], [-111.2705, 25.7344], [-111.272, 25.73491], [-111.273, 25.73564], [-111.2774, 25.74072], [-111.2782, 25.74099], [-111.28029, 25.74111], [-111.2809, 25.74138], [-111.2826, 25.74267], [-111.2832, 25.74432]], [[-111.2408, 25.67913], [-111.2409, 25.67987], [-111.24031, 25.68109], [-111.2408, 25.68237]]]}}, {"type": "Feature", "properties": {"capa": "camino"}, "geometry": {"type": "MultiLineString", "coordinates": [[[-111.27571, 25.64029], [-111.27401, 25.64106], [-111.2733, 25.6416], [-111.2722, 25.64284], [-111.271, 25.64373], [-111.2707, 25.64435]], [[-111.2709, 25.64393], [-111.2707, 25.64435]], [[-111.2707, 25.64435], [-111.2704, 25.64546], [-111.26869, 25.64736]], [[-111.26869, 25.64736], [-111.26816, 25.64786]], [[-111.26869, 25.64736], [-111.2617, 25.65436], [-111.2613, 25.655], [-111.261, 25.65701], [-111.26059, 25.65753], [-111.2585, 25.6588], [-111.2568, 25.65915], [-111.2565, 25.65935], [-111.25521, 25.66216], [-111.2545, 25.66246], [-111.25219, 25.66244], [-111.24759, 25.6655], [-111.2439, 25.66878], [-111.2426, 25.66921], [-111.2416, 25.66978], [-111.2413, 25.67055], [-111.24121, 25.67167], [-111.2407, 25.67274], [-111.2408, 25.67402], [-111.23999, 25.67542], [-111.2399, 25.67608], [-111.2404, 25.67839], [-111.2408, 25.67913]]]}}, {"type": "Feature", "properties": {"capa": "camino"}, "geometry": {"type": "LineString", "coordinates": [[-111.31485, 25.60963], [-111.3059, 25.61374], [-111.2948, 25.61961], [-111.2933, 25.62054], [-111.29271, 25.62104], [-111.29019, 25.62415], [-111.28959, 25.62548], [-111.2891, 25.62856], [-111.2884, 25.62939], [-111.2858, 25.63157], [-111.2851, 25.63368], [-111.2832, 25.63583], [-111.2822, 25.63658], [-111.27649, 25.63993], [-111.27401, 25.64106], [-111.2733, 25.6416], [-111.27229, 25.64276]]}}, {"type": "Feature", "properties": {"capa": "camino"}, "geometry": {"type": "MultiLineString", "coordinates": [[[-111.29081, 25.58582], [-111.2907, 25.58533], [-111.2909, 25.58393], [-111.2901, 25.58131], [-111.2875, 25.57801], [-111.2867, 25.57606], [-111.2829, 25.57245], [-111.2798, 25.57057], [-111.2786, 25.56925], [-111.27749, 25.56879], [-111.2754, 25.56725], [-111.27469, 25.5664], [-111.27211, 25.56411], [-111.27089, 25.56179]], [[-111.2709, 25.5618], [-111.27089, 25.56179]], [[-111.27089, 25.56179], [-111.2705, 25.56149], [-111.2689, 25.56157], [-111.2682, 25.56103]], [[-111.26059, 25.56103], [-111.2594, 25.56223], [-111.25879, 25.56365], [-111.2568, 25.56454], [-111.25621, 25.56461], [-111.2545, 25.56439], [-111.2538, 25.5636], [-111.2525, 25.56338], [-111.25241, 25.56294]]]}}, {"type": "Feature", "properties": {"capa": "camino"}, "geometry": {"type": "LineString", "coordinates": [[-111.29081, 25.58589], [-111.29081, 25.58582]]}}, {"type": "Feature", "properties": {"capa": "camino"}, "geometry": {"type": "LineString", "coordinates": [[-111.27181, 25.5635], [-111.2708, 25.56163], [-111.2705, 25.56149], [-111.2689, 25.56157], [-111.26816, 25.561]]}}, {"type": "Feature", "properties": {"capa": "camino"}, "geometry": {"type": "MultiLineString", "coordinates": [[[-111.2647, 25.72153], [-111.2651, 25.7221], [-111.2652, 25.72242], [-111.265, 25.72443], [-111.2652, 25.72525], [-111.26741, 25.73013], [-111.2699, 25.73398], [-111.2709, 25.73456]], [[-111.2647, 25.72153], [-111.265, 25.72197]], [[-111.2587, 25.71977], [-111.2591, 25.72023], [-111.2602, 25.72036], [-111.26159, 25.72101], [-111.26349, 25.72134], [-111.2645, 25.72136], [-111.2647, 25.72153]], [[-111.24089, 25.6799], [-111.24031, 25.68109], [-111.2408, 25.68218], [-111.2406, 25.68406], [-111.2401, 25.68506], [-111.2394, 25.68568], [-111.23909, 25.68643], [-111.2392, 25.68853], [-111.239, 25.69028], [-111.23931, 25.69113], [-111.2405, 25.69306], [-111.2406, 25.69352], [-111.24031, 25.69569], [-111.24121, 25.69788], [-111.2413, 25.69862], [-111.2404, 25.70018], [-111.2408, 25.70161], [-111.2408, 25.7033], [-111.2414, 25.70519], [-111.2417, 25.70545], [-111.24189, 25.70617], [-111.2424, 25.70675], [-111.2426, 25.70741], [-111.2432, 25.70814], [-111.2432, 25.70883], [-111.2442, 25.70984], [-111.2448, 25.7112], [-111.2452, 25.71167], [-111.2465, 25.71164], [-111.24749, 25.71199], [-111.24871, 25.7127], [-111.2502, 25.71303], [-111.25129, 25.71285], [-111.2519, 25.71292], [-111.25219, 25.71427], [-111.2521, 25.71449], [-111.2518, 25.71457], [-111.24939, 25.71393], [-111.2486, 25.7134], [-111.2483, 25.71337], [-111.248, 25.71356], [-111.2482, 25.71437], [-111.2489, 25.71511], [-111.2518, 25.71644], [-111.25241, 25.71656], [-111.2542, 25.71523], [-111.2555, 25.71469], [-111.2561, 25.71463], [-111.2568, 25.71509], [-111.2575, 25.7163], [-111.2572, 25.71684], [-111.2574, 25.71839], [-111.25779, 25.71884], [-111.25839, 25.7192], [-111.2587, 25.71977]], [[-111.25851, 25.7195], [-111.2587, 25.71977]]]}}, {"type": "Feature", "properties": {"capa": "camino"}, "geometry": {"type": "MultiLineString", "coordinates": [[[-111.2523, 25.56275], [-111.25, 25.55936], [-111.24961, 25.55917], [-111.2479, 25.55955], [-111.24749, 25.55977], [-111.2469, 25.56033], [-111.24681, 25.5608], [-111.2465, 25.56112]], [[-111.24663, 25.56103], [-111.2465, 25.56112]], [[-111.2465, 25.56112], [-111.24569, 25.56147], [-111.2449, 25.56269], [-111.2443, 25.56293], [-111.24189, 25.56215], [-111.23931, 25.5628], [-111.23841, 25.56271], [-111.2381, 25.56254], [-111.238, 25.56221], [-111.2371, 25.56104]], [[-111.2371, 25.56104], [-111.23709, 25.56103]], [[-111.2371, 25.56104], [-111.2359, 25.5603], [-111.2355, 25.56043], [-111.2349, 25.56094], [-111.23439, 25.56105]], [[-111.23448, 25.56103], [-111.23439, 25.56105]], [[-111.23439, 25.56105], [-111.2339, 25.56109], [-111.2338, 25.56076], [-111.23349, 25.56059], [-111.2327, 25.5608], [-111.23219, 25.56075], [-111.232, 25.56057], [-111.23191, 25.55994], [-111.2311, 25.55993], [-111.2301, 25.55935], [-111.22979, 25.55952], [-111.2299, 25.56022], [-111.2295, 25.56046], [-111.228, 25.56043], [-111.22661, 25.56067]], [[-111.22696, 25.56063], [-111.22661, 25.56067]], [[-111.22661, 25.56067], [-111.22599, 25.56052], [-111.2248, 25.55957]], [[-111.2248, 25.55957], [-111.2217, 25.55729], [-111.2201, 25.55512], [-111.21909, 25.55475], [-111.21881, 25.55481], [-111.2166, 25.55729], [-111.2161, 25.55758], [-111.2144, 25.55818], [-111.2132, 25.55778], [-111.21099, 25.55871], [-111.21009, 25.55853]], [[-111.2248, 25.55957], [-111.22421, 25.55917]]]}}, {"type": "Feature", "properties": {"capa": "camino"}, "geometry": {"type": "LineString", "coordinates": [[-111.2523, 25.56285], [-111.2523, 25.56275]]}}, {"type": "Feature", "properties": {"capa": "camino"}, "geometry": {"type": "LineString", "coordinates": [[-111.25241, 25.56294], [-111.2523, 25.56285]]}}, {"type": "Feature", "properties": {"capa": "camino"}, "geometry": {"type": "MultiLineString", "coordinates": [[[-111.2709, 25.5618], [-111.2705, 25.56149], [-111.2689, 25.56157], [-111.2677, 25.56077], [-111.2647, 25.56061], [-111.26119, 25.56083], [-111.26059, 25.56102], [-111.2594, 25.56223], [-111.25889, 25.5635]], [[-111.25273, 25.5635], [-111.2525, 25.56338], [-111.25241, 25.56294]]]}}, {"type": "Feature", "properties": {"capa": "camino"}, "geometry": {"type": "LineString", "coordinates": [[-111.2523, 25.56285], [-111.2523, 25.56275]]}}, {"type": "Feature", "properties": {"capa": "camino"}, "geometry": {"type": "LineString", "coordinates": [[-111.25241, 25.56294], [-111.2523, 25.56285]]}}, {"type": "Feature", "properties": {"capa": "camino"}, "geometry": {"type": "LineString", "coordinates": [[-111.1937, 25.57602], [-111.1932, 25.57613], [-111.193, 25.57651], [-111.19259, 25.57675], [-111.19229, 25.57656], [-111.1922, 25.57627], [-111.1916, 25.57599], [-111.1913, 25.57606], [-111.1911, 25.57647], [-111.1908, 25.57661], [-111.1904, 25.57635], [-111.19011, 25.57574], [-111.1896, 25.57558], [-111.1894, 25.57536], [-111.1893, 25.57555], [-111.1896, 25.57668], [-111.1894, 25.57692], [-111.1885, 25.57705], [-111.1883, 25.5767], [-111.1889, 25.57631], [-111.1888, 25.57609], [-111.1882, 25.5758], [-111.18669, 25.5738], [-111.1857, 25.57315], [-111.1854, 25.57242], [-111.1849, 25.57216], [-111.1841, 25.57217], [-111.183, 25.57324], [-111.1829, 25.57362], [-111.18329, 25.57416], [-111.1828, 25.57465], [-111.1825, 25.57459], [-111.1822, 25.57376], [-111.1822, 25.57315], [-111.1819, 25.57305], [-111.181, 25.57393], [-111.1809, 25.57449], [-111.18027, 25.57486]]}}, {"type": "Feature", "properties": {"capa": "camino"}, "geometry": {"type": "LineString", "coordinates": [[-111.1938, 25.57598], [-111.1937, 25.576]]}}, {"type": "Feature", "properties": {"capa": "camino"}, "geometry": {"type": "LineString", "coordinates": [[-111.19943, 25.56103], [-111.1935, 25.56459], [-111.19139, 25.5649], [-111.19139, 25.56566], [-111.1906, 25.56661], [-111.1905, 25.56744], [-111.191, 25.56763], [-111.1913, 25.56847], [-111.1916, 25.56881], [-111.1921, 25.57096], [-111.1928, 25.57152], [-111.1932, 25.57147], [-111.1935, 25.57182], [-111.1935, 25.5725], [-111.19419, 25.57271], [-111.1943, 25.57348], [-111.1946, 25.57345], [-111.1949, 25.57298], [-111.195, 25.57345], [-111.1952, 25.57359], [-111.195, 25.57421], [-111.19539, 25.57437], [-111.1955, 25.57478], [-111.1953, 25.575], [-111.19419, 25.57534], [-111.1946, 25.57581], [-111.1941, 25.57576], [-111.1938, 25.57598]]}}, {"type": "Feature", "properties": {"capa": "camino"}, "geometry": {"type": "LineString", "coordinates": [[-111.1937, 25.576], [-111.1937, 25.57602]]}}, {"type": "Feature", "properties": {"capa": "camino"}, "geometry": {"type": "LineString", "coordinates": [[-111.2099, 25.55861], [-111.2083, 25.55944], [-111.2071, 25.55924], [-111.2064, 25.55972], [-111.204, 25.56039], [-111.2035, 25.56029], [-111.2024, 25.55954], [-111.2018, 25.55949], [-111.19535, 25.5635]]}}, {"type": "Feature", "properties": {"capa": "camino"}, "geometry": {"type": "LineString", "coordinates": [[-111.21009, 25.55853], [-111.21, 25.55856]]}}, {"type": "Feature", "properties": {"capa": "camino"}, "geometry": {"type": "LineString", "coordinates": [[-111.21, 25.55856], [-111.2099, 25.55861]]}}, {"type": "Feature", "properties": {"capa": "camino"}, "geometry": {"type": "MultiLineString", "coordinates": [[[-111.18301, 25.57323], [-111.1829, 25.57362], [-111.18301, 25.57376]], [[-111.18301, 25.5744], [-111.1827, 25.57469], [-111.1825, 25.57459], [-111.1822, 25.57376], [-111.1822, 25.57315], [-111.1819, 25.57305], [-111.181, 25.57393], [-111.1809, 25.57449], [-111.1803, 25.57479], [-111.1802, 25.575], [-111.17949, 25.57514], [-111.1791, 25.57561], [-111.17829, 25.5759], [-111.178, 25.57625], [-111.1765, 25.57614], [-111.1757, 25.57672]]]}}, {"type": "Feature", "properties": {"capa": "camino"}, "geometry": {"type": "LineString", "coordinates": [[-111.1756, 25.57677], [-111.1756, 25.5768]]}}, {"type": "Feature", "properties": {"capa": "camino"}, "geometry": {"type": "LineString", "coordinates": [[-111.1756, 25.5768], [-111.1753, 25.57704], [-111.1747, 25.57688], [-111.1735, 25.57696], [-111.17299, 25.57734], [-111.1716, 25.57737], [-111.1707, 25.57787], [-111.1706, 25.57835], [-111.17079, 25.57904], [-111.1716, 25.57976], [-111.1715, 25.57999], [-111.1701, 25.57964], [-111.1696, 25.5793], [-111.1694, 25.57899], [-111.16951, 25.57773], [-111.1707, 25.57627], [-111.1707, 25.57566], [-111.1704, 25.57494], [-111.1701, 25.57467], [-111.16889, 25.57473], [-111.1685, 25.57447], [-111.1649, 25.56848], [-111.16, 25.56103]]}}, {"type": "Feature", "properties": {"capa": "camino"}, "geometry": {"type": "LineString", "coordinates": [[-111.1757, 25.57672], [-111.1756, 25.57677]]}}, {"type": "Feature", "properties": {"capa": "camino"}, "geometry": {"type": "LineString", "coordinates": [[-111.1533, 25.55269], [-111.152, 25.55156], [-111.15171, 25.55113], [-111.1516, 25.55055], [-111.1513, 25.55051], [-111.151, 25.5508], [-111.15059, 25.55083], [-111.1491, 25.55027], [-111.14891, 25.54998], [-111.1493, 25.54929], [-111.1494, 25.54872], [-111.15049, 25.54859], [-111.1512, 25.54805], [-111.1512, 25.54774], [-111.1499, 25.54705], [-111.1485, 25.54687], [-111.1485, 25.54657], [-111.14891, 25.54631], [-111.1488, 25.54602], [-111.1479, 25.54592], [-111.14701, 25.54602], [-111.1467, 25.5459], [-111.1465, 25.54556], [-111.1465, 25.54515], [-111.1451, 25.54438], [-111.1432, 25.54164], [-111.13632, 25.5384]]}}, {"type": "Feature", "properties": {"capa": "camino"}, "geometry": {"type": "LineString", "coordinates": [[-111.15339, 25.55278], [-111.1533, 25.55269]]}}, {"type": "Feature", "properties": {"capa": "camino"}, "geometry": {"type": "LineString", "coordinates": [[-111.1535, 25.55286], [-111.15339, 25.55278]]}}, {"type": "Feature", "properties": {"capa": "camino"}, "geometry": {"type": "LineString", "coordinates": [[-111.16165, 25.5635], [-111.155, 25.55349], [-111.1539, 25.55325], [-111.1535, 25.55286]]}}, {"type": "Feature", "properties": {"capa": "camino"}, "geometry": {"type": "MultiLineString", "coordinates": [[[-111.0985, 25.51443], [-111.0984, 25.5144], [-111.0985, 25.51463], [-111.0984, 25.51604], [-111.0979, 25.51645], [-111.0979, 25.51683], [-111.0971, 25.51758], [-111.09751, 25.5179], [-111.09781, 25.51869], [-111.0986, 25.51927], [-111.0986, 25.51974], [-111.0984, 25.52003], [-111.09819, 25.52108], [-111.0983, 25.52196], [-111.0981, 25.52201], [-111.0979, 25.52183], [-111.0977, 25.52144], [-111.0977, 25.52087], [-111.09751, 25.52061], [-111.0967, 25.52053], [-111.0962, 25.5199], [-111.0962, 25.51946], [-111.0967, 25.51883], [-111.0966, 25.51865], [-111.0958, 25.51851], [-111.09529, 25.51865], [-111.0951, 25.5185]], [[-111.09512, 25.51851], [-111.0951, 25.5185]], [[-111.0951, 25.5185], [-111.0943, 25.51894], [-111.0935, 25.5188], [-111.0933, 25.51836], [-111.0939, 25.51784], [-111.0937, 25.51717], [-111.094, 25.51641], [-111.0936, 25.5163], [-111.09249, 25.51649]], [[-111.09249, 25.51649], [-111.09238, 25.51651]], [[-111.09249, 25.51649], [-111.0917, 25.51667], [-111.0777, 25.51507], [-111.0774, 25.51481], [-111.0771, 25.51418], [-111.0768, 25.51405]]]}}, {"type": "Feature", "properties": {"capa": "camino"}, "geometry": {"type": "MultiLineString", "coordinates": [[[-111.13907, 25.53971], [-111.1361, 25.53826], [-111.13491, 25.53655], [-111.13211, 25.53366], [-111.126, 25.52373]], [[-111.12613, 25.52385], [-111.126, 25.52373]], [[-111.126, 25.52373], [-111.1251, 25.52224]]]}}, {"type": "Feature", "properties": {"capa": "camino"}, "geometry": {"type": "LineString", "coordinates": [[-111.1251, 25.52224], [-111.1251, 25.52214]]}}, {"type": "Feature", "properties": {"capa": "camino"}, "geometry": {"type": "LineString", "coordinates": [[-111.125, 25.52205], [-111.12461, 25.52131], [-111.1242, 25.52097], [-111.1223, 25.52057], [-111.121, 25.52083], [-111.12059, 25.52061], [-111.1208, 25.51892], [-111.1205, 25.51875], [-111.12, 25.51876], [-111.11969, 25.51855], [-111.1198, 25.51786], [-111.1196, 25.5169], [-111.1189, 25.51615], [-111.1186, 25.51622], [-111.1176, 25.51752], [-111.1167, 25.51765], [-111.1164, 25.51757], [-111.1164, 25.51677], [-111.1155, 25.51625], [-111.1153, 25.51578], [-111.1145, 25.51599], [-111.1127, 25.51593], [-111.11219, 25.51634], [-111.11151, 25.51653], [-111.11129, 25.51647], [-111.11061, 25.51551], [-111.11, 25.51535], [-111.1096, 25.51568], [-111.1095, 25.51629], [-111.1089, 25.51718], [-111.108, 25.51796], [-111.1079, 25.51871], [-111.107, 25.51882], [-111.106, 25.51924], [-111.10559, 25.51907], [-111.1054, 25.51868], [-111.1048, 25.51835], [-111.1042, 25.51771], [-111.10311, 25.51771], [-111.1026, 25.51737], [-111.1023, 25.51703], [-111.1023, 25.51658], [-111.10189, 25.51628]]}}, {"type": "Feature", "properties": {"capa": "camino"}, "geometry": {"type": "LineString", "coordinates": [[-111.1251, 25.52214], [-111.125, 25.52205]]}}, {"type": "Feature", "properties": {"capa": "camino"}, "geometry": {"type": "LineString", "coordinates": [[-111.10189, 25.51626], [-111.1018, 25.51624]]}}, {"type": "Feature", "properties": {"capa": "camino"}, "geometry": {"type": "LineString", "coordinates": [[-111.1251, 25.52214], [-111.125, 25.52205]]}}, {"type": "Feature", "properties": {"capa": "camino"}, "geometry": {"type": "LineString", "coordinates": [[-111.10189, 25.51628], [-111.10189, 25.51626]]}}, {"type": "Feature", "properties": {"capa": "camino"}, "geometry": {"type": "LineString", "coordinates": [[-111.1018, 25.51624], [-111.1015, 25.51598], [-111.1014, 25.5155], [-111.1007, 25.51496], [-111.1002, 25.51397], [-111.1002, 25.51359], [-111.0997, 25.5135], [-111.099, 25.51407], [-111.0984, 25.51416], [-111.0983, 25.5144], [-111.0985, 25.51478], [-111.0984, 25.5152]]}}, {"type": "Feature", "properties": {"capa": "camino"}, "geometry": {"type": "LineString", "coordinates": [[-111.0767, 25.51402], [-111.0764, 25.51382], [-111.0752, 25.51408], [-111.07379, 25.51374], [-111.0731, 25.51395], [-111.0727, 25.51482], [-111.0724, 25.5148], [-111.0722, 25.51447], [-111.072, 25.51346], [-111.0707, 25.51255], [-111.0699, 25.50974], [-111.07, 25.50913]]}}, {"type": "Feature", "properties": {"capa": "camino"}, "geometry": {"type": "LineString", "coordinates": [[-111.0768, 25.51405], [-111.0767, 25.51402]]}}]}