{"type": "FeatureCollection", "features": [{"type": "Feature", "id": 0, "properties": {"id": "1a", "politica": "aprovechamiento-sustentable", "procedencia": "digitalizada"}, "geometry": {"type": "Polygon", "coordinates": [[[-111.69165, 26.568198], [-111.687433, 26.564378], [-111.687691, 26.564144], [-111.688378, 26.56414], [-111.688529, 26.564002], [-111.689292, 26.563999], [-111.689444, 26.563861], [-111.689902, 26.563858], [-111.69013, 26.56372], [-111.69074, 26.563649], [-111.69086, 26.56354], [-111.691045, 26.563647], [-111.691425, 26.563439], [-111.691578, 26.563439], [-111.691729, 26.563301], [-111.692643, 26.563022], [-111.693783, 26.562193], [-111.693935, 26.562192], [-111.694467, 26.561778], [-111.694771, 26.561639], [-111.695, 26.561638], [-111.697128, 26.560256], [-111.699266, 26.558312], [-111.699265, 26.558187], [-111.699404, 26.558186], [-111.700024, 26.557622], [-111.700175, 26.557347], [-111.700782, 26.556727], [-111.700932, 26.556314], [-111.701538, 26.555557], [-111.701688, 26.555144], [-111.701839, 26.555006], [-111.701838, 26.554732], [-111.701989, 26.554594], [-111.701987, 26.554251], [-111.70229, 26.553769], [-111.702288, 26.553495], [-111.70244, 26.553357], [-111.702438, 26.553082], [-111.70259, 26.552944], [-111.702588, 26.552601], [-111.703193, 26.551775], [-111.703558, 26.551443], [-111.706775, 26.551495], [-111.707157, 26.551631], [-111.707539, 26.551629], [-111.708334, 26.551791], [-111.711351, 26.551335], [-111.71241, 26.552072], [-111.712411, 26.552221], [-111.711817, 26.55276], [-111.711589, 26.55283], [-111.710753, 26.553383], [-111.710601, 26.553384], [-111.70969, 26.554074], [-111.707942, 26.555181], [-111.706652, 26.556285], [-111.704373, 26.557942], [-111.702625, 26.559049], [-111.702308, 26.559337], [-111.702309, 26.559462], [-111.70217, 26.559463], [-111.700348, 26.560844], [-111.70003, 26.561132], [-111.700031, 26.561257], [-111.699892, 26.561258], [-111.699133, 26.561879], [-111.695263, 26.565259], [-111.694351, 26.56595], [-111.692075, 26.567951], [-111.69165, 26.568198]], [[-111.700415, 26.559416], [-111.700796, 26.559139], [-111.700399, 26.558717], [-111.700106, 26.558718], [-111.699865, 26.558937], [-111.699866, 26.559132], [-111.70011, 26.559349], [-111.700294, 26.559309], [-111.700415, 26.559416]]]}}, {"type": "Feature", "id": 1, "properties": {"id": "1b", "politica": "aprovechamiento-sustentable", "procedencia": "digitalizada"}, "geometry": {"type": "Polygon", "coordinates": [[[-111.463375, 26.538257], [-111.462757, 26.538259], [-111.462755, 26.537853], [-111.462397, 26.537603], [-111.462288, 26.537702], [-111.461512, 26.537705], [-111.460849, 26.538166], [-111.460429, 26.53786], [-111.460427, 26.537361], [-111.460736, 26.537011], [-111.460889, 26.536453], [-111.461106, 26.536256], [-111.461493, 26.536115], [-111.462112, 26.535625], [-111.463207, 26.534563], [-111.463205, 26.534005], [-111.463359, 26.533865], [-111.463356, 26.533167], [-111.463665, 26.532888], [-111.463664, 26.53262], [-111.463197, 26.532133], [-111.463195, 26.531715], [-111.463039, 26.531367], [-111.463035, 26.53032], [-111.461943, 26.52872], [-111.461151, 26.527943], [-111.460918, 26.527874], [-111.460296, 26.527388], [-111.459986, 26.527389], [-111.459442, 26.527112], [-111.459287, 26.527112], [-111.458834, 26.526708], [-111.458677, 26.52629], [-111.458508, 26.526138], [-111.458353, 26.526139], [-111.458197, 26.526], [-111.457732, 26.526001], [-111.45759, 26.525875], [-111.457435, 26.525666], [-111.457432, 26.524969], [-111.457276, 26.52483], [-111.457272, 26.523784], [-111.45696, 26.523227], [-111.456401, 26.522589], [-111.455858, 26.522521], [-111.455159, 26.522174], [-111.454538, 26.522106], [-111.453218, 26.521483], [-111.45159, 26.521488], [-111.451279, 26.52128], [-111.448489, 26.521289], [-111.448411, 26.521219], [-111.448023, 26.52122], [-111.447402, 26.521083], [-111.44515, 26.519905], [-111.444606, 26.519488], [-111.443829, 26.519072], [-111.443362, 26.518655], [-111.442819, 26.518447], [-111.442585, 26.518239], [-111.442291, 26.51824], [-111.442476, 26.518072], [-111.442398, 26.517863], [-111.44252, 26.517752], [-111.442519, 26.517404], [-111.443444, 26.516285], [-111.443753, 26.515796], [-111.443752, 26.515669], [-111.443971, 26.515668], [-111.444125, 26.515528], [-111.447006, 26.515519], [-111.447161, 26.515658], [-111.447394, 26.515658], [-111.447937, 26.515935], [-111.448248, 26.515934], [-111.448403, 26.516073], [-111.448713, 26.516072], [-111.448869, 26.516211], [-111.449179, 26.51621], [-111.449645, 26.516487], [-111.449955, 26.516486], [-111.450111, 26.516625], [-111.450421, 26.516624], [-111.450796, 26.516763], [-111.451801, 26.515923], [-111.452588, 26.515489], [-111.452587, 26.515071], [-111.45274, 26.514663], [-111.452584, 26.514454], [-111.452583, 26.514245], [-111.452272, 26.513967], [-111.452116, 26.513689], [-111.452115, 26.513399], [-111.452269, 26.513259], [-111.452146, 26.51309], [-111.452268, 26.51298], [-111.452268, 26.51284], [-111.452654, 26.512421], [-111.452653, 26.512294], [-111.452794, 26.512293], [-111.453181, 26.512013], [-111.454976, 26.512007], [-111.455132, 26.512146], [-111.456449, 26.512142], [-111.456605, 26.512281], [-111.456992, 26.51228], [-111.457148, 26.512419], [-111.457691, 26.512417], [-111.457846, 26.512556], [-111.458311, 26.512555], [-111.461108, 26.514219], [-111.461263, 26.514219], [-111.462183, 26.515179], [-111.463118, 26.516362], [-111.463119, 26.516501], [-111.463274, 26.51664], [-111.463431, 26.517058], [-111.463743, 26.517476], [-111.463743, 26.517615], [-111.464055, 26.518033], [-111.464372, 26.519635], [-111.46445, 26.519914], [-111.46462, 26.520066], [-111.464775, 26.520065], [-111.464931, 26.520204], [-111.465318, 26.520203], [-111.465474, 26.520342], [-111.465784, 26.520341], [-111.465939, 26.52048], [-111.466249, 26.520479], [-111.466405, 26.520618], [-111.466715, 26.520617], [-111.467492, 26.521032], [-111.467958, 26.52117], [-111.469746, 26.52242], [-111.470276, 26.522894], [-111.471679, 26.524632], [-111.471836, 26.52505], [-111.472147, 26.525468], [-111.472148, 26.525747], [-111.472304, 26.525886], [-111.472306, 26.526234], [-111.472461, 26.526373], [-111.472462, 26.526652], [-111.472618, 26.526791], [-111.47262, 26.52721], [-111.472776, 26.527418], [-111.472778, 26.527906], [-111.472933, 26.528115], [-111.472936, 26.528743], [-111.473092, 26.528882], [-111.473093, 26.529172], [-111.472938, 26.529312], [-111.472941, 26.52987], [-111.472786, 26.53001], [-111.472788, 26.530428], [-111.472633, 26.530568], [-111.472635, 26.531056], [-111.472481, 26.531266], [-111.472482, 26.531545], [-111.472328, 26.531685], [-111.472329, 26.531964], [-111.472175, 26.532104], [-111.472176, 26.532383], [-111.472021, 26.532523], [-111.472022, 26.532732], [-111.471868, 26.532872], [-111.471868, 26.533011], [-111.47156, 26.5335], [-111.471561, 26.533768], [-111.471717, 26.533907], [-111.471718, 26.534116], [-111.471873, 26.534325], [-111.471875, 26.534813], [-111.472031, 26.534952], [-111.472034, 26.535578], [-111.471505, 26.53558], [-111.471196, 26.53579], [-111.470563, 26.535723], [-111.470452, 26.535624], [-111.470265, 26.535724], [-111.469722, 26.535725], [-111.46949, 26.535866], [-111.468858, 26.535868], [-111.468469, 26.53559], [-111.468094, 26.535591], [-111.467939, 26.535731], [-111.467474, 26.535733], [-111.46732, 26.535873], [-111.467087, 26.535874], [-111.466932, 26.536014], [-111.466777, 26.536014], [-111.466082, 26.536504], [-111.465385, 26.536855], [-111.464303, 26.537696], [-111.463994, 26.537836], [-111.463825, 26.537989], [-111.463826, 26.538116], [-111.46353, 26.538117], [-111.463375, 26.538257]], [[-111.458798, 26.521061], [-111.459076, 26.520879], [-111.458965, 26.520571], [-111.458795, 26.520419], [-111.45842, 26.52042], [-111.458174, 26.520643], [-111.458175, 26.520771], [-111.4585, 26.521062], [-111.458798, 26.521061]]]}}, {"type": "Feature", "id": 2, "properties": {"id": "1c", "politica": "aprovechamiento-sustentable", "procedencia": "digitalizada"}, "geometry": {"type": "Polygon", "coordinates": [[[-111.437681, 26.386836], [-111.437679, 26.386417], [-111.437584, 26.386332], [-111.437581, 26.385514], [-111.437675, 26.385428], [-111.437674, 26.384958], [-111.437721, 26.384837], [-111.437577, 26.384496], [-111.437482, 26.38441], [-111.437481, 26.384282], [-111.436807, 26.383764], [-111.436522, 26.383765], [-111.436047, 26.383596], [-111.43581, 26.383596], [-111.435668, 26.383511], [-111.434917, 26.383514], [-111.434814, 26.383607], [-111.434815, 26.383991], [-111.434729, 26.384069], [-111.434464, 26.384052], [-111.434417, 26.384095], [-111.434342, 26.384028], [-111.4342, 26.384028], [-111.434104, 26.383943], [-111.433971, 26.383944], [-111.43397, 26.383866], [-111.433752, 26.383543], [-111.433874, 26.383432], [-111.433874, 26.383347], [-111.434062, 26.383047], [-111.433967, 26.382841], [-111.433965, 26.382542], [-111.43387, 26.382457], [-111.433869, 26.382115], [-111.433774, 26.38203], [-111.433773, 26.381944], [-111.433583, 26.381646], [-111.433297, 26.381305], [-111.433297, 26.38122], [-111.432915, 26.380751], [-111.432915, 26.380665], [-111.432344, 26.380155], [-111.432387, 26.380023], [-111.432287, 26.379934], [-111.431916, 26.379935], [-111.431726, 26.380021], [-111.431339, 26.380022], [-111.431197, 26.379937], [-111.430683, 26.379938], [-111.430162, 26.380282], [-111.430067, 26.380282], [-111.429973, 26.380368], [-111.429736, 26.380368], [-111.429444, 26.380633], [-111.429399, 26.381274], [-111.429351, 26.381317], [-111.429353, 26.381737], [-111.429496, 26.381993], [-111.430352, 26.382717], [-111.430334, 26.383083], [-111.430381, 26.383126], [-111.430307, 26.383193], [-111.430307, 26.383364], [-111.42993, 26.383878], [-111.429465, 26.384128], [-111.42937, 26.384128], [-111.429276, 26.384214], [-111.429126, 26.384214], [-111.42789, 26.383449], [-111.427804, 26.38345], [-111.427612, 26.382988], [-111.427231, 26.382391], [-111.42723, 26.382263], [-111.427135, 26.382178], [-111.427133, 26.381665], [-111.427085, 26.381537], [-111.426934, 26.381402], [-111.426269, 26.381062], [-111.425226, 26.381065], [-111.42513, 26.38098], [-111.424941, 26.380981], [-111.424426, 26.38052], [-111.42433, 26.380349], [-111.424347, 26.37947], [-111.424233, 26.379368], [-111.424413, 26.379368], [-111.424744, 26.37911], [-111.425131, 26.379109], [-111.425226, 26.379194], [-111.425558, 26.379193], [-111.42584, 26.379445], [-111.425931, 26.379363], [-111.42612, 26.379363], [-111.426215, 26.379277], [-111.426499, 26.379276], [-111.426594, 26.37919], [-111.426926, 26.379189], [-111.42702, 26.379104], [-111.427163, 26.379103], [-111.427257, 26.379017], [-111.427352, 26.379017], [-111.42755, 26.378838], [-111.427549, 26.378539], [-111.427638, 26.378243], [-111.427595, 26.378204], [-111.427593, 26.377649], [-111.427497, 26.377521], [-111.427449, 26.377137], [-111.427297, 26.376959], [-111.426442, 26.376577], [-111.426347, 26.376492], [-111.426252, 26.376492], [-111.425682, 26.376237], [-111.425255, 26.376153], [-111.425112, 26.376068], [-111.424875, 26.376069], [-111.424733, 26.375984], [-111.424496, 26.375984], [-111.424428, 26.375924], [-111.424163, 26.3759], [-111.423261, 26.37539], [-111.423166, 26.37539], [-111.422785, 26.375135], [-111.422699, 26.375135], [-111.422317, 26.374375], [-111.421412, 26.373225], [-111.421411, 26.373004], [-111.421505, 26.372791], [-111.421922, 26.372413], [-111.422396, 26.37224], [-111.42249, 26.372155], [-111.423012, 26.372153], [-111.423162, 26.372017], [-111.423208, 26.371675], [-111.423255, 26.371632], [-111.423254, 26.37112], [-111.423441, 26.370564], [-111.423677, 26.370093], [-111.423723, 26.369844], [-111.424101, 26.369843], [-111.424197, 26.369928], [-111.424434, 26.369928], [-111.424529, 26.370013], [-111.424756, 26.370012], [-111.424616, 26.37014], [-111.424571, 26.370859], [-111.424761, 26.371115], [-111.424857, 26.371371], [-111.424961, 26.371464], [-111.425096, 26.371464], [-111.42519, 26.371378], [-111.42538, 26.371377], [-111.426042, 26.370948], [-111.426232, 26.370948], [-111.426421, 26.370862], [-111.427654, 26.370858], [-111.427748, 26.370772], [-111.428088, 26.370771], [-111.428183, 26.370856], [-111.428365, 26.370856], [-111.42861, 26.370677], [-111.428608, 26.370086], [-111.428742, 26.370086], [-111.428836, 26.37], [-111.429318, 26.369999], [-111.429405, 26.370076], [-111.4295, 26.370289], [-111.429502, 26.370638], [-111.429407, 26.370766], [-111.429408, 26.37093], [-111.429483, 26.370998], [-111.429436, 26.371041], [-111.429789, 26.371527], [-111.429988, 26.371662], [-111.430367, 26.371619], [-111.430462, 26.371704], [-111.430882, 26.371703], [-111.430976, 26.371617], [-111.431166, 26.371616], [-111.43126, 26.371531], [-111.431403, 26.37153], [-111.431686, 26.371273], [-111.432112, 26.371015], [-111.432254, 26.371015], [-111.432538, 26.370843], [-111.432728, 26.370843], [-111.432822, 26.370757], [-111.433107, 26.370756], [-111.433446, 26.370491], [-111.43354, 26.370242], [-111.433674, 26.370199], [-111.433966, 26.370241], [-111.434061, 26.370326], [-111.434393, 26.370325], [-111.434488, 26.37041], [-111.43482, 26.370409], [-111.434915, 26.370494], [-111.4352, 26.370493], [-111.435295, 26.370579], [-111.435579, 26.370578], [-111.435912, 26.370748], [-111.436292, 26.370832], [-111.43748, 26.371512], [-111.437575, 26.371511], [-111.437955, 26.371766], [-111.43805, 26.371766], [-111.438573, 26.372106], [-111.438667, 26.372106], [-111.43942, 26.372779], [-111.440753, 26.374228], [-111.440944, 26.374526], [-111.440944, 26.374611], [-111.44104, 26.374697], [-111.44104, 26.374825], [-111.441326, 26.375251], [-111.441327, 26.375379], [-111.441613, 26.375805], [-111.441613, 26.375934], [-111.441804, 26.376189], [-111.441805, 26.376488], [-111.441901, 26.376616], [-111.441902, 26.376915], [-111.441997, 26.377], [-111.441998, 26.377342], [-111.442093, 26.37747], [-111.442095, 26.377811], [-111.44219, 26.377897], [-111.442191, 26.378196], [-111.442286, 26.378281], [-111.442289, 26.378928], [-111.442194, 26.379014], [-111.4422, 26.380637], [-111.442106, 26.380723], [-111.442106, 26.380894], [-111.442012, 26.381022], [-111.442013, 26.381278], [-111.441919, 26.381364], [-111.441919, 26.381578], [-111.441825, 26.381663], [-111.441826, 26.381962], [-111.441731, 26.382048], [-111.441732, 26.382304], [-111.441638, 26.38239], [-111.441638, 26.382475], [-111.441544, 26.382561], [-111.441356, 26.382989], [-111.441073, 26.383374], [-111.441073, 26.38346], [-111.440884, 26.383674], [-111.440696, 26.384102], [-111.440507, 26.384316], [-111.440507, 26.384401], [-111.440091, 26.384822], [-111.437681, 26.386836]], [[-111.433513, 26.376009], [-111.433751, 26.375872], [-111.433655, 26.375708], [-111.433504, 26.375573], [-111.433322, 26.375616], [-111.433219, 26.37571], [-111.43322, 26.375831], [-111.433371, 26.375966], [-111.433513, 26.376009]]]}}, {"type": "Feature", "id": 3, "properties": {"id": "1d", "politica": "aprovechamiento-sustentable", "procedencia": "digitalizada"}, "geometry": {"type": "Polygon", "coordinates": [[[-111.40552, 26.346514], [-111.405476, 26.346474], [-111.405472, 26.345397], [-111.405375, 26.345096], [-111.405373, 26.344536], [-111.405277, 26.344364], [-111.405276, 26.343933], [-111.4052, 26.343865], [-111.405248, 26.343822], [-111.405083, 26.343417], [-111.405082, 26.343245], [-111.404114, 26.342464], [-111.4033, 26.34195], [-111.403061, 26.34195], [-111.402965, 26.341864], [-111.400766, 26.34187], [-111.40067, 26.341785], [-111.400431, 26.341785], [-111.400335, 26.341699], [-111.4002, 26.3417], [-111.400199, 26.341571], [-111.40058, 26.341096], [-111.400675, 26.340881], [-111.400818, 26.340751], [-111.401103, 26.340277], [-111.402334, 26.339204], [-111.40243, 26.339204], [-111.402716, 26.33903], [-111.40286, 26.33903], [-111.403337, 26.33877], [-111.403671, 26.338769], [-111.403815, 26.338683], [-111.404293, 26.338681], [-111.404388, 26.338595], [-111.404914, 26.338593], [-111.405009, 26.338507], [-111.405583, 26.338505], [-111.405678, 26.338419], [-111.406307, 26.338417], [-111.406403, 26.338503], [-111.406834, 26.338502], [-111.406929, 26.338588], [-111.407264, 26.338587], [-111.40736, 26.338673], [-111.407743, 26.338672], [-111.407838, 26.338757], [-111.408221, 26.338756], [-111.408317, 26.338842], [-111.408652, 26.338841], [-111.408747, 26.338927], [-111.408939, 26.338927], [-111.409035, 26.339013], [-111.409178, 26.339012], [-111.409274, 26.339098], [-111.409465, 26.339097], [-111.409561, 26.339183], [-111.409752, 26.339183], [-111.409848, 26.339269], [-111.41004, 26.339268], [-111.410135, 26.339354], [-111.410279, 26.339354], [-111.410662, 26.339611], [-111.410758, 26.339611], [-111.411764, 26.340211], [-111.412003, 26.340296], [-111.412522, 26.340761], [-111.413962, 26.342135], [-111.414154, 26.342436], [-111.414154, 26.342523], [-111.414346, 26.342737], [-111.41502, 26.343899], [-111.415308, 26.344285], [-111.415308, 26.344415], [-111.415405, 26.344587], [-111.415406, 26.344845], [-111.415502, 26.344974], [-111.415502, 26.34519], [-111.415599, 26.345318], [-111.415599, 26.345577], [-111.415696, 26.345706], [-111.415696, 26.345964], [-111.41589, 26.346481], [-111.41589, 26.346739], [-111.415987, 26.346868], [-111.415988, 26.347169], [-111.415845, 26.347169], [-111.415366, 26.346912], [-111.415079, 26.346913], [-111.414935, 26.346827], [-111.414553, 26.346828], [-111.414457, 26.346743], [-111.414082, 26.346744], [-111.413987, 26.34683], [-111.413166, 26.346832], [-111.41307, 26.346747], [-111.412504, 26.346748], [-111.412409, 26.346835], [-111.411787, 26.346836], [-111.411684, 26.346931], [-111.411637, 26.347189], [-111.411542, 26.347362], [-111.411495, 26.347785], [-111.410923, 26.347787], [-111.410635, 26.347701], [-111.410396, 26.347702], [-111.4103, 26.347616], [-111.410109, 26.347617], [-111.410013, 26.347531], [-111.409822, 26.347531], [-111.409726, 26.347445], [-111.409343, 26.347446], [-111.409248, 26.347361], [-111.408722, 26.347362], [-111.408626, 26.347276], [-111.408339, 26.347277], [-111.408243, 26.347191], [-111.408004, 26.347192], [-111.407908, 26.347106], [-111.407669, 26.347107], [-111.407573, 26.347021], [-111.407143, 26.347022], [-111.407047, 26.346936], [-111.406863, 26.346937], [-111.406378, 26.347333], [-111.406379, 26.347764], [-111.406284, 26.347851], [-111.406189, 26.348196], [-111.406055, 26.348317], [-111.405912, 26.348318], [-111.405816, 26.348404], [-111.405474, 26.348405], [-111.405378, 26.348319], [-111.405091, 26.34832], [-111.405003, 26.348277], [-111.404089, 26.349235], [-111.403995, 26.349537], [-111.403852, 26.349753], [-111.403854, 26.350305], [-111.403385, 26.350307], [-111.403385, 26.350228], [-111.403193, 26.349927], [-111.403188, 26.348506], [-111.403275, 26.348506], [-111.40337, 26.34842], [-111.403609, 26.348419], [-111.403705, 26.348333], [-111.4038, 26.348332], [-111.403896, 26.348246], [-111.403991, 26.348246], [-111.404325, 26.348072], [-111.404425, 26.347982], [-111.404333, 26.347856], [-111.404332, 26.347677], [-111.404427, 26.347504], [-111.40552, 26.346514]], [[-111.409854, 26.343146], [-111.409958, 26.343052], [-111.409958, 26.342886], [-111.409853, 26.342793], [-111.409526, 26.342793], [-111.409422, 26.342888], [-111.409423, 26.343053], [-111.409527, 26.343147], [-111.409854, 26.343146]]]}}, {"type": "Feature", "id": 4, "properties": {"id": "2", "politica": "aprovechamiento-sustentable", "procedencia": "digitalizada"}, "geometry": {"type": "Polygon", "coordinates": [[[-111.766033, 26.546199], [-111.766401, 26.54728], [-111.762986, 26.549699], [-111.761365, 26.549707], [-111.759413, 26.548661], [-111.757467, 26.548672], [-111.757076, 26.548322], [-111.755584, 26.54833], [-111.754972, 26.54889], [-111.754385, 26.548365], [-111.752087, 26.549052], [-111.749688, 26.549065], [-111.748127, 26.548369], [-111.746242, 26.546683], [-111.744672, 26.544578], [-111.744665, 26.543522], [-111.743882, 26.542822], [-111.743878, 26.542117], [-111.742241, 26.540653], [-111.740678, 26.539605], [-111.73818, 26.539471], [-111.737793, 26.539825], [-111.737402, 26.539475], [-111.7353, 26.540337], [-111.733682, 26.541818], [-111.731051, 26.545289], [-111.730273, 26.545293], [-111.729499, 26.546001], [-111.726, 26.546371], [-111.72445, 26.547435], [-111.722118, 26.547799], [-111.720957, 26.548861], [-111.719956, 26.549423], [-111.719565, 26.549073], [-111.713975, 26.552418], [-111.713133, 26.552422], [-111.711018, 26.551229], [-111.710469, 26.551731], [-111.709238, 26.551737], [-111.708292, 26.55089], [-111.707131, 26.551952], [-111.705729, 26.550698], [-111.705015, 26.550702], [-111.702621, 26.552538], [-111.702265, 26.553218], [-111.702851, 26.553743], [-111.701086, 26.556067], [-111.70109, 26.556771], [-111.698452, 26.559185], [-111.693414, 26.562731], [-111.692636, 26.562734], [-111.690697, 26.5638], [-111.687201, 26.563817], [-111.687197, 26.563177], [-111.686415, 26.562477], [-111.686404, 26.560716], [-111.684768, 26.559251], [-111.682038, 26.558208], [-111.677342, 26.553653], [-111.673908, 26.554373], [-111.66964, 26.556506], [-111.668862, 26.55651], [-111.668087, 26.557218], [-111.66692, 26.557223], [-111.664593, 26.558642], [-111.663426, 26.558648], [-111.662263, 26.559358], [-111.660706, 26.559365], [-111.658375, 26.56008], [-111.657601, 26.560788], [-111.656434, 26.560793], [-111.653718, 26.562214], [-111.65255, 26.562219], [-111.651396, 26.563275], [-111.651384, 26.561233], [-111.650602, 26.560532], [-111.650594, 26.559123], [-111.649812, 26.558423], [-111.6498, 26.55631], [-111.64738, 26.553792], [-111.645823, 26.553799], [-111.645113, 26.553162], [-111.643542, 26.550704], [-111.643538, 26.55], [-111.641972, 26.548247], [-111.641935, 26.541556], [-111.640691, 26.540441], [-111.63648, 26.540108], [-111.636077, 26.537657], [-111.638005, 26.534532], [-111.636761, 26.533417], [-111.634885, 26.533073], [-111.634875, 26.531376], [-111.633631, 26.530261], [-111.632535, 26.530266], [-111.632119, 26.525351], [-111.635145, 26.522584], [-111.637477, 26.522222], [-111.638709, 26.521096], [-111.638705, 26.520392], [-111.641022, 26.517212], [-111.641788, 26.51516], [-111.645211, 26.515145], [-111.645232, 26.518954], [-111.646014, 26.519654], [-111.646423, 26.523226], [-111.645649, 26.523933], [-111.645488, 26.524789], [-111.64606, 26.527805], [-111.644903, 26.529519], [-111.646147, 26.530634], [-111.647632, 26.530627], [-111.647636, 26.531267], [-111.649271, 26.532732], [-111.652704, 26.532012], [-111.653936, 26.530886], [-111.654291, 26.529854], [-111.653537, 26.529179], [-111.653531, 26.528123], [-111.652916, 26.527572], [-111.653841, 26.526725], [-111.656174, 26.526363], [-111.657722, 26.524947], [-111.66012, 26.524936], [-111.660479, 26.525257], [-111.662067, 26.524158], [-111.662839, 26.523098], [-111.662815, 26.518873], [-111.665137, 26.516749], [-111.666681, 26.514629], [-111.666677, 26.513925], [-111.66931, 26.511871], [-111.669731, 26.517432], [-111.670906, 26.518835], [-111.670919, 26.521], [-111.668986, 26.523122], [-111.667837, 26.526244], [-111.670644, 26.528408], [-111.671811, 26.528403], [-111.672982, 26.529101], [-111.67603, 26.529087], [-111.676642, 26.528527], [-111.677034, 26.528877], [-111.679976, 26.526539], [-111.679948, 26.521661], [-111.67831, 26.519844], [-111.677603, 26.519848], [-111.677595, 26.518516], [-111.678689, 26.518158], [-111.681478, 26.518497], [-111.682971, 26.519834], [-111.683364, 26.520537], [-111.683379, 26.523001], [-111.685017, 26.524818], [-111.687287, 26.524808], [-111.688061, 26.5241], [-111.690006, 26.52409], [-111.691557, 26.523378], [-111.694281, 26.523365], [-111.69971, 26.520522], [-111.70522, 26.520495], [-111.706784, 26.521895], [-111.708263, 26.520838], [-111.708273, 26.522528], [-111.710229, 26.524279], [-111.710625, 26.525333], [-111.710634, 26.526794], [-111.710082, 26.527299], [-111.711887, 26.529264], [-111.714758, 26.526932], [-111.715377, 26.527486], [-111.716473, 26.527481], [-111.716477, 26.528121], [-111.718502, 26.529583], [-111.720768, 26.528868], [-111.721584, 26.528121], [-111.721215, 26.52674], [-111.720432, 26.52604], [-111.720421, 26.52428], [-111.719415, 26.523378], [-111.72041, 26.522467], [-111.721175, 26.52035], [-111.722651, 26.518999], [-111.724979, 26.518987], [-111.726565, 26.523844], [-111.728132, 26.525597], [-111.728137, 26.526301], [-111.729382, 26.527415], [-111.735606, 26.527383], [-111.737952, 26.529132], [-111.739899, 26.529474], [-111.741819, 26.530491], [-111.743725, 26.529454], [-111.74683, 26.529438], [-111.747237, 26.532188], [-111.749656, 26.534353], [-111.750753, 26.534347], [-111.750595, 26.535542], [-111.751583, 26.536426], [-111.753164, 26.53427], [-111.753155, 26.532914], [-111.752373, 26.532213], [-111.752359, 26.530049], [-111.753132, 26.52934], [-111.753118, 26.527228], [-111.753892, 26.526519], [-111.753885, 26.525463], [-111.75575, 26.524109], [-111.757691, 26.524451], [-111.757695, 26.525091], [-111.758477, 26.525791], [-111.758489, 26.527551], [-111.759272, 26.528252], [-111.759311, 26.534289], [-111.758538, 26.534998], [-111.758554, 26.537462], [-111.757809, 26.538145], [-111.759417, 26.539583], [-111.760889, 26.539575], [-111.759964, 26.540422], [-111.760133, 26.540923], [-111.762521, 26.543058], [-111.763718, 26.542729], [-111.766386, 26.545115], [-111.766033, 26.546199]], [[-111.726476, 26.536019], [-111.727269, 26.536728], [-111.727666, 26.536365], [-111.726873, 26.535656], [-111.726476, 26.536019]], [[-111.725178, 26.536163], [-111.72516, 26.535523], [-111.724339, 26.534788], [-111.723139, 26.535886], [-111.723144, 26.536538], [-111.723965, 26.537273], [-111.725178, 26.536163]], [[-111.738342, 26.534364], [-111.73682, 26.534695], [-111.735811, 26.535619], [-111.736604, 26.536328], [-111.737377, 26.53562], [-111.737769, 26.53597], [-111.738939, 26.534899], [-111.738342, 26.534364]], [[-111.734664, 26.535625], [-111.734263, 26.535266], [-111.733479, 26.535983], [-111.73388, 26.536342], [-111.734664, 26.535625]], [[-111.745716, 26.536486], [-111.746725, 26.535562], [-111.745932, 26.534853], [-111.743369, 26.534661], [-111.74223, 26.533992], [-111.741418, 26.534736], [-111.741424, 26.53574], [-111.74205, 26.5363], [-111.742599, 26.535798], [-111.743441, 26.535794], [-111.743996, 26.53629], [-111.744999, 26.536138], [-111.745716, 26.536486]], [[-111.754351, 26.541684], [-111.753526, 26.540946], [-111.752423, 26.540952], [-111.751579, 26.541725], [-111.75159, 26.543433], [-111.752444, 26.544197], [-111.753158, 26.544194], [-111.754002, 26.543421], [-111.754351, 26.541684]], [[-111.756467, 26.537976], [-111.754502, 26.536568], [-111.754105, 26.536932], [-111.754888, 26.537632], [-111.754114, 26.53834], [-111.755135, 26.539253], [-111.756467, 26.537976]]]}}, {"type": "Feature", "id": 5, "properties": {"id": "3a", "politica": "aprovechamiento-sustentable", "procedencia": "digitalizada"}, "geometry": {"type": "Polygon", "coordinates": [[[-111.541054, 26.545143], [-111.540655, 26.544721], [-111.540654, 26.544589], [-111.540506, 26.544458], [-111.540505, 26.544259], [-111.540123, 26.543919], [-111.539755, 26.54392], [-111.539607, 26.543788], [-111.539387, 26.543789], [-111.538428, 26.543132], [-111.538207, 26.543133], [-111.537765, 26.54287], [-111.53747, 26.542871], [-111.537323, 26.54274], [-111.537028, 26.542741], [-111.536807, 26.542609], [-111.536145, 26.542612], [-111.535998, 26.54248], [-111.535704, 26.542481], [-111.535556, 26.54235], [-111.535262, 26.542351], [-111.535114, 26.542219], [-111.534452, 26.542222], [-111.534304, 26.54209], [-111.53401, 26.542091], [-111.533863, 26.54196], [-111.533348, 26.541961], [-111.5332, 26.54183], [-111.532991, 26.541831], [-111.532845, 26.541963], [-111.532098, 26.541966], [-111.531729, 26.541703], [-111.531582, 26.541704], [-111.531213, 26.541441], [-111.530771, 26.54131], [-111.530623, 26.541179], [-111.530402, 26.541179], [-111.530181, 26.541048], [-111.529666, 26.54105], [-111.529519, 26.540918], [-111.529372, 26.540919], [-111.52872, 26.540338], [-111.528424, 26.539877], [-111.528115, 26.539602], [-111.527009, 26.538945], [-111.526789, 26.538946], [-111.526641, 26.538814], [-111.525685, 26.538818], [-111.525537, 26.538686], [-111.52539, 26.538687], [-111.5248, 26.53816], [-111.52421, 26.537766], [-111.523694, 26.537635], [-111.523546, 26.537504], [-111.523252, 26.537505], [-111.523105, 26.537373], [-111.522958, 26.537374], [-111.52281, 26.537242], [-111.522589, 26.537243], [-111.522442, 26.537111], [-111.522147, 26.537112], [-111.521853, 26.536981], [-111.52075, 26.536985], [-111.520676, 26.53692], [-111.520014, 26.536922], [-111.51994, 26.536856], [-111.518469, 26.536862], [-111.518248, 26.53673], [-111.517966, 26.536731], [-111.517452, 26.536997], [-111.517158, 26.536998], [-111.516896, 26.537236], [-111.516485, 26.537133], [-111.515897, 26.537135], [-111.515528, 26.537004], [-111.515381, 26.536873], [-111.515234, 26.536873], [-111.514643, 26.536347], [-111.514422, 26.536347], [-111.514245, 26.536189], [-111.514434, 26.536018], [-111.514433, 26.535831], [-111.51436, 26.535765], [-111.514203, 26.533706], [-111.516177, 26.531055], [-111.518623, 26.528839], [-111.520497, 26.530247], [-111.521391, 26.532689], [-111.52213, 26.533545], [-111.522512, 26.53382], [-111.522659, 26.533819], [-111.523323, 26.534213], [-111.52347, 26.534213], [-111.523839, 26.534476], [-111.524046, 26.534475], [-111.524047, 26.534595], [-111.524416, 26.534924], [-111.524638, 26.535254], [-111.526203, 26.536846], [-111.526791, 26.536976], [-111.527307, 26.537239], [-111.528252, 26.537235], [-111.528472, 26.537102], [-111.529501, 26.537098], [-111.529648, 26.536966], [-111.530015, 26.536964], [-111.530162, 26.536832], [-111.530456, 26.53683], [-111.530603, 26.536698], [-111.53097, 26.536696], [-111.531117, 26.536564], [-111.531484, 26.536562], [-111.531631, 26.53643], [-111.531851, 26.536429], [-111.532583, 26.535633], [-111.533245, 26.535631], [-111.533434, 26.535459], [-111.533611, 26.535617], [-111.533982, 26.536277], [-111.533982, 26.536409], [-111.534291, 26.536684], [-111.534438, 26.536683], [-111.536134, 26.537734], [-111.536281, 26.537734], [-111.536712, 26.537997], [-111.536945, 26.537786], [-111.536944, 26.537587], [-111.537236, 26.53719], [-111.537236, 26.536991], [-111.537382, 26.536859], [-111.537381, 26.536727], [-111.537965, 26.535799], [-111.537965, 26.535667], [-111.538403, 26.535137], [-111.538403, 26.535004], [-111.538695, 26.534673], [-111.538695, 26.534541], [-111.538987, 26.534209], [-111.538984, 26.533427], [-111.538835, 26.533163], [-111.538832, 26.53237], [-111.538684, 26.532238], [-111.538674, 26.530179], [-111.538821, 26.530046], [-111.538815, 26.528791], [-111.539986, 26.527531], [-111.539982, 26.526804], [-111.540129, 26.526671], [-111.540126, 26.526087], [-111.539978, 26.525955], [-111.539976, 26.525559], [-111.539829, 26.525427], [-111.539828, 26.525163], [-111.53968, 26.525031], [-111.539678, 26.524568], [-111.53953, 26.524437], [-111.539529, 26.524173], [-111.539381, 26.523975], [-111.539379, 26.523644], [-111.539232, 26.523513], [-111.53923, 26.523248], [-111.538934, 26.522853], [-111.538785, 26.522457], [-111.53849, 26.522128], [-111.538193, 26.521468], [-111.537897, 26.521139], [-111.537895, 26.520798], [-111.539213, 26.519471], [-111.539212, 26.51922], [-111.539389, 26.519378], [-111.539462, 26.519311], [-111.539579, 26.519415], [-111.540608, 26.519411], [-111.540817, 26.519543], [-111.541257, 26.519277], [-111.541698, 26.519143], [-111.542444, 26.518533], [-111.542589, 26.518268], [-111.543029, 26.51787], [-111.543028, 26.51775], [-111.543162, 26.517749], [-111.54445, 26.516715], [-111.54464, 26.516885], [-111.545069, 26.517015], [-111.545073, 26.517929], [-111.545222, 26.518324], [-111.545226, 26.51926], [-111.543764, 26.521116], [-111.542301, 26.522576], [-111.542301, 26.522708], [-111.542009, 26.523106], [-111.54201, 26.523304], [-111.541864, 26.523503], [-111.541866, 26.523899], [-111.541719, 26.524032], [-111.541721, 26.524362], [-111.541575, 26.524561], [-111.541576, 26.524892], [-111.54143, 26.525091], [-111.541432, 26.525421], [-111.541286, 26.52562], [-111.541287, 26.525884], [-111.541141, 26.526149], [-111.541143, 26.526469], [-111.54129, 26.5266], [-111.541291, 26.526799], [-111.541735, 26.527458], [-111.541736, 26.52759], [-111.542032, 26.527919], [-111.542033, 26.528118], [-111.542625, 26.529041], [-111.542629, 26.52991], [-111.542484, 26.530374], [-111.542489, 26.531431], [-111.542343, 26.531564], [-111.542344, 26.531828], [-111.542198, 26.531961], [-111.542199, 26.532159], [-111.542052, 26.532292], [-111.542054, 26.532556], [-111.541907, 26.532689], [-111.541908, 26.532942], [-111.543093, 26.534656], [-111.543242, 26.535184], [-111.543539, 26.535646], [-111.54354, 26.535844], [-111.543688, 26.536042], [-111.543689, 26.53624], [-111.543836, 26.536372], [-111.543837, 26.536515], [-111.543105, 26.537178], [-111.543106, 26.537443], [-111.54296, 26.537575], [-111.542961, 26.53784], [-111.542814, 26.537972], [-111.542816, 26.538237], [-111.542669, 26.538369], [-111.54267, 26.538568], [-111.542524, 26.538767], [-111.542526, 26.539285], [-111.542675, 26.539614], [-111.542678, 26.540341], [-111.542827, 26.540671], [-111.542829, 26.541068], [-111.543611, 26.54183], [-111.542689, 26.542665], [-111.542471, 26.543062], [-111.541666, 26.544057], [-111.541667, 26.544189], [-111.54152, 26.544322], [-111.541229, 26.544984], [-111.541054, 26.545143]], [[-111.518453, 26.533174], [-111.518686, 26.532963], [-111.518685, 26.532775], [-111.51845, 26.532566], [-111.518051, 26.53254], [-111.517861, 26.532712], [-111.517862, 26.532966], [-111.518023, 26.533109], [-111.518201, 26.53307], [-111.518317, 26.533174], [-111.518453, 26.533174]]]}}, {"type": "Feature", "id": 6, "properties": {"id": "3b", "politica": "aprovechamiento-sustentable", "procedencia": "digitalizada"}, "geometry": {"type": "Polygon", "coordinates": [[[-111.561936, 26.556148], [-111.561824, 26.556048], [-111.561776, 26.555922], [-111.561205, 26.555413], [-111.560464, 26.554919], [-111.560464, 26.554829], [-111.560553, 26.554748], [-111.560482, 26.554684], [-111.560342, 26.554811], [-111.560225, 26.554706], [-111.560155, 26.554769], [-111.559332, 26.554245], [-111.559051, 26.553994], [-111.558958, 26.553994], [-111.558864, 26.55391], [-111.558592, 26.553912], [-111.558591, 26.553702], [-111.559287, 26.55286], [-111.559287, 26.552776], [-111.55975, 26.551935], [-111.559749, 26.551851], [-111.559981, 26.551472], [-111.55998, 26.551346], [-111.56023, 26.550656], [-111.560183, 26.550614], [-111.560256, 26.550547], [-111.56044, 26.549959], [-111.560438, 26.549546], [-111.560624, 26.549546], [-111.561465, 26.549794], [-111.561606, 26.549878], [-111.561793, 26.549919], [-111.561925, 26.549876], [-111.56639, 26.546458], [-111.567043, 26.546455], [-111.567136, 26.546371], [-111.567883, 26.546368], [-111.567976, 26.546284], [-111.56863, 26.546281], [-111.568723, 26.546197], [-111.56947, 26.546194], [-111.569609, 26.546109], [-111.570169, 26.546107], [-111.570262, 26.546023], [-111.570869, 26.54602], [-111.571055, 26.545935], [-111.571616, 26.545933], [-111.571755, 26.545849], [-111.572362, 26.545846], [-111.572455, 26.545762], [-111.572782, 26.545761], [-111.572875, 26.545676], [-111.573201, 26.545675], [-111.573294, 26.545591], [-111.573668, 26.545589], [-111.573761, 26.545505], [-111.574088, 26.545503], [-111.57418, 26.545419], [-111.574461, 26.545418], [-111.574553, 26.545334], [-111.574927, 26.545332], [-111.576508, 26.544108], [-111.577822, 26.544103], [-111.577955, 26.544221], [-111.577957, 26.544641], [-111.578051, 26.544766], [-111.578052, 26.54506], [-111.578146, 26.545186], [-111.578148, 26.545521], [-111.578242, 26.545605], [-111.578244, 26.54599], [-111.578159, 26.546066], [-111.578066, 26.546067], [-111.577368, 26.546489], [-111.577274, 26.54649], [-111.576902, 26.546743], [-111.576622, 26.546828], [-111.57625, 26.547082], [-111.576157, 26.547082], [-111.573274, 26.549403], [-111.572995, 26.54953], [-111.572808, 26.549531], [-111.572715, 26.549615], [-111.572528, 26.549616], [-111.572435, 26.5497], [-111.572295, 26.549701], [-111.572222, 26.549767], [-111.572175, 26.549726], [-111.572109, 26.549785], [-111.571922, 26.549786], [-111.571829, 26.549871], [-111.571643, 26.549871], [-111.57155, 26.549956], [-111.571083, 26.550041], [-111.570664, 26.550211], [-111.570431, 26.550212], [-111.570338, 26.550296], [-111.569965, 26.550382], [-111.569891, 26.550448], [-111.569844, 26.550407], [-111.569172, 26.550637], [-111.569032, 26.550637], [-111.568893, 26.550722], [-111.568752, 26.550723], [-111.568193, 26.550893], [-111.566891, 26.551947], [-111.56679, 26.552039], [-111.56679, 26.552116], [-111.566705, 26.552116], [-111.563126, 26.555153], [-111.563032, 26.555154], [-111.561936, 26.556148]]]}}, {"type": "Feature", "id": 7, "properties": {"id": "4", "politica": "preservacion", "procedencia": "epoel-2019"}, "geometry": {"type": "Polygon", "coordinates": [[[-111.558057, 26.552864], [-111.557917, 26.552739], [-111.557777, 26.552656], [-111.557404, 26.552407], [-111.557124, 26.552115], [-111.556984, 26.551907], [-111.556842, 26.55149], [-111.556655, 26.551198], [-111.556283, 26.551158], [-111.556004, 26.551034], [-111.555584, 26.550617], [-111.555257, 26.550368], [-111.55442, 26.550121], [-111.553628, 26.549706], [-111.552419, 26.549293], [-111.551395, 26.548879], [-111.550418, 26.548632], [-111.549301, 26.548135], [-111.548555, 26.54772], [-111.547532, 26.54739], [-111.546694, 26.547017], [-111.545717, 26.546812], [-111.544694, 26.546523], [-111.543532, 26.546277], [-111.543299, 26.546153], [-111.542368, 26.545822], [-111.541809, 26.54549], [-111.541111, 26.545284], [-111.540692, 26.544951], [-111.540504, 26.544534], [-111.540782, 26.544324], [-111.541245, 26.54403], [-111.541522, 26.543694], [-111.541752, 26.543276], [-111.542074, 26.542522], [-111.542489, 26.541894], [-111.543136, 26.541265], [-111.543552, 26.540762], [-111.543829, 26.540343], [-111.544199, 26.540008], [-111.544753, 26.539379], [-111.545726, 26.53879], [-111.546931, 26.538284], [-111.54786, 26.538197], [-111.550088, 26.537812], [-111.552364, 26.537887], [-111.553527, 26.538217], [-111.554922, 26.538629], [-111.555993, 26.539126], [-111.556785, 26.539708], [-111.557438, 26.540249], [-111.557765, 26.540665], [-111.558372, 26.54129], [-111.558886, 26.541831], [-111.559353, 26.542372], [-111.559635, 26.543081], [-111.559824, 26.543707], [-111.560245, 26.544332], [-111.56034, 26.544666], [-111.560435, 26.545084], [-111.560577, 26.545626], [-111.560719, 26.546336], [-111.560538, 26.547297], [-111.560447, 26.547716], [-111.560451, 26.548384], [-111.56022, 26.548719], [-111.560083, 26.549221], [-111.559992, 26.549639], [-111.559809, 26.550267], [-111.559672, 26.550601], [-111.559165, 26.551481], [-111.558842, 26.552025], [-111.558057, 26.552864]]]}}, {"type": "Feature", "id": 8, "properties": {"id": "5a", "politica": "preservacion", "procedencia": "digitalizada"}, "geometry": {"type": "Polygon", "coordinates": [[[-111.706229, 26.363923], [-111.701428, 26.370559], [-111.686322, 26.370633], [-111.68465, 26.369141], [-111.683136, 26.369148], [-111.683128, 26.367784], [-111.681305, 26.366158], [-111.678472, 26.368106], [-111.670621, 26.362595], [-111.663093, 26.355133], [-111.663046, 26.346886], [-111.66221, 26.34614], [-111.663028, 26.343768], [-111.662977, 26.33489], [-111.661657, 26.333712], [-111.66296, 26.331891], [-111.662124, 26.331145], [-111.662463, 26.32921], [-111.661276, 26.32815], [-111.661246, 26.322902], [-111.659558, 26.318412], [-111.657736, 26.316785], [-111.656073, 26.316793], [-111.654402, 26.315301], [-111.646221, 26.315338], [-111.644566, 26.316845], [-111.642072, 26.316856], [-111.640417, 26.318363], [-111.638755, 26.318371], [-111.629641, 26.324409], [-111.623006, 26.324438], [-111.622967, 26.317092], [-111.62448, 26.317085], [-111.629444, 26.312565], [-111.631107, 26.312558], [-111.632414, 26.311367], [-111.634432, 26.312543], [-111.636087, 26.311036], [-111.641907, 26.31101], [-111.647842, 26.304851], [-111.647834, 26.303486], [-111.654319, 26.303457], [-111.654352, 26.30932], [-111.656173, 26.310946], [-111.661037, 26.312423], [-111.66284, 26.31078], [-111.662827, 26.308531], [-111.664416, 26.307084], [-111.661825, 26.304771], [-111.657004, 26.304793], [-111.662772, 26.298785], [-111.662764, 26.29742], [-111.669398, 26.297389], [-111.671754, 26.299493], [-111.671772, 26.30261], [-111.6693, 26.306371], [-111.669312, 26.308501], [-111.670983, 26.309993], [-111.671832, 26.312988], [-111.671036, 26.319108], [-111.669386, 26.321365], [-111.670247, 26.32649], [-111.672754, 26.328728], [-111.672777, 26.332595], [-111.671126, 26.334852], [-111.671186, 26.345229], [-111.672031, 26.347475], [-111.67553, 26.351342], [-111.678025, 26.35133], [-111.679697, 26.352822], [-111.68136, 26.352814], [-111.684705, 26.355797], [-111.688031, 26.355781], [-111.689553, 26.357138], [-111.689566, 26.359387], [-111.692226, 26.361758], [-111.694721, 26.361746], [-111.696393, 26.363238], [-111.698057, 26.36323], [-111.700917, 26.36578], [-111.703002, 26.36388], [-111.702218, 26.360825], [-111.703036, 26.358707], [-111.706197, 26.358691], [-111.706229, 26.363923]]]}}, {"type": "Feature", "id": 9, "properties": {"id": "5b", "politica": "conservacion", "procedencia": "digitalizada"}, "geometry": {"type": "MultiPolygon", "coordinates": [[[[-111.781102, 26.479681], [-111.781884, 26.481986], [-111.780229, 26.483494], [-111.78029, 26.49249], [-111.778634, 26.493999], [-111.77872, 26.506743], [-111.777065, 26.508252], [-111.777161, 26.522496], [-111.775505, 26.524004], [-111.775581, 26.53525], [-111.773925, 26.536758], [-111.773964, 26.54262], [-111.771615, 26.542633], [-111.768651, 26.545333], [-111.759112, 26.539087], [-111.759067, 26.532221], [-111.75983, 26.531526], [-111.759058, 26.53084], [-111.759029, 26.526342], [-111.75685, 26.524404], [-111.753865, 26.526369], [-111.753889, 26.530118], [-111.752713, 26.531189], [-111.753551, 26.531934], [-111.751564, 26.533744], [-111.747416, 26.533765], [-111.747397, 26.530902], [-111.745571, 26.529277], [-111.743215, 26.530789], [-111.741416, 26.530798], [-111.73974, 26.529307], [-111.737241, 26.52932], [-111.733962, 26.527148], [-111.729735, 26.527859], [-111.727373, 26.525757], [-111.727364, 26.524258], [-111.725689, 26.522767], [-111.725675, 26.520518], [-111.723916, 26.518953], [-111.72052, 26.522044], [-111.720557, 26.527906], [-111.716409, 26.527927], [-111.713968, 26.5265], [-111.712725, 26.527631], [-111.707717, 26.523173], [-111.708546, 26.522419], [-111.70476, 26.519048], [-111.70317, 26.520496], [-111.699838, 26.520512], [-111.694859, 26.523535], [-111.689862, 26.52356], [-111.688205, 26.525067], [-111.684057, 26.525087], [-111.684035, 26.521473], [-111.678999, 26.517614], [-111.677672, 26.51882], [-111.681035, 26.524052], [-111.679726, 26.525243], [-111.679743, 26.528106], [-111.678227, 26.528114], [-111.67609, 26.530058], [-111.673929, 26.528134], [-111.667416, 26.528165], [-111.667403, 26.525932], [-111.670704, 26.520668], [-111.670687, 26.517788], [-111.669365, 26.51661], [-111.670608, 26.51548], [-111.668493, 26.51285], [-111.662205, 26.520077], [-111.662234, 26.52519], [-111.660719, 26.525197], [-111.658978, 26.52678], [-111.659761, 26.5297], [-111.655763, 26.529718], [-111.655755, 26.528354], [-111.654416, 26.52716], [-111.653156, 26.528306], [-111.653936, 26.530611], [-111.653115, 26.532729], [-111.648134, 26.532752], [-111.646459, 26.53126], [-111.644943, 26.531267], [-111.64576, 26.52828], [-111.645697, 26.517154], [-111.643102, 26.514841], [-111.638884, 26.520183], [-111.638896, 26.522298], [-111.635715, 26.522312], [-111.631421, 26.526214], [-111.631449, 26.531312], [-111.623104, 26.525366], [-111.620605, 26.525377], [-111.618098, 26.523889], [-111.614751, 26.520904], [-111.608221, 26.520932], [-111.603098, 26.525587], [-111.603105, 26.526952], [-111.595775, 26.526983], [-111.594087, 26.522626], [-111.585561, 26.51353], [-111.581382, 26.510548], [-111.579716, 26.510555], [-111.573864, 26.50608], [-111.572199, 26.506087], [-111.570526, 26.504594], [-111.567195, 26.504607], [-111.565522, 26.503114], [-111.561421, 26.502441], [-111.560177, 26.50357], [-111.558019, 26.501644], [-111.539832, 26.501714], [-111.538174, 26.50322], [-111.534843, 26.503233], [-111.533184, 26.504738], [-111.530686, 26.504748], [-111.528546, 26.50669], [-111.526873, 26.505197], [-111.525696, 26.506266], [-111.522381, 26.506278], [-111.522368, 26.50343], [-111.523884, 26.503424], [-111.525692, 26.501783], [-111.528525, 26.498458], [-111.528166, 26.496526], [-111.52893, 26.495833], [-111.527658, 26.494698], [-111.526331, 26.495902], [-111.526337, 26.497266], [-111.523173, 26.497278], [-111.523163, 26.495045], [-111.524341, 26.493976], [-111.523979, 26.491412], [-111.521471, 26.489172], [-111.52096, 26.482742], [-111.520106, 26.48198], [-111.513448, 26.486518], [-111.515622, 26.48846], [-111.51797, 26.488451], [-111.517977, 26.489816], [-111.519649, 26.491309], [-111.521338, 26.496551], [-111.521354, 26.500269], [-111.51893, 26.498103], [-111.516359, 26.500437], [-111.516371, 26.503286], [-111.514365, 26.501494], [-111.513518, 26.502262], [-111.513877, 26.504194], [-111.511886, 26.506001], [-111.510565, 26.504821], [-111.505718, 26.504838], [-111.506058, 26.502289], [-111.505204, 26.501526], [-111.503113, 26.503424], [-111.50389, 26.50573], [-111.503067, 26.507847], [-111.499885, 26.507858], [-111.498226, 26.509363], [-111.496427, 26.509369], [-111.494755, 26.507876], [-111.490759, 26.507889], [-111.49323, 26.505648], [-111.494814, 26.501953], [-111.493057, 26.500384], [-111.491392, 26.50039], [-111.48972, 26.498896], [-111.486038, 26.498594], [-111.481389, 26.502059], [-111.481401, 26.504908], [-111.475563, 26.498944], [-111.473198, 26.498952], [-111.46973, 26.502097], [-111.469736, 26.503597], [-111.468557, 26.504666], [-111.469745, 26.505727], [-111.469751, 26.507345], [-111.465768, 26.510957], [-111.465754, 26.507359], [-111.461926, 26.503938], [-111.463586, 26.502433], [-111.46275, 26.501686], [-111.464061, 26.500498], [-111.464055, 26.499133], [-111.465571, 26.499128], [-111.468209, 26.496735], [-111.468203, 26.495236], [-111.473166, 26.486972], [-111.47316, 26.485592], [-111.471002, 26.482915], [-111.472312, 26.481727], [-111.4723, 26.478728], [-111.474308, 26.476907], [-111.472276, 26.472849], [-111.47226, 26.468982], [-111.474733, 26.462975], [-111.475526, 26.453376], [-111.479687, 26.457096], [-111.483785, 26.457772], [-111.487039, 26.455572], [-111.488704, 26.455566], [-111.491341, 26.453173], [-111.492506, 26.449105], [-111.491236, 26.447969], [-111.489644, 26.449414], [-111.486331, 26.449425], [-111.486325, 26.448061], [-111.484571, 26.446492], [-111.482829, 26.448072], [-111.482847, 26.452436], [-111.479534, 26.452447], [-111.47285, 26.446471], [-111.471336, 26.446476], [-111.471326, 26.444243], [-111.474491, 26.440619], [-111.47782, 26.440608], [-111.481137, 26.437598], [-111.483768, 26.437589], [-111.485772, 26.439381], [-111.484943, 26.440134], [-111.485796, 26.440896], [-111.48946, 26.43757], [-111.491957, 26.437561], [-111.496604, 26.434096], [-111.495334, 26.43296], [-111.4921, 26.435895], [-111.492079, 26.430797], [-111.490759, 26.429617], [-111.491588, 26.428865], [-111.490753, 26.428118], [-111.49324, 26.42586], [-111.492387, 26.425098], [-111.491558, 26.42585], [-111.486215, 26.42182], [-111.487025, 26.416585], [-111.491868, 26.416569], [-111.493676, 26.414928], [-111.49367, 26.413563], [-111.496848, 26.413552], [-111.501828, 26.410536], [-111.503626, 26.41053], [-111.504812, 26.41159], [-111.509791, 26.408573], [-111.511462, 26.410067], [-111.512308, 26.409299], [-111.508458, 26.404363], [-111.505962, 26.404372], [-111.504291, 26.402879], [-111.501795, 26.402887], [-111.500609, 26.401827], [-111.499432, 26.402896], [-111.496803, 26.402905], [-111.495132, 26.401411], [-111.491954, 26.401422], [-111.491935, 26.397075], [-111.496079, 26.397061], [-111.497683, 26.398494], [-111.499755, 26.396613], [-111.50191, 26.39854], [-111.503935, 26.397332], [-111.500574, 26.39358], [-111.49525, 26.393913], [-111.495237, 26.39093], [-111.499736, 26.38835], [-111.497732, 26.386558], [-111.503522, 26.386538], [-111.505192, 26.388032], [-111.509352, 26.388017], [-111.515195, 26.392495], [-111.517698, 26.393985], [-111.520194, 26.393976], [-111.522216, 26.395783], [-111.524221, 26.393961], [-111.52685, 26.393952], [-111.531709, 26.397547], [-111.532565, 26.402792], [-111.533902, 26.403987], [-111.535227, 26.402782], [-111.536857, 26.395414], [-111.541699, 26.395396], [-111.543506, 26.393754], [-111.543499, 26.39239], [-111.545845, 26.392381], [-111.547586, 26.390799], [-111.546806, 26.387879], [-111.552613, 26.387857], [-111.555787, 26.390692], [-111.552627, 26.390704], [-111.551301, 26.39191], [-111.553474, 26.393851], [-111.558795, 26.389647], [-111.562955, 26.393364], [-111.561299, 26.39487], [-111.564157, 26.397423], [-111.564183, 26.40279], [-111.563355, 26.403543], [-111.564209, 26.408038], [-111.562621, 26.410234], [-111.563892, 26.411369], [-111.565218, 26.410164], [-111.565204, 26.407316], [-111.570202, 26.411779], [-111.571716, 26.411773], [-111.572562, 26.414634], [-111.574318, 26.416201], [-111.575908, 26.414755], [-111.578538, 26.414745], [-111.579725, 26.415804], [-111.580901, 26.414735], [-111.586691, 26.414712], [-111.583396, 26.417708], [-111.581746, 26.420713], [-111.581757, 26.422844], [-111.586088, 26.42671], [-111.587752, 26.426703], [-111.589424, 26.428196], [-111.5951, 26.428172], [-111.595111, 26.430286], [-111.59777, 26.432659], [-111.599434, 26.432652], [-111.608482, 26.440726], [-111.610182, 26.447466], [-111.616538, 26.453137], [-111.617864, 26.451932], [-111.617856, 26.450567], [-111.619371, 26.450561], [-111.621177, 26.448919], [-111.621994, 26.446051], [-111.626822, 26.44603], [-111.627686, 26.451889], [-111.630199, 26.454877], [-111.633696, 26.457995], [-111.637708, 26.457978], [-111.6369, 26.462328], [-111.635385, 26.462335], [-111.633728, 26.463842], [-111.630398, 26.463857], [-111.629072, 26.465063], [-111.632422, 26.468797], [-111.631114, 26.469986], [-111.63113, 26.472866], [-111.632954, 26.474493], [-111.634485, 26.474486], [-111.637799, 26.471472], [-111.64709, 26.47143], [-111.648764, 26.472922], [-111.650296, 26.472915], [-111.651952, 26.471408], [-111.655266, 26.471393], [-111.655273, 26.472758], [-111.657098, 26.474384], [-111.658613, 26.474377], [-111.658621, 26.475741], [-111.660294, 26.477233], [-111.659972, 26.482167], [-111.662153, 26.484856], [-111.665487, 26.482457], [-111.665466, 26.478843], [-111.670295, 26.478821], [-111.671144, 26.481681], [-111.678823, 26.487777], [-111.681188, 26.487766], [-111.682844, 26.486258], [-111.687007, 26.486238], [-111.688813, 26.484595], [-111.688796, 26.481732], [-111.691976, 26.481716], [-111.696592, 26.47676], [-111.69743, 26.477506], [-111.698751, 26.475669], [-111.696926, 26.474044], [-111.695411, 26.474051], [-111.695398, 26.471937], [-111.692882, 26.46895], [-111.692032, 26.465956], [-111.68868, 26.462223], [-111.686965, 26.453866], [-111.688969, 26.452041], [-111.688951, 26.449042], [-111.686908, 26.444238], [-111.685151, 26.442672], [-111.683561, 26.444119], [-111.678584, 26.444143], [-111.678576, 26.442779], [-111.675225, 26.439046], [-111.675202, 26.435178], [-111.678365, 26.4323], [-111.681827, 26.432283], [-111.6835, 26.433775], [-111.686829, 26.433759], [-111.688352, 26.435116], [-111.690884, 26.441101], [-111.692709, 26.442727], [-111.695212, 26.44108], [-111.695168, 26.433718], [-111.699313, 26.433698], [-111.701685, 26.435186], [-111.703821, 26.433241], [-111.70598, 26.435165], [-111.710141, 26.435144], [-111.711815, 26.436635], [-111.713346, 26.436628], [-111.714671, 26.435421], [-111.711653, 26.431987], [-111.709989, 26.431995], [-111.706641, 26.429013], [-111.700949, 26.429041], [-111.695974, 26.432064], [-111.690847, 26.432089], [-111.689174, 26.430597], [-111.685163, 26.430617], [-111.685969, 26.426265], [-111.687484, 26.426258], [-111.689636, 26.424298], [-111.686624, 26.421613], [-111.683295, 26.421629], [-111.681622, 26.420137], [-111.678293, 26.420153], [-111.676771, 26.418796], [-111.676757, 26.416428], [-111.681724, 26.411906], [-111.681711, 26.409792], [-111.68821, 26.41126], [-111.689059, 26.41412], [-111.691653, 26.416432], [-111.693391, 26.414849], [-111.693378, 26.412719], [-111.691705, 26.411227], [-111.691656, 26.40298], [-111.689983, 26.401489], [-111.689947, 26.395522], [-111.69244, 26.397745], [-111.695635, 26.397729], [-111.69729, 26.396222], [-111.700601, 26.396205], [-111.700609, 26.39757], [-111.702366, 26.399136], [-111.705609, 26.396181], [-111.708921, 26.396164], [-111.708944, 26.399897], [-111.708182, 26.400591], [-111.709939, 26.402157], [-111.713966, 26.402137], [-111.715704, 26.400553], [-111.714934, 26.399867], [-111.714911, 26.396135], [-111.717391, 26.396122], [-111.721423, 26.399716], [-111.721437, 26.401965], [-111.723261, 26.40359], [-111.725624, 26.403578], [-111.727278, 26.40207], [-111.731422, 26.402049], [-111.73144, 26.404897], [-111.72743, 26.404917], [-111.723148, 26.409572], [-111.723157, 26.410937], [-111.721643, 26.410944], [-111.719839, 26.412588], [-111.715781, 26.418547], [-111.723401, 26.426081], [-111.725066, 26.426073], [-111.729927, 26.428912], [-111.729941, 26.431161], [-111.734963, 26.435633], [-111.735002, 26.44175], [-111.73336, 26.445388], [-111.740067, 26.452851], [-111.740091, 26.456718], [-111.739329, 26.457412], [-111.740105, 26.458848], [-111.743605, 26.461964], [-111.746801, 26.461947], [-111.750112, 26.458931], [-111.753425, 26.458914], [-111.753444, 26.461896], [-111.750148, 26.467043], [-111.753497, 26.470024], [-111.755182, 26.473014], [-111.75443, 26.475326], [-111.75619, 26.476892], [-111.75952, 26.476875], [-111.764535, 26.479847], [-111.767732, 26.479829], [-111.770712, 26.477114], [-111.768702, 26.475326], [-111.772697, 26.475304], [-111.779327, 26.47077], [-111.781808, 26.470757], [-111.781864, 26.478987], [-111.781102, 26.479681]], [[-111.558777, 26.468729], [-111.556181, 26.465664], [-111.546324, 26.465702], [-111.544517, 26.467344], [-111.544527, 26.469474], [-111.547186, 26.471848], [-111.551349, 26.471832], [-111.553021, 26.473325], [-111.555385, 26.473316], [-111.558777, 26.468729]], [[-111.626191, 26.4647], [-111.6245, 26.463193], [-111.622826, 26.464715], [-111.624517, 26.466223], [-111.626191, 26.4647]], [[-111.622028, 26.464719], [-111.61992, 26.462838], [-111.617831, 26.464737], [-111.619589, 26.466304], [-111.622028, 26.464719]]], [[[-111.66893, 26.375289], [-111.67639, 26.381942], [-111.676403, 26.384191], [-111.677724, 26.385369], [-111.676896, 26.386123], [-111.677265, 26.389419], [-111.675751, 26.389426], [-111.672788, 26.392124], [-111.671116, 26.390633], [-111.66862, 26.393659], [-111.669959, 26.394853], [-111.671473, 26.394846], [-111.671481, 26.39621], [-111.673638, 26.398134], [-111.672331, 26.399324], [-111.672339, 26.400688], [-111.667505, 26.40221], [-111.664045, 26.40536], [-111.664057, 26.407491], [-111.666219, 26.410164], [-111.664916, 26.412104], [-111.659945, 26.415876], [-111.659129, 26.418743], [-111.654985, 26.418762], [-111.653797, 26.417703], [-111.652141, 26.41921], [-111.648457, 26.415178], [-111.648445, 26.412945], [-111.651756, 26.41293], [-111.652944, 26.413989], [-111.654617, 26.412467], [-111.65508, 26.409031], [-111.661703, 26.403122], [-111.656681, 26.397897], [-111.657434, 26.395585], [-111.654908, 26.393332], [-111.653169, 26.394914], [-111.653186, 26.397778], [-111.650706, 26.397789], [-111.646182, 26.395246], [-111.640872, 26.400833], [-111.638392, 26.400844], [-111.638339, 26.391113], [-111.64165, 26.3881], [-111.641642, 26.3866], [-111.643232, 26.385153], [-111.639946, 26.380729], [-111.64069, 26.376917], [-111.63692, 26.372061], [-111.638228, 26.370871], [-111.638211, 26.367872], [-111.643036, 26.364987], [-111.645665, 26.364975], [-111.648106, 26.367153], [-111.649844, 26.365571], [-111.649823, 26.361957], [-111.652984, 26.361943], [-111.652992, 26.363307], [-111.657318, 26.366421], [-111.663839, 26.366391], [-111.665643, 26.364748], [-111.666392, 26.361805], [-111.663795, 26.358743], [-111.655611, 26.358781], [-111.652297, 26.361045], [-111.6505, 26.361053], [-111.648139, 26.3582], [-111.64813, 26.356582], [-111.649715, 26.354385], [-111.647959, 26.352818], [-111.641306, 26.352847], [-111.639634, 26.351355], [-111.638121, 26.351362], [-111.638113, 26.349998], [-111.634619, 26.346879], [-111.631293, 26.346894], [-111.625447, 26.342421], [-111.621439, 26.342439], [-111.622247, 26.338088], [-111.623761, 26.338081], [-111.626392, 26.335686], [-111.626365, 26.330556], [-111.62469, 26.328314], [-111.62467, 26.324582], [-111.627846, 26.324568], [-111.633642, 26.320044], [-111.638622, 26.318523], [-111.640277, 26.317016], [-111.642771, 26.317004], [-111.644426, 26.315498], [-111.657861, 26.315437], [-111.660218, 26.31754], [-111.661088, 26.324284], [-111.662408, 26.325462], [-111.66158, 26.326215], [-111.662776, 26.328774], [-111.662913, 26.352765], [-111.666265, 26.357248], [-111.674777, 26.364841], [-111.678794, 26.366321], [-111.677993, 26.371557], [-111.674837, 26.375186], [-111.67304, 26.375194], [-111.670669, 26.373706], [-111.66893, 26.375289]]], [[[-111.692305, 26.375102], [-111.686518, 26.381128], [-111.683207, 26.381144], [-111.683137, 26.369299], [-111.688111, 26.369276], [-111.689784, 26.370767], [-111.694625, 26.370744], [-111.694651, 26.375091], [-111.692305, 26.375102]]], [[[-111.712897, 26.366139], [-111.712101, 26.372006], [-111.70879, 26.372023], [-111.704613, 26.369044], [-111.703099, 26.369052], [-111.703081, 26.366069], [-111.706385, 26.362304], [-111.706354, 26.357191], [-111.712991, 26.357158], [-111.714664, 26.358649], [-111.716177, 26.358642], [-111.717036, 26.362985], [-111.715522, 26.362992], [-111.712897, 26.366139]]], [[[-111.727166, 26.384077], [-111.728963, 26.384068], [-111.734669, 26.389152], [-111.734702, 26.394384], [-111.732222, 26.394396], [-111.730549, 26.392906], [-111.728885, 26.392914], [-111.725538, 26.389932], [-111.724008, 26.38994], [-111.722353, 26.391448], [-111.712237, 26.391498], [-111.709878, 26.389396], [-111.70984, 26.383279], [-111.712173, 26.381154], [-111.716316, 26.381133], [-111.716325, 26.382497], [-111.718148, 26.384123], [-111.725991, 26.385148], [-111.727166, 26.384077]]]]}}, {"type": "Feature", "id": 10, "properties": {"id": "7a", "politica": "preservacion", "procedencia": "digitalizada"}, "geometry": {"type": "Polygon", "coordinates": [[[-111.521294, 26.50499], [-111.523372, 26.50687], [-111.523898, 26.506528], [-111.52427, 26.506527], [-111.525382, 26.505505], [-111.527428, 26.505497], [-111.527432, 26.506475], [-111.526908, 26.506477], [-111.52598, 26.507159], [-111.524865, 26.507503], [-111.52208, 26.50921], [-111.520964, 26.509554], [-111.517253, 26.512283], [-111.516847, 26.512655], [-111.516849, 26.512963], [-111.516511, 26.512964], [-111.515769, 26.513646], [-111.513506, 26.515043], [-111.512767, 26.516234], [-111.51184, 26.517086], [-111.510731, 26.518957], [-111.50962, 26.520319], [-111.509621, 26.520658], [-111.507028, 26.523892], [-111.50703, 26.524231], [-111.503142, 26.529337], [-111.502775, 26.530664], [-111.50166, 26.530668], [-111.501286, 26.53033], [-111.498121, 26.530341], [-111.497747, 26.530003], [-111.494985, 26.530013], [-111.494614, 26.530353], [-111.491603, 26.530364], [-111.491229, 26.530026], [-111.489957, 26.53003], [-111.489586, 26.530371], [-111.482882, 26.530394], [-111.482511, 26.530734], [-111.478601, 26.530747], [-111.47823, 26.531088], [-111.47674, 26.531093], [-111.476369, 26.531434], [-111.475065, 26.531438], [-111.474508, 26.531779], [-111.473918, 26.532492], [-111.473742, 26.535038], [-111.47274, 26.535958], [-111.472105, 26.535383], [-111.472101, 26.534534], [-111.47162, 26.533761], [-111.472095, 26.533154], [-111.472093, 26.532645], [-111.472649, 26.531794], [-111.473199, 26.529756], [-111.473193, 26.528421], [-111.472818, 26.527743], [-111.472437, 26.525708], [-111.471688, 26.524522], [-111.47094, 26.523846], [-111.470752, 26.523337], [-111.468288, 26.521277], [-111.46717, 26.520942], [-111.466796, 26.520603], [-111.466423, 26.520605], [-111.46605, 26.520266], [-111.465119, 26.520269], [-111.464593, 26.519793], [-111.464588, 26.518605], [-111.463275, 26.516234], [-111.46137, 26.514172], [-111.46025, 26.513496], [-111.459878, 26.513498], [-111.458384, 26.512484], [-111.457453, 26.512487], [-111.457079, 26.512149], [-111.454473, 26.512157], [-111.453468, 26.511417], [-111.454209, 26.510566], [-111.454127, 26.510153], [-111.45346, 26.50955], [-111.453937, 26.509113], [-111.453936, 26.508805], [-111.454273, 26.508804], [-111.454644, 26.508463], [-111.455203, 26.508461], [-111.456906, 26.506727], [-111.45709, 26.506217], [-111.456797, 26.505805], [-111.456983, 26.505635], [-111.456608, 26.505127], [-111.456794, 26.504957], [-111.45623, 26.503601], [-111.457076, 26.502676], [-111.456784, 26.502411], [-111.456969, 26.502241], [-111.456513, 26.50132], [-111.455765, 26.500474], [-111.455842, 26.499699], [-111.455655, 26.499529], [-111.456316, 26.498583], [-111.456499, 26.497903], [-111.456492, 26.496229], [-111.456304, 26.49572], [-111.455825, 26.495286], [-111.456103, 26.495031], [-111.455823, 26.494777], [-111.456749, 26.493586], [-111.456562, 26.493417], [-111.456853, 26.49315], [-111.456476, 26.491986], [-111.456657, 26.490806], [-111.456995, 26.490805], [-111.458666, 26.489781], [-111.459072, 26.489409], [-111.459071, 26.489101], [-111.459408, 26.4891], [-111.463523, 26.485321], [-111.463707, 26.484811], [-111.465375, 26.482939], [-111.466484, 26.481069], [-111.467596, 26.479877], [-111.46852, 26.478177], [-111.468519, 26.477837], [-111.46889, 26.477497], [-111.469257, 26.476307], [-111.469998, 26.475287], [-111.471104, 26.472737], [-111.471475, 26.472396], [-111.471471, 26.471412], [-111.472741, 26.472562], [-111.473312, 26.475445], [-111.474167, 26.476727], [-111.473981, 26.476897], [-111.47417, 26.477575], [-111.472396, 26.479205], [-111.47203, 26.480734], [-111.471396, 26.481828], [-111.471663, 26.48207], [-111.471673, 26.484469], [-111.471304, 26.485296], [-111.471712, 26.485665], [-111.473353, 26.48566], [-111.473357, 26.4865], [-111.472431, 26.487691], [-111.470953, 26.490581], [-111.470582, 26.490922], [-111.470585, 26.4916], [-111.470216, 26.492419], [-111.469878, 26.49242], [-111.468731, 26.493304], [-111.468546, 26.493814], [-111.468735, 26.494299], [-111.468744, 26.496698], [-111.468222, 26.497178], [-111.467478, 26.49718], [-111.465033, 26.499595], [-111.464106, 26.500617], [-111.463367, 26.502147], [-111.462441, 26.503338], [-111.463194, 26.505349], [-111.463959, 26.505873], [-111.464874, 26.505715], [-111.465428, 26.505206], [-111.465432, 26.50636], [-111.46618, 26.507206], [-111.466197, 26.511302], [-111.464913, 26.513162], [-111.465309, 26.51352], [-111.466395, 26.513517], [-111.467542, 26.512463], [-111.467912, 26.511783], [-111.468278, 26.510254], [-111.469388, 26.508384], [-111.469379, 26.50637], [-111.469006, 26.506032], [-111.469, 26.504651], [-111.46937, 26.503971], [-111.469363, 26.502444], [-111.470105, 26.501762], [-111.470474, 26.500743], [-111.471773, 26.49989], [-111.472329, 26.499209], [-111.472328, 26.498901], [-111.474527, 26.498894], [-111.475007, 26.498454], [-111.476236, 26.499228], [-111.476949, 26.499225], [-111.477688, 26.498547], [-111.477693, 26.499723], [-111.47658, 26.500745], [-111.476396, 26.501232], [-111.477178, 26.50194], [-111.478262, 26.501597], [-111.478633, 26.501256], [-111.479189, 26.501255], [-111.479191, 26.501755], [-111.478634, 26.502266], [-111.47845, 26.502776], [-111.475483, 26.505671], [-111.475312, 26.506339], [-111.475708, 26.506697], [-111.476235, 26.506695], [-111.477755, 26.505641], [-111.477647, 26.505228], [-111.477938, 26.504961], [-111.477937, 26.504653], [-111.478461, 26.504651], [-111.479389, 26.503969], [-111.480538, 26.503965], [-111.480911, 26.504304], [-111.481252, 26.504303], [-111.481657, 26.50393], [-111.481655, 26.503251], [-111.482025, 26.502911], [-111.482018, 26.501044], [-111.482283, 26.50063], [-111.481838, 26.500227], [-111.483129, 26.500223], [-111.48386, 26.500885], [-111.48425, 26.500527], [-111.484247, 26.500018], [-111.484618, 26.499677], [-111.484616, 26.498998], [-111.485616, 26.497909], [-111.486662, 26.499193], [-111.487933, 26.499188], [-111.488304, 26.498848], [-111.489639, 26.498843], [-111.490948, 26.500196], [-111.494453, 26.500184], [-111.495413, 26.498792], [-111.49541, 26.498144], [-111.495966, 26.498142], [-111.496492, 26.498618], [-111.496496, 26.499659], [-111.495012, 26.500852], [-111.494086, 26.502044], [-111.493353, 26.504762], [-111.492429, 26.506292], [-111.491317, 26.507484], [-111.491319, 26.507971], [-111.492289, 26.509017], [-111.492629, 26.509016], [-111.493, 26.508675], [-111.493373, 26.508674], [-111.49393, 26.508332], [-111.494335, 26.50796], [-111.494333, 26.507451], [-111.494855, 26.506971], [-111.495783, 26.506968], [-111.495789, 26.508295], [-111.495977, 26.508803], [-111.496572, 26.509342], [-111.497285, 26.509339], [-111.498027, 26.508658], [-111.499176, 26.508654], [-111.499704, 26.508991], [-111.501003, 26.507968], [-111.501934, 26.507965], [-111.504008, 26.506059], [-111.504002, 26.504555], [-111.503709, 26.50429], [-111.503894, 26.504119], [-111.503625, 26.503538], [-111.503621, 26.502666], [-111.505105, 26.501303], [-111.505102, 26.500625], [-111.505473, 26.500284], [-111.505464, 26.498281], [-111.506174, 26.498924], [-111.506369, 26.500982], [-111.506186, 26.501662], [-111.505076, 26.503193], [-111.505079, 26.503849], [-111.505827, 26.504695], [-111.506017, 26.505543], [-111.506613, 26.506251], [-111.507885, 26.506247], [-111.508475, 26.505704], [-111.508472, 26.505025], [-111.508994, 26.504546], [-111.509771, 26.504543], [-111.511452, 26.505895], [-111.511979, 26.505893], [-111.51235, 26.505552], [-111.512722, 26.505551], [-111.513684, 26.504667], [-111.514054, 26.504157], [-111.514049, 26.503161], [-111.513676, 26.502823], [-111.513673, 26.502144], [-111.512924, 26.501298], [-111.51292, 26.500291], [-111.514787, 26.502149], [-111.516077, 26.502809], [-111.516652, 26.50228], [-111.516647, 26.501115], [-111.516273, 26.500777], [-111.516268, 26.499736], [-111.516639, 26.499395], [-111.516632, 26.49773], [-111.517525, 26.497726], [-111.517527, 26.498034], [-111.517935, 26.498404], [-111.518307, 26.498402], [-111.518681, 26.49874], [-111.519764, 26.498736], [-111.519957, 26.500401], [-111.520894, 26.501108], [-111.521485, 26.500566], [-111.521479, 26.499231], [-111.521105, 26.498893], [-111.5211, 26.497874], [-111.520726, 26.497536], [-111.520723, 26.496688], [-111.520349, 26.49635], [-111.520339, 26.494143], [-111.519965, 26.493805], [-111.51996, 26.492617], [-111.518462, 26.490756], [-111.518458, 26.489907], [-111.518083, 26.48923], [-111.515062, 26.487512], [-111.512863, 26.48752], [-111.512854, 26.485523], [-111.513782, 26.48552], [-111.514716, 26.486196], [-111.515242, 26.486194], [-111.516203, 26.48514], [-111.516198, 26.484122], [-111.516569, 26.483781], [-111.516751, 26.482794], [-111.517493, 26.482791], [-111.51768, 26.48296], [-111.518578, 26.482787], [-111.51954, 26.482073], [-111.51991, 26.481563], [-111.519908, 26.481085], [-111.520615, 26.481083], [-111.52062, 26.482092], [-111.520354, 26.482336], [-111.520541, 26.482505], [-111.52025, 26.482772], [-111.520253, 26.483282], [-111.519514, 26.484472], [-111.519516, 26.485128], [-111.520265, 26.485974], [-111.520267, 26.486483], [-111.520642, 26.486991], [-111.521025, 26.489366], [-111.522071, 26.490143], [-111.522333, 26.489902], [-111.523261, 26.489898], [-111.523267, 26.491247], [-111.522527, 26.492268], [-111.522547, 26.496658], [-111.523329, 26.497366], [-111.523702, 26.497364], [-111.524076, 26.497702], [-111.525161, 26.497698], [-111.525566, 26.497326], [-111.525564, 26.496817], [-111.525934, 26.496476], [-111.525931, 26.49565], [-111.525557, 26.495312], [-111.525552, 26.494303], [-111.52648, 26.494299], [-111.526854, 26.494637], [-111.52775, 26.494634], [-111.527757, 26.495983], [-111.527015, 26.496665], [-111.527392, 26.497659], [-111.527398, 26.499039], [-111.524432, 26.501766], [-111.523693, 26.502956], [-111.523694, 26.503264], [-111.523356, 26.503266], [-111.522614, 26.503777], [-111.521294, 26.50499]], [[-111.489138, 26.514778], [-111.488858, 26.514525], [-111.489043, 26.514354], [-111.488961, 26.513942], [-111.488365, 26.513403], [-111.487652, 26.513405], [-111.487062, 26.513948], [-111.487064, 26.514604], [-111.48766, 26.515143], [-111.488745, 26.515139], [-111.489138, 26.514778]]]}}, {"type": "Feature", "id": 11, "properties": {"id": "7b", "politica": "preservacion", "procedencia": "digitalizada"}, "geometry": {"type": "Polygon", "coordinates": [[[-111.509529, 26.408931], [-111.508473, 26.40968], [-111.507627, 26.409134], [-111.507195, 26.409135], [-111.505979, 26.410029], [-111.505748, 26.410881], [-111.505321, 26.411269], [-111.503913, 26.411274], [-111.503668, 26.408973], [-111.502916, 26.408299], [-111.499895, 26.40831], [-111.499401, 26.408759], [-111.501037, 26.410227], [-111.501042, 26.411284], [-111.499634, 26.411289], [-111.499398, 26.411077], [-111.498731, 26.411292], [-111.497283, 26.413038], [-111.497285, 26.413425], [-111.496623, 26.41364], [-111.49517, 26.413219], [-111.494033, 26.413436], [-111.493287, 26.414115], [-111.493526, 26.415146], [-111.494135, 26.415692], [-111.493437, 26.416327], [-111.492846, 26.415797], [-111.491926, 26.416209], [-111.49122, 26.416211], [-111.490516, 26.416852], [-111.489301, 26.416856], [-111.488121, 26.416222], [-111.487218, 26.416225], [-111.486513, 26.41644], [-111.485767, 26.417119], [-111.485551, 26.417529], [-111.485769, 26.417725], [-111.486016, 26.420483], [-111.485588, 26.420485], [-111.485077, 26.420951], [-111.485552, 26.42198], [-111.486067, 26.422443], [-111.488188, 26.422861], [-111.489133, 26.423709], [-111.490076, 26.424131], [-111.491476, 26.425598], [-111.492203, 26.424936], [-111.492201, 26.424549], [-111.493566, 26.424544], [-111.493569, 26.425176], [-111.493101, 26.425816], [-111.493103, 26.426209], [-111.493475, 26.426543], [-111.492444, 26.427269], [-111.491267, 26.427486], [-111.490289, 26.428804], [-111.48996, 26.430384], [-111.49032, 26.430707], [-111.491005, 26.430084], [-111.491707, 26.430082], [-111.491244, 26.431992], [-111.490776, 26.432631], [-111.490779, 26.43345], [-111.491295, 26.433912], [-111.492218, 26.434104], [-111.493374, 26.433692], [-111.494312, 26.432838], [-111.495018, 26.432623], [-111.498116, 26.432612], [-111.498781, 26.432823], [-111.498783, 26.433422], [-111.499392, 26.433968], [-111.498694, 26.434604], [-111.498321, 26.434269], [-111.496945, 26.434061], [-111.496006, 26.434489], [-111.49366, 26.436625], [-111.492013, 26.43663], [-111.491074, 26.437485], [-111.490094, 26.437488], [-111.489428, 26.436891], [-111.489427, 26.436465], [-111.488242, 26.435792], [-111.487496, 26.436472], [-111.487499, 26.437078], [-111.488445, 26.438138], [-111.488449, 26.439195], [-111.487551, 26.439411], [-111.485909, 26.440906], [-111.485207, 26.440908], [-111.485197, 26.438362], [-111.485413, 26.438165], [-111.485193, 26.437543], [-111.484205, 26.436657], [-111.483302, 26.43666], [-111.482833, 26.437087], [-111.481187, 26.437518], [-111.479269, 26.439691], [-111.479271, 26.440077], [-111.475311, 26.440091], [-111.472263, 26.443079], [-111.471557, 26.443081], [-111.471045, 26.443547], [-111.470813, 26.444366], [-111.471761, 26.445852], [-111.472276, 26.446315], [-111.47369, 26.446523], [-111.474119, 26.446908], [-111.474123, 26.447759], [-111.474638, 26.448221], [-111.475817, 26.448643], [-111.476999, 26.449703], [-111.47747, 26.449701], [-111.478372, 26.45051], [-111.478847, 26.45136], [-111.478849, 26.451998], [-111.479465, 26.452762], [-111.480267, 26.452032], [-111.481443, 26.451815], [-111.482895, 26.450921], [-111.483363, 26.450281], [-111.483347, 26.446452], [-111.485413, 26.444998], [-111.48542, 26.44669], [-111.484954, 26.447935], [-111.486135, 26.448782], [-111.486375, 26.449845], [-111.486871, 26.45029], [-111.488261, 26.449239], [-111.490141, 26.448382], [-111.491317, 26.448165], [-111.492021, 26.447737], [-111.492723, 26.447735], [-111.492729, 26.449005], [-111.492262, 26.45007], [-111.490858, 26.45199], [-111.490863, 26.453234], [-111.49251, 26.454498], [-111.489734, 26.454508], [-111.48762, 26.455791], [-111.485738, 26.456223], [-111.484757, 26.457116], [-111.484759, 26.457503], [-111.482644, 26.45751], [-111.481462, 26.456238], [-111.479621, 26.45752], [-111.479112, 26.457522], [-111.478209, 26.4565], [-111.478204, 26.455223], [-111.47773, 26.454587], [-111.477214, 26.454125], [-111.476508, 26.454127], [-111.47438, 26.452007], [-111.473481, 26.45201], [-111.473479, 26.451623], [-111.469692, 26.446742], [-111.469687, 26.445466], [-111.468739, 26.44398], [-111.468731, 26.441853], [-111.468258, 26.441429], [-111.468252, 26.439907], [-111.468721, 26.43948], [-111.468248, 26.438876], [-111.46824, 26.436929], [-111.468709, 26.436502], [-111.468236, 26.435898], [-111.468226, 26.433526], [-111.468695, 26.433099], [-111.46869, 26.431822], [-111.470097, 26.430328], [-111.470095, 26.429903], [-111.470564, 26.429476], [-111.470562, 26.429051], [-111.471031, 26.428624], [-111.47103, 26.428198], [-111.471499, 26.427771], [-111.471497, 26.427346], [-111.471966, 26.426919], [-111.471964, 26.426493], [-111.472433, 26.426066], [-111.472432, 26.425641], [-111.473367, 26.424148], [-111.473362, 26.422872], [-111.47383, 26.422232], [-111.473818, 26.419254], [-111.474287, 26.418827], [-111.474283, 26.417796], [-111.47391, 26.417462], [-111.474145, 26.417248], [-111.473809, 26.416947], [-111.473805, 26.416096], [-111.473332, 26.415459], [-111.473327, 26.414395], [-111.472855, 26.413971], [-111.472851, 26.413121], [-111.472379, 26.412697], [-111.472375, 26.411846], [-111.471902, 26.411209], [-111.471899, 26.410358], [-111.471426, 26.409934], [-111.471422, 26.408871], [-111.470949, 26.408447], [-111.470948, 26.408021], [-111.466651, 26.403742], [-111.465943, 26.403319], [-111.465002, 26.403322], [-111.46453, 26.402898], [-111.463823, 26.4029], [-111.463351, 26.402476], [-111.46288, 26.402478], [-111.460426, 26.400487], [-111.462669, 26.397805], [-111.462901, 26.396953], [-111.46337, 26.396526], [-111.463366, 26.395462], [-111.463834, 26.394823], [-111.46382, 26.391458], [-111.465699, 26.391452], [-111.468767, 26.393569], [-111.470611, 26.393563], [-111.471357, 26.392884], [-111.47135, 26.391214], [-111.469932, 26.38973], [-111.469924, 26.387783], [-111.470585, 26.387181], [-111.471329, 26.387178], [-111.472982, 26.388449], [-111.47365, 26.388447], [-111.474161, 26.387981], [-111.474156, 26.386705], [-111.474622, 26.38564], [-111.475425, 26.384909], [-111.475088, 26.384607], [-111.475081, 26.38266], [-111.477428, 26.381163], [-111.477419, 26.379036], [-111.477888, 26.378609], [-111.477886, 26.378222], [-111.480667, 26.378213], [-111.48372, 26.376713], [-111.48466, 26.376497], [-111.485129, 26.37607], [-111.485873, 26.376068], [-111.487287, 26.376488], [-111.488228, 26.376485], [-111.4887, 26.376909], [-111.489171, 26.376907], [-111.49035, 26.377542], [-111.491766, 26.3786], [-111.492472, 26.378598], [-111.493415, 26.37902], [-111.495063, 26.379015], [-111.496241, 26.379436], [-111.49761, 26.379431], [-111.497628, 26.383647], [-111.498104, 26.384922], [-111.49811, 26.386198], [-111.499059, 26.38811], [-111.499063, 26.388993], [-111.49883, 26.389593], [-111.496284, 26.389602], [-111.495816, 26.390029], [-111.493935, 26.390461], [-111.493324, 26.391018], [-111.494176, 26.391782], [-111.49531, 26.391778], [-111.495313, 26.392584], [-111.494885, 26.392585], [-111.493687, 26.393463], [-111.494185, 26.393909], [-111.494891, 26.393906], [-111.495363, 26.39433], [-111.497678, 26.394322], [-111.497913, 26.394109], [-111.498756, 26.394195], [-111.500261, 26.393037], [-111.501198, 26.393033], [-111.501676, 26.394695], [-111.503804, 26.396815], [-111.503807, 26.39766], [-111.503144, 26.397662], [-111.502675, 26.398089], [-111.501695, 26.398093], [-111.500515, 26.397246], [-111.498671, 26.397252], [-111.497831, 26.398017], [-111.496514, 26.39726], [-111.49369, 26.397269], [-111.493218, 26.396846], [-111.492079, 26.39685], [-111.491568, 26.397315], [-111.490635, 26.399446], [-111.490876, 26.400689], [-111.491587, 26.401963], [-111.492438, 26.402726], [-111.493515, 26.401531], [-111.493512, 26.400719], [-111.495155, 26.400713], [-111.49643, 26.401856], [-111.495844, 26.40239], [-111.496341, 26.402836], [-111.49795, 26.40283], [-111.499359, 26.401975], [-111.501044, 26.401969], [-111.502695, 26.402814], [-111.505049, 26.402806], [-111.505994, 26.403653], [-111.506465, 26.403651], [-111.507981, 26.404799], [-111.508548, 26.404495], [-111.509999, 26.40449], [-111.510429, 26.404875], [-111.510199, 26.406152], [-111.511379, 26.406999], [-111.511856, 26.408274], [-111.512938, 26.409456], [-111.512377, 26.409968], [-111.511632, 26.40997], [-111.510452, 26.409124], [-111.509529, 26.408931]], [[-111.491869, 26.40602], [-111.491135, 26.405362], [-111.490232, 26.405365], [-111.489251, 26.406045], [-111.489254, 26.406651], [-111.490242, 26.407537], [-111.491615, 26.407532], [-111.492127, 26.407067], [-111.491517, 26.40634], [-111.491869, 26.40602]]]}}, {"type": "Feature", "id": 12, "properties": {"id": "8", "politica": "conservacion", "procedencia": "digitalizada"}, "geometry": {"type": "Polygon", "coordinates": [[[-111.588417, 26.542076], [-111.586368, 26.542085], [-111.586364, 26.541242], [-111.5811, 26.53655], [-111.576973, 26.534715], [-111.574914, 26.534723], [-111.572845, 26.53288], [-111.570877, 26.532424], [-111.569834, 26.529734], [-111.5688, 26.528812], [-111.568782, 26.525108], [-111.567748, 26.524186], [-111.567734, 26.521408], [-111.5667, 26.520486], [-111.566671, 26.514467], [-111.562442, 26.510696], [-111.555233, 26.509798], [-111.554716, 26.509337], [-111.546049, 26.509371], [-111.541429, 26.511703], [-111.536812, 26.514962], [-111.534672, 26.517368], [-111.534693, 26.521999], [-111.531721, 26.52702], [-111.528038, 26.527496], [-111.523392, 26.524735], [-111.517298, 26.524758], [-111.513193, 26.52755], [-111.508567, 26.528956], [-111.505706, 26.53155], [-111.505189, 26.531089], [-111.504676, 26.531554], [-111.503136, 26.530179], [-111.513152, 26.515984], [-111.519213, 26.510953], [-111.523322, 26.509085], [-111.525372, 26.507226], [-111.526401, 26.507222], [-111.531534, 26.504425], [-111.533593, 26.504417], [-111.538216, 26.502548], [-111.543362, 26.502528], [-111.546445, 26.50159], [-111.554246, 26.50156], [-111.556309, 26.502478], [-111.558882, 26.502468], [-111.559916, 26.50339], [-111.560863, 26.503387], [-111.561672, 26.502652], [-111.562489, 26.50338], [-111.564547, 26.503372], [-111.565281, 26.504027], [-111.565794, 26.503562], [-111.56661, 26.50429], [-111.569698, 26.504278], [-111.574858, 26.507035], [-111.575887, 26.507031], [-111.585698, 26.513473], [-111.593367, 26.521693], [-111.59856, 26.530468], [-111.598577, 26.533783], [-111.595505, 26.537037], [-111.595524, 26.540658], [-111.594075, 26.541127], [-111.590984, 26.540677], [-111.588417, 26.542076]], [[-111.580006, 26.523683], [-111.581635, 26.522204], [-111.581626, 26.520426], [-111.579982, 26.51896], [-111.579035, 26.518964], [-111.577406, 26.520443], [-111.577414, 26.522221], [-111.579058, 26.523687], [-111.580006, 26.523683]]]}}, {"type": "Feature", "id": 13, "properties": {"id": "9", "politica": "preservacion", "procedencia": "digitalizada"}, "geometry": {"type": "MultiPolygon", "coordinates": [[[[-111.470041, 26.478269], [-111.468545, 26.48167], [-111.466291, 26.484054], [-111.464791, 26.486436], [-111.457871, 26.492367], [-111.457273, 26.491833], [-111.456586, 26.491835], [-111.456574, 26.488785], [-111.457326, 26.488104], [-111.457323, 26.487486], [-111.45801, 26.487484], [-111.459582, 26.486059], [-111.459578, 26.48504], [-111.46033, 26.484359], [-111.460327, 26.48368], [-111.461831, 26.482316], [-111.461826, 26.481019], [-111.462513, 26.481017], [-111.464394, 26.479653], [-111.465209, 26.47965], [-111.46707, 26.480635], [-111.46858, 26.478926], [-111.467095, 26.477599], [-111.467088, 26.475908], [-111.467775, 26.475906], [-111.469345, 26.474142], [-111.469337, 26.472166], [-111.472347, 26.471816], [-111.473255, 26.472628], [-111.471538, 26.475208], [-111.471541, 26.475887], [-111.470789, 26.476569], [-111.470793, 26.477587], [-111.470041, 26.478269]]], [[[-111.474905, 26.414894], [-111.474003, 26.415712], [-111.472495, 26.415717], [-111.471375, 26.416732], [-111.47137, 26.415442], [-111.470613, 26.414765], [-111.470606, 26.413067], [-111.469089, 26.411035], [-111.469085, 26.410016], [-111.468328, 26.409339], [-111.468326, 26.40866], [-111.466055, 26.40663], [-111.464538, 26.404598], [-111.464531, 26.402906], [-111.466409, 26.4029], [-111.467166, 26.403577], [-111.46792, 26.403575], [-111.472395, 26.407913], [-111.472781, 26.40995], [-111.474303, 26.41334], [-111.474307, 26.414359], [-111.474905, 26.414894]]], [[[-111.474524, 26.467388], [-111.474153, 26.468747], [-111.474159, 26.470377], [-111.471895, 26.468354], [-111.4712, 26.468356], [-111.469328, 26.470053], [-111.469322, 26.468369], [-111.470825, 26.467006], [-111.472325, 26.464624], [-111.472319, 26.463266], [-111.473071, 26.462584], [-111.473057, 26.459188], [-111.473809, 26.458507], [-111.473806, 26.457882], [-111.472981, 26.457144], [-111.471538, 26.456809], [-111.471511, 26.450079], [-111.470754, 26.449402], [-111.470747, 26.447718], [-111.474459, 26.451373], [-111.476366, 26.456461], [-111.476391, 26.462627], [-111.475269, 26.465008], [-111.475275, 26.466366], [-111.474524, 26.467388]]], [[[-111.472107, 26.429702], [-111.469929, 26.432018], [-111.469922, 26.430388], [-111.469165, 26.429712], [-111.469153, 26.426662], [-111.469839, 26.42666], [-111.470658, 26.425917], [-111.470809, 26.424076], [-111.470431, 26.423738], [-111.4714, 26.422858], [-111.47138, 26.417833], [-111.473203, 26.419178], [-111.47545, 26.41714], [-111.475096, 26.4229], [-111.474348, 26.424261], [-111.474353, 26.42562], [-111.472853, 26.427662], [-111.472107, 26.429702]]]]}}, {"type": "Feature", "id": 14, "properties": {"id": "10", "politica": "conservacion", "procedencia": "digitalizada"}, "geometry": {"type": "Polygon", "coordinates": [[[-111.755135, 26.423054], [-111.753437, 26.421543], [-111.753423, 26.419379], [-111.753998, 26.418855], [-111.7534, 26.415737], [-111.754549, 26.41469], [-111.754518, 26.410007], [-111.755047, 26.409526], [-111.754509, 26.408529], [-111.752756, 26.407404], [-111.751026, 26.407934], [-111.749544, 26.409284], [-111.747467, 26.407952], [-111.743429, 26.409014], [-111.74179, 26.407555], [-111.741763, 26.403393], [-111.739916, 26.401748], [-111.727874, 26.401809], [-111.726148, 26.402859], [-111.724414, 26.402868], [-111.723265, 26.403914], [-111.720965, 26.403926], [-111.72094, 26.399857], [-111.715656, 26.395668], [-111.713347, 26.397772], [-111.715046, 26.399803], [-111.71506, 26.401968], [-111.713681, 26.403223], [-111.711604, 26.401891], [-111.710541, 26.401896], [-111.709058, 26.403246], [-111.70814, 26.402429], [-111.707089, 26.402434], [-111.707079, 26.400883], [-111.708229, 26.399837], [-111.708213, 26.397319], [-111.70588, 26.395675], [-111.703479, 26.397862], [-111.702345, 26.40151], [-111.700162, 26.403498], [-111.700128, 26.397879], [-111.698324, 26.395754], [-111.69722, 26.396759], [-111.695487, 26.396767], [-111.694338, 26.397813], [-111.691357, 26.397828], [-111.689709, 26.396795], [-111.688457, 26.397935], [-111.688465, 26.399413], [-111.690211, 26.401486], [-111.690224, 26.403567], [-111.691972, 26.406161], [-111.690835, 26.409288], [-111.692, 26.410844], [-111.693185, 26.415604], [-111.692138, 26.416556], [-111.68868, 26.416052], [-111.688671, 26.414585], [-111.687506, 26.41303], [-111.685659, 26.411384], [-111.684029, 26.411392], [-111.684021, 26.409924], [-111.68251, 26.408579], [-111.680438, 26.409941], [-111.680459, 26.413584], [-111.676436, 26.417245], [-111.67591, 26.418247], [-111.676447, 26.419243], [-111.677714, 26.420372], [-111.682337, 26.42035], [-111.684661, 26.42242], [-111.68755, 26.422406], [-111.689525, 26.424166], [-111.687574, 26.426465], [-111.683774, 26.428876], [-111.684704, 26.429704], [-111.688755, 26.430726], [-111.689917, 26.431761], [-111.693299, 26.432785], [-111.698482, 26.429638], [-111.703105, 26.429615], [-111.704255, 26.428569], [-111.706555, 26.428557], [-111.70656, 26.429504], [-111.707827, 26.430632], [-111.708983, 26.430627], [-111.713048, 26.433728], [-111.7141, 26.433723], [-111.714105, 26.43467], [-111.715024, 26.435488], [-111.713644, 26.436743], [-111.710662, 26.436758], [-111.70487, 26.434706], [-111.699671, 26.435252], [-111.698509, 26.434217], [-111.695712, 26.43423], [-111.694459, 26.435371], [-111.694505, 26.443082], [-111.691627, 26.443096], [-111.689988, 26.441636], [-111.689979, 26.440075], [-111.687654, 26.438005], [-111.687642, 26.435924], [-111.685213, 26.433761], [-111.678942, 26.43275], [-111.674808, 26.435465], [-111.674823, 26.437983], [-111.67774, 26.442652], [-111.679588, 26.444298], [-111.681807, 26.444288], [-111.685018, 26.441889], [-111.686994, 26.443649], [-111.687013, 26.446771], [-111.688178, 26.448326], [-111.687949, 26.45071], [-111.688775, 26.451445], [-111.688787, 26.453516], [-111.687157, 26.453524], [-111.685906, 26.455101], [-111.687659, 26.458215], [-111.688843, 26.462892], [-111.691752, 26.466], [-111.691761, 26.467561], [-111.692927, 26.469117], [-111.69467, 26.470669], [-111.694686, 26.473271], [-111.695953, 26.474399], [-111.697688, 26.47439], [-111.698746, 26.475332], [-111.698758, 26.477403], [-111.695971, 26.477417], [-111.693568, 26.479603], [-111.693574, 26.480644], [-111.692527, 26.481596], [-111.690215, 26.481607], [-111.687811, 26.483794], [-111.687823, 26.485875], [-111.686776, 26.486827], [-111.684414, 26.48636], [-111.682154, 26.48737], [-111.680082, 26.487161], [-111.679266, 26.487904], [-111.678017, 26.48791], [-111.673373, 26.48481], [-111.670571, 26.482315], [-111.670562, 26.480754], [-111.667555, 26.478593], [-111.66524, 26.480258], [-111.665252, 26.48234], [-111.663058, 26.484858], [-111.660178, 26.484871], [-111.660146, 26.479241], [-111.657813, 26.47561], [-111.656546, 26.474481], [-111.655493, 26.474486], [-111.655482, 26.472499], [-111.65339, 26.470635], [-111.651423, 26.472423], [-111.645549, 26.47245], [-111.643565, 26.4712], [-111.638698, 26.47144], [-111.634668, 26.47458], [-111.631211, 26.474596], [-111.631197, 26.472004], [-111.631726, 26.471523], [-111.631191, 26.471047], [-111.631174, 26.467925], [-111.629429, 26.465851], [-111.62942, 26.464301], [-111.633941, 26.464281], [-111.635425, 26.462932], [-111.636297, 26.463708], [-111.638075, 26.463222], [-111.639771, 26.464734], [-111.641549, 26.464247], [-111.643245, 26.465759], [-111.645273, 26.464438], [-111.64353, 26.462885], [-111.644393, 26.462101], [-111.64351, 26.461314], [-111.642693, 26.462056], [-111.639803, 26.462069], [-111.638652, 26.463115], [-111.636929, 26.463123], [-111.636909, 26.459491], [-111.637726, 26.458748], [-111.633901, 26.456892], [-111.63101, 26.456905], [-111.629953, 26.455963], [-111.629947, 26.454922], [-111.628681, 26.453793], [-111.627629, 26.453798], [-111.627607, 26.449729], [-111.625173, 26.446524], [-111.623532, 26.446531], [-111.619977, 26.449762], [-111.619982, 26.450709], [-111.61893, 26.450714], [-111.617676, 26.451853], [-111.617681, 26.452801], [-111.61538, 26.45281], [-111.613057, 26.450739], [-111.612005, 26.450744], [-111.612, 26.449797], [-111.610258, 26.448243], [-111.610247, 26.446162], [-111.60908, 26.444085], [-111.608485, 26.440966], [-111.606639, 26.439319], [-111.603743, 26.438291], [-111.599092, 26.433107], [-111.597359, 26.433114], [-111.595721, 26.431653], [-111.595713, 26.430092], [-111.593286, 26.427928], [-111.589243, 26.428465], [-111.588082, 26.427429], [-111.585768, 26.426918], [-111.58355, 26.424939], [-111.582386, 26.423383], [-111.582365, 26.419137], [-111.584666, 26.417046], [-111.584659, 26.415568], [-111.583393, 26.414439], [-111.580604, 26.416012], [-111.577132, 26.414985], [-111.575072, 26.416856], [-111.573099, 26.415095], [-111.572511, 26.413016], [-111.570084, 26.410851], [-111.569033, 26.410855], [-111.569028, 26.409908], [-111.567763, 26.408778], [-111.564978, 26.408789], [-111.564968, 26.406802], [-111.564388, 26.406284], [-111.564364, 26.401517], [-111.564894, 26.401037], [-111.56435, 26.398479], [-111.562604, 26.395884], [-111.562583, 26.391721], [-111.55968, 26.38861], [-111.559672, 26.387049], [-111.557349, 26.384457], [-111.557329, 26.380294], [-111.556158, 26.377176], [-111.556385, 26.373752], [-111.555561, 26.373016], [-111.555551, 26.370935], [-111.553801, 26.367299], [-111.553786, 26.364177], [-111.55204, 26.361582], [-111.552025, 26.358377], [-111.552554, 26.357896], [-111.551383, 26.356849], [-111.549715, 26.358365], [-111.549695, 26.354223], [-111.551421, 26.352655], [-111.551416, 26.351698], [-111.549673, 26.349623], [-111.549654, 26.34546], [-111.546751, 26.342349], [-111.546164, 26.34027], [-111.544424, 26.338716], [-111.544658, 26.336852], [-111.544078, 26.336334], [-111.544941, 26.33555], [-111.543825, 26.334035], [-111.543815, 26.331953], [-111.542073, 26.329879], [-111.541486, 26.327799], [-111.539399, 26.325934], [-111.537904, 26.327292], [-111.537335, 26.329282], [-111.535615, 26.329289], [-111.532472, 26.32648], [-111.531655, 26.327222], [-111.529923, 26.327229], [-111.528773, 26.328274], [-111.52474, 26.327768], [-111.524731, 26.325791], [-111.528667, 26.325256], [-111.52992, 26.324117], [-111.529909, 26.321515], [-111.531056, 26.31995], [-111.531047, 26.317973], [-111.535092, 26.321069], [-111.53678, 26.321542], [-111.537884, 26.320538], [-111.541905, 26.321044], [-111.540238, 26.322559], [-111.542035, 26.324165], [-111.544243, 26.324677], [-111.544248, 26.325624], [-111.546045, 26.327231], [-111.547713, 26.325715], [-111.547722, 26.327693], [-111.555945, 26.335039], [-111.56289, 26.338134], [-111.565777, 26.338123], [-111.566938, 26.339159], [-111.576663, 26.33912], [-111.577571, 26.338295], [-111.578151, 26.338813], [-111.578967, 26.33807], [-111.5807, 26.338063], [-111.585884, 26.33544], [-111.587039, 26.335436], [-111.593126, 26.330946], [-111.596261, 26.334263], [-111.596278, 26.337469], [-111.594886, 26.338734], [-111.596047, 26.33977], [-111.594092, 26.341547], [-111.591785, 26.342077], [-111.590532, 26.343216], [-111.590537, 26.344174], [-111.591453, 26.344992], [-111.590545, 26.345818], [-111.590556, 26.347899], [-111.589411, 26.349902], [-111.592416, 26.352585], [-111.594732, 26.353616], [-111.601643, 26.358749], [-111.60285, 26.357651], [-111.60628, 26.350872], [-111.611451, 26.345647], [-111.612581, 26.340959], [-111.6143, 26.33835], [-111.613685, 26.331151], [-111.611936, 26.328036], [-111.611925, 26.325955], [-111.610765, 26.324919], [-111.610754, 26.322838], [-111.609591, 26.321282], [-111.609561, 26.315558], [-111.608398, 26.314002], [-111.608384, 26.3114], [-111.607219, 26.309324], [-111.607208, 26.307242], [-111.606045, 26.305686], [-111.606037, 26.304125], [-111.603703, 26.299452], [-111.602525, 26.294774], [-111.583935, 26.271435], [-111.58393, 26.270394], [-111.583014, 26.269576], [-111.583875, 26.268792], [-111.582183, 26.267279], [-111.579256, 26.258965], [-111.578094, 26.257409], [-111.578078, 26.254308], [-111.579806, 26.255851], [-111.585007, 26.257391], [-111.589593, 26.260453], [-111.591273, 26.259447], [-111.595313, 26.25943], [-111.596232, 26.258594], [-111.595652, 26.258076], [-111.59656, 26.25725], [-111.596542, 26.253701], [-111.598505, 26.253912], [-111.599079, 26.253389], [-111.599995, 26.254207], [-111.602881, 26.254195], [-111.60809, 26.257295], [-111.613312, 26.262477], [-111.615516, 26.262467], [-111.616692, 26.266531], [-111.617608, 26.26735], [-111.617034, 26.267872], [-111.617865, 26.270169], [-111.620869, 26.272851], [-111.624338, 26.273877], [-111.625973, 26.275337], [-111.62773, 26.280013], [-111.629476, 26.282607], [-111.629504, 26.287893], [-111.627548, 26.291243], [-111.628128, 26.29176], [-111.62722, 26.292586], [-111.625514, 26.297277], [-111.624149, 26.303225], [-111.625077, 26.304054], [-111.627282, 26.304044], [-111.627293, 26.306032], [-111.629622, 26.309664], [-111.629639, 26.31287], [-111.622172, 26.320187], [-111.622186, 26.322706], [-111.625095, 26.326856], [-111.625684, 26.328934], [-111.626304, 26.33682], [-111.622278, 26.33996], [-111.62118, 26.342004], [-111.622399, 26.343092], [-111.628647, 26.343064], [-111.628653, 26.344012], [-111.631902, 26.346911], [-111.632719, 26.346169], [-111.634543, 26.346161], [-111.637927, 26.350215], [-111.642091, 26.353412], [-111.645464, 26.353397], [-111.646614, 26.352351], [-111.64949, 26.352338], [-111.649507, 26.355449], [-111.648119, 26.357235], [-111.648369, 26.358493], [-111.650694, 26.361085], [-111.6507, 26.362208], [-111.649022, 26.363735], [-111.649556, 26.364212], [-111.649576, 26.367844], [-111.647855, 26.367851], [-111.644375, 26.365265], [-111.643312, 26.36527], [-111.641588, 26.366839], [-111.639855, 26.366847], [-111.638027, 26.368509], [-111.638044, 26.371631], [-111.636944, 26.373156], [-111.640378, 26.375701], [-111.640409, 26.381424], [-111.642734, 26.384016], [-111.642746, 26.38618], [-111.641597, 26.387226], [-111.641033, 26.389737], [-111.639981, 26.389741], [-111.638156, 26.391924], [-111.637615, 26.398608], [-111.638881, 26.399737], [-111.641099, 26.399727], [-111.6435, 26.397021], [-111.643494, 26.396074], [-111.646946, 26.395538], [-111.648686, 26.396571], [-111.650315, 26.396563], [-111.650907, 26.399069], [-111.651836, 26.399897], [-111.652756, 26.39906], [-111.652724, 26.39343], [-111.654446, 26.393422], [-111.657242, 26.395397], [-111.657262, 26.39904], [-111.660747, 26.402146], [-111.660193, 26.4063], [-111.657985, 26.40631], [-111.653858, 26.410065], [-111.653309, 26.415167], [-111.649839, 26.412592], [-111.647858, 26.413954], [-111.650431, 26.417283], [-111.65136, 26.418111], [-111.65251, 26.417065], [-111.653091, 26.417583], [-111.653666, 26.41706], [-111.656231, 26.418911], [-111.658637, 26.417245], [-111.659778, 26.414638], [-111.664383, 26.411495], [-111.664371, 26.409497], [-111.66321, 26.408461], [-111.663188, 26.404736], [-111.667442, 26.400866], [-111.668842, 26.401161], [-111.672061, 26.398232], [-111.669967, 26.395848], [-111.667757, 26.395338], [-111.66774, 26.39232], [-111.671769, 26.391781], [-111.676406, 26.394361], [-111.678961, 26.394567], [-111.679536, 26.394044], [-111.680117, 26.394562], [-111.680703, 26.394028], [-111.680447, 26.39173], [-111.679181, 26.390601], [-111.676974, 26.390612], [-111.676953, 26.387063], [-111.674871, 26.38469], [-111.675446, 26.384167], [-111.674612, 26.381871], [-111.667644, 26.375659], [-111.667637, 26.374535], [-111.669258, 26.37306], [-111.671083, 26.373052], [-111.672244, 26.374087], [-111.673885, 26.374079], [-111.676862, 26.37137], [-111.676849, 26.369289], [-111.677999, 26.368243], [-111.678562, 26.365732], [-111.681912, 26.365716], [-111.682498, 26.367181], [-111.682526, 26.371864], [-111.683443, 26.372681], [-111.682868, 26.373204], [-111.682566, 26.378711], [-111.682037, 26.379192], [-111.684418, 26.381314], [-111.688451, 26.377559], [-111.688443, 26.376092], [-111.689494, 26.376087], [-111.690643, 26.37504], [-111.696986, 26.37501], [-111.697582, 26.378035], [-111.701986, 26.380407], [-111.70348, 26.379047], [-111.703471, 26.377486], [-111.705769, 26.375393], [-111.706325, 26.371842], [-111.709687, 26.371825], [-111.711513, 26.370161], [-111.711498, 26.36756], [-111.712634, 26.364432], [-111.715977, 26.361387], [-111.718865, 26.361373], [-111.722311, 26.358233], [-111.72577, 26.357175], [-111.729222, 26.355076], [-111.730377, 26.35507], [-111.733823, 26.351931], [-111.735555, 26.351922], [-111.736704, 26.350875], [-111.741083, 26.351071], [-111.741657, 26.350548], [-111.742238, 26.351065], [-111.744205, 26.349796], [-111.745926, 26.349787], [-111.745932, 26.350734], [-111.747094, 26.351768], [-111.747104, 26.353413], [-111.742033, 26.356988], [-111.7403, 26.356997], [-111.736271, 26.359099], [-111.72987, 26.368071], [-111.727572, 26.370164], [-111.72874, 26.372156], [-111.728757, 26.374841], [-111.727608, 26.375887], [-111.727614, 26.376834], [-111.724737, 26.376849], [-111.721258, 26.374785], [-111.719521, 26.375928], [-111.719527, 26.376875], [-111.716742, 26.376889], [-111.714922, 26.379594], [-111.708599, 26.384829], [-111.708615, 26.387347], [-111.709532, 26.388165], [-111.70805, 26.389514], [-111.708982, 26.390779], [-111.711049, 26.390551], [-111.714479, 26.392053], [-111.715007, 26.391572], [-111.71679, 26.392041], [-111.717318, 26.39156], [-111.719966, 26.391765], [-111.722841, 26.389669], [-111.723422, 26.390187], [-111.724911, 26.389961], [-111.730134, 26.393576], [-111.733607, 26.394599], [-111.735248, 26.394591], [-111.738698, 26.391972], [-111.741575, 26.391957], [-111.741581, 26.392904], [-111.746226, 26.396522], [-111.746233, 26.397563], [-111.749824, 26.400759], [-111.750887, 26.400754], [-111.752611, 26.399184], [-111.756077, 26.399165], [-111.758381, 26.398113], [-111.76194, 26.398094], [-111.762521, 26.398611], [-111.766562, 26.398069], [-111.767388, 26.398803], [-111.768307, 26.397966], [-111.7683, 26.397019], [-111.769352, 26.397013], [-111.770604, 26.395872], [-111.771171, 26.394308], [-111.771402, 26.392527], [-111.770577, 26.391793], [-111.770563, 26.389722], [-111.77391, 26.389184], [-111.773917, 26.390131], [-111.779746, 26.397904], [-111.779757, 26.399455], [-111.772927, 26.399492], [-111.770527, 26.40168], [-111.770533, 26.402627], [-111.767748, 26.402642], [-111.766022, 26.403691], [-111.763621, 26.405879], [-111.761354, 26.412656], [-111.75906, 26.41527], [-111.759093, 26.42039], [-111.760256, 26.421424], [-111.76027, 26.423505], [-111.760851, 26.424022], [-111.760307, 26.429229], [-111.762632, 26.431298], [-111.76264, 26.432421], [-111.761491, 26.433468], [-111.761497, 26.434415], [-111.759867, 26.434424], [-111.756891, 26.437135], [-111.756935, 26.443899], [-111.755796, 26.446507], [-111.754118, 26.448035], [-111.754653, 26.448511], [-111.754681, 26.452757], [-111.753535, 26.45424], [-111.755864, 26.45683], [-111.755881, 26.459421], [-111.75069, 26.459448], [-111.749864, 26.458714], [-111.746749, 26.46155], [-111.74261, 26.461572], [-111.738651, 26.459084], [-111.738608, 26.452237], [-111.739654, 26.451285], [-111.74437, 26.45126], [-111.745487, 26.452253], [-111.74751, 26.450411], [-111.746928, 26.449894], [-111.747836, 26.449067], [-111.747789, 26.441783], [-111.748925, 26.438655], [-111.753525, 26.434988], [-111.753491, 26.429785], [-111.754633, 26.427698], [-111.754606, 26.423535], [-111.755135, 26.423054]], [[-111.557141, 26.353205], [-111.558825, 26.35272], [-111.559745, 26.351884], [-111.558235, 26.350017], [-111.557172, 26.350021], [-111.555918, 26.35116], [-111.555923, 26.352117], [-111.557141, 26.353205]], [[-111.583126, 26.40956], [-111.584276, 26.408514], [-111.584857, 26.409032], [-111.585444, 26.408499], [-111.584852, 26.407971], [-111.584276, 26.408493], [-111.583115, 26.407457], [-111.581027, 26.408205], [-111.583126, 26.40956]], [[-111.580588, 26.408207], [-111.579358, 26.407212], [-111.577331, 26.408532], [-111.578793, 26.409837], [-111.580588, 26.408207]], [[-111.647792, 26.460056], [-111.649288, 26.458696], [-111.645212, 26.455582], [-111.644625, 26.456116], [-111.645787, 26.457151], [-111.644881, 26.458415], [-111.646729, 26.460061], [-111.647792, 26.460056]], [[-111.695358, 26.390628], [-111.698004, 26.388742], [-111.697757, 26.388004], [-111.695326, 26.38532], [-111.69253, 26.385334], [-111.691036, 26.386694], [-111.691292, 26.388993], [-111.693139, 26.390638], [-111.695358, 26.390628]]]}}, {"type": "Feature", "id": 15, "properties": {"id": "11a", "politica": "preservacion", "procedencia": "digitalizada"}, "geometry": {"type": "MultiPolygon", "coordinates": [[[[-111.596807, 26.060338], [-111.598711, 26.062038], [-111.600375, 26.062031], [-111.603074, 26.059577], [-111.612115, 26.060353], [-111.613913, 26.058717], [-111.619303, 26.058694], [-111.613928, 26.06522], [-111.613046, 26.069295], [-111.608718, 26.074869], [-111.603295, 26.074891], [-111.601496, 26.076528], [-111.593219, 26.076562], [-111.590642, 26.074944], [-111.588322, 26.077054], [-111.58696, 26.075838], [-111.586131, 26.076591], [-111.575143, 26.076635], [-111.573328, 26.075014], [-111.571663, 26.07502], [-111.569863, 26.076656], [-111.567152, 26.076667], [-111.563027, 26.079598], [-111.561594, 26.078317], [-111.559929, 26.078324], [-111.557968, 26.080106], [-111.557975, 26.081589], [-111.555283, 26.081599], [-111.553468, 26.079977], [-111.550014, 26.079991], [-111.550003, 26.077693], [-111.547294, 26.075272], [-111.556157, 26.075239], [-111.567851, 26.063792], [-111.572369, 26.063774], [-111.574169, 26.062138], [-111.579591, 26.062116], [-111.582294, 26.060477], [-111.585154, 26.057876], [-111.585134, 26.05395], [-111.588587, 26.053936], [-111.590386, 26.0523], [-111.594, 26.052285], [-111.600309, 26.049002], [-111.603923, 26.048986], [-111.609848, 26.04196], [-111.608557, 26.039997], [-111.608522, 26.033348], [-111.619164, 26.026119], [-111.620971, 26.026112], [-111.622769, 26.024475], [-111.626383, 26.024459], [-111.628342, 26.022676], [-111.628334, 26.021193], [-111.629979, 26.021186], [-111.631938, 26.019403], [-111.631916, 26.015331], [-111.638039, 26.008121], [-111.640748, 26.008109], [-111.642546, 26.006472], [-111.648869, 26.006444], [-111.652473, 26.004799], [-111.655182, 26.004787], [-111.657141, 26.003003], [-111.657123, 25.999892], [-111.660574, 25.999876], [-111.667786, 25.9974], [-111.669744, 25.995616], [-111.669702, 25.988287], [-111.675826, 25.981889], [-111.68175, 25.978947], [-111.685731, 25.982499], [-111.682294, 25.982515], [-111.679062, 25.98546], [-111.684134, 25.988365], [-111.687603, 25.988349], [-111.693159, 25.984104], [-111.693136, 25.980178], [-111.698378, 25.980968], [-111.698465, 25.995614], [-111.696673, 25.998066], [-111.696702, 26.002952], [-111.690569, 26.007722], [-111.684265, 26.011009], [-111.680139, 26.015587], [-111.682344, 26.019174], [-111.687413, 26.023696], [-111.685991, 26.024991], [-111.686001, 26.02662], [-111.668181, 26.042031], [-111.665328, 26.042044], [-111.662608, 26.040428], [-111.658243, 26.042076], [-111.651015, 26.042109], [-111.649217, 26.043746], [-111.64741, 26.043754], [-111.642905, 26.046217], [-111.630264, 26.047902], [-111.622171, 26.055266], [-111.618556, 26.055282], [-111.617136, 26.056574], [-111.615703, 26.055294], [-111.612231, 26.055309], [-111.610432, 26.056945], [-111.606818, 26.05696], [-111.604119, 26.059415], [-111.598693, 26.058623], [-111.596807, 26.060338]]], [[[-111.714868, 26.151011], [-111.7122, 26.149316], [-111.71024, 26.151101], [-111.710249, 26.152584], [-111.704995, 26.154238], [-111.703035, 26.156022], [-111.70037, 26.164179], [-111.684342, 26.179583], [-111.677872, 26.183831], [-111.677891, 26.187088], [-111.676101, 26.190354], [-111.670701, 26.195266], [-111.66891, 26.198531], [-111.668919, 26.200026], [-111.671738, 26.202538], [-111.678483, 26.195584], [-111.683394, 26.199958], [-111.684313, 26.202397], [-111.686295, 26.204162], [-111.687943, 26.204154], [-111.687951, 26.205637], [-111.693572, 26.210642], [-111.696143, 26.210629], [-111.701552, 26.207346], [-111.70441, 26.207332], [-111.709868, 26.212191], [-111.711677, 26.212182], [-111.713497, 26.213802], [-111.717859, 26.21378], [-111.717884, 26.21784], [-111.716089, 26.220292], [-111.716104, 26.222735], [-111.714309, 26.225187], [-111.714324, 26.22763], [-111.712529, 26.230082], [-111.711649, 26.234158], [-111.706278, 26.243956], [-111.703578, 26.246413], [-111.703588, 26.248041], [-111.696396, 26.25622], [-111.695509, 26.259336], [-111.686476, 26.259379], [-111.684656, 26.257759], [-111.676653, 26.257797], [-111.675752, 26.258616], [-111.671222, 26.257823], [-111.66926, 26.259606], [-111.669268, 26.261089], [-111.663856, 26.261114], [-111.656659, 26.256326], [-111.649498, 26.257923], [-111.646791, 26.259563], [-111.64136, 26.259588], [-111.638505, 26.263818], [-111.634001, 26.26791], [-111.633113, 26.271025], [-111.631465, 26.271033], [-111.626956, 26.27431], [-111.624097, 26.274322], [-111.622277, 26.272701], [-111.618818, 26.272716], [-111.618793, 26.267976], [-111.615168, 26.264746], [-111.618614, 26.264731], [-111.621317, 26.262277], [-111.627653, 26.262249], [-111.629542, 26.260533], [-111.626725, 26.258024], [-111.619475, 26.256426], [-111.61401, 26.249935], [-111.6122, 26.249943], [-111.610381, 26.248322], [-111.607828, 26.248333], [-111.607811, 26.245221], [-111.605984, 26.241971], [-111.605951, 26.235469], [-111.607599, 26.235462], [-111.609938, 26.233337], [-111.607739, 26.231377], [-111.607705, 26.224729], [-111.611229, 26.220709], [-111.607655, 26.21509], [-111.607646, 26.213462], [-111.604756, 26.210885], [-111.602204, 26.210896], [-111.603063, 26.20208], [-111.601625, 26.200798], [-111.603951, 26.198685], [-111.603939, 26.196376], [-111.598465, 26.187441], [-111.598418, 26.178349], [-111.600058, 26.176859], [-111.603676, 26.176844], [-111.607439, 26.173425], [-111.607422, 26.170313], [-111.610879, 26.170299], [-111.61284, 26.168516], [-111.612824, 26.165392], [-111.598286, 26.152424], [-111.596452, 26.147545], [-111.594473, 26.145779], [-111.589205, 26.144986], [-111.589184, 26.140926], [-111.590981, 26.138476], [-111.590969, 26.136166], [-111.585519, 26.131302], [-111.583166, 26.12758], [-111.584966, 26.125944], [-111.584578, 26.123977], [-111.580926, 26.116662], [-111.581805, 26.111639], [-111.583601, 26.109188], [-111.583577, 26.104436], [-111.581753, 26.101186], [-111.575239, 26.09618], [-111.565457, 26.096219], [-111.565384, 26.08092], [-111.570815, 26.086583], [-111.577501, 26.082013], [-111.578862, 26.083229], [-111.582399, 26.08165], [-111.58706, 26.081631], [-111.589712, 26.083999], [-111.595565, 26.079496], [-111.600559, 26.083954], [-111.602448, 26.082236], [-111.603332, 26.078307], [-111.609464, 26.078281], [-111.607302, 26.080247], [-111.60868, 26.081477], [-111.619565, 26.071577], [-111.620439, 26.065873], [-111.624774, 26.061928], [-111.629284, 26.060279], [-111.631244, 26.058496], [-111.632125, 26.054421], [-111.634662, 26.052112], [-111.636612, 26.052104], [-111.640172, 26.055281], [-111.647295, 26.048799], [-111.650005, 26.048786], [-111.651803, 26.04715], [-111.656464, 26.047128], [-111.661903, 26.050361], [-111.664452, 26.050349], [-111.664608, 26.077892], [-111.666425, 26.079512], [-111.666438, 26.081955], [-111.670081, 26.086824], [-111.676604, 26.09264], [-111.678412, 26.092632], [-111.690052, 26.101389], [-111.690066, 26.10382], [-111.68647, 26.103837], [-111.680123, 26.10061], [-111.676488, 26.097369], [-111.673015, 26.097386], [-111.668427, 26.100743], [-111.670332, 26.102442], [-111.673791, 26.10324], [-111.675626, 26.107972], [-111.675646, 26.111363], [-111.673109, 26.113672], [-111.664972, 26.11371], [-111.658653, 26.115368], [-111.654894, 26.115385], [-111.653076, 26.113765], [-111.651411, 26.113772], [-111.649075, 26.115897], [-111.649473, 26.119481], [-111.645875, 26.119498], [-111.644967, 26.118687], [-111.642402, 26.119513], [-111.639542, 26.118711], [-111.636073, 26.119541], [-111.624172, 26.118779], [-111.615072, 26.107417], [-111.613406, 26.107424], [-111.61062, 26.109958], [-111.615083, 26.113129], [-111.617816, 26.117189], [-111.624338, 26.123008], [-111.629245, 26.124144], [-111.630145, 26.123325], [-111.631579, 26.124605], [-111.635053, 26.12459], [-111.636474, 26.123297], [-111.637837, 26.124513], [-111.639186, 26.123285], [-111.643338, 26.125367], [-111.648228, 26.123245], [-111.649662, 26.124525], [-111.652232, 26.124513], [-111.654935, 26.122872], [-111.656886, 26.122863], [-111.66044, 26.124411], [-111.664872, 26.121198], [-111.669918, 26.121517], [-111.673908, 26.120341], [-111.676606, 26.117886], [-111.682021, 26.116231], [-111.68382, 26.114594], [-111.697357, 26.113715], [-111.698285, 26.11777], [-111.695606, 26.123338], [-111.692151, 26.123355], [-111.688544, 26.125001], [-111.682215, 26.125031], [-111.680416, 26.126668], [-111.6768, 26.126685], [-111.675001, 26.128322], [-111.672288, 26.128335], [-111.665978, 26.131622], [-111.661314, 26.131643], [-111.659118, 26.130496], [-111.65784, 26.131659], [-111.654984, 26.131672], [-111.652789, 26.130525], [-111.64955, 26.133471], [-111.649558, 26.134954], [-111.643391, 26.134982], [-111.64143, 26.136765], [-111.643414, 26.139211], [-111.647783, 26.137563], [-111.654113, 26.137534], [-111.655912, 26.135897], [-111.666772, 26.137476], [-111.672705, 26.134534], [-111.673613, 26.135344], [-111.676705, 26.134987], [-111.683915, 26.130881], [-111.692947, 26.129209], [-111.694746, 26.127572], [-111.699267, 26.12755], [-111.704823, 26.122491], [-111.704814, 26.121008], [-111.706461, 26.121], [-111.70842, 26.119216], [-111.708401, 26.116121], [-111.712018, 26.119344], [-111.713665, 26.119336], [-111.713703, 26.125705], [-111.715522, 26.127324], [-111.715556, 26.133025], [-111.717375, 26.134644], [-111.717409, 26.140345], [-111.719228, 26.141964], [-111.719268, 26.148479], [-111.721087, 26.150099], [-111.721107, 26.15349], [-111.714092, 26.159877], [-111.714043, 26.151762], [-111.714868, 26.151011]], [[-111.694454, 26.216259], [-111.691637, 26.213751], [-111.684399, 26.213786], [-111.68258, 26.212165], [-111.678056, 26.212187], [-111.676237, 26.210567], [-111.66916, 26.2106], [-111.669152, 26.209117], [-111.663695, 26.204256], [-111.663677, 26.200999], [-111.662767, 26.200189], [-111.66363, 26.192855], [-111.661649, 26.19109], [-111.657126, 26.191111], [-111.65168, 26.187878], [-111.649128, 26.18789], [-111.649115, 26.185592], [-111.643111, 26.17943], [-111.633543, 26.179815], [-111.629154, 26.178206], [-111.627193, 26.179989], [-111.62721, 26.183101], [-111.621039, 26.183127], [-111.619618, 26.184419], [-111.618183, 26.18314], [-111.611997, 26.18398], [-111.606954, 26.187745], [-111.609314, 26.18985], [-111.612771, 26.189835], [-111.612779, 26.191318], [-111.614759, 26.193084], [-111.618235, 26.19307], [-111.620557, 26.190959], [-111.624568, 26.193042], [-111.629978, 26.189761], [-111.643529, 26.189701], [-111.643537, 26.191184], [-111.645518, 26.19295], [-111.650041, 26.192929], [-111.65186, 26.19455], [-111.653507, 26.194542], [-111.652638, 26.200903], [-111.650991, 26.200911], [-111.64919, 26.202548], [-111.646476, 26.20256], [-111.644138, 26.204685], [-111.647408, 26.2076], [-111.657199, 26.207555], [-111.657208, 26.209038], [-111.659936, 26.211469], [-111.659959, 26.21554], [-111.66194, 26.217306], [-111.667369, 26.217281], [-111.669188, 26.218901], [-111.685476, 26.218824], [-111.687148, 26.219631], [-111.688048, 26.218812], [-111.691667, 26.218795], [-111.694454, 26.216259]], [[-111.661563, 26.160224], [-111.657829, 26.155276], [-111.650733, 26.154493], [-111.647872, 26.157095], [-111.647885, 26.159404], [-111.654401, 26.163593], [-111.658776, 26.162758], [-111.661563, 26.160224]]], [[[-111.706059, 26.357151], [-111.702455, 26.360426], [-111.702488, 26.36598], [-111.699789, 26.365994], [-111.696146, 26.362754], [-111.692522, 26.362772], [-111.689952, 26.360487], [-111.689938, 26.358044], [-111.687043, 26.355469], [-111.683419, 26.355486], [-111.677054, 26.351445], [-111.673592, 26.351461], [-111.673584, 26.349978], [-111.671763, 26.348358], [-111.671672, 26.332752], [-111.673396, 26.330368], [-111.669824, 26.32638], [-111.669781, 26.318917], [-111.671583, 26.31728], [-111.671551, 26.311714], [-111.669731, 26.310094], [-111.669702, 26.305074], [-111.671503, 26.303437], [-111.671485, 26.300313], [-111.667682, 26.296928], [-111.664208, 26.297758], [-111.659708, 26.302665], [-111.651558, 26.302702], [-111.649752, 26.303525], [-111.643449, 26.310068], [-111.638024, 26.311721], [-111.629893, 26.311757], [-111.629876, 26.308645], [-111.628056, 26.307025], [-111.628047, 26.305396], [-111.626065, 26.30363], [-111.624416, 26.303638], [-111.624403, 26.301206], [-111.626205, 26.29957], [-111.626188, 26.296313], [-111.62799, 26.294676], [-111.627968, 26.290604], [-111.62977, 26.288968], [-111.629731, 26.281773], [-111.627911, 26.280152], [-111.627894, 26.276906], [-111.633145, 26.276883], [-111.633153, 26.278366], [-111.635973, 26.280878], [-111.638766, 26.278341], [-111.638757, 26.276713], [-111.642356, 26.272625], [-111.642348, 26.271142], [-111.649424, 26.270296], [-111.660254, 26.264546], [-111.662208, 26.264537], [-111.663865, 26.266012], [-111.663874, 26.267641], [-111.66715, 26.270557], [-111.669491, 26.268429], [-111.669473, 26.265318], [-111.675643, 26.264474], [-111.679255, 26.262829], [-111.687383, 26.26279], [-111.686496, 26.26604], [-111.687439, 26.272404], [-111.68398, 26.272421], [-111.682558, 26.273713], [-111.680359, 26.272438], [-111.678471, 26.274154], [-111.680379, 26.275853], [-111.684, 26.275836], [-111.685657, 26.277311], [-111.685672, 26.279888], [-111.683876, 26.282339], [-111.683895, 26.285596], [-111.682099, 26.288048], [-111.682118, 26.291305], [-111.680321, 26.293757], [-111.680358, 26.300138], [-111.682179, 26.301758], [-111.682189, 26.303386], [-111.685844, 26.309069], [-111.694958, 26.318798], [-111.694968, 26.320426], [-111.697699, 26.322856], [-111.700446, 26.327729], [-111.700461, 26.330172], [-111.702287, 26.332606], [-111.702306, 26.335863], [-111.704133, 26.338297], [-111.705088, 26.346436], [-111.706529, 26.347717], [-111.705628, 26.348536], [-111.706059, 26.357151]]], [[[-111.690693, 25.966674], [-111.68314, 25.972739], [-111.673227, 25.972785], [-111.673208, 25.96954], [-111.676797, 25.965451], [-111.676788, 25.963968], [-111.678432, 25.96396], [-111.679851, 25.962668], [-111.685808, 25.965554], [-111.687986, 25.964258], [-111.690693, 25.966674]]]]}}, {"type": "Feature", "id": 16, "properties": {"id": "11b", "politica": "conservacion", "procedencia": "digitalizada"}, "geometry": {"type": "MultiPolygon", "coordinates": [[[[-111.728399, 26.294964], [-111.729781, 26.296194], [-111.731963, 26.295026], [-111.736466, 26.295003], [-111.736487, 26.298246], [-111.7329, 26.303152], [-111.727503, 26.308066], [-111.727513, 26.309695], [-111.722639, 26.314134], [-111.727584, 26.320966], [-111.727599, 26.323395], [-111.716906, 26.323449], [-111.712402, 26.326729], [-111.707889, 26.328381], [-111.70429, 26.331656], [-111.700689, 26.331674], [-111.700676, 26.329377], [-111.697028, 26.324508], [-111.697018, 26.322879], [-111.680615, 26.302595], [-111.680543, 26.290246], [-111.682342, 26.288608], [-111.682323, 26.28535], [-111.684122, 26.283713], [-111.684098, 26.27964], [-111.685897, 26.278002], [-111.68587, 26.273278], [-111.689487, 26.276502], [-111.692961, 26.276486], [-111.694399, 26.275177], [-111.693099, 26.272398], [-111.693065, 26.266711], [-111.694711, 26.266703], [-111.69651, 26.265065], [-111.698462, 26.265056], [-111.70028, 26.266676], [-111.701945, 26.266668], [-111.703365, 26.265374], [-111.704274, 26.266185], [-111.706605, 26.265831], [-111.710987, 26.269735], [-111.710998, 26.271496], [-111.707941, 26.27428], [-111.705744, 26.273005], [-111.703857, 26.274723], [-111.705692, 26.276359], [-111.708319, 26.273967], [-111.711013, 26.273954], [-111.711033, 26.277197], [-111.70744, 26.281288], [-111.706555, 26.284418], [-111.709297, 26.28618], [-111.716502, 26.281257], [-111.718311, 26.281248], [-111.72011, 26.27961], [-111.722966, 26.279596], [-111.72735, 26.2835], [-111.727386, 26.289201], [-111.729738, 26.292106], [-111.728839, 26.292925], [-111.729748, 26.293735], [-111.728399, 26.294964]], [[-111.69848, 26.295178], [-111.698494, 26.29749], [-111.702295, 26.300876], [-111.708482, 26.300845], [-111.711342, 26.298241], [-111.7099, 26.296278], [-111.710414, 26.294305], [-111.708432, 26.29254], [-111.70134, 26.292575], [-111.69848, 26.295178]]], [[[-111.736983, 26.35104], [-111.727975, 26.357602], [-111.724356, 26.357621], [-111.720756, 26.360897], [-111.716993, 26.360916], [-111.711543, 26.357685], [-111.706276, 26.357711], [-111.706242, 26.352156], [-111.704413, 26.348907], [-111.704358, 26.339816], [-111.706157, 26.338178], [-111.706148, 26.336695], [-111.7105, 26.335045], [-111.716803, 26.330126], [-111.726734, 26.326818], [-111.731239, 26.326795], [-111.731248, 26.328278], [-111.736718, 26.334766], [-111.736728, 26.336395], [-111.745472, 26.348226], [-111.742413, 26.351012], [-111.736983, 26.35104]], [[-111.725118, 26.34631], [-111.727907, 26.343771], [-111.727883, 26.33983], [-111.7259, 26.338065], [-111.717901, 26.338105], [-111.71504, 26.340709], [-111.715049, 26.342206], [-111.718852, 26.345592], [-111.722332, 26.346389], [-111.723753, 26.345095], [-111.725118, 26.34631]]], [[[-111.753621, 26.418637], [-111.754987, 26.419852], [-111.753564, 26.421147], [-111.753584, 26.424273], [-111.755935, 26.426362], [-111.753611, 26.428477], [-111.753649, 26.434178], [-111.750048, 26.437455], [-111.750069, 26.440713], [-111.748268, 26.442351], [-111.748305, 26.448052], [-111.746519, 26.451988], [-111.741248, 26.452015], [-111.739825, 26.453309], [-111.737476, 26.45122], [-111.735827, 26.451229], [-111.735813, 26.448932], [-111.733991, 26.447312], [-111.733944, 26.43985], [-111.73574, 26.437529], [-111.730276, 26.43267], [-111.730261, 26.430227], [-111.727365, 26.427652], [-111.721923, 26.426051], [-111.719354, 26.423766], [-111.715708, 26.419712], [-111.715692, 26.417137], [-111.719293, 26.413861], [-111.719283, 26.412232], [-111.72469, 26.408132], [-111.724675, 26.405835], [-111.728134, 26.405818], [-111.732635, 26.401722], [-111.742574, 26.401671], [-111.743515, 26.407221], [-111.745499, 26.408986], [-111.747161, 26.408163], [-111.750859, 26.408893], [-111.752587, 26.40732], [-111.755285, 26.407306], [-111.756232, 26.413802], [-111.753621, 26.418637]], [[-111.73455, 26.421246], [-111.739276, 26.426937], [-111.744565, 26.42691], [-111.748327, 26.423486], [-111.744512, 26.418604], [-111.737413, 26.418641], [-111.73455, 26.421246]]], [[[-111.751956, 26.287431], [-111.746529, 26.287459], [-111.744731, 26.289098], [-111.735543, 26.289145], [-111.732978, 26.286861], [-111.732968, 26.285232], [-111.731149, 26.283612], [-111.731134, 26.281169], [-111.723859, 26.27469], [-111.723833, 26.270486], [-111.725109, 26.269323], [-111.723655, 26.268028], [-111.722009, 26.268037], [-111.721969, 26.261535], [-111.723606, 26.260044], [-111.743479, 26.259943], [-111.742604, 26.264674], [-111.740958, 26.264682], [-111.738173, 26.26722], [-111.740463, 26.26926], [-111.743166, 26.267618], [-111.745894, 26.270047], [-111.747332, 26.268736], [-111.747302, 26.263996], [-111.750738, 26.263978], [-111.750748, 26.26546], [-111.752566, 26.26708], [-111.752593, 26.271152], [-111.756231, 26.274391], [-111.756241, 26.27602], [-111.75806, 26.27764], [-111.758077, 26.280215], [-111.756279, 26.281853], [-111.757209, 26.285775], [-111.753754, 26.285793], [-111.751956, 26.287431]], [[-111.740029, 26.272082], [-111.738141, 26.273802], [-111.737267, 26.278562], [-111.740159, 26.281137], [-111.7419, 26.281878], [-111.742728, 26.281124], [-111.746871, 26.281445], [-111.750113, 26.27931], [-111.749184, 26.275374], [-111.745909, 26.272459], [-111.744632, 26.273623], [-111.74268, 26.273633], [-111.740029, 26.272082]]], [[[-111.759914, 26.398161], [-111.759014, 26.39898], [-111.754488, 26.399004], [-111.752688, 26.400643], [-111.749828, 26.400658], [-111.740791, 26.39181], [-111.738157, 26.393388], [-111.731856, 26.39342], [-111.734017, 26.391453], [-111.73362, 26.388671], [-111.728163, 26.384626], [-111.728147, 26.382051], [-111.729947, 26.380413], [-111.729902, 26.373214], [-111.728082, 26.371594], [-111.728066, 26.369019], [-111.737787, 26.357713], [-111.742306, 26.356875], [-111.74681, 26.353594], [-111.748763, 26.353583], [-111.75133, 26.355867], [-111.756807, 26.363169], [-111.756818, 26.364798], [-111.767769, 26.378586], [-111.76778, 26.380215], [-111.773254, 26.386701], [-111.773276, 26.390091], [-111.771477, 26.391729], [-111.771514, 26.397284], [-111.765351, 26.398947], [-111.759914, 26.398161]], [[-111.740612, 26.377914], [-111.743511, 26.381304], [-111.750608, 26.381267], [-111.753469, 26.378662], [-111.749655, 26.37378], [-111.742558, 26.373817], [-111.740597, 26.375603], [-111.740612, 26.377914]]], [[[-111.772197, 26.475472], [-111.768601, 26.479563], [-111.765356, 26.479238], [-111.764456, 26.480058], [-111.759382, 26.477169], [-111.75411, 26.477197], [-111.754074, 26.471642], [-111.750429, 26.468403], [-111.750397, 26.463385], [-111.755799, 26.45847], [-111.755789, 26.456972], [-111.753967, 26.455353], [-111.753951, 26.452778], [-111.755751, 26.45114], [-111.755742, 26.449642], [-111.752114, 26.446418], [-111.755558, 26.4464], [-111.75752, 26.444614], [-111.757462, 26.435801], [-111.759111, 26.435793], [-111.762873, 26.432368], [-111.762863, 26.430871], [-111.761042, 26.429252], [-111.760988, 26.421107], [-111.759167, 26.419488], [-111.759134, 26.41447], [-111.762734, 26.411192], [-111.762707, 26.40712], [-111.766145, 26.40399], [-111.767956, 26.40398], [-111.773355, 26.399064], [-111.782388, 26.399015], [-111.782398, 26.400498], [-111.787874, 26.406984], [-111.787997, 26.425033], [-111.786197, 26.426672], [-111.786269, 26.43726], [-111.784469, 26.438899], [-111.784574, 26.454374], [-111.782773, 26.456013], [-111.782856, 26.468229], [-111.776715, 26.473818], [-111.772197, 26.475472]], [[-111.764614, 26.438126], [-111.77017, 26.443064], [-111.775459, 26.443035], [-111.778321, 26.44043], [-111.777389, 26.436494], [-111.775404, 26.43473], [-111.767398, 26.434773], [-111.764614, 26.438126]]]]}}, {"type": "Feature", "id": 17, "properties": {"id": "12", "politica": "conservacion", "procedencia": "digitalizada"}, "geometry": {"type": "Polygon", "coordinates": [[[-111.554856, 26.388077], [-111.554209, 26.388662], [-111.552774, 26.387153], [-111.552536, 26.387368], [-111.550458, 26.387376], [-111.55005, 26.387746], [-111.549659, 26.387398], [-111.547603, 26.387853], [-111.54704, 26.388363], [-111.547042, 26.388829], [-111.54629, 26.389978], [-111.547054, 26.391353], [-111.547059, 26.392283], [-111.545505, 26.392056], [-111.543942, 26.39113], [-111.542383, 26.390902], [-111.540319, 26.38953], [-111.539776, 26.390022], [-111.539262, 26.391189], [-111.539266, 26.392082], [-111.540309, 26.39301], [-111.540322, 26.395612], [-111.53985, 26.396038], [-111.53929, 26.39604], [-111.537748, 26.395132], [-111.537205, 26.395624], [-111.536175, 26.397492], [-111.536178, 26.398191], [-111.535151, 26.400758], [-111.535168, 26.404486], [-111.534547, 26.405048], [-111.53366, 26.404259], [-111.533656, 26.403327], [-111.532611, 26.401932], [-111.532605, 26.400767], [-111.532082, 26.399837], [-111.532066, 26.396342], [-111.531518, 26.395855], [-111.530353, 26.396675], [-111.526861, 26.394031], [-111.526858, 26.393332], [-111.526334, 26.392402], [-111.523832, 26.390407], [-111.523573, 26.390641], [-111.522944, 26.390509], [-111.521863, 26.391486], [-111.521868, 26.392612], [-111.522915, 26.394473], [-111.522922, 26.39591], [-111.522301, 26.396471], [-111.520633, 26.395219], [-111.520631, 26.394753], [-111.519169, 26.39322], [-111.518543, 26.393787], [-111.516991, 26.394026], [-111.516727, 26.392864], [-111.51735, 26.391833], [-111.516824, 26.391365], [-111.515939, 26.392165], [-111.5146, 26.392403], [-111.512775, 26.390779], [-111.512302, 26.39078], [-111.5123, 26.390356], [-111.511211, 26.389386], [-111.510432, 26.389389], [-111.509127, 26.387995], [-111.508648, 26.387997], [-111.50824, 26.388366], [-111.507829, 26.388], [-111.506311, 26.388005], [-111.505903, 26.388375], [-111.505491, 26.388008], [-111.503979, 26.388014], [-111.503975, 26.38689], [-111.502885, 26.38592], [-111.502366, 26.385922], [-111.500544, 26.384996], [-111.499806, 26.384999], [-111.499242, 26.385509], [-111.499764, 26.386167], [-111.499513, 26.388024], [-111.498522, 26.387142], [-111.49773, 26.384116], [-111.497709, 26.379183], [-111.497967, 26.37895], [-111.498217, 26.376618], [-111.498583, 26.376287], [-111.498473, 26.375686], [-111.498731, 26.375258], [-111.498318, 26.37489], [-111.498727, 26.37452], [-111.498722, 26.373354], [-111.499234, 26.371489], [-111.500522, 26.369154], [-111.500993, 26.368728], [-111.501553, 26.368726], [-111.502965, 26.370679], [-111.502707, 26.370913], [-111.503076, 26.371242], [-111.503079, 26.371941], [-111.503647, 26.372447], [-111.504666, 26.372658], [-111.506244, 26.371231], [-111.506497, 26.369832], [-111.507531, 26.368663], [-111.507776, 26.3654], [-111.508397, 26.364839], [-111.509591, 26.366134], [-111.511629, 26.36636], [-111.512968, 26.365149], [-111.513219, 26.363092], [-111.51555, 26.363084], [-111.51618, 26.363413], [-111.516439, 26.363179], [-111.51685, 26.363545], [-111.518409, 26.363772], [-111.520491, 26.36493], [-111.52127, 26.364927], [-111.523614, 26.366317], [-111.524393, 26.366314], [-111.525695, 26.367241], [-111.526693, 26.367237], [-111.528293, 26.366258], [-111.528279, 26.363275], [-111.529531, 26.364389], [-111.529809, 26.368582], [-111.530595, 26.369978], [-111.531423, 26.370715], [-111.532421, 26.370712], [-111.533709, 26.369547], [-111.533713, 26.370432], [-111.534237, 26.371595], [-111.534805, 26.372101], [-111.536627, 26.373026], [-111.538916, 26.37325], [-111.538143, 26.37395], [-111.537373, 26.375775], [-111.5369, 26.375777], [-111.534527, 26.378119], [-111.535877, 26.37932], [-111.537679, 26.380227], [-111.538067, 26.379876], [-111.538328, 26.380108], [-111.538948, 26.379547], [-111.538952, 26.380432], [-111.540822, 26.381632], [-111.543159, 26.381623], [-111.545761, 26.382545], [-111.547956, 26.384266], [-111.548584, 26.384165], [-111.549662, 26.382722], [-111.549659, 26.382023], [-111.550176, 26.381555], [-111.55017, 26.380198], [-111.550943, 26.380195], [-111.552248, 26.381588], [-111.552727, 26.381586], [-111.55329, 26.381077], [-111.553284, 26.379717], [-111.552716, 26.379212], [-111.552243, 26.379214], [-111.552228, 26.376226], [-111.551449, 26.375533], [-111.552698, 26.375528], [-111.553779, 26.37455], [-111.553775, 26.37389], [-111.552686, 26.372921], [-111.551172, 26.372461], [-111.551167, 26.37134], [-111.552459, 26.371335], [-111.5527, 26.371548], [-111.555, 26.369233], [-111.555004, 26.370118], [-111.555793, 26.372212], [-111.555803, 26.374309], [-111.556327, 26.375239], [-111.556865, 26.379199], [-111.557391, 26.380595], [-111.557418, 26.386226], [-111.55639, 26.38856], [-111.555408, 26.389449], [-111.555404, 26.388564], [-111.554856, 26.388077]], [[-111.51794, 26.378665], [-111.51687, 26.377249], [-111.516091, 26.377252], [-111.515721, 26.376922], [-111.515048, 26.37753], [-111.515054, 26.378889], [-111.515622, 26.379395], [-111.51714, 26.379389], [-111.51794, 26.378665]], [[-111.534468, 26.387812], [-111.534731, 26.387575], [-111.534466, 26.387339], [-111.534207, 26.387573], [-111.533535, 26.386974], [-111.532796, 26.386977], [-111.532125, 26.387584], [-111.532541, 26.387954], [-111.533279, 26.387952], [-111.533946, 26.387348], [-111.534468, 26.387812]], [[-111.531355, 26.387587], [-111.53109, 26.387351], [-111.53042, 26.387452], [-111.529899, 26.386988], [-111.529138, 26.387479], [-111.529664, 26.387947], [-111.530161, 26.387497], [-111.530721, 26.387495], [-111.531092, 26.387825], [-111.531355, 26.387587]]]}}, {"type": "Feature", "id": 18, "properties": {"id": "13", "politica": "conservacion", "procedencia": "digitalizada"}, "geometry": {"type": "Polygon", "coordinates": [[[-111.470699, 26.387191], [-111.469747, 26.388056], [-111.469754, 26.389718], [-111.470882, 26.390727], [-111.470884, 26.391065], [-111.47126, 26.391401], [-111.471263, 26.392272], [-111.47089, 26.392611], [-111.470893, 26.393287], [-111.470553, 26.393595], [-111.468087, 26.393603], [-111.46677, 26.392426], [-111.465455, 26.391586], [-111.464518, 26.391589], [-111.464345, 26.391434], [-111.464173, 26.39159], [-111.463053, 26.391593], [-111.46305, 26.390948], [-111.462673, 26.390443], [-111.462671, 26.389936], [-111.460413, 26.387411], [-111.460411, 26.386908], [-111.460939, 26.386906], [-111.462434, 26.385888], [-111.463184, 26.385885], [-111.463557, 26.385546], [-111.464494, 26.385543], [-111.466285, 26.384426], [-111.466738, 26.384523], [-111.467145, 26.384153], [-111.467315, 26.379789], [-111.467127, 26.379621], [-111.467118, 26.377426], [-111.466742, 26.377089], [-111.46672, 26.37149], [-111.46818, 26.370333], [-111.469117, 26.37033], [-111.470238, 26.369651], [-111.470989, 26.369817], [-111.471549, 26.369309], [-111.472485, 26.369306], [-111.472859, 26.368967], [-111.473421, 26.368965], [-111.474542, 26.368286], [-111.47754, 26.368276], [-111.478694, 26.367397], [-111.478691, 26.366722], [-111.479064, 26.366383], [-111.479056, 26.364357], [-111.479582, 26.363879], [-111.480549, 26.363875], [-111.483181, 26.366062], [-111.483744, 26.366229], [-111.484496, 26.366902], [-111.48562, 26.366898], [-111.485996, 26.367234], [-111.487573, 26.367131], [-111.489706, 26.365533], [-111.4903, 26.364994], [-111.49029, 26.362799], [-111.490664, 26.36246], [-111.490662, 26.362149], [-111.489909, 26.361138], [-111.489907, 26.360631], [-111.48953, 26.360295], [-111.489526, 26.359282], [-111.489041, 26.358848], [-111.489228, 26.358678], [-111.489146, 26.357932], [-111.488392, 26.356753], [-111.488386, 26.355402], [-111.48801, 26.355065], [-111.488006, 26.354194], [-111.488532, 26.353716], [-111.488906, 26.353546], [-111.491155, 26.353707], [-111.492648, 26.352351], [-111.493769, 26.351672], [-111.496047, 26.351664], [-111.498491, 26.353682], [-111.500739, 26.353674], [-111.501115, 26.35401], [-111.501489, 26.354009], [-111.502208, 26.354652], [-111.502216, 26.356536], [-111.501098, 26.35806], [-111.50112, 26.362957], [-111.499629, 26.36482], [-111.49964, 26.367353], [-111.499266, 26.367692], [-111.499276, 26.369887], [-111.496585, 26.372331], [-111.496773, 26.3725], [-111.496586, 26.372669], [-111.496669, 26.373584], [-111.497079, 26.373951], [-111.498016, 26.373948], [-111.498546, 26.374422], [-111.498549, 26.375124], [-111.498176, 26.375463], [-111.498184, 26.37749], [-111.497812, 26.377998], [-111.497817, 26.379318], [-111.49576, 26.379325], [-111.495384, 26.378989], [-111.492761, 26.378998], [-111.492385, 26.378661], [-111.491635, 26.378664], [-111.489005, 26.376984], [-111.488443, 26.376986], [-111.487128, 26.376315], [-111.486004, 26.376319], [-111.485628, 26.375983], [-111.485176, 26.376251], [-111.484721, 26.375986], [-111.482666, 26.377344], [-111.482104, 26.377345], [-111.481697, 26.377715], [-111.4817, 26.378357], [-111.481248, 26.377953], [-111.478359, 26.378034], [-111.477205, 26.378912], [-111.477214, 26.381107], [-111.476841, 26.381446], [-111.476842, 26.381754], [-111.476126, 26.381756], [-111.474786, 26.383142], [-111.474975, 26.383452], [-111.474983, 26.385337], [-111.474236, 26.386014], [-111.474238, 26.386521], [-111.473865, 26.38686], [-111.47387, 26.388042], [-111.473343, 26.38852], [-111.472564, 26.388523], [-111.470699, 26.387191]], [[-111.482988, 26.371973], [-111.483474, 26.371532], [-111.483204, 26.370786], [-111.482794, 26.37042], [-111.481888, 26.370423], [-111.481294, 26.370962], [-111.481296, 26.371441], [-111.481894, 26.371976], [-111.482988, 26.371973]]]}}, {"type": "Feature", "id": 19, "properties": {"id": "14", "politica": "aprovechamiento-sustentable", "procedencia": "digitalizada"}, "geometry": {"type": "MultiPolygon", "coordinates": [[[[-111.392236, 26.289758], [-111.391904, 26.28946], [-111.388646, 26.289469], [-111.387332, 26.290662], [-111.386305, 26.280567], [-111.388556, 26.280561], [-111.388558, 26.281104], [-111.389282, 26.281754], [-111.391209, 26.281749], [-111.391549, 26.284385], [-111.392213, 26.284981], [-111.392881, 26.286474], [-111.392885, 26.28767], [-111.393549, 26.288267], [-111.393554, 26.289754], [-111.392236, 26.289758]]], [[[-111.402064, 26.339661], [-111.400414, 26.341459], [-111.396777, 26.34147], [-111.396109, 26.340031], [-111.396102, 26.337938], [-111.395436, 26.337043], [-111.395433, 26.336146], [-111.393247, 26.333886], [-111.393577, 26.333586], [-111.393435, 26.332862], [-111.391912, 26.3309], [-111.392242, 26.3306], [-111.391435, 26.32928], [-111.391431, 26.328084], [-111.390767, 26.327488], [-111.390765, 26.32689], [-111.389708, 26.325942], [-111.389105, 26.325943], [-111.389103, 26.3254], [-111.388107, 26.324505], [-111.387771, 26.323011], [-111.386582, 26.321945], [-111.387077, 26.321495], [-111.386579, 26.321048], [-111.38743, 26.320275], [-111.388087, 26.318479], [-111.389738, 26.316979], [-111.390055, 26.312853], [-111.391377, 26.314039], [-111.392635, 26.314036], [-111.391843, 26.314755], [-111.391985, 26.315478], [-111.392985, 26.31727], [-111.392988, 26.318167], [-111.394318, 26.319658], [-111.394321, 26.320548], [-111.393002, 26.320551], [-111.392338, 26.319955], [-111.389079, 26.319964], [-111.388359, 26.320618], [-111.388363, 26.321767], [-111.390056, 26.322988], [-111.393664, 26.322404], [-111.39367, 26.324144], [-111.394338, 26.325637], [-111.394345, 26.32773], [-111.396997, 26.330706], [-111.395077, 26.330711], [-111.394383, 26.331341], [-111.394881, 26.331788], [-111.394551, 26.332088], [-111.395025, 26.332811], [-111.395028, 26.333708], [-111.397355, 26.336093], [-111.397694, 26.338484], [-111.398226, 26.338961], [-111.398754, 26.338481], [-111.398752, 26.337883], [-111.399875, 26.336864], [-111.401727, 26.337929], [-111.402992, 26.337926], [-111.402667, 26.339659], [-111.402064, 26.339661]]], [[[-111.392, 26.302316], [-111.390025, 26.30381], [-111.389347, 26.299088], [-111.388679, 26.297595], [-111.388674, 26.2961], [-111.38815, 26.29563], [-111.38867, 26.294904], [-111.388005, 26.294009], [-111.387998, 26.291923], [-111.391583, 26.292512], [-111.392897, 26.291318], [-111.392917, 26.297238], [-111.393582, 26.298133], [-111.393591, 26.300824], [-111.394116, 26.301294], [-111.393786, 26.301594], [-111.394118, 26.301892], [-111.393134, 26.302785], [-111.392609, 26.302314], [-111.392, 26.302316]]], [[[-111.399812, 26.26259], [-111.400284, 26.263014], [-111.400752, 26.262588], [-111.404048, 26.262579], [-111.402406, 26.264071], [-111.402416, 26.267061], [-111.400441, 26.270355], [-111.400127, 26.275392], [-111.401848, 26.276936], [-111.402841, 26.276933], [-111.403837, 26.277528], [-111.405432, 26.277524], [-111.405434, 26.278068], [-111.405958, 26.278538], [-111.405628, 26.278838], [-111.405771, 26.279609], [-111.404509, 26.280455], [-111.403847, 26.280457], [-111.402798, 26.28171], [-111.403134, 26.283157], [-111.405319, 26.285118], [-111.404798, 26.285591], [-111.404804, 26.287385], [-111.404145, 26.288284], [-111.404151, 26.290078], [-111.401509, 26.291879], [-111.401513, 26.293075], [-111.400912, 26.293621], [-111.396887, 26.29423], [-111.396283, 26.293688], [-111.396275, 26.291548], [-111.396742, 26.290225], [-111.395934, 26.288606], [-111.395921, 26.284719], [-111.395256, 26.283824], [-111.395245, 26.280488], [-111.395905, 26.279888], [-111.395901, 26.278752], [-111.397223, 26.279939], [-111.399487, 26.279933], [-111.401197, 26.278426], [-111.399808, 26.276881], [-111.39702, 26.276763], [-111.39636, 26.277363], [-111.395231, 26.276349], [-111.395221, 26.273612], [-111.39588, 26.272713], [-111.395877, 26.271816], [-111.396537, 26.271216], [-111.396532, 26.269469], [-111.394538, 26.267382], [-111.394531, 26.265302], [-111.395328, 26.266017], [-111.395665, 26.265711], [-111.395193, 26.265287], [-111.395191, 26.264642], [-111.39645, 26.263198], [-111.399812, 26.26259]]], [[[-111.48955, 26.353166], [-111.488197, 26.354396], [-111.488202, 26.355546], [-111.488868, 26.35644], [-111.488874, 26.357636], [-111.48954, 26.358531], [-111.489544, 26.359428], [-111.49021, 26.360322], [-111.490215, 26.361518], [-111.49088, 26.362114], [-111.490884, 26.363058], [-111.490227, 26.364256], [-111.490233, 26.365697], [-111.48963, 26.365699], [-111.48831, 26.366899], [-111.484611, 26.366912], [-111.481619, 26.36453], [-111.480014, 26.363937], [-111.478965, 26.365191], [-111.478974, 26.367284], [-111.478043, 26.36813], [-111.475061, 26.36814], [-111.473216, 26.369216], [-111.472883, 26.368918], [-111.472415, 26.369344], [-111.470758, 26.36935], [-111.470098, 26.36995], [-111.469104, 26.369953], [-111.467062, 26.371509], [-111.466746, 26.37535], [-111.467079, 26.375648], [-111.467087, 26.37774], [-111.467757, 26.379532], [-111.467762, 26.380775], [-111.467432, 26.381075], [-111.467112, 26.384066], [-111.466182, 26.384912], [-111.464858, 26.385514], [-111.46254, 26.38582], [-111.461549, 26.386721], [-111.46017, 26.386725], [-111.455191, 26.384648], [-111.453063, 26.384529], [-111.450606, 26.384962], [-111.448621, 26.385865], [-111.445588, 26.38832], [-111.44427, 26.390417], [-111.444276, 26.391852], [-111.443285, 26.390964], [-111.440691, 26.390374], [-111.440689, 26.38983], [-111.43803, 26.387745], [-111.438025, 26.386557], [-111.438628, 26.386555], [-111.44133, 26.384101], [-111.441327, 26.383503], [-111.441988, 26.382903], [-111.441985, 26.382006], [-111.442645, 26.381406], [-111.442627, 26.376669], [-111.440627, 26.373685], [-111.439237, 26.37244], [-111.435917, 26.370656], [-111.434983, 26.370659], [-111.435307, 26.368619], [-111.434642, 26.368023], [-111.434624, 26.363239], [-111.433233, 26.361695], [-111.431304, 26.361402], [-111.4313, 26.360559], [-111.430575, 26.359909], [-111.42931, 26.359913], [-111.428642, 26.358474], [-111.428635, 26.35668], [-111.426972, 26.354891], [-111.427274, 26.35397], [-111.423249, 26.349765], [-111.422253, 26.34917], [-111.420928, 26.349174], [-111.420263, 26.348578], [-111.419269, 26.348581], [-111.417609, 26.34739], [-111.416615, 26.347393], [-111.41601, 26.346851], [-111.416005, 26.345356], [-111.41534, 26.34476], [-111.415337, 26.343863], [-111.413342, 26.341776], [-111.413336, 26.340294], [-111.415324, 26.342076], [-111.41726, 26.342669], [-111.418641, 26.341415], [-111.418637, 26.340273], [-111.42128, 26.340265], [-111.422945, 26.342652], [-111.425536, 26.342644], [-111.425538, 26.343188], [-111.426927, 26.344434], [-111.428862, 26.344428], [-111.429854, 26.344126], [-111.431867, 26.341698], [-111.431228, 26.341125], [-111.431226, 26.340527], [-111.430561, 26.339931], [-111.430558, 26.339034], [-111.429366, 26.33737], [-111.430158, 26.336651], [-111.433804, 26.337238], [-111.435457, 26.336336], [-111.438093, 26.336328], [-111.436512, 26.338364], [-111.435187, 26.338368], [-111.434195, 26.338969], [-111.432512, 26.340799], [-111.433153, 26.341969], [-111.433157, 26.343165], [-111.434488, 26.344656], [-111.434825, 26.34615], [-111.436818, 26.347639], [-111.437486, 26.349132], [-111.438211, 26.349782], [-111.439152, 26.349779], [-111.440142, 26.348879], [-111.44113, 26.348876], [-111.441137, 26.350662], [-111.440478, 26.35186], [-111.438828, 26.35336], [-111.438503, 26.355108], [-111.439562, 26.356654], [-111.440828, 26.35665], [-111.44083, 26.357194], [-111.443881, 26.35963], [-111.445816, 26.359624], [-111.44747, 26.359021], [-111.44984, 26.356568], [-111.449832, 26.354535], [-111.450823, 26.355423], [-111.45215, 26.356017], [-111.453091, 26.356014], [-111.453811, 26.35536], [-111.453806, 26.354164], [-111.455125, 26.352665], [-111.455123, 26.352121], [-111.455726, 26.352119], [-111.456446, 26.351465], [-111.456441, 26.350269], [-111.457758, 26.348172], [-111.457752, 26.346731], [-111.459678, 26.346127], [-111.461718, 26.344272], [-111.461716, 26.343728], [-111.462319, 26.343726], [-111.463303, 26.342832], [-111.462984, 26.346055], [-111.462381, 26.346057], [-111.460011, 26.348211], [-111.459709, 26.349086], [-111.460353, 26.350854], [-111.46036, 26.352648], [-111.462081, 26.353892], [-111.465394, 26.353882], [-111.465999, 26.354424], [-111.465679, 26.357115], [-111.469061, 26.359251], [-111.470858, 26.357869], [-111.468391, 26.355957], [-111.468381, 26.353573], [-111.469647, 26.353569], [-111.471026, 26.352015], [-111.471022, 26.351172], [-111.471956, 26.351169], [-111.473006, 26.350215], [-111.472999, 26.348475], [-111.473602, 26.348473], [-111.474262, 26.347873], [-111.476303, 26.347866], [-111.477241, 26.348706], [-111.479579, 26.353482], [-111.481635, 26.355323], [-111.482576, 26.355619], [-111.484288, 26.354363], [-111.484279, 26.352317], [-111.482949, 26.351125], [-111.482943, 26.349644], [-111.483741, 26.350358], [-111.485258, 26.350228], [-111.489188, 26.352008], [-111.490237, 26.351054], [-111.490229, 26.349008], [-111.489564, 26.348412], [-111.489555, 26.346273], [-111.490215, 26.345672], [-111.490211, 26.344775], [-111.490871, 26.344175], [-111.490868, 26.343577], [-111.491469, 26.343031], [-111.494835, 26.34302], [-111.49544, 26.343561], [-111.495455, 26.347149], [-111.496846, 26.348394], [-111.499436, 26.348385], [-111.49945, 26.35162], [-111.500115, 26.352216], [-111.500122, 26.353703], [-111.498471, 26.353709], [-111.49548, 26.351328], [-111.493548, 26.351932], [-111.491236, 26.353734], [-111.490189, 26.353738], [-111.48955, 26.353166]], [[-111.453171, 26.369743], [-111.454525, 26.368513], [-111.453859, 26.367664], [-111.453856, 26.367067], [-111.453131, 26.366417], [-111.450203, 26.366426], [-111.449483, 26.36708], [-111.449488, 26.368528], [-111.450213, 26.369178], [-111.451207, 26.369175], [-111.451846, 26.369747], [-111.452149, 26.369471], [-111.453171, 26.369743]]]]}}, {"type": "Feature", "id": 20, "properties": {"id": "15", "politica": "aprovechamiento-sustentable", "procedencia": "digitalizada"}, "geometry": {"type": "Polygon", "coordinates": [[[-111.389633, 26.315904], [-111.389237, 26.316263], [-111.389552, 26.316695], [-111.38924, 26.316978], [-111.389242, 26.317661], [-111.38829, 26.317664], [-111.38837, 26.316698], [-111.388171, 26.31652], [-111.388681, 26.316057], [-111.388679, 26.315371], [-111.388281, 26.315014], [-111.388274, 26.313047], [-111.387476, 26.311798], [-111.387475, 26.31144], [-111.386962, 26.31098], [-111.38716, 26.310801], [-111.387073, 26.309832], [-111.386675, 26.309297], [-111.386673, 26.30876], [-111.385761, 26.307765], [-111.385959, 26.307586], [-111.385078, 26.30644], [-111.385158, 26.305264], [-111.384959, 26.305085], [-111.385469, 26.304623], [-111.385467, 26.304115], [-111.384271, 26.30233], [-111.382878, 26.301082], [-111.382478, 26.300011], [-111.382164, 26.299729], [-111.383068, 26.29855], [-111.383057, 26.294974], [-111.38345, 26.294079], [-111.383449, 26.293571], [-111.383134, 26.29329], [-111.383841, 26.292111], [-111.38391, 26.287924], [-111.383711, 26.287745], [-111.383909, 26.287566], [-111.383822, 26.286597], [-111.383024, 26.28499], [-111.383021, 26.284068], [-111.383219, 26.283888], [-111.383019, 26.28356], [-111.383011, 26.281207], [-111.383406, 26.280669], [-111.383405, 26.280165], [-111.384162, 26.280163], [-111.384475, 26.27988], [-111.384789, 26.280161], [-111.385547, 26.280159], [-111.385947, 26.281378], [-111.386359, 26.285847], [-111.386673, 26.286128], [-111.386361, 26.286562], [-111.38676, 26.287276], [-111.386767, 26.289243], [-111.386966, 26.289421], [-111.387171, 26.291387], [-111.387485, 26.291669], [-111.387188, 26.291938], [-111.387571, 26.292459], [-111.387575, 26.29371], [-111.387975, 26.294603], [-111.387978, 26.295497], [-111.388292, 26.295779], [-111.388094, 26.295958], [-111.388377, 26.29639], [-111.38838, 26.297284], [-111.388695, 26.297566], [-111.388398, 26.297835], [-111.38878, 26.298177], [-111.388784, 26.299429], [-111.389386, 26.301394], [-111.389305, 26.302034], [-111.389587, 26.302287], [-111.389592, 26.303718], [-111.389991, 26.304432], [-111.389994, 26.305147], [-111.390394, 26.306219], [-111.390399, 26.307649], [-111.390797, 26.308184], [-111.390519, 26.309362], [-111.390718, 26.30954], [-111.390406, 26.309823], [-111.390326, 26.310792], [-111.390525, 26.310971], [-111.390212, 26.311254], [-111.390021, 26.313221], [-111.389627, 26.314116], [-111.389633, 26.315904]], [[-111.385247, 26.298755], [-111.386406, 26.298752], [-111.38692, 26.298286], [-111.386202, 26.297286], [-111.385242, 26.297289], [-111.384811, 26.29768], [-111.384813, 26.298367], [-111.385247, 26.298755]]]}}, {"type": "Feature", "id": 21, "properties": {"id": "16", "politica": "conservacion", "procedencia": "digitalizada"}, "geometry": {"type": "Polygon", "coordinates": [[[-111.550647, 26.371967], [-111.552998, 26.373641], [-111.553006, 26.375349], [-111.55214, 26.375353], [-111.551106, 26.376293], [-111.55207, 26.378798], [-111.552078, 26.380505], [-111.550458, 26.380331], [-111.549226, 26.381453], [-111.548761, 26.383953], [-111.546866, 26.38396], [-111.544953, 26.38225], [-111.543048, 26.382257], [-111.542091, 26.381402], [-111.539234, 26.381413], [-111.537321, 26.379703], [-111.535416, 26.37971], [-111.534068, 26.378504], [-111.534064, 26.377578], [-111.537856, 26.373767], [-111.536813, 26.372835], [-111.534518, 26.372843], [-111.534035, 26.371205], [-111.532791, 26.370093], [-111.529745, 26.370285], [-111.529263, 26.369076], [-111.529244, 26.364782], [-111.528479, 26.364098], [-111.527524, 26.365828], [-111.528671, 26.366854], [-111.524406, 26.366869], [-111.523449, 26.366014], [-111.522021, 26.366019], [-111.517248, 26.36346], [-111.515343, 26.363467], [-111.513988, 26.362613], [-111.512954, 26.363553], [-111.512489, 26.366054], [-111.509165, 26.366066], [-111.508486, 26.365458], [-111.507727, 26.366148], [-111.507264, 26.369155], [-111.506316, 26.370017], [-111.505849, 26.372089], [-111.504982, 26.372092], [-111.504233, 26.372773], [-111.503477, 26.372097], [-111.502611, 26.3721], [-111.502602, 26.370031], [-111.501081, 26.36867], [-111.499739, 26.368675], [-111.49972, 26.364391], [-111.501614, 26.361808], [-111.501593, 26.357085], [-111.50254, 26.355861], [-111.499673, 26.353295], [-111.499654, 26.349001], [-111.498651, 26.348103], [-111.498214, 26.348499], [-111.495843, 26.348508], [-111.495825, 26.344291], [-111.494306, 26.342931], [-111.492002, 26.342939], [-111.489549, 26.34603], [-111.490048, 26.351533], [-111.486725, 26.351545], [-111.485769, 26.350689], [-111.483939, 26.350266], [-111.482942, 26.351172], [-111.484338, 26.352421], [-111.484346, 26.354206], [-111.482257, 26.355673], [-111.479683, 26.355003], [-111.47968, 26.354222], [-111.477763, 26.351223], [-111.477758, 26.349935], [-111.47576, 26.348146], [-111.473932, 26.348152], [-111.472898, 26.349092], [-111.472903, 26.35038], [-111.46816, 26.35469], [-111.468165, 26.35591], [-111.470076, 26.357621], [-111.470083, 26.359329], [-111.468188, 26.359335], [-111.465409, 26.357275], [-111.465405, 26.356348], [-111.466079, 26.355736], [-111.464834, 26.354194], [-111.460634, 26.353778], [-111.460629, 26.352567], [-111.459874, 26.351892], [-111.460349, 26.351461], [-111.45967, 26.350853], [-111.459656, 26.347427], [-111.460523, 26.347424], [-111.463456, 26.345191], [-111.463453, 26.3444], [-111.46245, 26.343501], [-111.457657, 26.347424], [-111.456245, 26.351722], [-111.454348, 26.353446], [-111.453405, 26.355948], [-111.451034, 26.355955], [-111.450356, 26.355348], [-111.449597, 26.356037], [-111.449127, 26.357756], [-111.447315, 26.359402], [-111.442477, 26.359417], [-111.440087, 26.356848], [-111.438744, 26.356852], [-111.438728, 26.352645], [-111.439595, 26.352643], [-111.440629, 26.351703], [-111.441297, 26.349374], [-111.44057, 26.348723], [-111.438433, 26.350232], [-111.435766, 26.347415], [-111.4349, 26.347417], [-111.434894, 26.345777], [-111.432978, 26.342777], [-111.432968, 26.340133], [-111.434306, 26.338919], [-111.435734, 26.338914], [-111.436769, 26.337975], [-111.437441, 26.336933], [-111.436954, 26.336496], [-111.434376, 26.337114], [-111.431443, 26.337123], [-111.430566, 26.336696], [-111.429569, 26.337601], [-111.431245, 26.340387], [-111.430771, 26.340818], [-111.430979, 26.342783], [-111.430507, 26.343996], [-111.428216, 26.344861], [-111.427187, 26.344864], [-111.424323, 26.342726], [-111.422895, 26.34273], [-111.420505, 26.340161], [-111.418877, 26.339985], [-111.418117, 26.340675], [-111.418123, 26.342315], [-111.415754, 26.342751], [-111.413366, 26.340611], [-111.411938, 26.340615], [-111.408599, 26.338907], [-111.403363, 26.338922], [-111.400025, 26.337214], [-111.397736, 26.338929], [-111.39725, 26.336011], [-111.394861, 26.333441], [-111.394855, 26.331656], [-111.396241, 26.330398], [-111.394368, 26.32829], [-111.394362, 26.326572], [-111.393884, 26.326144], [-111.393865, 26.320494], [-111.394302, 26.320098], [-111.392426, 26.317131], [-111.39242, 26.315413], [-111.390509, 26.313272], [-111.390943, 26.311948], [-111.390227, 26.311306], [-111.390976, 26.310626], [-111.390965, 26.307259], [-111.390006, 26.305115], [-111.390001, 26.303759], [-111.391615, 26.302294], [-111.392369, 26.302971], [-111.393235, 26.302969], [-111.393243, 26.305468], [-111.394198, 26.306324], [-111.394205, 26.308471], [-111.395162, 26.309756], [-111.39518, 26.315338], [-111.397095, 26.318339], [-111.39909, 26.320128], [-111.399966, 26.320126], [-111.401, 26.319186], [-111.400998, 26.318405], [-111.403289, 26.31754], [-111.405193, 26.317535], [-111.406701, 26.316165], [-111.407137, 26.315339], [-111.405219, 26.314047], [-111.404782, 26.314443], [-111.400422, 26.314455], [-111.399467, 26.313599], [-111.398601, 26.313601], [-111.397641, 26.311105], [-111.397629, 26.30767], [-111.397152, 26.307242], [-111.396656, 26.301232], [-111.396178, 26.300804], [-111.397109, 26.294722], [-111.397972, 26.293938], [-111.400352, 26.293932], [-111.401386, 26.292993], [-111.40138, 26.291353], [-111.402722, 26.291349], [-111.404231, 26.289979], [-111.404222, 26.287403], [-111.405132, 26.286146], [-111.404689, 26.284893], [-111.403257, 26.283609], [-111.403249, 26.281394], [-111.406097, 26.279239], [-111.404578, 26.277516], [-111.402199, 26.277523], [-111.400853, 26.276316], [-111.400374, 26.275458], [-111.400359, 26.271097], [-111.400829, 26.269378], [-111.40225, 26.267656], [-111.40224, 26.264651], [-111.404137, 26.262928], [-111.403181, 26.26171], [-111.403178, 26.260783], [-111.404125, 26.259493], [-111.404112, 26.255628], [-111.406003, 26.252188], [-111.406197, 26.250289], [-111.405518, 26.24968], [-111.405511, 26.247533], [-111.402644, 26.243677], [-111.401126, 26.242316], [-111.399699, 26.24232], [-111.396649, 26.240439], [-111.40214, 26.235452], [-111.402137, 26.234671], [-111.40403, 26.234666], [-111.404984, 26.235522], [-111.40681, 26.235516], [-111.407759, 26.234655], [-111.409661, 26.23465], [-111.412981, 26.232064], [-111.416311, 26.232054], [-111.417259, 26.231193], [-111.423042, 26.231176], [-111.423997, 26.232032], [-111.42685, 26.232023], [-111.427805, 26.232879], [-111.430183, 26.232872], [-111.431099, 26.233694], [-111.433518, 26.231926], [-111.433988, 26.230284], [-111.436832, 26.230276], [-111.437271, 26.230669], [-111.442446, 26.225965], [-111.444345, 26.2251], [-111.446241, 26.223376], [-111.448696, 26.223369], [-111.44965, 26.224225], [-111.452979, 26.224214], [-111.453934, 26.22507], [-111.455836, 26.225064], [-111.45679, 26.22592], [-111.458693, 26.225914], [-111.459647, 26.226769], [-111.461074, 26.226765], [-111.462029, 26.227621], [-111.463455, 26.227616], [-111.46441, 26.228472], [-111.465275, 26.228469], [-111.465278, 26.22925], [-111.46842, 26.232494], [-111.467473, 26.233356], [-111.468714, 26.234469], [-111.470141, 26.234464], [-111.48199, 26.245083], [-111.482473, 26.246866], [-111.481799, 26.247479], [-111.482564, 26.248164], [-111.484942, 26.248156], [-111.486289, 26.249362], [-111.489642, 26.254933], [-111.49251, 26.258358], [-111.492514, 26.259217], [-111.493947, 26.2605], [-111.497302, 26.2665], [-111.498544, 26.267612], [-111.499217, 26.267], [-111.501586, 26.266992], [-111.501599, 26.26992], [-111.503035, 26.272062], [-111.503049, 26.275135], [-111.50214, 26.276393], [-111.504966, 26.278496], [-111.504974, 26.280213], [-111.507843, 26.283638], [-111.508327, 26.285354], [-111.507872, 26.290147], [-111.506926, 26.291438], [-111.506461, 26.294016], [-111.503617, 26.296602], [-111.504104, 26.299177], [-111.503193, 26.300005], [-111.50391, 26.300647], [-111.503162, 26.301327], [-111.503165, 26.302118], [-111.504598, 26.303401], [-111.504602, 26.304328], [-111.503456, 26.305801], [-111.505589, 26.312415], [-111.507026, 26.314557], [-111.507032, 26.315913], [-111.505219, 26.31713], [-111.504268, 26.317133], [-111.502286, 26.318935], [-111.502289, 26.319726], [-111.505244, 26.322799], [-111.507066, 26.321504], [-111.510472, 26.321063], [-111.513821, 26.324915], [-111.515649, 26.324909], [-111.51763, 26.323107], [-111.517612, 26.318881], [-111.515698, 26.316741], [-111.515694, 26.315814], [-111.516642, 26.314952], [-111.516639, 26.314171], [-111.520907, 26.312867], [-111.522251, 26.313292], [-111.522254, 26.314073], [-111.524252, 26.315861], [-111.525118, 26.315857], [-111.525122, 26.316639], [-111.528953, 26.321777], [-111.528968, 26.325203], [-111.524296, 26.325649], [-111.522352, 26.327417], [-111.523079, 26.328068], [-111.523752, 26.327456], [-111.525256, 26.32745], [-111.526174, 26.328271], [-111.528785, 26.326759], [-111.529502, 26.3274], [-111.530412, 26.326572], [-111.532868, 26.326563], [-111.53566, 26.329129], [-111.538024, 26.325685], [-111.539052, 26.325681], [-111.5404, 26.326887], [-111.54136, 26.328601], [-111.541366, 26.329889], [-111.543282, 26.332458], [-111.54329, 26.334176], [-111.544246, 26.335031], [-111.543784, 26.338038], [-111.546178, 26.341035], [-111.546182, 26.341894], [-111.549053, 26.344888], [-111.549065, 26.347532], [-111.548593, 26.348325], [-111.55099, 26.351751], [-111.550996, 26.353029], [-111.550129, 26.353033], [-111.547948, 26.355017], [-111.551018, 26.357762], [-111.551032, 26.360768], [-111.552951, 26.363766], [-111.552965, 26.366772], [-111.553922, 26.367627], [-111.553932, 26.369841], [-111.550647, 26.371967]], [[-111.450831, 26.303658], [-111.452816, 26.302286], [-111.452332, 26.300208], [-111.450813, 26.298848], [-111.448986, 26.298853], [-111.447478, 26.300224], [-111.447485, 26.302303], [-111.449004, 26.303664], [-111.450831, 26.303658]], [[-111.460352, 26.234247], [-111.460836, 26.233807], [-111.460631, 26.232768], [-111.459868, 26.232083], [-111.458446, 26.233376], [-111.457692, 26.2327], [-111.456817, 26.232703], [-111.455584, 26.233824], [-111.456348, 26.234509], [-111.457223, 26.234506], [-111.45892, 26.232963], [-111.460352, 26.234247]], [[-111.454653, 26.233827], [-111.45345, 26.232748], [-111.452729, 26.233403], [-111.453932, 26.234482], [-111.454653, 26.233827]], [[-111.495597, 26.301758], [-111.496792, 26.300672], [-111.496027, 26.299987], [-111.495151, 26.29999], [-111.494402, 26.300671], [-111.493686, 26.300029], [-111.491302, 26.301335], [-111.493219, 26.302196], [-111.494129, 26.301368], [-111.495597, 26.301758]], [[-111.499314, 26.280705], [-111.500309, 26.2798], [-111.499543, 26.278754], [-111.497441, 26.278942], [-111.496445, 26.279848], [-111.49741, 26.280712], [-111.497846, 26.280316], [-111.499314, 26.280705]]]}}, {"type": "Feature", "id": 22, "properties": {"id": "17", "politica": "aprovechamiento-sustentable", "procedencia": "digitalizada"}, "geometry": {"type": "Polygon", "coordinates": [[[-111.613883, 26.337107], [-111.614615, 26.33776], [-111.613852, 26.338454], [-111.613861, 26.340205], [-111.612895, 26.341084], [-111.612905, 26.342834], [-111.611939, 26.343713], [-111.611948, 26.345464], [-111.605195, 26.353369], [-111.605202, 26.354681], [-111.603274, 26.357315], [-111.603279, 26.35819], [-111.6024, 26.35899], [-111.600866, 26.358997], [-111.596477, 26.355077], [-111.589748, 26.350808], [-111.589737, 26.348551], [-111.590703, 26.347671], [-111.590676, 26.342421], [-111.591556, 26.341621], [-111.592526, 26.341617], [-111.593492, 26.340738], [-111.594948, 26.340731], [-111.595721, 26.340028], [-111.594259, 26.338721], [-111.596471, 26.336708], [-111.59646, 26.334589], [-111.59324, 26.331277], [-111.588203, 26.334982], [-111.582393, 26.337632], [-111.579484, 26.338081], [-111.578032, 26.338962], [-111.574075, 26.339415], [-111.573587, 26.33898], [-111.567559, 26.33882], [-111.567076, 26.33926], [-111.566306, 26.338571], [-111.562907, 26.338147], [-111.555614, 26.335112], [-111.552206, 26.332938], [-111.548883, 26.329966], [-111.547904, 26.32822], [-111.546355, 26.326834], [-111.545384, 26.326838], [-111.543032, 26.323862], [-111.539533, 26.320734], [-111.537183, 26.320305], [-111.53642, 26.320999], [-111.535163, 26.319875], [-111.533707, 26.31988], [-111.531558, 26.318829], [-111.530792, 26.321204], [-111.52991, 26.321207], [-111.528469, 26.322516], [-111.528462, 26.320854], [-111.526227, 26.317983], [-111.527194, 26.317104], [-111.524555, 26.315179], [-111.524545, 26.313001], [-111.525913, 26.312996], [-111.52717, 26.311853], [-111.524478, 26.30901], [-111.521815, 26.312311], [-111.522983, 26.313356], [-111.518717, 26.313809], [-111.516697, 26.315646], [-111.516703, 26.316889], [-111.518166, 26.318634], [-111.518188, 26.323517], [-111.516825, 26.324755], [-111.513836, 26.324766], [-111.510422, 26.32084], [-111.505862, 26.323298], [-111.502461, 26.319819], [-111.503706, 26.318248], [-111.503702, 26.317452], [-111.50507, 26.317447], [-111.50709, 26.315611], [-111.507083, 26.31393], [-111.506109, 26.313058], [-111.506101, 26.311307], [-111.504356, 26.30931], [-111.505081, 26.308651], [-111.504144, 26.307376], [-111.504136, 26.305557], [-111.505102, 26.304678], [-111.505095, 26.302997], [-111.504121, 26.302125], [-111.504113, 26.300306], [-111.505041, 26.299462], [-111.504098, 26.296805], [-111.506995, 26.293732], [-111.506988, 26.291981], [-111.508918, 26.289787], [-111.508898, 26.285042], [-111.504995, 26.279805], [-111.504985, 26.277548], [-111.505949, 26.276301], [-111.504401, 26.274915], [-111.503518, 26.274918], [-111.503017, 26.27106], [-111.502043, 26.270189], [-111.502034, 26.268001], [-111.501011, 26.267085], [-111.499599, 26.26793], [-111.498153, 26.267935], [-111.497173, 26.265392], [-111.491318, 26.257098], [-111.491314, 26.256223], [-111.48839, 26.252732], [-111.488384, 26.25135], [-111.489071, 26.250726], [-111.487404, 26.248797], [-111.487398, 26.247397], [-111.487108, 26.247661], [-111.485648, 26.246353], [-111.485165, 26.246792], [-111.483948, 26.245702], [-111.483224, 26.246361], [-111.467943, 26.232671], [-111.464931, 26.228664], [-111.463473, 26.227793], [-111.462019, 26.227798], [-111.461046, 26.226926], [-111.456679, 26.226065], [-111.455706, 26.225193], [-111.453767, 26.225199], [-111.452309, 26.224328], [-111.449885, 26.224336], [-111.448912, 26.223464], [-111.447051, 26.223469], [-111.443182, 26.226107], [-111.442213, 26.22611], [-111.441439, 26.226813], [-111.441926, 26.227249], [-111.438351, 26.230498], [-111.435442, 26.230506], [-111.433027, 26.233139], [-111.428586, 26.233153], [-111.427613, 26.23228], [-111.424704, 26.232289], [-111.424014, 26.23167], [-111.423531, 26.232109], [-111.422762, 26.231419], [-111.413153, 26.231447], [-111.413138, 26.22715], [-111.41188, 26.22515], [-111.412363, 26.224711], [-111.412633, 26.221481], [-111.416475, 26.224927], [-111.41749, 26.224005], [-111.41672, 26.222948], [-111.41788, 26.221895], [-111.420381, 26.221888], [-111.423299, 26.224505], [-111.427586, 26.22493], [-111.42864, 26.223973], [-111.428634, 26.222292], [-111.4262, 26.219673], [-111.426192, 26.217416], [-111.429006, 26.215298], [-111.431426, 26.214416], [-111.436758, 26.2144], [-111.438692, 26.213081], [-111.444586, 26.212626], [-111.446246, 26.213242], [-111.447415, 26.212179], [-111.45137, 26.212167], [-111.454775, 26.215219], [-111.457203, 26.216087], [-111.458574, 26.217316], [-111.459558, 26.220814], [-111.46276, 26.22412], [-111.462036, 26.224779], [-111.463058, 26.225695], [-111.466941, 26.226995], [-111.467915, 26.227867], [-111.468797, 26.227864], [-111.468799, 26.228311], [-111.470538, 26.22673], [-111.471306, 26.227419], [-111.4747, 26.227407], [-111.475594, 26.227842], [-111.47656, 26.226964], [-111.479465, 26.226079], [-111.48048, 26.225156], [-111.48003, 26.224317], [-111.476053, 26.221626], [-111.473145, 26.221635], [-111.469744, 26.219896], [-111.467892, 26.219902], [-111.467889, 26.219106], [-111.465369, 26.216847], [-111.463031, 26.216417], [-111.463012, 26.211613], [-111.464857, 26.209936], [-111.466307, 26.209056], [-111.475519, 26.209464], [-111.478224, 26.207004], [-111.478007, 26.203757], [-111.47646, 26.20237], [-111.474114, 26.202378], [-111.473061, 26.203336], [-111.473064, 26.204132], [-111.469759, 26.204143], [-111.468793, 26.205021], [-111.466854, 26.205028], [-111.462021, 26.208544], [-111.458143, 26.208556], [-111.456896, 26.209689], [-111.455641, 26.208564], [-111.450892, 26.208579], [-111.453209, 26.206472], [-111.456116, 26.206026], [-111.457169, 26.205068], [-111.457163, 26.203387], [-111.456394, 26.202699], [-111.456877, 26.202259], [-111.456649, 26.19588], [-111.457128, 26.194645], [-111.45801, 26.194642], [-111.461874, 26.191129], [-111.464778, 26.190245], [-111.470085, 26.184101], [-111.472986, 26.182341], [-111.477344, 26.181452], [-111.480524, 26.179437], [-111.481011, 26.179873], [-111.482662, 26.178371], [-111.487014, 26.176168], [-111.493284, 26.169145], [-111.49813, 26.169128], [-111.501034, 26.168243], [-111.503534, 26.168234], [-111.511318, 26.175209], [-111.514233, 26.176949], [-111.517551, 26.179921], [-111.525348, 26.18952], [-111.525354, 26.190823], [-111.524472, 26.190826], [-111.523699, 26.191529], [-111.523906, 26.19215], [-111.524684, 26.192848], [-111.526132, 26.19153], [-111.532169, 26.197371], [-111.534129, 26.202177], [-111.537546, 26.207416], [-111.538528, 26.210038], [-111.540562, 26.211859], [-111.557004, 26.221782], [-111.565806, 26.237501], [-111.566792, 26.240998], [-111.567769, 26.242307], [-111.567775, 26.243619], [-111.573626, 26.25016], [-111.573632, 26.251473], [-111.574401, 26.252161], [-111.573641, 26.253223], [-111.574702, 26.254173], [-111.577129, 26.254601], [-111.578503, 26.255829], [-111.57949, 26.259326], [-111.580466, 26.260634], [-111.580473, 26.261947], [-111.58243, 26.26544], [-111.582437, 26.266753], [-111.583695, 26.268314], [-111.582971, 26.268973], [-111.584394, 26.270245], [-111.5844, 26.271558], [-111.587326, 26.274609], [-111.590258, 26.278973], [-111.592207, 26.280715], [-111.603929, 26.296419], [-111.603938, 26.29817], [-111.604913, 26.299041], [-111.604922, 26.300791], [-111.605896, 26.301662], [-111.605908, 26.30385], [-111.606883, 26.304721], [-111.606894, 26.306909], [-111.607869, 26.30778], [-111.607878, 26.30953], [-111.608853, 26.310401], [-111.608878, 26.315215], [-111.609855, 26.316523], [-111.609876, 26.320461], [-111.610853, 26.32177], [-111.610867, 26.324395], [-111.611842, 26.325266], [-111.612831, 26.328763], [-111.613806, 26.329634], [-111.613831, 26.334447], [-111.614319, 26.334882], [-111.613883, 26.337107]], [[-111.460281, 26.207509], [-111.461537, 26.206367], [-111.460271, 26.204865], [-111.458568, 26.205974], [-111.460281, 26.207509]], [[-111.487823, 26.247011], [-111.489253, 26.247925], [-111.490994, 26.246781], [-111.489282, 26.245684], [-111.487823, 26.247011]], [[-111.4688, 26.228651], [-111.46832, 26.229975], [-111.469868, 26.231362], [-111.471807, 26.231355], [-111.472741, 26.232192], [-111.474432, 26.230655], [-111.476616, 26.231304], [-111.477341, 26.230646], [-111.478797, 26.231078], [-111.479773, 26.230191], [-111.479277, 26.229746], [-111.47831, 26.230624], [-111.477094, 26.229534], [-111.476167, 26.230377], [-111.475119, 26.230381], [-111.474146, 26.229509], [-111.471237, 26.229518], [-111.470264, 26.228646], [-111.4688, 26.228651]], [[-111.481206, 26.229748], [-111.482471, 26.230882], [-111.483926, 26.230877], [-111.485384, 26.231748], [-111.488213, 26.231301], [-111.489266, 26.230343], [-111.487717, 26.228588], [-111.486748, 26.228591], [-111.485813, 26.227755], [-111.48392, 26.229476], [-111.481699, 26.2293], [-111.481206, 26.229748]], [[-111.471648, 26.191973], [-111.472339, 26.192592], [-111.474765, 26.190824], [-111.473298, 26.189945], [-111.471363, 26.190826], [-111.470633, 26.190172], [-111.469657, 26.19106], [-111.470679, 26.191976], [-111.471648, 26.191973]], [[-111.577797, 26.297437], [-111.568062, 26.282633], [-111.565538, 26.280376], [-111.564083, 26.280381], [-111.561449, 26.279333], [-111.56029, 26.280388], [-111.560263, 26.274717], [-111.562394, 26.271899], [-111.561215, 26.270845], [-111.561208, 26.269463], [-111.564107, 26.267263], [-111.564097, 26.265145], [-111.563123, 26.264273], [-111.563108, 26.26121], [-111.560378, 26.258333], [-111.559896, 26.258773], [-111.557667, 26.257215], [-111.556212, 26.25722], [-111.555238, 26.256349], [-111.551353, 26.255051], [-111.549976, 26.255056], [-111.548444, 26.257329], [-111.546318, 26.258825], [-111.545548, 26.258136], [-111.544666, 26.25814], [-111.544654, 26.255593], [-111.54368, 26.254722], [-111.543664, 26.251221], [-111.540658, 26.249403], [-111.536863, 26.248542], [-111.536853, 26.246364], [-111.537818, 26.245485], [-111.53781, 26.243735], [-111.538776, 26.242856], [-111.538768, 26.241106], [-111.539732, 26.239858], [-111.535074, 26.236997], [-111.536764, 26.235459], [-111.53578, 26.234578], [-111.534289, 26.234986], [-111.533841, 26.234586], [-111.532827, 26.235508], [-111.532831, 26.236305], [-111.531181, 26.236127], [-111.529926, 26.237269], [-111.528495, 26.242526], [-111.527616, 26.243325], [-111.525599, 26.243333], [-111.522682, 26.241593], [-111.519565, 26.240545], [-111.518311, 26.242125], [-111.518319, 26.243876], [-111.517836, 26.244315], [-111.517841, 26.245558], [-111.519584, 26.247118], [-111.518821, 26.247812], [-111.518825, 26.248608], [-111.515925, 26.248619], [-111.511065, 26.246011], [-111.509697, 26.246016], [-111.50968, 26.242087], [-111.510125, 26.241682], [-111.509102, 26.240767], [-111.505784, 26.240341], [-111.504248, 26.241738], [-111.503775, 26.244365], [-111.502896, 26.245164], [-111.500954, 26.244733], [-111.499698, 26.245876], [-111.500477, 26.246574], [-111.50136, 26.246571], [-111.501367, 26.248312], [-111.499925, 26.251301], [-111.49848, 26.251306], [-111.497506, 26.250434], [-111.496614, 26.250437], [-111.495078, 26.251834], [-111.494601, 26.253517], [-111.495662, 26.254467], [-111.499541, 26.254454], [-111.503878, 26.257029], [-111.504612, 26.256361], [-111.504883, 26.253998], [-111.506328, 26.253992], [-111.511674, 26.256599], [-111.513615, 26.25703], [-111.516729, 26.259381], [-111.51529, 26.26069], [-111.514559, 26.260036], [-111.513062, 26.261398], [-111.507771, 26.271481], [-111.506119, 26.272984], [-111.508324, 26.27583], [-111.509816, 26.275422], [-111.514678, 26.27803], [-111.516133, 26.278025], [-111.517107, 26.278897], [-111.518077, 26.278893], [-111.52051, 26.280635], [-111.521965, 26.280629], [-111.523338, 26.281858], [-111.523344, 26.28324], [-111.518521, 26.289315], [-111.52493, 26.292871], [-111.527257, 26.292862], [-111.525142, 26.294786], [-111.522467, 26.293264], [-111.520009, 26.296817], [-111.520021, 26.299364], [-111.51809, 26.299371], [-111.514776, 26.29807], [-111.514768, 26.296399], [-111.513989, 26.295701], [-111.51128, 26.297286], [-111.512343, 26.298605], [-111.514196, 26.298598], [-111.514199, 26.299395], [-111.514979, 26.300092], [-111.515462, 26.299653], [-111.518178, 26.301647], [-111.52099, 26.301637], [-111.519551, 26.302945], [-111.519555, 26.303751], [-111.520578, 26.304666], [-111.522269, 26.303129], [-111.523974, 26.304654], [-111.525466, 26.304246], [-111.52887, 26.305984], [-111.530325, 26.305979], [-111.5313, 26.30685], [-111.53227, 26.306847], [-111.535395, 26.309206], [-111.536361, 26.308328], [-111.538104, 26.30945], [-111.540447, 26.308566], [-111.541496, 26.308562], [-111.542187, 26.309181], [-111.54296, 26.308478], [-111.541935, 26.307195], [-111.540045, 26.307604], [-111.540035, 26.305426], [-111.541001, 26.304547], [-111.540996, 26.303313], [-111.543412, 26.303304], [-111.549452, 26.306528], [-111.550138, 26.305904], [-111.552563, 26.305895], [-111.553337, 26.305191], [-111.55285, 26.304755], [-111.553816, 26.303876], [-111.553318, 26.303432], [-111.552632, 26.304056], [-111.550702, 26.304063], [-111.550695, 26.30276], [-111.552626, 26.300565], [-111.552621, 26.299689], [-111.554551, 26.297494], [-111.554548, 26.296698], [-111.55543, 26.296694], [-111.556483, 26.295736], [-111.556477, 26.294423], [-111.557644, 26.292922], [-111.556173, 26.291606], [-111.554234, 26.292051], [-111.553465, 26.291362], [-111.552009, 26.291368], [-111.54618, 26.28964], [-111.542572, 26.28772], [-111.540837, 26.28791], [-111.539863, 26.287038], [-111.538692, 26.287734], [-111.535976, 26.28574], [-111.534599, 26.285745], [-111.533159, 26.287055], [-111.533147, 26.284448], [-111.534113, 26.283569], [-111.534105, 26.281819], [-111.535071, 26.28094], [-111.535065, 26.279627], [-111.535944, 26.278827], [-111.537477, 26.278822], [-111.539425, 26.280565], [-111.54185, 26.280556], [-111.542542, 26.281174], [-111.543025, 26.280735], [-111.545254, 26.282293], [-111.546136, 26.28229], [-111.54614, 26.283086], [-111.547202, 26.284036], [-111.549828, 26.283334], [-111.554486, 26.285758], [-111.555456, 26.285755], [-111.55643, 26.286626], [-111.557808, 26.286621], [-111.558774, 26.285742], [-111.560791, 26.285734], [-111.562736, 26.286601], [-111.56411, 26.28783], [-111.564114, 26.288705], [-111.566065, 26.290885], [-111.572911, 26.302235], [-111.575155, 26.304677], [-111.575928, 26.303974], [-111.575919, 26.302223], [-111.576885, 26.301344], [-111.57687, 26.298281], [-111.577797, 26.297437]], [[-111.501795, 26.223761], [-111.499896, 26.22417], [-111.498157, 26.225752], [-111.498937, 26.22645], [-111.500798, 26.226444], [-111.502535, 26.224424], [-111.501795, 26.223761]], [[-111.500356, 26.227267], [-111.497495, 26.22943], [-111.49604, 26.229435], [-111.494987, 26.230393], [-111.495768, 26.231458], [-111.4979, 26.231267], [-111.497911, 26.233804], [-111.496544, 26.233809], [-111.495771, 26.234512], [-111.497484, 26.236047], [-111.498943, 26.23472], [-111.498213, 26.234066], [-111.498974, 26.232935], [-111.500616, 26.231442], [-111.501385, 26.23213], [-111.50276, 26.231688], [-111.503533, 26.230985], [-111.502365, 26.229939], [-111.504207, 26.229933], [-111.505463, 26.22879], [-111.504197, 26.227656], [-111.50129, 26.228104], [-111.500356, 26.227267]], [[-111.515481, 26.304028], [-111.516942, 26.305336], [-111.517715, 26.304633], [-111.517712, 26.303827], [-111.51665, 26.302877], [-111.515195, 26.302882], [-111.514503, 26.302263], [-111.51373, 26.302966], [-111.513734, 26.303772], [-111.514756, 26.304687], [-111.515481, 26.304028]], [[-111.518617, 26.190882], [-111.51595, 26.19287], [-111.51669, 26.193533], [-111.517617, 26.19269], [-111.520042, 26.193119], [-111.521298, 26.191976], [-111.520519, 26.191278], [-111.519347, 26.191536], [-111.518617, 26.190882]], [[-111.542582, 26.235437], [-111.541559, 26.234522], [-111.539213, 26.23453], [-111.53844, 26.235234], [-111.540676, 26.236364], [-111.541568, 26.23636], [-111.542582, 26.235437]], [[-111.566267, 26.314593], [-111.568615, 26.314584], [-111.570151, 26.313186], [-111.570143, 26.311505], [-111.568593, 26.310119], [-111.567216, 26.310125], [-111.565201, 26.312837], [-111.565205, 26.313643], [-111.566267, 26.314593]]]}}, {"type": "Feature", "id": 23, "properties": {"id": "18a", "politica": "preservacion", "procedencia": "digitalizada"}, "geometry": {"type": "MultiPolygon", "coordinates": [[[[-111.613561, 26.077049], [-111.609561, 26.08137], [-111.606882, 26.078974], [-111.604762, 26.07831], [-111.602405, 26.080458], [-111.60168, 26.084376], [-111.598849, 26.084388], [-111.598843, 26.083164], [-111.595715, 26.080365], [-111.592854, 26.080377], [-111.587682, 26.085765], [-111.587669, 26.08321], [-111.584601, 26.080464], [-111.583177, 26.081762], [-111.577221, 26.082458], [-111.572768, 26.085839], [-111.569673, 26.086524], [-111.568311, 26.085305], [-111.568301, 26.083287], [-111.566044, 26.08183], [-111.564427, 26.083302], [-111.564488, 26.095947], [-111.560897, 26.092732], [-111.560858, 26.084661], [-111.559227, 26.083202], [-111.555651, 26.083215], [-111.557862, 26.081202], [-111.557846, 26.07796], [-111.560811, 26.077949], [-111.561873, 26.0789], [-111.5659, 26.076584], [-111.568879, 26.076572], [-111.572279, 26.074151], [-111.575702, 26.076545], [-111.583777, 26.076513], [-111.584519, 26.075837], [-111.589733, 26.075816], [-111.590474, 26.07514], [-111.592831, 26.075803], [-111.600161, 26.075773], [-111.600903, 26.075097], [-111.603882, 26.075085], [-111.60611, 26.07373], [-111.609089, 26.073718], [-111.612919, 26.0682], [-111.612905, 26.065631], [-111.617359, 26.065612], [-111.61947, 26.0675], [-111.619491, 26.071643], [-111.613554, 26.075703], [-111.613561, 26.077049]]], [[[-111.572318, 26.020721], [-111.570534, 26.024373], [-111.571595, 26.025324], [-111.571619, 26.03014], [-111.566577, 26.034733], [-111.566548, 26.028707], [-111.568028, 26.026683], [-111.567992, 26.019285], [-111.569042, 26.017653], [-111.567098, 26.015912], [-111.558312, 26.015947], [-111.562612, 26.012029], [-111.565709, 26.012017], [-111.569322, 26.01402], [-111.570938, 26.012548], [-111.570925, 26.009857], [-111.572394, 26.005816], [-111.575967, 26.00256], [-111.58264, 26.003206], [-111.577467, 26.007921], [-111.575994, 26.01129], [-111.573033, 26.014665], [-111.572318, 26.020721]]], [[[-111.602761, 25.986914], [-111.602073, 25.986298], [-111.602049, 25.981603], [-111.604581, 25.981875], [-111.605322, 25.9812], [-111.607251, 25.982927], [-111.608605, 25.982921], [-111.608612, 25.984145], [-111.609793, 25.985203], [-111.604318, 25.991549], [-111.598376, 25.994264], [-111.588748, 26.001015], [-111.588719, 25.99511], [-111.5923, 25.99375], [-111.595264, 25.991048], [-111.599723, 25.989684], [-111.602761, 25.986914]]], [[[-111.635102, 26.052003], [-111.631319, 26.054777], [-111.631337, 26.05814], [-111.627764, 26.061397], [-111.623921, 26.061414], [-111.622425, 26.060075], [-111.617211, 26.060098], [-111.615715, 26.058759], [-111.614344, 26.058765], [-111.612862, 26.060116], [-111.60318, 26.060157], [-111.601697, 26.061508], [-111.595768, 26.061533], [-111.597978, 26.059519], [-111.597972, 26.058295], [-111.609747, 26.056901], [-111.611971, 26.054873], [-111.620911, 26.055508], [-111.631291, 26.046719], [-111.635759, 26.0467], [-111.63693, 26.045632], [-111.637678, 26.046301], [-111.642457, 26.045997], [-111.650627, 26.041925], [-111.655839, 26.041902], [-111.659555, 26.04054], [-111.663397, 26.040522], [-111.666252, 26.042406], [-111.665553, 26.050467], [-111.6611, 26.050487], [-111.658106, 26.047811], [-111.653749, 26.046485], [-111.650041, 26.049192], [-111.647062, 26.049206], [-111.644835, 26.050561], [-111.64322, 26.052034], [-111.642489, 26.054607], [-111.638781, 26.054623], [-111.635102, 26.052003]]], [[[-111.664118, 26.191847], [-111.662668, 26.199239], [-111.660888, 26.200861], [-111.658209, 26.199138], [-111.653869, 26.199158], [-111.653851, 26.195916], [-111.650719, 26.193119], [-111.649224, 26.192454], [-111.647855, 26.193132], [-111.643397, 26.193152], [-111.643379, 26.189911], [-111.641746, 26.188452], [-111.640377, 26.189131], [-111.629942, 26.189849], [-111.627709, 26.190531], [-111.623565, 26.19363], [-111.620572, 26.191625], [-111.615787, 26.191928], [-111.613575, 26.193942], [-111.613562, 26.191386], [-111.611929, 26.189927], [-111.607586, 26.189273], [-111.607566, 26.185372], [-111.608923, 26.185366], [-111.610407, 26.184014], [-111.614135, 26.183999], [-111.615619, 26.182647], [-111.61872, 26.182634], [-111.620218, 26.183972], [-111.622329, 26.182618], [-111.626057, 26.182602], [-111.627674, 26.181129], [-111.62766, 26.17856], [-111.632864, 26.178537], [-111.634362, 26.179875], [-111.641698, 26.179843], [-111.64287, 26.178775], [-111.644054, 26.179832], [-111.645411, 26.179826], [-111.646171, 26.182392], [-111.647804, 26.183851], [-111.649161, 26.183845], [-111.649172, 26.185741], [-111.651554, 26.187869], [-111.656781, 26.189191], [-111.661269, 26.19186], [-111.664118, 26.191847]]], [[[-111.622921, 26.015804], [-111.621466, 26.022415], [-111.619248, 26.022424], [-111.617138, 26.020537], [-111.618606, 26.016387], [-111.621569, 26.013684], [-111.62037, 26.012048], [-111.614864, 26.015717], [-111.606705, 26.015752], [-111.612488, 26.011153], [-111.615463, 26.010468], [-111.617686, 26.008441], [-111.620038, 26.008431], [-111.622282, 26.010439], [-111.625137, 26.009754], [-111.628848, 26.010411], [-111.628862, 26.012967], [-111.626762, 26.012976], [-111.624536, 26.014331], [-111.622921, 26.015804]]], [[[-111.698801, 26.116289], [-111.69573, 26.113546], [-111.687653, 26.113585], [-111.686171, 26.114937], [-111.683935, 26.114948], [-111.682453, 26.1163], [-111.680963, 26.116307], [-111.67948, 26.117659], [-111.677245, 26.11767], [-111.67428, 26.120374], [-111.667573, 26.120405], [-111.663855, 26.121767], [-111.662239, 26.123241], [-111.662246, 26.124465], [-111.660026, 26.124475], [-111.658528, 26.123137], [-111.65343, 26.12316], [-111.651948, 26.124512], [-111.639161, 26.124569], [-111.637723, 26.123284], [-111.636299, 26.124582], [-111.631709, 26.124602], [-111.630211, 26.123264], [-111.623505, 26.123293], [-111.619757, 26.119273], [-111.618401, 26.119279], [-111.617642, 26.116713], [-111.613896, 26.112694], [-111.608674, 26.108694], [-111.611505, 26.108682], [-111.612989, 26.10733], [-111.616699, 26.107314], [-111.617458, 26.10988], [-111.622387, 26.114957], [-111.621646, 26.115633], [-111.626583, 26.119378], [-111.636151, 26.119336], [-111.637634, 26.117984], [-111.639244, 26.117977], [-111.641805, 26.120266], [-111.642858, 26.119306], [-111.647329, 26.119286], [-111.648945, 26.117813], [-111.648923, 26.113899], [-111.654124, 26.113875], [-111.655622, 26.115214], [-111.658483, 26.1152], [-111.659966, 26.113849], [-111.662264, 26.114457], [-111.662946, 26.113835], [-111.671888, 26.113793], [-111.675727, 26.110292], [-111.675716, 26.108395], [-111.677936, 26.108385], [-111.679434, 26.109723], [-111.68465, 26.109698], [-111.686148, 26.111036], [-111.687519, 26.11103], [-111.691362, 26.1082], [-111.69061, 26.106966], [-111.690578, 26.101613], [-111.707034, 26.114971], [-111.708391, 26.114964], [-111.709156, 26.11831], [-111.701145, 26.126971], [-111.696674, 26.126993], [-111.691473, 26.129708], [-111.687747, 26.129726], [-111.686265, 26.131078], [-111.684029, 26.131089], [-111.682547, 26.132441], [-111.678083, 26.133807], [-111.6766, 26.13516], [-111.671384, 26.135184], [-111.669901, 26.136536], [-111.659348, 26.136585], [-111.657224, 26.135249], [-111.652767, 26.13796], [-111.64606, 26.13799], [-111.644147, 26.139734], [-111.641601, 26.137458], [-111.64159, 26.135454], [-111.645927, 26.135434], [-111.64741, 26.134083], [-111.648901, 26.134076], [-111.650517, 26.132603], [-111.650503, 26.130033], [-111.653469, 26.13002], [-111.654966, 26.131358], [-111.657083, 26.131349], [-111.658566, 26.129997], [-111.660921, 26.129986], [-111.662419, 26.131324], [-111.665281, 26.131311], [-111.666763, 26.129959], [-111.672717, 26.128586], [-111.6742, 26.127234], [-111.677926, 26.127217], [-111.679409, 26.125864], [-111.683134, 26.125847], [-111.684617, 26.124495], [-111.689833, 26.12447], [-111.691316, 26.123118], [-111.694296, 26.123103], [-111.696653, 26.120953], [-111.696641, 26.118936], [-111.698801, 26.116289]]], [[[-111.64229, 26.265928], [-111.646767, 26.265908], [-111.648266, 26.267246], [-111.652594, 26.267227], [-111.64903, 26.270472], [-111.644546, 26.269147], [-111.638484, 26.276693], [-111.637756, 26.279938], [-111.634786, 26.279951], [-111.631093, 26.275986], [-111.62998, 26.277], [-111.628795, 26.275942], [-111.627437, 26.275948], [-111.627423, 26.273271], [-111.628774, 26.272041], [-111.630266, 26.272035], [-111.63337, 26.26921], [-111.633359, 26.267192], [-111.638856, 26.262863], [-111.64229, 26.265928]]], [[[-111.691393, 26.265014], [-111.689924, 26.269057], [-111.687104, 26.271626], [-111.687089, 26.26907], [-111.685904, 26.268013], [-111.687077, 26.266945], [-111.687065, 26.264927], [-111.68849, 26.263629], [-111.686915, 26.262225], [-111.675105, 26.263626], [-111.673932, 26.264694], [-111.672125, 26.264312], [-111.669764, 26.266462], [-111.669034, 26.269156], [-111.667683, 26.270386], [-111.666071, 26.270394], [-111.664706, 26.269176], [-111.664695, 26.267158], [-111.66162, 26.264415], [-111.657961, 26.266396], [-111.654245, 26.266413], [-111.65422, 26.261826], [-111.652585, 26.260367], [-111.650347, 26.260377], [-111.647498, 26.257834], [-111.656413, 26.256449], [-111.667199, 26.261389], [-111.671218, 26.257053], [-111.676136, 26.258657], [-111.677936, 26.257694], [-111.683592, 26.257949], [-111.684334, 26.257273], [-111.685519, 26.25833], [-111.690745, 26.258978], [-111.694041, 26.261249], [-111.691393, 26.265014]]], [[[-111.6963, 26.214562], [-111.694089, 26.216577], [-111.694097, 26.217801], [-111.692739, 26.217808], [-111.691256, 26.21916], [-111.676648, 26.218275], [-111.675906, 26.218951], [-111.674722, 26.217894], [-111.667264, 26.217929], [-111.666574, 26.217313], [-111.665892, 26.217935], [-111.662044, 26.217953], [-111.659937, 26.21729], [-111.659907, 26.21203], [-111.656905, 26.208681], [-111.656894, 26.206677], [-111.658251, 26.206671], [-111.661352, 26.203845], [-111.661334, 26.200617], [-111.668679, 26.207174], [-111.669436, 26.209188], [-111.672506, 26.211259], [-111.673188, 26.210637], [-111.677036, 26.210619], [-111.679281, 26.211953], [-111.683755, 26.211932], [-111.686, 26.213267], [-111.690475, 26.213245], [-111.69272, 26.214579], [-111.6963, 26.214562]]], [[[-111.685214, 26.101625], [-111.685229, 26.104181], [-111.678657, 26.104212], [-111.677042, 26.105685], [-111.677049, 26.10691], [-111.674217, 26.106923], [-111.674207, 26.105026], [-111.669582, 26.101564], [-111.668226, 26.10157], [-111.668212, 26.099014], [-111.669568, 26.099008], [-111.67105, 26.097656], [-111.677874, 26.097624], [-111.683113, 26.101634], [-111.685214, 26.101625]]]]}}, {"type": "Feature", "id": 24, "properties": {"id": "18b", "politica": "conservacion", "procedencia": "digitalizada"}, "geometry": {"type": "MultiPolygon", "coordinates": [[[[-111.674449, 25.923938], [-111.675925, 25.927294], [-111.678217, 25.929337], [-111.67823, 25.931505], [-111.676729, 25.934934], [-111.676744, 25.937671], [-111.674486, 25.941787], [-111.670838, 25.945104], [-111.669317, 25.945111], [-111.667804, 25.946486], [-111.665523, 25.946497], [-111.66023, 25.951995], [-111.658709, 25.952002], [-111.657061, 25.9535], [-111.65708, 25.956921], [-111.652551, 25.9631], [-111.645117, 25.969855], [-111.636765, 25.972629], [-111.631328, 25.97688], [-111.631342, 25.979501], [-111.635924, 25.982903], [-111.635935, 25.98495], [-111.630627, 25.984973], [-111.626941, 25.981689], [-111.626174, 25.980324], [-111.626151, 25.976103], [-111.626844, 25.975473], [-111.625244, 25.974048], [-111.619278, 25.974073], [-111.612453, 25.978208], [-111.610047, 25.980393], [-111.610057, 25.982324], [-111.604884, 25.982346], [-111.60411, 25.979733], [-111.601818, 25.97769], [-111.602125, 25.97592], [-111.600285, 25.974281], [-111.603186, 25.974269], [-111.604835, 25.972772], [-111.604829, 25.971525], [-111.607736, 25.971513], [-111.60925, 25.970138], [-111.610771, 25.970131], [-111.612286, 25.968756], [-111.614567, 25.968747], [-111.616082, 25.967372], [-111.620628, 25.967352], [-111.620642, 25.969968], [-111.622307, 25.971451], [-111.62611, 25.971434], [-111.626814, 25.972062], [-111.627512, 25.971428], [-111.632837, 25.971405], [-111.635242, 25.96922], [-111.634464, 25.965924], [-111.637371, 25.965911], [-111.638885, 25.964536], [-111.641927, 25.964522], [-111.643576, 25.963025], [-111.643569, 25.961778], [-111.644955, 25.961772], [-111.652657, 25.954773], [-111.657186, 25.948594], [-111.662348, 25.943902], [-111.666135, 25.941147], [-111.667656, 25.94114], [-111.670816, 25.938267], [-111.672326, 25.936207], [-111.672306, 25.932786], [-111.673063, 25.932098], [-111.671519, 25.928115], [-111.669223, 25.925389], [-111.669207, 25.922651], [-111.667603, 25.921222], [-111.663875, 25.923923], [-111.656272, 25.923957], [-111.652805, 25.926421], [-111.652041, 25.925741], [-111.650205, 25.926722], [-111.644126, 25.927433], [-111.640211, 25.931678], [-111.640226, 25.934278], [-111.637322, 25.931691], [-111.637315, 25.930322], [-111.635651, 25.928839], [-111.632728, 25.928852], [-111.628049, 25.932416], [-111.628056, 25.933784], [-111.626543, 25.935159], [-111.626557, 25.937896], [-111.625044, 25.939272], [-111.625062, 25.942693], [-111.623548, 25.944068], [-111.623559, 25.946121], [-111.622049, 25.94818], [-111.619156, 25.950808], [-111.613832, 25.950831], [-111.609909, 25.953706], [-111.609923, 25.956443], [-111.606902, 25.960562], [-111.606913, 25.962615], [-111.605399, 25.963989], [-111.605405, 25.965236], [-111.597955, 25.965951], [-111.597941, 25.96322], [-111.602356, 25.960587], [-111.604758, 25.957718], [-111.604737, 25.953612], [-111.606241, 25.950184], [-111.605463, 25.946888], [-111.610009, 25.946869], [-111.611537, 25.948231], [-111.6137, 25.948222], [-111.61838, 25.944659], [-111.622907, 25.937796], [-111.6229, 25.936544], [-111.619712, 25.934383], [-111.61667, 25.934396], [-111.615584, 25.933427], [-111.614508, 25.934405], [-111.610709, 25.935105], [-111.609195, 25.93648], [-111.606796, 25.93649], [-111.603119, 25.933212], [-111.606779, 25.933197], [-111.608427, 25.931699], [-111.60917, 25.928275], [-111.611743, 25.925937], [-111.612949, 25.927012], [-111.614334, 25.927006], [-111.614344, 25.928937], [-111.617414, 25.931099], [-111.621205, 25.92903], [-111.624246, 25.929017], [-111.628794, 25.92626], [-111.631075, 25.92625], [-111.632588, 25.924875], [-111.641708, 25.92415], [-111.642902, 25.923065], [-111.643666, 25.923746], [-111.649308, 25.923432], [-111.650821, 25.922057], [-111.653102, 25.922047], [-111.654296, 25.920961], [-111.65506, 25.921642], [-111.656896, 25.920661], [-111.659177, 25.920651], [-111.662337, 25.917777], [-111.662315, 25.913793], [-111.668262, 25.913766], [-111.672808, 25.911008], [-111.676592, 25.91099], [-111.676599, 25.912237], [-111.67781, 25.913316], [-111.675103, 25.916466], [-111.675142, 25.923308], [-111.674449, 25.923938]]], [[[-111.700008, 26.266571], [-111.698475, 26.26521], [-111.696306, 26.265221], [-111.692823, 26.26838], [-111.693908, 26.269344], [-111.693932, 26.273443], [-111.690899, 26.273458], [-111.688735, 26.271537], [-111.688722, 26.269369], [-111.690239, 26.267993], [-111.690227, 26.26594], [-111.693257, 26.262504], [-111.694004, 26.259885], [-111.701476, 26.259849], [-111.701488, 26.26178], [-111.706085, 26.266541], [-111.700008, 26.266571]]], [[[-111.715154, 26.252133], [-111.715175, 26.255554], [-111.716708, 26.256915], [-111.716738, 26.261684], [-111.712921, 26.258297], [-111.710007, 26.258311], [-111.709995, 26.256264], [-111.711508, 26.25432], [-111.708305, 26.251477], [-111.702968, 26.251503], [-111.701123, 26.249865], [-111.703837, 26.246715], [-111.703826, 26.244784], [-111.706739, 26.24477], [-111.708391, 26.243271], [-111.708367, 26.239288], [-111.712026, 26.23927], [-111.712034, 26.240516], [-111.713248, 26.241595], [-111.711736, 26.243655], [-111.712825, 26.245302], [-111.712846, 26.248723], [-111.715154, 26.252133]]], [[[-111.717153, 26.330249], [-111.705466, 26.33947], [-111.702857, 26.337157], [-111.702828, 26.332251], [-111.706487, 26.328934], [-111.712717, 26.330271], [-111.717153, 26.330249]]], [[[-111.723715, 26.280139], [-111.718512, 26.280165], [-111.713962, 26.284293], [-111.712436, 26.2843], [-111.710919, 26.285677], [-111.707123, 26.285695], [-111.707102, 26.28228], [-111.709681, 26.279941], [-111.711981, 26.281982], [-111.713191, 26.280313], [-111.711521, 26.278831], [-111.708613, 26.278845], [-111.71164, 26.276099], [-111.710103, 26.27417], [-111.710086, 26.271317], [-111.71116, 26.270344], [-111.705477, 26.264619], [-111.713722, 26.264579], [-111.715677, 26.262805], [-111.716887, 26.263879], [-111.718276, 26.263872], [-111.718292, 26.266481], [-111.715378, 26.266495], [-111.71379, 26.267936], [-111.715719, 26.269647], [-111.717683, 26.269349], [-111.719847, 26.271269], [-111.719856, 26.272753], [-111.717584, 26.275386], [-111.719254, 26.276867], [-111.720661, 26.27686], [-111.721857, 26.275775], [-111.723698, 26.277408], [-111.723715, 26.280139]]]]}}, {"type": "Feature", "id": 25, "properties": {"id": "19", "politica": "restauracion", "procedencia": "digitalizada"}, "geometry": {"type": "MultiPolygon", "coordinates": [[[[-111.432339, 26.207739], [-111.43236, 26.213396], [-111.430244, 26.212923], [-111.429269, 26.213406], [-111.422388, 26.213426], [-111.426608, 26.209108], [-111.426598, 26.206327], [-111.429207, 26.208189], [-111.429694, 26.207747], [-111.432339, 26.207739]]], [[[-111.546801, 26.258625], [-111.548967, 26.256171], [-111.548963, 26.255298], [-111.551833, 26.255489], [-111.552362, 26.255007], [-111.562692, 26.259954], [-111.562706, 26.262832], [-111.563775, 26.264266], [-111.563789, 26.267144], [-111.565378, 26.268565], [-111.562829, 26.268575], [-111.561676, 26.269625], [-111.56169, 26.272503], [-111.560107, 26.274907], [-111.559592, 26.27819], [-111.561289, 26.279709], [-111.567042, 26.280645], [-111.567047, 26.281518], [-111.574535, 26.291559], [-111.57454, 26.292518], [-111.577747, 26.296342], [-111.577757, 26.298336], [-111.576704, 26.300258], [-111.576191, 26.30401], [-111.574075, 26.304019], [-111.57257, 26.302673], [-111.570428, 26.299324], [-111.570423, 26.298365], [-111.567216, 26.294541], [-111.566139, 26.291668], [-111.564002, 26.289279], [-111.563998, 26.288319], [-111.561766, 26.286323], [-111.55813, 26.285858], [-111.557294, 26.286619], [-111.555917, 26.285387], [-111.55326, 26.285397], [-111.549098, 26.283975], [-111.549094, 26.283102], [-111.547171, 26.280903], [-111.545891, 26.282069], [-111.543776, 26.282077], [-111.543763, 26.279286], [-111.542642, 26.278283], [-111.541626, 26.279207], [-111.539947, 26.279214], [-111.53888, 26.278259], [-111.536842, 26.278746], [-111.535159, 26.280277], [-111.533587, 26.285079], [-111.531788, 26.286716], [-111.530411, 26.285484], [-111.528902, 26.285489], [-111.527526, 26.286742], [-111.52838, 26.287507], [-111.529889, 26.287501], [-111.530725, 26.28674], [-111.531259, 26.287218], [-111.531788, 26.286736], [-111.532631, 26.287491], [-111.536882, 26.287475], [-111.537949, 26.28843], [-111.539761, 26.287186], [-111.541669, 26.288416], [-111.543263, 26.28841], [-111.544862, 26.289364], [-111.546987, 26.289355], [-111.548055, 26.290311], [-111.55434, 26.291246], [-111.554347, 26.292673], [-111.553289, 26.293636], [-111.553293, 26.29452], [-111.555737, 26.296706], [-111.554372, 26.297948], [-111.554381, 26.299771], [-111.5531, 26.298625], [-111.552253, 26.299395], [-111.552262, 26.301313], [-111.550243, 26.303633], [-111.548649, 26.303639], [-111.547061, 26.305083], [-111.545913, 26.305088], [-111.542493, 26.303461], [-111.540591, 26.305674], [-111.540595, 26.306633], [-111.538478, 26.308559], [-111.538482, 26.309432], [-111.536898, 26.309438], [-111.534232, 26.30753], [-111.532106, 26.307538], [-111.527843, 26.305155], [-111.526876, 26.305159], [-111.527091, 26.303049], [-111.526546, 26.302561], [-111.525487, 26.303524], [-111.524644, 26.302769], [-111.523049, 26.302775], [-111.522025, 26.301858], [-111.519859, 26.302307], [-111.51613, 26.300402], [-111.513581, 26.300412], [-111.515157, 26.298978], [-111.515153, 26.298106], [-111.516737, 26.2981], [-111.51825, 26.299054], [-111.519404, 26.298004], [-111.519399, 26.297045], [-111.520458, 26.296082], [-111.521508, 26.293287], [-111.523092, 26.293281], [-111.525713, 26.294672], [-111.526518, 26.293939], [-111.519807, 26.290798], [-111.517994, 26.289175], [-111.519793, 26.287538], [-111.522766, 26.286759], [-111.521165, 26.285326], [-111.523278, 26.282441], [-111.518162, 26.279294], [-111.517099, 26.279298], [-111.509112, 26.27549], [-111.507614, 26.275495], [-111.50761, 26.274622], [-111.506544, 26.273667], [-111.506539, 26.272632], [-111.507598, 26.27167], [-111.50812, 26.269749], [-111.511814, 26.263981], [-111.51181, 26.263022], [-111.512868, 26.262059], [-111.512863, 26.260707], [-111.51436, 26.260702], [-111.516533, 26.259207], [-111.515412, 26.258203], [-111.510091, 26.256303], [-111.509024, 26.255348], [-111.507431, 26.255354], [-111.506364, 26.254398], [-111.504765, 26.25545], [-111.504772, 26.257281], [-111.503189, 26.257287], [-111.498927, 26.254424], [-111.494773, 26.254439], [-111.494761, 26.251572], [-111.49656, 26.249935], [-111.497626, 26.250891], [-111.498156, 26.25041], [-111.498955, 26.251126], [-111.500067, 26.250115], [-111.501123, 26.248673], [-111.501117, 26.24731], [-111.500051, 26.246354], [-111.50004, 26.243977], [-111.50132, 26.245123], [-111.502073, 26.244919], [-111.504285, 26.242907], [-111.504279, 26.241468], [-111.505242, 26.240592], [-111.507983, 26.240582], [-111.50874, 26.241261], [-111.51001, 26.240105], [-111.509499, 26.244807], [-111.511195, 26.246326], [-111.518026, 26.248699], [-111.51918, 26.247649], [-111.518111, 26.24629], [-111.518094, 26.242378], [-111.519152, 26.241415], [-111.519144, 26.239593], [-111.521267, 26.241494], [-111.522329, 26.24149], [-111.527077, 26.243832], [-111.528717, 26.242339], [-111.528709, 26.240421], [-111.529767, 26.239458], [-111.52975, 26.235717], [-111.531296, 26.237103], [-111.533462, 26.236653], [-111.534528, 26.237609], [-111.536122, 26.237603], [-111.540063, 26.240177], [-111.539228, 26.240937], [-111.539235, 26.242376], [-111.538179, 26.243819], [-111.537134, 26.247583], [-111.538297, 26.248625], [-111.543522, 26.250523], [-111.54354, 26.254273], [-111.544607, 26.255228], [-111.544613, 26.256667], [-111.546801, 26.258625]], [[-111.530827, 26.260162], [-111.533041, 26.258629], [-111.533033, 26.256786], [-111.531336, 26.255267], [-111.529297, 26.255275], [-111.527614, 26.256806], [-111.527622, 26.258649], [-111.529319, 26.260168], [-111.530827, 26.260162]], [[-111.536906, 26.301824], [-111.538769, 26.300128], [-111.536621, 26.297728], [-111.535336, 26.297934], [-111.534488, 26.298705], [-111.536906, 26.301824]]]]}}, {"type": "Feature", "id": 26, "properties": {"id": "20", "politica": "conservacion", "procedencia": "digitalizada"}, "geometry": {"type": "Polygon", "coordinates": [[[-111.756811, 26.286683], [-111.756972, 26.28716], [-111.755946, 26.288252], [-111.755951, 26.289028], [-111.75561, 26.289495], [-111.755614, 26.290088], [-111.7553, 26.29009], [-111.754958, 26.290402], [-111.754097, 26.290407], [-111.753755, 26.290719], [-111.752722, 26.290724], [-111.752379, 26.291037], [-111.751002, 26.291044], [-111.749803, 26.291981], [-111.748942, 26.291986], [-111.748599, 26.292298], [-111.74444, 26.29232], [-111.743921, 26.292012], [-111.741366, 26.292025], [-111.740337, 26.292651], [-111.73982, 26.292654], [-111.738761, 26.293463], [-111.738763, 26.293774], [-111.73808, 26.294709], [-111.738082, 26.295019], [-111.737399, 26.295954], [-111.737402, 26.296419], [-111.737061, 26.296887], [-111.736066, 26.297482], [-111.736054, 26.29565], [-111.734984, 26.294696], [-111.734324, 26.294855], [-111.731568, 26.294714], [-111.72934, 26.296433], [-111.728108, 26.296439], [-111.727446, 26.295849], [-111.727515, 26.295293], [-111.727342, 26.295139], [-111.727783, 26.294581], [-111.727774, 26.293184], [-111.728116, 26.292872], [-111.728111, 26.292096], [-111.728269, 26.291952], [-111.72776, 26.291036], [-111.727757, 26.290415], [-111.726715, 26.289024], [-111.726708, 26.287913], [-111.727049, 26.287445], [-111.727039, 26.285763], [-111.726, 26.284837], [-111.725986, 26.282509], [-111.722524, 26.279577], [-111.722513, 26.27787], [-111.721818, 26.276787], [-111.720778, 26.275706], [-111.720599, 26.27462], [-111.719731, 26.273383], [-111.719554, 26.272608], [-111.717303, 26.270446], [-111.717293, 26.268869], [-111.717634, 26.268402], [-111.717789, 26.265477], [-111.716576, 26.264241], [-111.715954, 26.263223], [-111.716125, 26.263067], [-111.715879, 26.262848], [-111.715843, 26.25695], [-111.714458, 26.255715], [-111.714455, 26.255249], [-111.713934, 26.254476], [-111.713919, 26.251993], [-111.712082, 26.249428], [-111.712253, 26.249272], [-111.711652, 26.247192], [-111.711648, 26.246572], [-111.7113, 26.245952], [-111.711297, 26.245487], [-111.710502, 26.244314], [-111.710772, 26.244068], [-111.710934, 26.24236], [-111.711618, 26.24158], [-111.711344, 26.241206], [-111.711614, 26.240959], [-111.711608, 26.240028], [-111.714002, 26.237378], [-111.713999, 26.236912], [-111.714241, 26.236535], [-111.714066, 26.23607], [-111.714336, 26.235824], [-111.714328, 26.234427], [-111.714665, 26.233339], [-111.714654, 26.231476], [-111.714995, 26.231009], [-111.714988, 26.229767], [-111.715842, 26.228677], [-111.716348, 26.227122], [-111.717514, 26.225747], [-111.718917, 26.225585], [-111.719579, 26.22633], [-111.71959, 26.228217], [-111.719419, 26.228373], [-111.719356, 26.229836], [-111.719529, 26.22999], [-111.719259, 26.230237], [-111.719267, 26.231633], [-111.718931, 26.232877], [-111.718589, 26.233344], [-111.718598, 26.234741], [-111.717914, 26.23552], [-111.717919, 26.236296], [-111.717408, 26.237075], [-111.71724, 26.237852], [-111.715535, 26.240499], [-111.715199, 26.241718], [-111.715546, 26.242182], [-111.715736, 26.24513], [-111.716784, 26.247608], [-111.717478, 26.248536], [-111.71748, 26.248846], [-111.718174, 26.249774], [-111.718524, 26.250703], [-111.719217, 26.251476], [-111.719741, 26.252715], [-111.722514, 26.255805], [-111.72269, 26.256425], [-111.723211, 26.257043], [-111.723218, 26.258285], [-111.723567, 26.259059], [-111.72357, 26.259395], [-111.723228, 26.259862], [-111.723232, 26.260483], [-111.722234, 26.261081], [-111.721176, 26.262045], [-111.721007, 26.262487], [-111.72118, 26.262641], [-111.721188, 26.264038], [-111.721462, 26.264282], [-111.721192, 26.264659], [-111.721541, 26.265433], [-111.721547, 26.266364], [-111.721896, 26.267139], [-111.7219, 26.267759], [-111.722247, 26.268223], [-111.722251, 26.268844], [-111.722945, 26.269772], [-111.722948, 26.270238], [-111.723469, 26.271011], [-111.723487, 26.273805], [-111.725595, 26.275684], [-111.726805, 26.276454], [-111.729718, 26.279206], [-111.73007, 26.280445], [-111.73146, 26.282456], [-111.731462, 26.282766], [-111.732158, 26.283849], [-111.732516, 26.28602], [-111.73324, 26.286821], [-111.73407, 26.286817], [-111.734074, 26.287409], [-111.735835, 26.28867], [-111.736351, 26.288667], [-111.73687, 26.288975], [-111.738047, 26.288969], [-111.738906, 26.288654], [-111.743211, 26.288632], [-111.74407, 26.288317], [-111.744927, 26.287692], [-111.745271, 26.28769], [-111.746985, 26.286439], [-111.747846, 26.286435], [-111.748188, 26.286123], [-111.751115, 26.286107], [-111.751457, 26.285795], [-111.754212, 26.285781], [-111.754554, 26.285469], [-111.756476, 26.285458], [-111.756964, 26.285894], [-111.756811, 26.286683]], [[-111.728887, 26.283428], [-111.729432, 26.282932], [-111.729427, 26.282181], [-111.729049, 26.281844], [-111.728044, 26.281849], [-111.7275, 26.282346], [-111.727503, 26.282942], [-111.728054, 26.283433], [-111.728887, 26.283428]]]}}, {"type": "Feature", "id": 27, "properties": {"id": "21", "politica": "aprovechamiento-sustentable", "procedencia": "digitalizada"}, "geometry": {"type": "Polygon", "coordinates": [[[-111.398959, 26.262686], [-111.397436, 26.26269], [-111.39742, 26.258104], [-111.397758, 26.257797], [-111.397755, 26.256903], [-111.397415, 26.256598], [-111.39741, 26.255221], [-111.395705, 26.252778], [-111.395532, 26.251555], [-111.394171, 26.250641], [-111.393659, 26.249724], [-111.393288, 26.249392], [-111.392949, 26.249393], [-111.392298, 26.248657], [-111.392297, 26.248351], [-111.391274, 26.246824], [-111.391273, 26.246365], [-111.390932, 26.24606], [-111.390931, 26.245754], [-111.390591, 26.245449], [-111.39059, 26.24499], [-111.38998, 26.244291], [-111.390149, 26.244138], [-111.389907, 26.243921], [-111.389906, 26.243591], [-111.390383, 26.243158], [-111.39343, 26.241161], [-111.393939, 26.241007], [-111.395123, 26.240086], [-111.395489, 26.240085], [-111.397189, 26.240998], [-111.397698, 26.240996], [-111.400077, 26.242214], [-111.401096, 26.242517], [-111.401913, 26.242515], [-111.402086, 26.243404], [-111.404812, 26.246762], [-111.404821, 26.249516], [-111.405261, 26.250062], [-111.405092, 26.250216], [-111.405676, 26.251196], [-111.405509, 26.252139], [-111.405171, 26.252446], [-111.403823, 26.255203], [-111.403831, 26.257345], [-111.403423, 26.258328], [-111.403594, 26.258481], [-111.403326, 26.258723], [-111.403328, 26.259308], [-111.40302, 26.259309], [-111.402651, 26.259643], [-111.402921, 26.260319], [-111.402149, 26.261633], [-111.401672, 26.262066], [-111.401332, 26.262067], [-111.400994, 26.262374], [-111.399297, 26.262379], [-111.398959, 26.262686]], [[-111.401111, 26.249998], [-111.400856, 26.249769], [-111.40111, 26.249539], [-111.400582, 26.249066], [-111.399761, 26.249068], [-111.399223, 26.249556], [-111.399226, 26.250296], [-111.399767, 26.250781], [-111.400418, 26.25078], [-111.401111, 26.249998]]]}}, {"type": "Feature", "id": 28, "properties": {"id": "22a", "politica": "preservacion", "procedencia": "digitalizada"}, "geometry": {"type": "Polygon", "coordinates": [[[-111.714329, 26.214028], [-111.71394, 26.213678], [-111.713451, 26.213681], [-111.711974, 26.212355], [-111.709282, 26.212368], [-111.708591, 26.21215], [-111.708095, 26.211082], [-111.706618, 26.209534], [-111.706615, 26.20909], [-111.704603, 26.207504], [-111.70352, 26.207195], [-111.702441, 26.207515], [-111.700973, 26.207522], [-111.700486, 26.207969], [-111.696823, 26.209319], [-111.695361, 26.210437], [-111.693608, 26.210446], [-111.690909, 26.209348], [-111.688739, 26.207177], [-111.688238, 26.205181], [-111.687209, 26.204256], [-111.685739, 26.204041], [-111.684555, 26.203199], [-111.684061, 26.202313], [-111.683806, 26.200537], [-111.682285, 26.199171], [-111.68106, 26.198954], [-111.680613, 26.198553], [-111.680114, 26.197], [-111.678594, 26.195634], [-111.677412, 26.195861], [-111.67668, 26.196309], [-111.673716, 26.199251], [-111.67299, 26.200588], [-111.671086, 26.202111], [-111.670065, 26.201894], [-111.668633, 26.200386], [-111.668384, 26.199721], [-111.668374, 26.197911], [-111.670073, 26.195459], [-111.670067, 26.194349], [-111.670752, 26.193719], [-111.671731, 26.193715], [-111.672749, 26.192781], [-111.673094, 26.192018], [-111.672848, 26.191797], [-111.673473, 26.191001], [-111.673471, 26.190597], [-111.673915, 26.190595], [-111.676639, 26.18832], [-111.676867, 26.185431], [-111.67711, 26.185208], [-111.677098, 26.183208], [-111.678071, 26.182093], [-111.67831, 26.181244], [-111.678755, 26.181242], [-111.679728, 26.180349], [-111.680462, 26.180345], [-111.682904, 26.179445], [-111.685098, 26.178102], [-111.694145, 26.169577], [-111.696575, 26.166899], [-111.696568, 26.165788], [-111.697984, 26.164489], [-111.698961, 26.164262], [-111.699979, 26.163328], [-111.700463, 26.162437], [-111.700455, 26.161105], [-111.700939, 26.160214], [-111.700932, 26.159103], [-111.701418, 26.158656], [-111.701416, 26.158212], [-111.702385, 26.156652], [-111.702376, 26.155097], [-111.705256, 26.153347], [-111.707456, 26.153114], [-111.709202, 26.151287], [-111.709198, 26.150621], [-111.709684, 26.150174], [-111.709682, 26.149771], [-111.712078, 26.14887], [-111.712852, 26.148866], [-111.713836, 26.14975], [-111.71428, 26.149748], [-111.714528, 26.150373], [-111.714053, 26.152629], [-111.712838, 26.153968], [-111.712132, 26.15551], [-111.714864, 26.157964], [-111.715313, 26.157962], [-111.719691, 26.153942], [-111.720465, 26.153938], [-111.720912, 26.154339], [-111.720919, 26.15545], [-111.721413, 26.156114], [-111.721419, 26.157225], [-111.721913, 26.157889], [-111.721921, 26.159221], [-111.722414, 26.159885], [-111.722421, 26.160996], [-111.722914, 26.16166], [-111.722923, 26.162993], [-111.723415, 26.163435], [-111.723422, 26.164545], [-111.723916, 26.165431], [-111.723924, 26.166764], [-111.724418, 26.167428], [-111.724425, 26.168539], [-111.724918, 26.169203], [-111.724925, 26.170313], [-111.725418, 26.170977], [-111.725427, 26.17231], [-111.725919, 26.172752], [-111.725926, 26.173863], [-111.726313, 26.17421], [-111.726069, 26.174434], [-111.726422, 26.174971], [-111.726429, 26.176082], [-111.726922, 26.176745], [-111.726929, 26.177856], [-111.727422, 26.17852], [-111.727429, 26.179631], [-111.728064, 26.180421], [-111.727821, 26.180645], [-111.727932, 26.18185], [-111.728426, 26.182514], [-111.728936, 26.185843], [-111.729429, 26.186507], [-111.729439, 26.188062], [-111.729932, 26.188726], [-111.729945, 26.190758], [-111.729459, 26.191205], [-111.729463, 26.191871], [-111.728494, 26.193431], [-111.728257, 26.194765], [-111.723177, 26.204121], [-111.723179, 26.204565], [-111.722693, 26.205012], [-111.722695, 26.205456], [-111.722209, 26.205903], [-111.722211, 26.206347], [-111.718583, 26.213251], [-111.718141, 26.213657], [-111.714715, 26.213674], [-111.714329, 26.214028]], [[-111.704229, 26.186007], [-111.705003, 26.185296], [-111.704998, 26.18444], [-111.704215, 26.183737], [-111.701564, 26.18375], [-111.701033, 26.184237], [-111.701038, 26.185093], [-111.701575, 26.185575], [-111.702065, 26.185573], [-111.702557, 26.186015], [-111.704229, 26.186007]]]}}, {"type": "Feature", "id": 29, "properties": {"id": "22b", "politica": "conservacion", "procedencia": "digitalizada"}, "geometry": {"type": "Polygon", "coordinates": [[[-111.740827, 26.268836], [-111.738822, 26.268846], [-111.738328, 26.268407], [-111.73788, 26.268409], [-111.737863, 26.265763], [-111.74002, 26.264025], [-111.740757, 26.264021], [-111.741246, 26.263577], [-111.742228, 26.263351], [-111.743736, 26.261759], [-111.743728, 26.260471], [-111.742202, 26.259336], [-111.741258, 26.259341], [-111.740872, 26.259691], [-111.740482, 26.259345], [-111.737779, 26.259359], [-111.736321, 26.258942], [-111.735606, 26.25937], [-111.7302, 26.259398], [-111.729814, 26.259748], [-111.729444, 26.259419], [-111.728728, 26.259847], [-111.727707, 26.259852], [-111.726967, 26.259414], [-111.725493, 26.259421], [-111.725141, 26.259109], [-111.724897, 26.259331], [-111.724507, 26.258985], [-111.723568, 26.25899], [-111.723557, 26.257263], [-111.722567, 26.256164], [-111.722069, 26.255063], [-111.719596, 26.252426], [-111.718599, 26.250224], [-111.71761, 26.249125], [-111.717107, 26.247361], [-111.716119, 26.246483], [-111.71611, 26.244938], [-111.715616, 26.244499], [-111.715591, 26.240488], [-111.716566, 26.239159], [-111.717535, 26.236947], [-111.718023, 26.236503], [-111.718017, 26.235399], [-111.718993, 26.23429], [-111.718982, 26.232524], [-111.719469, 26.231859], [-111.719443, 26.227665], [-111.719932, 26.227221], [-111.719929, 26.226817], [-111.719435, 26.226378], [-111.719427, 26.225016], [-111.720891, 26.223464], [-111.720886, 26.222581], [-111.721373, 26.221916], [-111.721364, 26.220371], [-111.722337, 26.21882], [-111.722321, 26.216208], [-111.720549, 26.214853], [-111.720058, 26.214856], [-111.718824, 26.213979], [-111.718376, 26.213981], [-111.718372, 26.213321], [-111.719348, 26.212213], [-111.719344, 26.21155], [-111.72129, 26.20845], [-111.722258, 26.206017], [-111.724203, 26.202916], [-111.724686, 26.201589], [-111.725175, 26.201145], [-111.725171, 26.200483], [-111.726145, 26.199154], [-111.726628, 26.197827], [-111.727602, 26.196497], [-111.727598, 26.195835], [-111.728572, 26.194505], [-111.728568, 26.193843], [-111.729541, 26.192293], [-111.729531, 26.190792], [-111.730965, 26.192286], [-111.730976, 26.194052], [-111.731472, 26.194711], [-111.731478, 26.195815], [-111.731975, 26.196696], [-111.731983, 26.19802], [-111.732479, 26.19868], [-111.732486, 26.199784], [-111.732877, 26.200131], [-111.732633, 26.200353], [-111.732984, 26.200885], [-111.732991, 26.201989], [-111.733382, 26.202336], [-111.733138, 26.202558], [-111.733487, 26.202869], [-111.733493, 26.203752], [-111.733884, 26.2041], [-111.73364, 26.204322], [-111.733991, 26.204854], [-111.734001, 26.206399], [-111.734495, 26.206838], [-111.734506, 26.208604], [-111.735, 26.209043], [-111.735008, 26.210367], [-111.735504, 26.211027], [-111.735513, 26.212572], [-111.736009, 26.213232], [-111.736019, 26.214777], [-111.736513, 26.215216], [-111.73652, 26.21632], [-111.737014, 26.216759], [-111.737022, 26.218084], [-111.737516, 26.218523], [-111.737524, 26.219847], [-111.738018, 26.220286], [-111.738027, 26.221611], [-111.738521, 26.222049], [-111.738531, 26.223595], [-111.739025, 26.224034], [-111.739033, 26.225358], [-111.739527, 26.225797], [-111.739534, 26.226901], [-111.740028, 26.22734], [-111.740038, 26.228885], [-111.740532, 26.229324], [-111.740539, 26.230428], [-111.741033, 26.230867], [-111.741039, 26.231787], [-111.740553, 26.232672], [-111.738599, 26.234448], [-111.738602, 26.23489], [-111.735918, 26.237774], [-111.73568, 26.239062], [-111.736174, 26.239501], [-111.736177, 26.239943], [-111.736671, 26.240382], [-111.736674, 26.240823], [-111.737168, 26.241262], [-111.737171, 26.241704], [-111.737665, 26.242143], [-111.737668, 26.242584], [-111.738162, 26.243023], [-111.738165, 26.243465], [-111.738659, 26.243904], [-111.738662, 26.244345], [-111.739156, 26.244784], [-111.739159, 26.245226], [-111.739653, 26.245665], [-111.739656, 26.246106], [-111.74015, 26.246545], [-111.741147, 26.248748], [-111.741641, 26.249187], [-111.741644, 26.249628], [-111.742634, 26.250727], [-111.742636, 26.251168], [-111.744125, 26.253368], [-111.744128, 26.25381], [-111.745616, 26.256009], [-111.745619, 26.256451], [-111.747604, 26.259531], [-111.747607, 26.259973], [-111.748101, 26.260412], [-111.748104, 26.260853], [-111.748599, 26.261292], [-111.748607, 26.262614], [-111.748159, 26.262616], [-111.74665, 26.263988], [-111.745185, 26.265541], [-111.745188, 26.265943], [-111.74474, 26.265946], [-111.742298, 26.268387], [-111.740827, 26.268836]], [[-111.730936, 26.226101], [-111.731713, 26.225396], [-111.731707, 26.22455], [-111.731169, 26.224071], [-111.72826, 26.224086], [-111.727728, 26.22457], [-111.727979, 26.225415], [-111.728517, 26.225893], [-111.729009, 26.226111], [-111.730936, 26.226101]]]}}, {"type": "Feature", "id": 30, "properties": {"id": "23", "politica": "aprovechamiento-sustentable", "procedencia": "digitalizada"}, "geometry": {"type": "Polygon", "coordinates": [[[-111.390331, 26.244371], [-111.389936, 26.244372], [-111.388607, 26.243718], [-111.388248, 26.243217], [-111.388314, 26.243157], [-111.388086, 26.242833], [-111.387952, 26.242355], [-111.387819, 26.242236], [-111.387818, 26.242057], [-111.387551, 26.241459], [-111.38755, 26.24122], [-111.387417, 26.241101], [-111.387416, 26.240862], [-111.387283, 26.240742], [-111.387149, 26.240145], [-111.386882, 26.239607], [-111.386881, 26.239308], [-111.386642, 26.238975], [-111.386708, 26.238915], [-111.386614, 26.238831], [-111.386545, 26.237994], [-111.386478, 26.237934], [-111.386474, 26.236738], [-111.386369, 26.236644], [-111.386474, 26.236499], [-111.38634, 26.23626], [-111.386337, 26.235244], [-111.386232, 26.235149], [-111.386298, 26.235089], [-111.386203, 26.234945], [-111.386203, 26.234767], [-111.386467, 26.234766], [-111.386733, 26.235004], [-111.386865, 26.235004], [-111.387197, 26.235242], [-111.38733, 26.235242], [-111.387795, 26.2356], [-111.387928, 26.235599], [-111.38846, 26.235957], [-111.388592, 26.235956], [-111.388991, 26.236194], [-111.389389, 26.236313], [-111.389522, 26.236432], [-111.389721, 26.236432], [-111.390186, 26.236669], [-111.390385, 26.236669], [-111.39085, 26.236907], [-111.391115, 26.236906], [-111.391248, 26.237025], [-111.391646, 26.237024], [-111.391779, 26.237144], [-111.392111, 26.237143], [-111.39231, 26.237262], [-111.393503, 26.237258], [-111.393636, 26.237378], [-111.396742, 26.237369], [-111.396874, 26.237249], [-111.397471, 26.237248], [-111.397603, 26.237128], [-111.398001, 26.237126], [-111.398133, 26.237006], [-111.398399, 26.237006], [-111.39959, 26.236285], [-111.400395, 26.235614], [-111.400395, 26.235494], [-111.400791, 26.235015], [-111.40079, 26.234895], [-111.401055, 26.234596], [-111.401054, 26.234487], [-111.402102, 26.234484], [-111.402102, 26.234662], [-111.401574, 26.235381], [-111.401178, 26.235801], [-111.401112, 26.23598], [-111.400914, 26.23616], [-111.400386, 26.236939], [-111.39987, 26.237468], [-111.398017, 26.23855], [-111.397752, 26.23879], [-111.397355, 26.23897], [-111.397157, 26.23915], [-111.390076, 26.243475], [-111.389871, 26.243661], [-111.390133, 26.244074], [-111.390133, 26.244193], [-111.390331, 26.244371]], [[-111.392112, 26.238871], [-111.391845, 26.238691], [-111.391519, 26.238747], [-111.391309, 26.238938], [-111.391309, 26.239107], [-111.391521, 26.239297], [-111.391908, 26.239296], [-111.392113, 26.23911], [-111.392052, 26.239055], [-111.392112, 26.238871]]]}}, {"type": "Feature", "id": 31, "properties": {"id": "24", "politica": "conservacion", "procedencia": "digitalizada"}, "geometry": {"type": "Polygon", "coordinates": [[[-111.434867, 26.048495], [-111.435642, 26.047788], [-111.439355, 26.047777], [-111.440168, 26.048509], [-111.442194, 26.048503], [-111.443007, 26.049236], [-111.452667, 26.049206], [-111.455092, 26.047728], [-111.456308, 26.047724], [-111.458328, 26.046247], [-111.459544, 26.046243], [-111.460351, 26.045505], [-111.461972, 26.0455], [-111.464398, 26.044022], [-111.466019, 26.044017], [-111.466826, 26.043279], [-111.468852, 26.043272], [-111.46966, 26.042534], [-111.472091, 26.042526], [-111.472898, 26.041788], [-111.47418, 26.041784], [-111.48069, 26.04838], [-111.485898, 26.051605], [-111.485902, 26.052708], [-111.486716, 26.05344], [-111.486721, 26.054599], [-111.482683, 26.058289], [-111.48188, 26.06013], [-111.481891, 26.062704], [-111.480351, 26.06448], [-111.478324, 26.064487], [-111.476709, 26.065963], [-111.475832, 26.065966], [-111.475255, 26.065446], [-111.474683, 26.065969], [-111.473467, 26.065973], [-111.471446, 26.067451], [-111.468138, 26.067461], [-111.467561, 26.066942], [-111.465775, 26.068204], [-111.464154, 26.06821], [-111.463346, 26.068948], [-111.459702, 26.069694], [-111.457276, 26.071173], [-111.453156, 26.071186], [-111.449092, 26.068257], [-111.444295, 26.068272], [-111.441466, 26.070487], [-111.438629, 26.070495], [-111.434587, 26.073449], [-111.430536, 26.074196], [-111.425689, 26.078622], [-111.421164, 26.078636], [-111.42079, 26.078299], [-111.419206, 26.079377], [-111.415963, 26.079386], [-111.415155, 26.080124], [-111.413129, 26.08013], [-111.412321, 26.080867], [-111.410294, 26.080873], [-111.409486, 26.081611], [-111.407798, 26.081615], [-111.406172, 26.080149], [-111.405435, 26.080151], [-111.405432, 26.079483], [-111.404545, 26.078683], [-111.400928, 26.077988], [-111.399748, 26.078697], [-111.396505, 26.078706], [-111.392867, 26.081657], [-111.391651, 26.08166], [-111.387941, 26.085413], [-111.387541, 26.086885], [-111.387557, 26.091665], [-111.386752, 26.093438], [-111.382707, 26.093817], [-111.3823, 26.09345], [-111.378246, 26.093461], [-111.377094, 26.092729], [-111.376285, 26.093466], [-111.375069, 26.093469], [-111.37176, 26.09575], [-111.370955, 26.097535], [-111.373401, 26.101941], [-111.373422, 26.108614], [-111.373018, 26.108983], [-111.373023, 26.110453], [-111.369794, 26.115241], [-111.369397, 26.11776], [-111.37103, 26.121432], [-111.372077, 26.122377], [-111.37144, 26.122958], [-111.370655, 26.130992], [-111.372288, 26.134665], [-111.372293, 26.136135], [-111.372934, 26.136713], [-111.37253, 26.137082], [-111.37311, 26.137971], [-111.373121, 26.141336], [-111.369916, 26.144258], [-111.3707, 26.145331], [-111.370709, 26.148327], [-111.369499, 26.150169], [-111.369735, 26.15106], [-111.369098, 26.15164], [-111.369102, 26.153055], [-111.371546, 26.156358], [-111.371956, 26.157828], [-111.371587, 26.159695], [-111.371968, 26.16156], [-111.371566, 26.162608], [-111.373023, 26.164654], [-111.372618, 26.165023], [-111.372797, 26.167017], [-111.374831, 26.16885], [-111.374834, 26.169953], [-111.376056, 26.17142], [-111.376062, 26.173314], [-111.375658, 26.173683], [-111.376083, 26.179876], [-111.378122, 26.183179], [-111.379577, 26.18449], [-111.379173, 26.184859], [-111.379348, 26.185805], [-111.377811, 26.187206], [-111.377806, 26.185809], [-111.376992, 26.185076], [-111.375767, 26.182506], [-111.374546, 26.181406], [-111.373319, 26.1781], [-111.372431, 26.177301], [-111.37162, 26.177303], [-111.368206, 26.174593], [-111.368611, 26.174224], [-111.367216, 26.172601], [-111.367382, 26.170551], [-111.3668, 26.169294], [-111.365913, 26.168494], [-111.363958, 26.168499], [-111.363956, 26.16783], [-111.363143, 26.167097], [-111.363139, 26.165994], [-111.362326, 26.165261], [-111.362322, 26.164169], [-111.36306, 26.164167], [-111.363942, 26.163363], [-111.364341, 26.161223], [-111.365485, 26.16122], [-111.366769, 26.159367], [-111.365508, 26.158231], [-111.363931, 26.159668], [-111.363689, 26.156957], [-111.362294, 26.154967], [-111.362291, 26.153864], [-111.360836, 26.152553], [-111.361241, 26.152184], [-111.359847, 26.150561], [-111.359845, 26.14977], [-111.362271, 26.147558], [-111.362673, 26.14651], [-111.361378, 26.144975], [-111.360567, 26.144978], [-111.359828, 26.144311], [-111.359826, 26.143576], [-111.359185, 26.142998], [-111.359589, 26.142629], [-111.357378, 26.138802], [-111.357374, 26.137699], [-111.356734, 26.137122], [-111.357138, 26.136753], [-111.356558, 26.135863], [-111.356551, 26.133657], [-111.355094, 26.131243], [-111.355731, 26.130662], [-111.355725, 26.128824], [-111.356937, 26.12735], [-111.356529, 26.126304], [-111.356925, 26.123362], [-111.355292, 26.122196], [-111.352463, 26.125144], [-111.350455, 26.125149], [-111.351423, 26.124267], [-111.351246, 26.122641], [-111.349212, 26.12044], [-111.349207, 26.118601], [-111.347174, 26.116768], [-111.347574, 26.11494], [-111.348783, 26.114937], [-111.349596, 26.11567], [-111.353179, 26.115662], [-111.354061, 26.114857], [-111.354057, 26.113442], [-111.351138, 26.111177], [-111.350401, 26.111179], [-111.350399, 26.11051], [-111.349512, 26.10971], [-111.347483, 26.10898], [-111.345456, 26.108985], [-111.344643, 26.108251], [-111.343021, 26.108255], [-111.342208, 26.107522], [-111.341065, 26.107524], [-111.341459, 26.10349], [-111.343448, 26.10094], [-111.342592, 26.100168], [-111.341449, 26.10017], [-111.341041, 26.099135], [-111.341039, 26.098344], [-111.342421, 26.096347], [-111.341768, 26.095758], [-111.338193, 26.095766], [-111.337779, 26.092837], [-111.338588, 26.0921], [-111.338584, 26.090703], [-111.340542, 26.092162], [-111.343849, 26.089146], [-111.344251, 26.08773], [-111.342144, 26.085463], [-111.341001, 26.085465], [-111.340997, 26.084061], [-111.340183, 26.08296], [-111.34018, 26.081802], [-111.340915, 26.081132], [-111.341792, 26.08113], [-111.342605, 26.081863], [-111.343349, 26.081861], [-111.344158, 26.081124], [-111.346656, 26.081118], [-111.347801, 26.082151], [-111.347805, 26.083254], [-111.348658, 26.084024], [-111.349507, 26.08325], [-111.348866, 26.08236], [-111.350238, 26.081109], [-111.351925, 26.081105], [-111.354362, 26.08257], [-111.355504, 26.082567], [-111.355506, 26.083236], [-111.356393, 26.084035], [-111.357137, 26.084034], [-111.357946, 26.083296], [-111.360371, 26.08329], [-111.360373, 26.083959], [-111.361226, 26.084729], [-111.362075, 26.083955], [-111.362073, 26.083286], [-111.365242, 26.083278], [-111.366124, 26.082474], [-111.366122, 26.081805], [-111.369696, 26.081796], [-111.371549, 26.080474], [-111.372192, 26.081054], [-111.373408, 26.081051], [-111.374221, 26.081784], [-111.374966, 26.081782], [-111.375774, 26.081045], [-111.377056, 26.081042], [-111.37926, 26.083396], [-111.380311, 26.082437], [-111.380309, 26.081768], [-111.385099, 26.081756], [-111.386313, 26.081017], [-111.386962, 26.080425], [-111.385936, 26.0795], [-111.385161, 26.080207], [-111.383878, 26.08021], [-111.383065, 26.079477], [-111.381849, 26.07948], [-111.381036, 26.078747], [-111.379894, 26.07875], [-111.379892, 26.078082], [-111.377786, 26.07655], [-111.377042, 26.076552], [-111.376234, 26.077289], [-111.375018, 26.077292], [-111.374209, 26.07803], [-111.372117, 26.078035], [-111.371304, 26.077302], [-111.369749, 26.077306], [-111.36894, 26.078043], [-111.364484, 26.07879], [-111.363675, 26.079527], [-111.361583, 26.079533], [-111.361209, 26.079196], [-111.359151, 26.079539], [-111.357117, 26.077338], [-111.355582, 26.077342], [-111.357358, 26.075722], [-111.356705, 26.075133], [-111.355323, 26.076086], [-111.354916, 26.075719], [-111.354502, 26.076097], [-111.354678, 26.077344], [-111.353941, 26.077346], [-111.353059, 26.07815], [-111.353061, 26.078818], [-111.35071, 26.078824], [-111.350701, 26.075961], [-111.352654, 26.075956], [-111.353708, 26.074995], [-111.352329, 26.073751], [-111.355316, 26.073898], [-111.356699, 26.073005], [-111.359941, 26.072997], [-111.36244, 26.070718], [-111.374961, 26.057083], [-111.386676, 26.045655], [-111.386674, 26.044986], [-111.38741, 26.044984], [-111.392734, 26.039756], [-111.395155, 26.03644], [-111.395151, 26.035337], [-111.396686, 26.033936], [-111.396691, 26.035333], [-111.400831, 26.0398], [-111.41575, 26.039758], [-111.415759, 26.042265], [-111.417052, 26.043431], [-111.420699, 26.04342], [-111.421512, 26.044153], [-111.426374, 26.044139], [-111.427188, 26.044872], [-111.430024, 26.044863], [-111.430837, 26.045596], [-111.432458, 26.045592], [-111.434867, 26.048495]], [[-111.367287, 26.075145], [-111.366431, 26.074373], [-111.365048, 26.075326], [-111.364235, 26.074593], [-111.363619, 26.075155], [-111.364442, 26.075897], [-111.365048, 26.075344], [-111.365861, 26.076077], [-111.367287, 26.075145]], [[-111.397452, 26.069008], [-111.398674, 26.067893], [-111.398021, 26.067304], [-111.397446, 26.067152], [-111.396638, 26.067889], [-111.39542, 26.067158], [-111.394773, 26.067748], [-111.395628, 26.068829], [-111.396876, 26.068488], [-111.397452, 26.069008]], [[-111.42835, 26.048545], [-111.428999, 26.047953], [-111.427566, 26.046661], [-111.42696, 26.047214], [-111.425911, 26.046268], [-111.425166, 26.04627], [-111.424316, 26.047047], [-111.425172, 26.047819], [-111.427198, 26.047813], [-111.42835, 26.048545]], [[-111.429039, 26.061565], [-111.430898, 26.060236], [-111.430893, 26.058821], [-111.430006, 26.058021], [-111.42683, 26.05803], [-111.425949, 26.058835], [-111.426359, 26.060249], [-111.427416, 26.061202], [-111.428462, 26.061045], [-111.429039, 26.061565]]]}}, {"type": "Feature", "id": 32, "properties": {"id": "25", "politica": "conservacion", "procedencia": "digitalizada"}, "geometry": {"type": "Polygon", "coordinates": [[[-111.615194, 26.265298], [-111.615183, 26.263112], [-111.613843, 26.26191], [-111.61137, 26.262449], [-111.610086, 26.259683], [-111.606782, 26.256717], [-111.599781, 26.253295], [-111.597346, 26.253305], [-111.595968, 26.254566], [-111.595988, 26.258487], [-111.592929, 26.2585], [-111.589764, 26.260239], [-111.588391, 26.260244], [-111.585205, 26.257957], [-111.581391, 26.256822], [-111.578843, 26.255107], [-111.573243, 26.254554], [-111.573226, 26.251226], [-111.577023, 26.251211], [-111.580209, 26.253498], [-111.583278, 26.253486], [-111.584294, 26.252558], [-111.582107, 26.250022], [-111.582093, 26.247146], [-111.579542, 26.244856], [-111.579522, 26.240829], [-111.578131, 26.23958], [-111.568109, 26.239045], [-111.571134, 26.23628], [-111.573672, 26.23627], [-111.575571, 26.235112], [-111.579379, 26.235097], [-111.580642, 26.233941], [-111.58445, 26.233926], [-111.585465, 26.232997], [-111.583279, 26.230461], [-111.583259, 26.226453], [-111.588321, 26.225858], [-111.591402, 26.228146], [-111.593412, 26.226307], [-111.595567, 26.222603], [-111.593267, 26.220538], [-111.587025, 26.218263], [-111.587014, 26.216067], [-111.584465, 26.213777], [-111.584428, 26.206318], [-111.588113, 26.205153], [-111.589757, 26.203071], [-111.588095, 26.201579], [-111.583132, 26.201024], [-111.583127, 26.199978], [-111.581736, 26.198729], [-111.576649, 26.196449], [-111.572958, 26.196463], [-111.57293, 26.19073], [-111.575456, 26.188419], [-111.575451, 26.187355], [-111.574061, 26.186106], [-111.572907, 26.186111], [-111.572888, 26.182207], [-111.578586, 26.182185], [-111.579861, 26.18333], [-111.582929, 26.183317], [-111.58546, 26.182157], [-111.586838, 26.180896], [-111.587444, 26.175247], [-111.588597, 26.175242], [-111.590604, 26.172915], [-111.588055, 26.170625], [-111.588044, 26.168324], [-111.586387, 26.166835], [-111.584223, 26.16766], [-111.582845, 26.16892], [-111.582851, 26.169966], [-111.581697, 26.169971], [-111.576006, 26.173445], [-111.570308, 26.173467], [-111.570303, 26.172422], [-111.567755, 26.170131], [-111.56774, 26.167169], [-111.568372, 26.166591], [-111.567718, 26.162567], [-111.571147, 26.160009], [-111.569486, 26.158516], [-111.562625, 26.158543], [-111.562614, 26.156261], [-111.563877, 26.155105], [-111.563869, 26.153466], [-111.562595, 26.152321], [-111.562584, 26.150038], [-111.566268, 26.148874], [-111.569808, 26.145635], [-111.568148, 26.144142], [-111.563821, 26.143584], [-111.563808, 26.140831], [-111.564961, 26.140826], [-111.566224, 26.139671], [-111.571928, 26.139073], [-111.5752, 26.13608], [-111.575191, 26.134354], [-111.577035, 26.13209], [-111.574422, 26.130313], [-111.567554, 26.130915], [-111.561128, 26.137372], [-111.558611, 26.141408], [-111.558616, 26.142454], [-111.554932, 26.143618], [-111.547977, 26.148246], [-111.544705, 26.151239], [-111.543449, 26.154015], [-111.542296, 26.15402], [-111.540401, 26.155752], [-111.533435, 26.158079], [-111.52774, 26.160976], [-111.523203, 26.165123], [-111.521947, 26.167899], [-111.520794, 26.167903], [-111.51953, 26.169058], [-111.515621, 26.169072], [-111.511925, 26.167935], [-111.511915, 26.165653], [-111.513179, 26.164498], [-111.513166, 26.161622], [-111.51443, 26.160467], [-111.51441, 26.155866], [-111.518192, 26.150676], [-111.527035, 26.142591], [-111.530814, 26.136825], [-111.530801, 26.13395], [-111.532064, 26.132795], [-111.532059, 26.131749], [-111.533212, 26.131745], [-111.534211, 26.130831], [-111.534847, 26.131404], [-111.543983, 26.129979], [-111.552208, 26.125921], [-111.557365, 26.11947], [-111.557346, 26.115548], [-111.558499, 26.115544], [-111.559762, 26.114389], [-111.562298, 26.114379], [-111.566158, 26.112002], [-111.56418, 26.110222], [-111.562272, 26.10908], [-111.558572, 26.109094], [-111.552891, 26.114292], [-111.547193, 26.11604], [-111.538977, 26.121822], [-111.536337, 26.121832], [-111.53443, 26.120689], [-111.530741, 26.120703], [-111.530718, 26.115631], [-111.526901, 26.112769], [-111.526891, 26.110468], [-111.525502, 26.109218], [-111.524338, 26.109222], [-111.523075, 26.110377], [-111.519905, 26.110389], [-111.518527, 26.111649], [-111.517921, 26.117978], [-111.517024, 26.119376], [-111.517946, 26.12373], [-111.516054, 26.126037], [-111.515435, 26.12949], [-111.513541, 26.131223], [-111.51355, 26.133437], [-111.51737, 26.136874], [-111.516749, 26.139839], [-111.513703, 26.142046], [-111.511063, 26.142055], [-111.506611, 26.139195], [-111.504813, 26.139201], [-111.502915, 26.140358], [-111.50039, 26.140367], [-111.500381, 26.138171], [-111.499108, 26.137025], [-111.4991, 26.1353], [-111.497181, 26.134051], [-111.495803, 26.135311], [-111.494554, 26.139917], [-111.491505, 26.141548], [-111.490127, 26.142808], [-111.490131, 26.143853], [-111.487721, 26.143862], [-111.48708, 26.142243], [-111.487703, 26.139365], [-111.486425, 26.137069], [-111.486408, 26.132956], [-111.487671, 26.131801], [-111.48765, 26.12674], [-111.489178, 26.128115], [-111.492348, 26.128104], [-111.49298, 26.127527], [-111.493935, 26.128386], [-111.495261, 26.127174], [-111.495257, 26.12611], [-111.491958, 26.123141], [-111.491428, 26.123143], [-111.484997, 26.129021], [-111.484376, 26.132359], [-111.482212, 26.130411], [-111.481201, 26.131334], [-111.481211, 26.133635], [-111.479433, 26.135837], [-111.47753, 26.135843], [-111.475633, 26.137], [-111.472992, 26.137009], [-111.471085, 26.135865], [-111.468664, 26.135872], [-111.468632, 26.127925], [-111.465971, 26.125528], [-111.464818, 26.125532], [-111.464812, 26.123911], [-111.463539, 26.122764], [-111.463528, 26.119802], [-111.464789, 26.118073], [-111.473633, 26.109991], [-111.473615, 26.105476], [-111.472278, 26.104273], [-111.470952, 26.105485], [-111.470957, 26.106635], [-111.469066, 26.109517], [-111.465276, 26.112981], [-111.46528, 26.114131], [-111.463385, 26.115863], [-111.460238, 26.121625], [-111.461242, 26.123016], [-111.460883, 26.124412], [-111.462158, 26.126134], [-111.46281, 26.130819], [-111.460917, 26.133126], [-111.461562, 26.136], [-111.457144, 26.141191], [-111.456529, 26.146265], [-111.45095, 26.146857], [-111.45157, 26.142934], [-111.44929, 26.139734], [-111.453077, 26.135121], [-111.449625, 26.132011], [-111.449621, 26.130861], [-111.448232, 26.12961], [-111.44506, 26.129045], [-111.441247, 26.126756], [-111.43946, 26.126762], [-111.439449, 26.123904], [-111.441343, 26.121597], [-111.441334, 26.119297], [-111.443227, 26.11699], [-111.443219, 26.114689], [-111.44511, 26.111808], [-111.444472, 26.110746], [-111.444459, 26.107313], [-111.445611, 26.107309], [-111.45004, 26.104995], [-111.456477, 26.100269], [-111.456743, 26.099448], [-111.455085, 26.097954], [-111.453921, 26.097958], [-111.451394, 26.100266], [-111.448858, 26.100274], [-111.441166, 26.108455], [-111.439301, 26.118239], [-111.437405, 26.11997], [-111.437418, 26.123421], [-111.433672, 26.126265], [-111.435899, 26.128272], [-111.434319, 26.129714], [-111.436552, 26.133446], [-111.435604, 26.134312], [-111.438738, 26.137135], [-111.439378, 26.138859], [-111.439396, 26.143547], [-111.438136, 26.145851], [-111.438142, 26.147472], [-111.436989, 26.147476], [-111.433192, 26.149788], [-111.430667, 26.149795], [-111.430027, 26.148176], [-111.430287, 26.145544], [-111.429378, 26.144152], [-111.42935, 26.136675], [-111.427058, 26.134036], [-111.426047, 26.134959], [-111.426051, 26.136005], [-111.424263, 26.13601], [-111.4223, 26.137803], [-111.424913, 26.140157], [-111.426066, 26.140154], [-111.426086, 26.145801], [-111.427363, 26.148098], [-111.428018, 26.153934], [-111.421814, 26.160175], [-111.419173, 26.160182], [-111.416743, 26.157993], [-111.41419, 26.153399], [-111.414174, 26.148798], [-111.412897, 26.146501], [-111.410289, 26.14415], [-111.408331, 26.146514], [-111.409615, 26.151025], [-111.409634, 26.156288], [-111.408484, 26.157337], [-111.402778, 26.157928], [-111.395813, 26.161399], [-111.390635, 26.161413], [-111.388728, 26.160268], [-111.386295, 26.160274], [-111.384283, 26.16211], [-111.384294, 26.165456], [-111.378704, 26.166621], [-111.375538, 26.168355], [-111.373647, 26.16836], [-111.371726, 26.162718], [-111.372345, 26.158115], [-111.369796, 26.154095], [-111.369783, 26.149983], [-111.371046, 26.148254], [-111.371037, 26.145464], [-111.370035, 26.144561], [-111.373559, 26.14077], [-111.372907, 26.135106], [-111.370993, 26.13166], [-111.370977, 26.126397], [-111.371609, 26.12582], [-111.371868, 26.122699], [-111.369683, 26.118434], [-111.370305, 26.11432], [-111.373458, 26.109135], [-111.373433, 26.101169], [-111.371524, 26.098873], [-111.372147, 26.095334], [-111.375828, 26.093129], [-111.385972, 26.093677], [-111.388248, 26.090446], [-111.387962, 26.085514], [-111.388592, 26.084362], [-111.396698, 26.078693], [-111.399231, 26.078111], [-111.405042, 26.07867], [-111.408855, 26.081535], [-111.414449, 26.079793], [-111.416985, 26.079786], [-111.419516, 26.078628], [-111.423955, 26.079191], [-111.430908, 26.073993], [-111.433443, 26.073986], [-111.43597, 26.071678], [-111.4385, 26.070519], [-111.441036, 26.070512], [-111.444196, 26.068201], [-111.450003, 26.068183], [-111.454451, 26.071045], [-111.456882, 26.071038], [-111.460678, 26.0693], [-111.46258, 26.069294], [-111.463843, 26.06814], [-111.465744, 26.068133], [-111.467007, 26.066979], [-111.470178, 26.067544], [-111.472075, 26.066387], [-111.476508, 26.065798], [-111.479036, 26.064064], [-111.480304, 26.064059], [-111.482313, 26.062223], [-111.482299, 26.058772], [-111.486716, 26.054155], [-111.486078, 26.053093], [-111.486063, 26.049556], [-111.489738, 26.046772], [-111.491006, 26.046768], [-111.495431, 26.044452], [-111.499864, 26.043862], [-111.502504, 26.041447], [-111.502492, 26.038571], [-111.506281, 26.035682], [-111.506267, 26.032336], [-111.507419, 26.032332], [-111.508417, 26.031418], [-111.509053, 26.031991], [-111.513749, 26.031159], [-111.52007, 26.027685], [-111.523965, 26.022965], [-111.523955, 26.020664], [-111.526479, 26.018354], [-111.526474, 26.017309], [-111.527626, 26.017304], [-111.530149, 26.014995], [-111.531414, 26.014415], [-111.53964, 26.014959], [-111.539645, 26.016005], [-111.541556, 26.018299], [-111.542944, 26.019548], [-111.544095, 26.019544], [-111.545375, 26.022311], [-111.549944, 26.026424], [-111.552363, 26.026415], [-111.552368, 26.027461], [-111.55337, 26.028363], [-111.551746, 26.02985], [-111.55112, 26.031578], [-111.551759, 26.03264], [-111.551147, 26.037243], [-111.553058, 26.039537], [-111.553075, 26.043074], [-111.552444, 26.043652], [-111.552463, 26.047678], [-111.550573, 26.049986], [-111.55058, 26.051625], [-111.554398, 26.055062], [-111.555043, 26.05736], [-111.557704, 26.059755], [-111.563301, 26.061459], [-111.563328, 26.067192], [-111.557015, 26.072393], [-111.557026, 26.074589], [-111.550169, 26.074616], [-111.548163, 26.076942], [-111.550191, 26.07934], [-111.554633, 26.080473], [-111.556427, 26.082087], [-111.556438, 26.084388], [-111.558998, 26.089555], [-111.558383, 26.093583], [-111.561048, 26.096553], [-111.564114, 26.096541], [-111.564745, 26.095964], [-111.57309, 26.095931], [-111.574994, 26.096498], [-111.577536, 26.097639], [-111.58252, 26.103266], [-111.58318, 26.108526], [-111.58003, 26.112565], [-111.579454, 26.114825], [-111.580055, 26.117655], [-111.583888, 26.123391], [-111.583279, 26.12857], [-111.589015, 26.134299], [-111.589669, 26.138409], [-111.587787, 26.142442], [-111.587795, 26.144081], [-111.589185, 26.145331], [-111.593625, 26.145313], [-111.59542, 26.146926], [-111.595429, 26.148651], [-111.597346, 26.151519], [-111.606898, 26.158957], [-111.606907, 26.160682], [-111.608297, 26.161931], [-111.610722, 26.162496], [-111.610733, 26.164692], [-111.612008, 26.165837], [-111.612028, 26.169845], [-111.608338, 26.169861], [-111.605698, 26.172277], [-111.60571, 26.174578], [-111.604562, 26.175628], [-111.600756, 26.175644], [-111.597481, 26.178063], [-111.596853, 26.179216], [-111.596876, 26.183731], [-111.598156, 26.186026], [-111.598165, 26.187752], [-111.602001, 26.193487], [-111.602061, 26.205077], [-111.600797, 26.206232], [-111.600812, 26.209022], [-111.60284, 26.210843], [-111.604744, 26.210835], [-111.605903, 26.211876], [-111.607181, 26.213596], [-111.607193, 26.215897], [-111.609743, 26.218187], [-111.609761, 26.221724], [-111.605975, 26.225766], [-111.605995, 26.229706], [-111.611076, 26.234267], [-111.607404, 26.234283], [-111.605397, 26.236697], [-111.606079, 26.24581], [-111.609383, 26.248776], [-111.610653, 26.248771], [-111.611928, 26.249916], [-111.614986, 26.249903], [-111.614998, 26.252099], [-111.618941, 26.255637], [-111.622124, 26.257349], [-111.627727, 26.258475], [-111.627733, 26.259521], [-111.630264, 26.261792], [-111.627861, 26.261803], [-111.627229, 26.262381], [-111.621513, 26.26183], [-111.619617, 26.263564], [-111.617078, 26.263575], [-111.615194, 26.265298]], [[-111.474709, 26.091111], [-111.476087, 26.089852], [-111.476074, 26.086487], [-111.474686, 26.085237], [-111.470986, 26.085249], [-111.468977, 26.087086], [-111.468988, 26.089875], [-111.470376, 26.091126], [-111.474709, 26.091111]]]}}, {"type": "Feature", "id": 33, "properties": {"id": "26", "politica": "conservacion", "procedencia": "digitalizada"}, "geometry": {"type": "Polygon", "coordinates": [[[-111.587043, 26.225218], [-111.585028, 26.225937], [-111.58291, 26.227492], [-111.584573, 26.231867], [-111.585472, 26.23267], [-111.586219, 26.232667], [-111.586226, 26.234073], [-111.580145, 26.234098], [-111.578917, 26.234843], [-111.576456, 26.234853], [-111.57581, 26.23544], [-111.575398, 26.235071], [-111.574818, 26.235599], [-111.571125, 26.235614], [-111.569828, 26.237166], [-111.569835, 26.238587], [-111.571145, 26.239758], [-111.572378, 26.240124], [-111.578868, 26.239728], [-111.578877, 26.241511], [-111.579703, 26.242618], [-111.579714, 26.244838], [-111.580612, 26.245641], [-111.582182, 26.246005], [-111.58261, 26.249637], [-111.583849, 26.251112], [-111.583854, 26.252223], [-111.585083, 26.25332], [-111.581818, 26.253704], [-111.57853, 26.252607], [-111.57647, 26.251135], [-111.573184, 26.250408], [-111.572434, 26.249737], [-111.56748, 26.243836], [-111.567473, 26.242356], [-111.566649, 26.241619], [-111.566642, 26.240139], [-111.565817, 26.239402], [-111.56581, 26.237922], [-111.564986, 26.237185], [-111.564982, 26.236445], [-111.561675, 26.231277], [-111.561671, 26.230537], [-111.560021, 26.228693], [-111.560018, 26.227953], [-111.559194, 26.227216], [-111.55919, 26.226476], [-111.558366, 26.225739], [-111.558362, 26.224999], [-111.556709, 26.222415], [-111.55087, 26.21793], [-111.55005, 26.217934], [-111.547991, 26.216461], [-111.547171, 26.216464], [-111.545523, 26.21499], [-111.539352, 26.211313], [-111.538605, 26.211316], [-111.538601, 26.210272], [-111.536124, 26.206951], [-111.536119, 26.205841], [-111.533641, 26.20215], [-111.533636, 26.201039], [-111.531985, 26.198825], [-111.531981, 26.198085], [-111.527858, 26.19329], [-111.527851, 26.19175], [-111.528431, 26.191223], [-111.52736, 26.190264], [-111.525385, 26.190642], [-111.524557, 26.188861], [-111.520435, 26.184435], [-111.52002, 26.183327], [-111.517961, 26.181484], [-111.516309, 26.178899], [-111.514588, 26.177359], [-111.509654, 26.174416], [-111.502655, 26.168149], [-111.501492, 26.168523], [-111.496161, 26.168542], [-111.494113, 26.169289], [-111.492063, 26.169296], [-111.487978, 26.173011], [-111.481844, 26.177472], [-111.481024, 26.177475], [-111.475297, 26.181194], [-111.474477, 26.181197], [-111.464657, 26.18715], [-111.460561, 26.188643], [-111.458516, 26.19013], [-111.454841, 26.190142], [-111.456395, 26.188731], [-111.458442, 26.187984], [-111.459505, 26.187019], [-111.458847, 26.186429], [-111.457682, 26.186432], [-111.456864, 26.187175], [-111.455568, 26.187179], [-111.4544, 26.186443], [-111.453583, 26.187185], [-111.451056, 26.187193], [-111.44941, 26.185718], [-111.44859, 26.185721], [-111.446944, 26.184246], [-111.446197, 26.184248], [-111.446195, 26.183574], [-111.445544, 26.182992], [-111.446771, 26.181878], [-111.446112, 26.181288], [-111.444127, 26.181294], [-111.443072, 26.182252], [-111.441673, 26.180998], [-111.44002, 26.177672], [-111.439197, 26.176935], [-111.439569, 26.175424], [-111.43812, 26.174126], [-111.437466, 26.17472], [-111.437469, 26.175393], [-111.433868, 26.175404], [-111.435869, 26.173215], [-111.435488, 26.172076], [-111.436711, 26.170222], [-111.436707, 26.169112], [-111.438342, 26.167627], [-111.437683, 26.166726], [-111.437102, 26.167253], [-111.434658, 26.16726], [-111.435639, 26.166369], [-111.435228, 26.166001], [-111.435636, 26.165629], [-111.435052, 26.165105], [-111.435045, 26.163196], [-111.435828, 26.162113], [-111.435211, 26.16156], [-111.435857, 26.160973], [-111.435843, 26.157347], [-111.436831, 26.158232], [-111.437485, 26.157638], [-111.437878, 26.153262], [-111.439852, 26.152516], [-111.441149, 26.150595], [-111.441133, 26.146525], [-111.441542, 26.146153], [-111.441932, 26.140971], [-111.442308, 26.14063], [-111.440687, 26.136964], [-111.440676, 26.134003], [-111.440026, 26.133421], [-111.440435, 26.133049], [-111.439435, 26.131046], [-111.439012, 26.127355], [-111.441053, 26.127348], [-111.443516, 26.128081], [-111.445981, 26.129554], [-111.448031, 26.129547], [-111.449191, 26.130587], [-111.449842, 26.13154], [-111.449229, 26.132097], [-111.449609, 26.132806], [-111.450917, 26.133979], [-111.451664, 26.133977], [-111.45232, 26.136343], [-111.449463, 26.139682], [-111.450052, 26.141316], [-111.450875, 26.142054], [-111.450883, 26.144333], [-111.450072, 26.146497], [-111.450969, 26.147301], [-111.454183, 26.147291], [-111.455, 26.146548], [-111.456296, 26.146544], [-111.458282, 26.149062], [-111.462223, 26.152224], [-111.461814, 26.152596], [-111.4624, 26.153489], [-111.462409, 26.15571], [-111.463059, 26.156292], [-111.462413, 26.156879], [-111.46242, 26.15867], [-111.46307, 26.159253], [-111.461845, 26.160367], [-111.462256, 26.160735], [-111.461611, 26.161322], [-111.461621, 26.163853], [-111.464165, 26.166502], [-111.464985, 26.1665], [-111.466146, 26.167539], [-111.466149, 26.16828], [-111.469517, 26.171666], [-111.4701, 26.171819], [-111.471089, 26.17092], [-111.471975, 26.170918], [-111.473382, 26.172179], [-111.474036, 26.171584], [-111.47362, 26.170165], [-111.468684, 26.16648], [-111.468681, 26.16574], [-111.467858, 26.165003], [-111.467841, 26.160569], [-111.468587, 26.160567], [-111.469445, 26.159787], [-111.468005, 26.158497], [-111.46865, 26.15791], [-111.468643, 26.156119], [-111.46699, 26.152793], [-111.466973, 26.148723], [-111.466076, 26.147919], [-111.464025, 26.147556], [-111.462038, 26.145038], [-111.462022, 26.140908], [-111.463651, 26.137943], [-111.466844, 26.134668], [-111.468065, 26.134664], [-111.468068, 26.135338], [-111.469138, 26.136297], [-111.471425, 26.136134], [-111.473481, 26.137607], [-111.474235, 26.137605], [-111.477099, 26.136115], [-111.478739, 26.13611], [-111.480853, 26.133816], [-111.480841, 26.130929], [-111.482652, 26.132551], [-111.484122, 26.131214], [-111.484119, 26.130474], [-111.48738, 26.126022], [-111.489349, 26.124232], [-111.490576, 26.123488], [-111.492691, 26.12348], [-111.495087, 26.125996], [-111.495097, 26.128209], [-111.492645, 26.128217], [-111.489772, 26.127487], [-111.48861, 26.127861], [-111.487311, 26.129042], [-111.487323, 26.132003], [-111.485691, 26.133859], [-111.486113, 26.136758], [-111.486763, 26.137341], [-111.486118, 26.137928], [-111.486122, 26.138979], [-111.48695, 26.140826], [-111.486959, 26.143047], [-111.488612, 26.144218], [-111.49032, 26.142665], [-111.490317, 26.141992], [-111.4927, 26.141243], [-111.495221, 26.138208], [-111.495618, 26.135246], [-111.496362, 26.13457], [-111.498403, 26.134563], [-111.498412, 26.136716], [-111.499647, 26.137822], [-111.500065, 26.139671], [-111.500962, 26.140475], [-111.503357, 26.140466], [-111.504173, 26.139723], [-111.507109, 26.139713], [-111.509988, 26.141923], [-111.511632, 26.142658], [-111.512796, 26.142653], [-111.51777, 26.138128], [-111.516944, 26.13671], [-111.5144, 26.134432], [-111.513654, 26.134435], [-111.513649, 26.133391], [-111.512826, 26.132654], [-111.512823, 26.131855], [-111.515851, 26.128728], [-111.515439, 26.12836], [-111.516084, 26.127773], [-111.516076, 26.125922], [-111.517706, 26.123696], [-111.517693, 26.120795], [-111.51687, 26.120058], [-111.516865, 26.118889], [-111.518495, 26.116662], [-111.518469, 26.110808], [-111.522083, 26.110425], [-111.523309, 26.10968], [-111.525422, 26.109303], [-111.526585, 26.110712], [-111.527005, 26.112931], [-111.528313, 26.114103], [-111.530291, 26.114466], [-111.531137, 26.120317], [-111.532034, 26.12112], [-111.535314, 26.121108], [-111.537304, 26.122581], [-111.541393, 26.120345], [-111.547112, 26.115883], [-111.548751, 26.115877], [-111.549568, 26.115134], [-111.552025, 26.114754], [-111.554549, 26.112828], [-111.55618, 26.110971], [-111.556177, 26.110297], [-111.558149, 26.10955], [-111.563133, 26.10953], [-111.564776, 26.110264], [-111.565937, 26.111303], [-111.565943, 26.112472], [-111.563154, 26.113897], [-111.561924, 26.113902], [-111.560871, 26.114861], [-111.560254, 26.114308], [-111.556977, 26.116548], [-111.557356, 26.116887], [-111.557368, 26.119537], [-111.556146, 26.121022], [-111.556149, 26.121762], [-111.552552, 26.12578], [-111.546011, 26.129505], [-111.541916, 26.130631], [-111.537407, 26.130648], [-111.536999, 26.131019], [-111.533721, 26.131402], [-111.531604, 26.132956], [-111.529981, 26.136663], [-111.529988, 26.138143], [-111.528361, 26.14111], [-111.524283, 26.145935], [-111.51897, 26.150025], [-111.516935, 26.153363], [-111.514486, 26.155962], [-111.513674, 26.157815], [-111.512883, 26.164479], [-111.511086, 26.167972], [-111.511745, 26.168561], [-111.515025, 26.16855], [-111.515849, 26.169287], [-111.519064, 26.169275], [-111.527229, 26.161104], [-111.528049, 26.161101], [-111.532956, 26.158123], [-111.534187, 26.158118], [-111.535003, 26.157375], [-111.536233, 26.15737], [-111.53705, 26.156627], [-111.53828, 26.156623], [-111.540324, 26.155135], [-111.541144, 26.155132], [-111.544892, 26.151721], [-111.544889, 26.15098], [-111.546447, 26.149191], [-111.550537, 26.146955], [-111.554213, 26.14398], [-111.557486, 26.142487], [-111.558784, 26.141306], [-111.559593, 26.139082], [-111.561226, 26.137596], [-111.561222, 26.136856], [-111.566454, 26.131721], [-111.571778, 26.13059], [-111.575533, 26.130575], [-111.576694, 26.131614], [-111.576702, 26.133153], [-111.575071, 26.13501], [-111.575078, 26.13649], [-111.572294, 26.139025], [-111.568606, 26.13941], [-111.56615, 26.140159], [-111.563625, 26.142086], [-111.563632, 26.143507], [-111.56453, 26.14431], [-111.569378, 26.144661], [-111.569389, 26.146874], [-111.567829, 26.148294], [-111.563326, 26.149792], [-111.562028, 26.150974], [-111.563678, 26.153128], [-111.563688, 26.155038], [-111.562871, 26.155781], [-111.562061, 26.157946], [-111.562959, 26.158749], [-111.564601, 26.159112], [-111.565354, 26.158739], [-111.571088, 26.159087], [-111.571094, 26.160189], [-111.567416, 26.162794], [-111.567421, 26.163845], [-111.568246, 26.164952], [-111.568257, 26.167232], [-111.567446, 26.169026], [-111.569505, 26.170868], [-111.570334, 26.172715], [-111.572466, 26.174254], [-111.574861, 26.174244], [-111.579358, 26.171266], [-111.580178, 26.171262], [-111.584671, 26.167544], [-111.587533, 26.167532], [-111.587544, 26.169686], [-111.590839, 26.172633], [-111.590845, 26.173802], [-111.586759, 26.176779], [-111.586781, 26.18122], [-111.584813, 26.183011], [-111.583993, 26.183015], [-111.58294, 26.183974], [-111.582528, 26.183605], [-111.58065, 26.183768], [-111.578182, 26.182298], [-111.574491, 26.182313], [-111.573667, 26.181576], [-111.572912, 26.181579], [-111.572022, 26.182389], [-111.572029, 26.18381], [-111.572856, 26.185287], [-111.573754, 26.18609], [-111.575323, 26.186454], [-111.575336, 26.189037], [-111.572886, 26.191267], [-111.572309, 26.192535], [-111.572721, 26.192903], [-111.572109, 26.193461], [-111.573317, 26.195647], [-111.574801, 26.196973], [-111.578731, 26.197172], [-111.5812, 26.198642], [-111.582767, 26.198636], [-111.583598, 26.200786], [-111.584496, 26.201589], [-111.588188, 26.201574], [-111.589012, 26.202311], [-111.590981, 26.202303], [-111.589356, 26.203782], [-111.589359, 26.204456], [-111.588612, 26.204459], [-111.586159, 26.205949], [-111.584452, 26.207503], [-111.584466, 26.210463], [-111.58365, 26.211207], [-111.583659, 26.212998], [-111.586129, 26.214838], [-111.586135, 26.215948], [-111.586959, 26.216685], [-111.586963, 26.217425], [-111.588273, 26.218596], [-111.590737, 26.218956], [-111.592381, 26.21969], [-111.594442, 26.221531], [-111.595189, 26.221528], [-111.595202, 26.224111], [-111.593574, 26.226708], [-111.591604, 26.22813], [-111.589897, 26.228137], [-111.587043, 26.225218]], [[-111.437678, 26.16563], [-111.438095, 26.165252], [-111.437676, 26.164875], [-111.437259, 26.165254], [-111.437678, 26.16563]], [[-111.473797, 26.173273], [-111.473143, 26.173867], [-111.473149, 26.17528], [-111.472402, 26.175283], [-111.471103, 26.176464], [-111.47032, 26.177547], [-111.470937, 26.1781], [-111.468487, 26.180699], [-111.469557, 26.181657], [-111.471131, 26.181282], [-111.47399, 26.178312], [-111.475627, 26.177567], [-111.479306, 26.174594], [-111.481014, 26.173041], [-111.481011, 26.172368], [-111.482168, 26.172364], [-111.484693, 26.170069], [-111.485917, 26.168584], [-111.485912, 26.167474], [-111.489998, 26.16376], [-111.48999, 26.161909], [-111.490806, 26.160856], [-111.490147, 26.160266], [-111.489085, 26.161231], [-111.488273, 26.163085], [-111.479693, 26.170885], [-111.47888, 26.172738], [-111.476911, 26.174528], [-111.474458, 26.174536], [-111.474456, 26.173862], [-111.473797, 26.173273]], [[-111.450966, 26.163584], [-111.451856, 26.162774], [-111.452261, 26.161293], [-111.451363, 26.160178], [-111.447326, 26.15982], [-111.445617, 26.161003], [-111.445448, 26.161899], [-111.44734, 26.163595], [-111.450966, 26.163584]], [[-111.453128, 26.182043], [-111.452264, 26.181269], [-111.449459, 26.181277], [-111.4486, 26.182057], [-111.449465, 26.182832], [-111.450628, 26.182458], [-111.45227, 26.182823], [-111.453128, 26.182043]], [[-111.476816, 26.159385], [-111.476195, 26.15995], [-111.476821, 26.16051], [-111.477442, 26.159946], [-111.476816, 26.159385]], [[-111.475392, 26.159953], [-111.474354, 26.159023], [-111.47357, 26.159737], [-111.471518, 26.159373], [-111.470864, 26.159967], [-111.471523, 26.160557], [-111.472278, 26.160555], [-111.472923, 26.159968], [-111.474158, 26.161074], [-111.475392, 26.159953]], [[-111.491984, 26.158239], [-111.493577, 26.15679], [-111.493589, 26.159736], [-111.492367, 26.16159], [-111.492375, 26.163441], [-111.491389, 26.16508], [-111.491809, 26.165456], [-111.49328, 26.164119], [-111.493274, 26.162712], [-111.494262, 26.163597], [-111.494915, 26.163003], [-111.494909, 26.161523], [-111.495318, 26.161151], [-111.494903, 26.160101], [-111.494888, 26.156401], [-111.493236, 26.153816], [-111.493232, 26.152647], [-111.49895, 26.147446], [-111.498942, 26.145655], [-111.498045, 26.144852], [-111.496815, 26.144856], [-111.49517, 26.143751], [-111.493936, 26.144562], [-111.490272, 26.150866], [-111.490282, 26.153397], [-111.491109, 26.154874], [-111.49112, 26.157465], [-111.491984, 26.158239]], [[-111.543283, 26.174367], [-111.544173, 26.173557], [-111.544167, 26.172136], [-111.542857, 26.170964], [-111.538412, 26.17098], [-111.537522, 26.171791], [-111.537528, 26.173212], [-111.538838, 26.174383], [-111.543283, 26.174367]]]}}, {"type": "Feature", "id": 34, "properties": {"id": "27", "politica": "conservacion", "procedencia": "digitalizada"}, "geometry": {"type": "Polygon", "coordinates": [[[-111.523046, 26.015489], [-111.524033, 26.016375], [-111.52406, 26.022467], [-111.522027, 26.025253], [-111.522031, 26.026179], [-111.514478, 26.031216], [-111.509877, 26.031232], [-111.507325, 26.032168], [-111.505705, 26.033646], [-111.505717, 26.036425], [-111.50215, 26.039216], [-111.501656, 26.043301], [-111.500726, 26.043305], [-111.499707, 26.044234], [-111.495617, 26.044248], [-111.492048, 26.046576], [-111.48898, 26.046586], [-111.486341, 26.048994], [-111.486344, 26.049921], [-111.485418, 26.050766], [-111.484312, 26.05077], [-111.479184, 26.047082], [-111.478254, 26.047085], [-111.478251, 26.046243], [-111.473836, 26.041812], [-111.473326, 26.042277], [-111.472813, 26.041815], [-111.47209, 26.042475], [-111.469023, 26.042485], [-111.468004, 26.043414], [-111.465959, 26.043421], [-111.46494, 26.04435], [-111.460853, 26.04529], [-111.459834, 26.046219], [-111.456259, 26.047157], [-111.452687, 26.04902], [-111.441866, 26.049054], [-111.439814, 26.047208], [-111.435724, 26.04722], [-111.434698, 26.046297], [-111.433164, 26.046301], [-111.432138, 26.045378], [-111.430093, 26.045384], [-111.429067, 26.044461], [-111.425488, 26.044472], [-111.422417, 26.043555], [-111.417304, 26.04357], [-111.415858, 26.042268], [-111.415851, 26.040416], [-111.41422, 26.038948], [-111.413282, 26.039413], [-111.411664, 26.038955], [-111.403566, 26.038978], [-111.402035, 26.039908], [-111.400419, 26.039913], [-111.398973, 26.038611], [-111.396406, 26.035377], [-111.396395, 26.032064], [-111.397413, 26.030672], [-111.397408, 26.029282], [-111.398427, 26.028353], [-111.399437, 26.024646], [-111.401471, 26.021399], [-111.401466, 26.020009], [-111.405238, 26.01332], [-111.404725, 26.012858], [-111.407564, 26.009341], [-111.408573, 26.005634], [-111.410315, 26.003581], [-111.410095, 26.002388], [-111.41162, 26.000068], [-111.412123, 25.997751], [-111.41365, 25.995895], [-111.414659, 25.992187], [-111.415678, 25.991258], [-111.415674, 25.989952], [-111.416696, 25.989949], [-111.416689, 25.988013], [-111.418723, 25.985229], [-111.418718, 25.98384], [-111.420751, 25.980592], [-111.420748, 25.979666], [-111.421766, 25.978737], [-111.421761, 25.977348], [-111.42278, 25.976418], [-111.422679, 25.948242], [-111.421651, 25.946393], [-111.421641, 25.943614], [-111.420616, 25.942691], [-111.420608, 25.940375], [-111.419287, 25.939186], [-111.420599, 25.937988], [-111.42059, 25.93521], [-111.421606, 25.933818], [-111.421578, 25.925945], [-111.423321, 25.924355], [-111.421517, 25.923192], [-111.42105, 25.923619], [-111.417902, 25.923628], [-111.415435, 25.921867], [-111.414405, 25.919554], [-111.414394, 25.916313], [-111.413369, 25.915389], [-111.413359, 25.912611], [-111.412333, 25.911224], [-111.412322, 25.907983], [-111.411295, 25.906597], [-111.411259, 25.895945], [-111.410232, 25.894559], [-111.410224, 25.892172], [-111.41115, 25.891327], [-111.415232, 25.890389], [-111.424919, 25.886193], [-111.427556, 25.883786], [-111.429588, 25.881002], [-111.429585, 25.880159], [-111.432639, 25.88015], [-111.442873, 25.88614], [-111.444406, 25.886598], [-111.44994, 25.886581], [-111.459609, 25.878215], [-111.464195, 25.8782], [-111.465245, 25.885523], [-111.466271, 25.886909], [-111.466277, 25.888298], [-111.468338, 25.892922], [-111.478597, 25.904466], [-111.480658, 25.90909], [-111.480174, 25.915575], [-111.481719, 25.918811], [-111.482745, 25.919734], [-111.482748, 25.92066], [-111.483774, 25.921583], [-111.483787, 25.924896], [-111.480738, 25.928611], [-111.48178, 25.93363], [-111.482807, 25.935016], [-111.482835, 25.941962], [-111.486949, 25.948432], [-111.494426, 25.95562], [-111.493206, 25.956734], [-111.488099, 25.957214], [-111.48351, 25.959545], [-111.478835, 25.963349], [-111.478839, 25.964275], [-111.47782, 25.965205], [-111.477826, 25.966594], [-111.4769, 25.967439], [-111.471796, 25.968845], [-111.470267, 25.969777], [-111.466183, 25.970716], [-111.462606, 25.970727], [-111.462097, 25.971192], [-111.455965, 25.971212], [-111.454436, 25.972143], [-111.452392, 25.972149], [-111.448822, 25.974012], [-111.447289, 25.974017], [-111.444444, 25.975684], [-111.443931, 25.975223], [-111.443208, 25.975882], [-111.441164, 25.975888], [-111.439124, 25.976821], [-111.435547, 25.976832], [-111.434528, 25.977761], [-111.431973, 25.977768], [-111.431168, 25.978503], [-111.430655, 25.978041], [-111.429422, 25.978702], [-111.426867, 25.97871], [-111.425248, 25.980651], [-111.423226, 25.986677], [-111.421697, 25.98807], [-111.4217, 25.988913], [-111.420771, 25.988916], [-111.419456, 25.990115], [-111.418217, 25.989386], [-111.4174, 25.990131], [-111.419759, 25.991793], [-111.421292, 25.991789], [-111.423816, 25.994522], [-111.427349, 25.993623], [-111.429904, 25.993616], [-111.430414, 25.993151], [-111.436545, 25.992669], [-111.439096, 25.991736], [-111.441652, 25.991728], [-111.45748, 25.987974], [-111.475878, 25.987915], [-111.486055, 25.97723], [-111.490133, 25.977216], [-111.490165, 25.985005], [-111.491195, 25.986853], [-111.491203, 25.988706], [-111.492229, 25.989628], [-111.492238, 25.991944], [-111.493268, 25.993793], [-111.496439, 25.996644], [-111.503598, 25.997545], [-111.504111, 25.998007], [-111.50556, 25.997539], [-111.511693, 25.997517], [-111.512202, 25.997052], [-111.517906, 25.997032], [-111.518933, 25.997954], [-111.519862, 25.997951], [-111.519866, 25.998793], [-111.520892, 25.999716], [-111.520902, 26.002031], [-111.522959, 26.004802], [-111.523487, 26.008505], [-111.524, 26.008966], [-111.524025, 26.014595], [-111.523046, 26.015489]], [[-111.461775, 26.01945], [-111.465781, 26.019437], [-111.466892, 26.018424], [-111.466883, 26.01618], [-111.465764, 26.015173], [-111.46278, 26.015183], [-111.461669, 26.016197], [-111.460695, 26.018479], [-111.461775, 26.01945]]]}}, {"type": "Feature", "id": 35, "properties": {"id": "28", "politica": "preservacion", "procedencia": "digitalizada"}, "geometry": {"type": "Polygon", "coordinates": [[[-111.397085, 26.237387], [-111.396807, 26.237138], [-111.396638, 26.237292], [-111.395869, 26.237127], [-111.393499, 26.237134], [-111.392916, 26.237302], [-111.392731, 26.237136], [-111.391253, 26.236973], [-111.387925, 26.23565], [-111.386293, 26.234519], [-111.38629, 26.23352], [-111.385997, 26.233258], [-111.386288, 26.232994], [-111.386286, 26.232354], [-111.385252, 26.231262], [-111.385436, 26.231095], [-111.385173, 26.230859], [-111.385171, 26.230359], [-111.383694, 26.229035], [-111.384395, 26.229033], [-111.384782, 26.228682], [-111.384054, 26.227532], [-111.383314, 26.226868], [-111.383313, 26.226508], [-111.384048, 26.225507], [-111.383675, 26.224536], [-111.383673, 26.223703], [-111.381419, 26.222181], [-111.381083, 26.222181], [-111.380711, 26.22138], [-111.379197, 26.220188], [-111.378861, 26.220189], [-111.378489, 26.219221], [-111.378119, 26.218889], [-111.378116, 26.217893], [-111.378452, 26.217892], [-111.379221, 26.217194], [-111.379218, 26.216195], [-111.379553, 26.215891], [-111.380291, 26.215889], [-111.380582, 26.215626], [-111.380874, 26.215888], [-111.38272, 26.215883], [-111.386232, 26.217206], [-111.388975, 26.219499], [-111.389718, 26.22083], [-111.38991, 26.222827], [-111.390313, 26.223189], [-111.390867, 26.223187], [-111.392901, 26.224014], [-111.393454, 26.224013], [-111.394933, 26.224508], [-111.397524, 26.226333], [-111.398634, 26.226996], [-111.39897, 26.226995], [-111.398971, 26.227298], [-111.400823, 26.228958], [-111.401379, 26.229789], [-111.401753, 26.23112], [-111.401761, 26.233311], [-111.401395, 26.234478], [-111.400844, 26.235312], [-111.399405, 26.236618], [-111.398299, 26.23712], [-111.397376, 26.237123], [-111.397085, 26.237387]], [[-111.393554, 26.230576], [-111.394033, 26.230142], [-111.394029, 26.22917], [-111.393626, 26.228808], [-111.392547, 26.228811], [-111.391962, 26.229342], [-111.391964, 26.229981], [-111.392553, 26.230509], [-111.393554, 26.230576]]]}}, {"type": "Feature", "id": 36, "properties": {"id": "29", "politica": "conservacion", "procedencia": "digitalizada"}, "geometry": {"type": "MultiPolygon", "coordinates": [[[[-111.346924, 26.109252], [-111.349255, 26.109246], [-111.353379, 26.112958], [-111.353383, 26.11429], [-111.352537, 26.115059], [-111.345084, 26.115078], [-111.344609, 26.112201], [-111.338449, 26.107496], [-111.337601, 26.107498], [-111.337599, 26.10673], [-111.334709, 26.104128], [-111.331911, 26.104135], [-111.33051, 26.103294], [-111.329196, 26.103297], [-111.329193, 26.102529], [-111.327989, 26.101444], [-111.328722, 26.100777], [-111.329643, 26.096619], [-111.328708, 26.095777], [-111.328233, 26.092402], [-111.327495, 26.091738], [-111.330083, 26.087268], [-111.330076, 26.084735], [-111.330505, 26.084345], [-111.329804, 26.083714], [-111.33193, 26.080933], [-111.329591, 26.078049], [-111.329584, 26.075528], [-111.339831, 26.075504], [-111.342167, 26.077186], [-111.344498, 26.077181], [-111.345161, 26.077778], [-111.347683, 26.076329], [-111.348691, 26.076327], [-111.349626, 26.077169], [-111.350474, 26.077167], [-111.350476, 26.077934], [-111.351496, 26.078852], [-111.353746, 26.077159], [-111.357085, 26.07715], [-111.359424, 26.079677], [-111.36055, 26.079007], [-111.361289, 26.079672], [-111.362612, 26.079669], [-111.363542, 26.078822], [-111.36727, 26.078391], [-111.369131, 26.07712], [-111.372003, 26.077113], [-111.372938, 26.077954], [-111.374259, 26.077107], [-111.37853, 26.077096], [-111.382734, 26.079617], [-111.384514, 26.079612], [-111.384521, 26.081635], [-111.380874, 26.081223], [-111.37921, 26.082739], [-111.376406, 26.080636], [-111.375746, 26.081236], [-111.373339, 26.081242], [-111.372404, 26.080401], [-111.371081, 26.080404], [-111.36895, 26.081921], [-111.368211, 26.081256], [-111.367354, 26.081258], [-111.365495, 26.082951], [-111.363358, 26.082779], [-111.361768, 26.083804], [-111.360293, 26.083808], [-111.358891, 26.082545], [-111.357105, 26.083816], [-111.356098, 26.083818], [-111.354228, 26.082135], [-111.353295, 26.082137], [-111.35096, 26.080877], [-111.34844, 26.082816], [-111.345869, 26.080501], [-111.344044, 26.081315], [-111.341247, 26.081322], [-111.340233, 26.082245], [-111.340039, 26.083268], [-111.341725, 26.085629], [-111.34304, 26.085626], [-111.343518, 26.089758], [-111.34267, 26.08976], [-111.341656, 26.090683], [-111.341658, 26.09145], [-111.338673, 26.091281], [-111.337001, 26.093226], [-111.338675, 26.095511], [-111.337561, 26.096525], [-111.333364, 26.096534], [-111.331885, 26.09788], [-111.331888, 26.099081], [-111.332908, 26.099999], [-111.334307, 26.099996], [-111.335242, 26.100838], [-111.337964, 26.100832], [-111.338978, 26.099909], [-111.339171, 26.098464], [-111.338703, 26.098043], [-111.339401, 26.097408], [-111.3387, 26.096777], [-111.339814, 26.095763], [-111.34167, 26.095758], [-111.341674, 26.097013], [-111.340744, 26.09786], [-111.340746, 26.098639], [-111.342616, 26.100322], [-111.342619, 26.101232], [-111.341689, 26.102078], [-111.341694, 26.103766], [-111.340764, 26.104613], [-111.340769, 26.106658], [-111.341789, 26.107576], [-111.343188, 26.107572], [-111.344123, 26.108414], [-111.345988, 26.10841], [-111.346924, 26.109252]]], [[[-111.443317, 26.209814], [-111.444218, 26.210623], [-111.444222, 26.211878], [-111.439641, 26.212314], [-111.43638, 26.214012], [-111.435371, 26.214015], [-111.434006, 26.21321], [-111.432647, 26.214024], [-111.430313, 26.214031], [-111.426039, 26.217074], [-111.426045, 26.218697], [-111.428389, 26.221644], [-111.428399, 26.224166], [-111.423273, 26.224181], [-111.4214, 26.222498], [-111.418164, 26.220854], [-111.416991, 26.221922], [-111.417196, 26.224199], [-111.415338, 26.224204], [-111.4128, 26.221924], [-111.412056, 26.222602], [-111.412537, 26.226755], [-111.413006, 26.227176], [-111.412554, 26.231463], [-111.409381, 26.23435], [-111.401454, 26.234373], [-111.401915, 26.232694], [-111.401438, 26.229806], [-111.398543, 26.226784], [-111.39293, 26.223423], [-111.391063, 26.223428], [-111.389742, 26.22182], [-111.389269, 26.220133], [-111.385439, 26.21669], [-111.381701, 26.215434], [-111.379368, 26.21544], [-111.378246, 26.214432], [-111.379444, 26.212919], [-111.379441, 26.212075], [-111.380837, 26.210805], [-111.380828, 26.20785], [-111.382188, 26.206613], [-111.381756, 26.206225], [-111.381746, 26.203205], [-111.382671, 26.200671], [-111.382664, 26.19856], [-111.38444, 26.196522], [-111.386772, 26.196094], [-111.388252, 26.194747], [-111.388243, 26.192215], [-111.392897, 26.188404], [-111.392889, 26.185937], [-111.39215, 26.185273], [-111.392848, 26.184638], [-111.392146, 26.184007], [-111.39288, 26.183339], [-111.392874, 26.181716], [-111.39053, 26.178346], [-111.390967, 26.169482], [-111.388357, 26.167135], [-111.388822, 26.166712], [-111.387701, 26.165703], [-111.391879, 26.165692], [-111.393198, 26.166878], [-111.396013, 26.171513], [-111.396017, 26.172779], [-111.397892, 26.175306], [-111.398834, 26.177836], [-111.398842, 26.180368], [-111.401651, 26.182893], [-111.401655, 26.184159], [-111.402393, 26.184823], [-111.40166, 26.18549], [-111.401665, 26.187179], [-111.399345, 26.190984], [-111.399817, 26.192605], [-111.4008, 26.193489], [-111.402626, 26.192674], [-111.407278, 26.18844], [-111.409142, 26.187591], [-111.410542, 26.187587], [-111.41435, 26.184967], [-111.413865, 26.179904], [-111.415457, 26.178455], [-111.41451, 26.177604], [-111.413394, 26.17862], [-111.413383, 26.175328], [-111.41151, 26.173645], [-111.411491, 26.168159], [-111.410555, 26.167317], [-111.410536, 26.16183], [-111.409798, 26.161167], [-111.410531, 26.160499], [-111.41052, 26.157188], [-111.409578, 26.154658], [-111.409566, 26.151282], [-111.408629, 26.150018], [-111.408617, 26.146577], [-111.409278, 26.145974], [-111.409537, 26.14286], [-111.412251, 26.1453], [-111.413659, 26.147828], [-111.41413, 26.149093], [-111.414145, 26.153314], [-111.415085, 26.155421], [-111.419581, 26.160304], [-111.421641, 26.159699], [-111.424515, 26.157082], [-111.42451, 26.155892], [-111.425359, 26.15589], [-111.428231, 26.15285], [-111.428222, 26.150384], [-111.427286, 26.149542], [-111.42728, 26.147854], [-111.426344, 26.147013], [-111.426323, 26.141104], [-111.424834, 26.139766], [-111.422585, 26.13935], [-111.422576, 26.136905], [-111.425287, 26.136053], [-111.426301, 26.13513], [-111.426297, 26.13394], [-111.427687, 26.133936], [-111.428538, 26.134701], [-111.429522, 26.148626], [-111.430973, 26.14993], [-111.433266, 26.149535], [-111.437258, 26.146746], [-111.437726, 26.147166], [-111.43847, 26.146489], [-111.438462, 26.144379], [-111.439389, 26.142688], [-111.439372, 26.13811], [-111.436476, 26.134666], [-111.434707, 26.134672], [-111.436053, 26.133445], [-111.435622, 26.133057], [-111.435614, 26.130947], [-111.434678, 26.130106], [-111.434673, 26.128774], [-111.435601, 26.127505], [-111.434855, 26.124797], [-111.437448, 26.122435], [-111.437437, 26.11948], [-111.439296, 26.117787], [-111.439286, 26.115254], [-111.440216, 26.114407], [-111.440203, 26.111031], [-111.441133, 26.110184], [-111.441125, 26.108074], [-111.444841, 26.104264], [-111.444836, 26.102998], [-111.44754, 26.100533], [-111.448473, 26.10053], [-111.449402, 26.099683], [-111.451267, 26.099678], [-111.45228, 26.098754], [-111.452277, 26.097986], [-111.456381, 26.097973], [-111.455927, 26.101264], [-111.455079, 26.101267], [-111.453685, 26.102537], [-111.452288, 26.102964], [-111.450429, 26.104658], [-111.44717, 26.105934], [-111.443833, 26.108975], [-111.444313, 26.112772], [-111.443386, 26.114041], [-111.443392, 26.115729], [-111.441073, 26.119113], [-111.441084, 26.122067], [-111.439225, 26.123761], [-111.439237, 26.127137], [-111.438809, 26.127528], [-111.441609, 26.137616], [-111.441192, 26.150766], [-111.440262, 26.151613], [-111.440265, 26.152381], [-111.438212, 26.15221], [-111.437468, 26.152888], [-111.437473, 26.154154], [-111.436081, 26.156269], [-111.435644, 26.164289], [-111.433588, 26.166162], [-111.434535, 26.167013], [-111.436205, 26.166831], [-111.437056, 26.167596], [-111.437063, 26.169349], [-111.435672, 26.171886], [-111.435677, 26.173152], [-111.430562, 26.17781], [-111.430568, 26.179414], [-111.429444, 26.178404], [-111.4287, 26.179082], [-111.428705, 26.180348], [-111.426383, 26.183309], [-111.426412, 26.191263], [-111.427354, 26.193792], [-111.426898, 26.196748], [-111.427637, 26.197411], [-111.426903, 26.198079], [-111.426909, 26.199683], [-111.425045, 26.198008], [-111.423721, 26.198012], [-111.422706, 26.198936], [-111.424588, 26.203085], [-111.424594, 26.204763], [-111.423745, 26.204765], [-111.422731, 26.205689], [-111.418169, 26.211534], [-111.416302, 26.21154], [-111.409967, 26.215611], [-111.410718, 26.216286], [-111.416243, 26.21627], [-111.419122, 26.214497], [-111.419118, 26.213307], [-111.422104, 26.213053], [-111.423034, 26.212206], [-111.423774, 26.212871], [-111.426966, 26.212862], [-111.429296, 26.212011], [-111.431203, 26.212393], [-111.432179, 26.211504], [-111.432175, 26.210238], [-111.432836, 26.209635], [-111.432169, 26.208615], [-111.432164, 26.20736], [-111.433986, 26.207742], [-111.434878, 26.206929], [-111.437191, 26.206922], [-111.434681, 26.209208], [-111.435432, 26.209882], [-111.439362, 26.210047], [-111.440957, 26.209865], [-111.441935, 26.208975], [-111.439642, 26.206915], [-111.444191, 26.206901], [-111.442844, 26.208128], [-111.444015, 26.209179], [-111.443317, 26.209814]], [[-111.416836, 26.178451], [-111.418986, 26.179121], [-111.420123, 26.178441], [-111.418942, 26.17738], [-111.41778, 26.178438], [-111.417312, 26.178018], [-111.416836, 26.178451]], [[-111.398992, 26.207412], [-111.397353, 26.205939], [-111.397819, 26.205516], [-111.397106, 26.204875], [-111.396408, 26.20551], [-111.39594, 26.20509], [-111.392673, 26.205098], [-111.391732, 26.205955], [-111.392482, 26.206629], [-111.393807, 26.206626], [-111.394738, 26.205779], [-111.396129, 26.205775], [-111.396136, 26.207875], [-111.395206, 26.209078], [-111.396696, 26.210416], [-111.398102, 26.209492], [-111.398097, 26.208226], [-111.398992, 26.207412]], [[-111.397142, 26.215445], [-111.39784, 26.21481], [-111.398308, 26.215231], [-111.404567, 26.214193], [-111.405777, 26.212669], [-111.40483, 26.211818], [-111.40417, 26.212418], [-111.399503, 26.212431], [-111.398104, 26.212857], [-111.396426, 26.213961], [-111.396894, 26.214382], [-111.396429, 26.214805], [-111.397142, 26.215445]], [[-111.417597, 26.181992], [-111.416582, 26.182916], [-111.416587, 26.184116], [-111.418544, 26.185875], [-111.422668, 26.185863], [-111.423682, 26.18494], [-111.423675, 26.182895], [-111.422654, 26.181978], [-111.417597, 26.181992]]], [[[-111.396413, 26.289686], [-111.395492, 26.293476], [-111.39325, 26.293482], [-111.393245, 26.29187], [-111.392776, 26.291449], [-111.393231, 26.28765], [-111.392292, 26.286386], [-111.392287, 26.284698], [-111.39135, 26.283856], [-111.391342, 26.281681], [-111.393205, 26.279988], [-111.393201, 26.278798], [-111.396364, 26.278789], [-111.394783, 26.280227], [-111.395472, 26.287578], [-111.396413, 26.289686]]], [[[-111.403131, 26.317089], [-111.39987, 26.319631], [-111.39801, 26.319636], [-111.398008, 26.318868], [-111.395192, 26.315077], [-111.395167, 26.307903], [-111.39423, 26.307061], [-111.39421, 26.301153], [-111.393272, 26.299889], [-111.393259, 26.29611], [-111.394656, 26.297364], [-111.395972, 26.29736], [-111.396464, 26.304457], [-111.397405, 26.306565], [-111.397889, 26.311628], [-111.400317, 26.313808], [-111.402149, 26.314191], [-111.402577, 26.313802], [-111.406772, 26.31379], [-111.406777, 26.315045], [-111.405, 26.317084], [-111.403131, 26.317089]]], [[[-111.475126, 26.224897], [-111.474149, 26.225787], [-111.474152, 26.226554], [-111.466693, 26.226579], [-111.463885, 26.2249], [-111.46257, 26.224904], [-111.462096, 26.223294], [-111.459286, 26.22077], [-111.458339, 26.217397], [-111.448706, 26.210009], [-111.449869, 26.20895], [-111.448884, 26.208065], [-111.446552, 26.208495], [-111.444776, 26.206899], [-111.446546, 26.206894], [-111.448955, 26.2047], [-111.448949, 26.203011], [-111.449876, 26.20132], [-111.44986, 26.197165], [-111.449121, 26.196502], [-111.449819, 26.195867], [-111.448918, 26.195058], [-111.448902, 26.190772], [-111.453935, 26.186612], [-111.460466, 26.186169], [-111.461945, 26.184822], [-111.461941, 26.184054], [-111.46279, 26.184052], [-111.464734, 26.182281], [-111.464731, 26.181502], [-111.463795, 26.180661], [-111.463786, 26.17857], [-111.465182, 26.179823], [-111.466506, 26.179819], [-111.467519, 26.178539], [-111.466126, 26.177288], [-111.469762, 26.177276], [-111.472135, 26.175115], [-111.471235, 26.174306], [-111.471228, 26.172618], [-111.46927, 26.17086], [-111.468421, 26.170863], [-111.468418, 26.170095], [-111.466545, 26.168413], [-111.466542, 26.167569], [-111.464584, 26.16581], [-111.462801, 26.165394], [-111.462798, 26.164626], [-111.461862, 26.163785], [-111.461852, 26.161264], [-111.463439, 26.161436], [-111.464141, 26.159525], [-111.462971, 26.158473], [-111.463703, 26.157449], [-111.462766, 26.156607], [-111.462755, 26.153653], [-111.461818, 26.152812], [-111.461815, 26.151968], [-111.45807, 26.148603], [-111.458067, 26.147759], [-111.455922, 26.145412], [-111.45712, 26.144321], [-111.457106, 26.140522], [-111.458961, 26.137984], [-111.46175, 26.135443], [-111.460811, 26.133823], [-111.460807, 26.132913], [-111.462663, 26.130375], [-111.462652, 26.127486], [-111.461715, 26.126645], [-111.461707, 26.124535], [-111.460771, 26.123694], [-111.460758, 26.120252], [-111.461687, 26.119405], [-111.46168, 26.117717], [-111.464467, 26.114753], [-111.465389, 26.112218], [-111.470036, 26.107982], [-111.470032, 26.107138], [-111.470962, 26.106291], [-111.470955, 26.104679], [-111.47366, 26.10467], [-111.474132, 26.106281], [-111.473682, 26.110146], [-111.465316, 26.117348], [-111.464855, 26.118616], [-111.463461, 26.119887], [-111.464412, 26.124461], [-111.466837, 26.12664], [-111.468152, 26.126635], [-111.468161, 26.129091], [-111.468629, 26.129512], [-111.468171, 26.131624], [-111.468643, 26.132954], [-111.468183, 26.134567], [-111.467335, 26.13457], [-111.464462, 26.137188], [-111.462145, 26.140994], [-111.46263, 26.145569], [-111.464587, 26.147327], [-111.466836, 26.147742], [-111.467328, 26.153995], [-111.468734, 26.155679], [-111.468286, 26.160388], [-111.46716, 26.161414], [-111.468298, 26.163277], [-111.468305, 26.164965], [-111.473923, 26.170011], [-111.474404, 26.173386], [-111.475425, 26.174303], [-111.476749, 26.174299], [-111.478693, 26.172528], [-111.479617, 26.170415], [-111.488364, 26.162443], [-111.490775, 26.161092], [-111.491695, 26.157789], [-111.49533, 26.156932], [-111.495339, 26.159031], [-111.494413, 26.160723], [-111.494422, 26.162833], [-111.491635, 26.165797], [-111.491646, 26.168329], [-111.490716, 26.169176], [-111.489795, 26.172134], [-111.488866, 26.172981], [-111.488869, 26.173749], [-111.48802, 26.173752], [-111.486077, 26.175523], [-111.486083, 26.177127], [-111.484959, 26.176118], [-111.484298, 26.176297], [-111.483284, 26.177221], [-111.483291, 26.178824], [-111.482167, 26.177815], [-111.480113, 26.179687], [-111.477318, 26.180963], [-111.475918, 26.180967], [-111.471259, 26.182671], [-111.466993, 26.186981], [-111.466534, 26.189017], [-111.461027, 26.191145], [-111.459083, 26.192916], [-111.459086, 26.193683], [-111.458237, 26.193686], [-111.456293, 26.195457], [-111.456318, 26.201722], [-111.457254, 26.202563], [-111.457259, 26.203895], [-111.456329, 26.204742], [-111.456332, 26.20551], [-111.45455, 26.205515], [-111.451243, 26.207679], [-111.453633, 26.209826], [-111.455891, 26.209819], [-111.456822, 26.208972], [-111.45869, 26.209388], [-111.461949, 26.207267], [-111.462882, 26.207264], [-111.466604, 26.204298], [-111.470802, 26.203862], [-111.474796, 26.201071], [-111.477787, 26.202151], [-111.477808, 26.207204], [-111.476032, 26.208822], [-111.470356, 26.208841], [-111.469691, 26.208244], [-111.46802, 26.208426], [-111.46759, 26.20804], [-111.464367, 26.209704], [-111.462425, 26.211897], [-111.462436, 26.214786], [-111.463458, 26.215703], [-111.464391, 26.2157], [-111.470009, 26.219902], [-111.472346, 26.220739], [-111.476082, 26.221149], [-111.477954, 26.222409], [-111.479738, 26.222825], [-111.479742, 26.223592], [-111.480481, 26.224256], [-111.479747, 26.224924], [-111.47975, 26.225692], [-111.478901, 26.225694], [-111.478166, 26.226364], [-111.477697, 26.225944], [-111.476493, 26.226124], [-111.475126, 26.224897]]], [[[-111.499022, 26.147623], [-111.492783, 26.152888], [-111.493449, 26.153486], [-111.493458, 26.155585], [-111.492068, 26.15559], [-111.490747, 26.154405], [-111.490726, 26.149275], [-111.492583, 26.147158], [-111.493505, 26.144623], [-111.494815, 26.143428], [-111.495824, 26.143425], [-111.497423, 26.14444], [-111.497887, 26.144017], [-111.499011, 26.145026], [-111.499022, 26.147623]]]]}}, {"type": "Feature", "id": 37, "properties": {"id": "30", "politica": "conservacion", "procedencia": "digitalizada"}, "geometry": {"type": "Polygon", "coordinates": [[[-111.443272, 26.207764], [-111.443269, 26.207111], [-111.442866, 26.206752], [-111.442308, 26.207084], [-111.440777, 26.207088], [-111.440586, 26.207261], [-111.439982, 26.207091], [-111.437715, 26.207098], [-111.437524, 26.20727], [-111.435419, 26.207276], [-111.435228, 26.207449], [-111.432136, 26.207458], [-111.431595, 26.207288], [-111.431594, 26.206803], [-111.43121, 26.206461], [-111.430822, 26.205088], [-111.430816, 26.203514], [-111.432338, 26.201105], [-111.434135, 26.199826], [-111.433943, 26.199655], [-111.434245, 26.199382], [-111.434434, 26.198523], [-111.436037, 26.196558], [-111.435731, 26.196285], [-111.43385, 26.196978], [-111.433243, 26.197525], [-111.433245, 26.197838], [-111.432514, 26.198012], [-111.431559, 26.198702], [-111.430603, 26.198705], [-111.429423, 26.199426], [-111.430192, 26.200253], [-111.430195, 26.201141], [-111.429623, 26.201829], [-111.429246, 26.203376], [-111.427646, 26.205338], [-111.426993, 26.204756], [-111.426982, 26.201837], [-111.42679, 26.201666], [-111.42659, 26.199233], [-111.427353, 26.198544], [-111.427347, 26.196827], [-111.427521, 26.196669], [-111.427345, 26.196513], [-111.427339, 26.194624], [-111.427034, 26.194352], [-111.42732, 26.194094], [-111.426952, 26.193594], [-111.426946, 26.191877], [-111.426561, 26.191191], [-111.426153, 26.184294], [-111.426423, 26.184051], [-111.42653, 26.182748], [-111.42691, 26.18206], [-111.429389, 26.17982], [-111.430342, 26.178787], [-111.430721, 26.177755], [-111.431832, 26.176752], [-111.432244, 26.176751], [-111.432517, 26.176994], [-111.433283, 26.176474], [-111.432707, 26.175961], [-111.43393, 26.175028], [-111.435299, 26.175024], [-111.435683, 26.175367], [-111.437788, 26.17536], [-111.438172, 26.175702], [-111.438554, 26.175701], [-111.442594, 26.181528], [-111.443936, 26.18221], [-111.444704, 26.182895], [-111.445087, 26.182894], [-111.446238, 26.183577], [-111.447006, 26.184262], [-111.4518, 26.186994], [-111.452342, 26.187477], [-111.452343, 26.18785], [-111.451771, 26.188367], [-111.451772, 26.18868], [-111.451424, 26.188681], [-111.449483, 26.190435], [-111.448912, 26.191295], [-111.448927, 26.195215], [-111.44951, 26.197446], [-111.449526, 26.201597], [-111.449335, 26.201769], [-111.449342, 26.203658], [-111.448964, 26.204861], [-111.446519, 26.207071], [-111.44384, 26.207251], [-111.443272, 26.207764]], [[-111.436974, 26.192093], [-111.437245, 26.191847], [-111.438585, 26.191843], [-111.439191, 26.191296], [-111.439189, 26.19081], [-111.438387, 26.190095], [-111.437651, 26.190097], [-111.436394, 26.191233], [-111.436974, 26.192093]]]}}, {"type": "Feature", "id": 38, "properties": {"id": "31", "politica": "aprovechamiento-sustentable", "procedencia": "epoel-2019"}, "geometry": {"type": "MultiPolygon", "coordinates": [[[[-111.411782, 25.918986], [-111.410507, 25.919257], [-111.407741, 25.919812], [-111.406523, 25.92086], [-111.406494, 25.920471], [-111.401495, 25.919987], [-111.396337, 25.920294], [-111.397468, 25.921007], [-111.397021, 25.923766], [-111.39663, 25.927303], [-111.397401, 25.929014], [-111.398131, 25.930141], [-111.397613, 25.931929], [-111.39817, 25.933652], [-111.39861, 25.936749], [-111.399696, 25.939807], [-111.401757, 25.941442], [-111.404221, 25.942662], [-111.40816, 25.943404], [-111.412417, 25.942565], [-111.413851, 25.941504], [-111.416775, 25.940159], [-111.419844, 25.93783], [-111.421442, 25.944956], [-111.423484, 25.952252], [-111.422986, 25.963211], [-111.423812, 25.968627], [-111.423792, 25.974288], [-111.422729, 25.977474], [-111.419758, 25.981164], [-111.419512, 25.983716], [-111.416669, 25.989155], [-111.414213, 25.993985], [-111.41226, 25.996833], [-111.409518, 26.000704], [-111.408958, 26.001909], [-111.406606, 26.002243], [-111.406032, 26.003253], [-111.402806, 26.003445], [-111.401889, 26.002718], [-111.399065, 26.002496], [-111.39799, 26.002559], [-111.396728, 26.003024], [-111.395237, 26.003308], [-111.394363, 26.003165], [-111.393918, 26.002996], [-111.391913, 26.002139], [-111.390136, 26.001464], [-111.388574, 26.000775], [-111.387471, 26.00045], [-111.386138, 25.999944], [-111.385983, 25.997806], [-111.385828, 25.995669], [-111.385758, 25.994697], [-111.384224, 25.994397], [-111.384584, 25.9934], [-111.384686, 25.991833], [-111.383456, 25.989759], [-111.381306, 25.989886], [-111.380703, 25.990507], [-111.380072, 25.99074], [-111.377104, 25.991501], [-111.376028, 25.991565], [-111.376318, 25.989596], [-111.374943, 25.988506], [-111.374873, 25.987534], [-111.377154, 25.986228], [-111.380608, 25.986219], [-111.381599, 25.98499], [-111.384024, 25.982699], [-111.386361, 25.98217], [-111.387566, 25.980928], [-111.388659, 25.978131], [-111.389251, 25.974387], [-111.389153, 25.973027], [-111.389526, 25.972224], [-111.390517, 25.970994], [-111.391077, 25.96979], [-111.39254, 25.969118], [-111.393615, 25.969054], [-111.394563, 25.967241], [-111.394464, 25.965881], [-111.393548, 25.965155], [-111.392014, 25.964855], [-111.392462, 25.962096], [-111.391331, 25.961383], [-111.391017, 25.960035], [-111.391391, 25.959232], [-111.391937, 25.957834], [-111.3936, 25.956954], [-111.395405, 25.958018], [-111.396726, 25.955403], [-111.397572, 25.955157], [-111.399866, 25.954045], [-111.401572, 25.953749], [-111.402992, 25.952494], [-111.403954, 25.950875], [-111.402938, 25.948788], [-111.402065, 25.948645], [-111.400732, 25.948139], [-111.398368, 25.948279], [-111.397522, 25.948524], [-111.396032, 25.948808], [-111.394382, 25.949882], [-111.393294, 25.949751], [-111.393639, 25.948559], [-111.396148, 25.947435], [-111.398227, 25.946335], [-111.400965, 25.945392], [-111.399576, 25.944108], [-111.397127, 25.943083], [-111.394262, 25.942277], [-111.393033, 25.940203], [-111.391644, 25.938919], [-111.391144, 25.937973], [-111.389326, 25.936714], [-111.388339, 25.935016], [-111.386077, 25.933589], [-111.385936, 25.931645], [-111.385366, 25.929727], [-111.383305, 25.928093], [-111.38236, 25.926978], [-111.383481, 25.924569], [-111.382671, 25.919347], [-111.381568, 25.919022], [-111.38154, 25.918633], [-111.380783, 25.917117], [-111.379352, 25.91525], [-111.379324, 25.914861], [-111.377693, 25.913201], [-111.375759, 25.913315], [-111.374241, 25.91321], [-111.373769, 25.912653], [-111.372937, 25.913092], [-111.371989, 25.914905], [-111.370686, 25.914787], [-111.370616, 25.913815], [-111.370517, 25.912455], [-111.370648, 25.911276], [-111.369433, 25.909396], [-111.367844, 25.908319], [-111.36727, 25.909329], [-111.365765, 25.909418], [-111.36485, 25.908691], [-111.36193, 25.907107], [-111.360425, 25.907196], [-111.359164, 25.907661], [-111.358762, 25.908075], [-111.358445, 25.909655], [-111.358328, 25.911028], [-111.355105, 25.911219], [-111.354376, 25.910091], [-111.355623, 25.909432], [-111.357804, 25.906765], [-111.363681, 25.904466], [-111.366932, 25.904664], [-111.369997, 25.905264], [-111.374108, 25.905411], [-111.376887, 25.905051], [-111.381129, 25.904019], [-111.384469, 25.902455], [-111.388854, 25.900438], [-111.393613, 25.897619], [-111.39691, 25.895471], [-111.401972, 25.890877], [-111.410066, 25.88942], [-111.410235, 25.891752], [-111.410376, 25.893695], [-111.411074, 25.897362], [-111.4111, 25.900679], [-111.411467, 25.905732], [-111.411537, 25.906704], [-111.412436, 25.910164], [-111.413909, 25.912614], [-111.414565, 25.915698], [-111.415535, 25.920129], [-111.411782, 25.918986]]], [[[-111.403882, 26.015286], [-111.402874, 26.019249], [-111.401552, 26.021865], [-111.398982, 26.02514], [-111.397357, 26.02953], [-111.396035, 26.032145], [-111.394744, 26.032222], [-111.394857, 26.033776], [-111.393404, 26.03757], [-111.389169, 26.041725], [-111.385537, 26.045257], [-111.382063, 26.048], [-111.380095, 26.050654], [-111.378716, 26.052492], [-111.37793, 26.050586], [-111.375782, 26.047786], [-111.37356, 26.046942], [-111.37088, 26.045734], [-111.36886, 26.044682], [-111.368116, 26.04336], [-111.368032, 26.042194], [-111.367933, 26.040834], [-111.367189, 26.039512], [-111.366604, 26.0374], [-111.366305, 26.036246], [-111.365547, 26.03473], [-111.365233, 26.033382], [-111.365135, 26.032022], [-111.366098, 26.030404], [-111.365985, 26.028849], [-111.365228, 26.027333], [-111.364138, 26.027202], [-111.361286, 26.02659], [-111.360972, 26.025242], [-111.361248, 26.023079], [-111.363113, 26.021993], [-111.366639, 26.022956], [-111.36763, 26.021726], [-111.370958, 26.019968], [-111.37287, 26.016537], [-111.374319, 26.015671], [-111.374122, 26.01295], [-111.373953, 26.010618], [-111.375332, 26.00878], [-111.376552, 26.007732], [-111.378057, 26.007643], [-111.379549, 26.00736], [-111.380913, 26.005328], [-111.383952, 26.005538], [-111.384594, 26.008427], [-111.385267, 26.008778], [-111.386427, 26.00988], [-111.387086, 26.010036], [-111.38961, 26.009106], [-111.390643, 26.008459], [-111.394299, 26.008243], [-111.397067, 26.007688], [-111.399217, 26.007561], [-111.401654, 26.008392], [-111.402799, 26.0093], [-111.403057, 26.00987], [-111.405063, 26.010727], [-111.406226, 26.008902], [-111.403882, 26.015286]]]]}}, {"type": "Feature", "id": 39, "properties": {"id": "32", "politica": "aprovechamiento-sustentable", "procedencia": "digitalizada"}, "geometry": {"type": "Polygon", "coordinates": [[[-111.364179, 26.049469], [-111.364353, 26.049311], [-111.365681, 26.049307], [-111.366059, 26.048962], [-111.366849, 26.04896], [-111.367229, 26.049303], [-111.367798, 26.049302], [-111.368749, 26.049987], [-111.369697, 26.049985], [-111.370078, 26.050328], [-111.371754, 26.050324], [-111.372132, 26.049979], [-111.372512, 26.049978], [-111.373268, 26.049288], [-111.374247, 26.049285], [-111.376115, 26.050797], [-111.376496, 26.051484], [-111.376498, 26.052], [-111.377642, 26.053889], [-111.377643, 26.054259], [-111.376131, 26.055811], [-111.376132, 26.056124], [-111.375787, 26.056125], [-111.375374, 26.056501], [-111.374808, 26.057362], [-111.371404, 26.060639], [-111.370837, 26.061501], [-111.369323, 26.062708], [-111.369325, 26.063052], [-111.362895, 26.069604], [-111.362896, 26.069917], [-111.359864, 26.069925], [-111.358534, 26.06924], [-111.357585, 26.069242], [-111.357239, 26.068931], [-111.357235, 26.06756], [-111.35856, 26.067556], [-111.35894, 26.067899], [-111.360806, 26.067895], [-111.361786, 26.067001], [-111.361785, 26.066511], [-111.357185, 26.062364], [-111.354524, 26.06065], [-111.352276, 26.058795], [-111.352271, 26.057049], [-111.356054, 26.053428], [-111.356053, 26.052938], [-111.355372, 26.052153], [-111.35567, 26.051881], [-111.355857, 26.051052], [-111.361893, 26.051037], [-111.362305, 26.05066], [-111.362304, 26.050348], [-111.362649, 26.050347], [-111.363894, 26.049212], [-111.364179, 26.049469]], [[-111.363622, 26.058256], [-111.364224, 26.057707], [-111.364221, 26.056874], [-111.363806, 26.056499], [-111.362509, 26.056503], [-111.362097, 26.056879], [-111.362099, 26.057541], [-111.362894, 26.058258], [-111.363622, 26.058256]]]}}, {"type": "Feature", "id": 40, "properties": {"id": "33a", "politica": "aprovechamiento-sustentable", "procedencia": "digitalizada"}, "geometry": {"type": "Polygon", "coordinates": [[[-111.398118, 26.009331], [-111.39747, 26.009919], [-111.392529, 26.009932], [-111.389004, 26.011215], [-111.386069, 26.011223], [-111.382229, 26.007146], [-111.381103, 26.008167], [-111.381107, 26.009326], [-111.377704, 26.009335], [-111.37476, 26.011366], [-111.37337, 26.018371], [-111.369275, 26.022723], [-111.367161, 26.024002], [-111.363221, 26.023744], [-111.361391, 26.025403], [-111.361397, 26.027208], [-111.362939, 26.028591], [-111.367051, 26.029217], [-111.367057, 26.031117], [-111.364948, 26.0342], [-111.367072, 26.036105], [-111.367802, 26.04374], [-111.373467, 26.048818], [-111.373473, 26.050718], [-111.369251, 26.050729], [-111.366478, 26.049513], [-111.363009, 26.051381], [-111.358066, 26.051393], [-111.356532, 26.052784], [-111.356539, 26.055216], [-111.355253, 26.055219], [-111.353015, 26.057248], [-111.353018, 26.058416], [-111.362222, 26.066031], [-111.362228, 26.068045], [-111.360877, 26.069269], [-111.362235, 26.070487], [-111.36224, 26.071864], [-111.360253, 26.073665], [-111.348955, 26.074329], [-111.34783, 26.075348], [-111.34813, 26.076991], [-111.346847, 26.078153], [-111.343204, 26.078161], [-111.338252, 26.075627], [-111.335541, 26.07627], [-111.332008, 26.075642], [-111.330472, 26.077032], [-111.331894, 26.080107], [-111.331899, 26.082121], [-111.330492, 26.084033], [-111.330503, 26.087852], [-111.328394, 26.091676], [-111.3284, 26.093481], [-111.329819, 26.096024], [-111.329131, 26.10238], [-111.324325, 26.101755], [-111.324316, 26.098582], [-111.325021, 26.097944], [-111.324275, 26.083411], [-111.318607, 26.077059], [-111.318596, 26.073136], [-111.319301, 26.072498], [-111.319993, 26.067404], [-111.328445, 26.059111], [-111.328438, 26.056565], [-111.329142, 26.055927], [-111.328418, 26.049564], [-111.329121, 26.048289], [-111.3425, 26.035528], [-111.342496, 26.034255], [-111.345307, 26.029793], [-111.345289, 26.023543], [-111.346575, 26.023539], [-111.351211, 26.020614], [-111.352272, 26.021566], [-111.354444, 26.020974], [-111.35757, 26.022508], [-111.359341, 26.020264], [-111.357856, 26.018933], [-111.354325, 26.018305], [-111.352624, 26.01678], [-111.364597, 26.00784], [-111.363587, 26.00503], [-111.362045, 26.003647], [-111.35651, 26.003661], [-111.352279, 26.004944], [-111.343834, 26.004964], [-111.348343, 26.001515], [-111.345218, 25.999347], [-111.344503, 25.996166], [-111.343017, 25.994833], [-111.33956, 25.995427], [-111.339554, 25.993005], [-111.343662, 25.992995], [-111.349706, 25.98943], [-111.350768, 25.990382], [-111.35295, 25.988403], [-111.357155, 25.978846], [-111.362084, 25.975015], [-111.35925, 25.971307], [-111.35923, 25.964838], [-111.360635, 25.962925], [-111.360583, 25.945844], [-111.359876, 25.94521], [-111.359864, 25.9414], [-111.364786, 25.940751], [-111.36685, 25.941969], [-111.368328, 25.940628], [-111.368318, 25.93756], [-111.370308, 25.937555], [-111.371783, 25.936216], [-111.370356, 25.934936], [-111.369004, 25.936162], [-111.365366, 25.936171], [-111.364078, 25.935015], [-111.363351, 25.928016], [-111.359107, 25.924207], [-111.359789, 25.916568], [-111.356546, 25.913023], [-111.359062, 25.909464], [-111.359059, 25.908305], [-111.36257, 25.908296], [-111.366051, 25.911419], [-111.368514, 25.909822], [-111.370212, 25.911345], [-111.370222, 25.914528], [-111.371353, 25.915543], [-111.373056, 25.913998], [-111.377401, 25.914623], [-111.380811, 25.917683], [-111.382234, 25.921498], [-111.383649, 25.922767], [-111.382962, 25.928497], [-111.386502, 25.932307], [-111.386514, 25.936126], [-111.392878, 25.940564], [-111.392887, 25.94311], [-111.395136, 25.945127], [-111.397201, 25.946344], [-111.397849, 25.945756], [-111.402067, 25.945745], [-111.402073, 25.947645], [-111.400792, 25.948807], [-111.397265, 25.948817], [-111.394027, 25.950479], [-111.395157, 25.951492], [-111.397162, 25.951487], [-111.400686, 25.950204], [-111.40561, 25.95019], [-111.405616, 25.95209], [-111.402933, 25.955803], [-111.40082, 25.957081], [-111.398704, 25.957087], [-111.396593, 25.959002], [-111.393066, 25.959012], [-111.390829, 25.961042], [-111.391547, 25.964754], [-111.393797, 25.966771], [-111.396493, 25.966764], [-111.3965, 25.968664], [-111.3958, 25.970461], [-111.3924, 25.971107], [-111.388756, 25.974413], [-111.388773, 25.979505], [-111.387378, 25.984487], [-111.383976, 25.984496], [-111.382442, 25.985887], [-111.382446, 25.987046], [-111.381161, 25.987049], [-111.379754, 25.988326], [-111.377636, 25.988332], [-111.374693, 25.990363], [-111.374697, 25.991531], [-111.376537, 25.993181], [-111.379655, 25.992269], [-111.381062, 25.990992], [-111.384576, 25.990983], [-111.383885, 25.995326], [-111.386008, 25.99723], [-111.386021, 26.001049], [-111.388271, 26.003066], [-111.391803, 26.003693], [-111.394632, 26.005595], [-111.396636, 26.004953], [-111.404403, 26.005568], [-111.408629, 26.00301], [-111.412133, 26.003], [-111.410032, 26.004906], [-111.408634, 26.008729], [-111.405242, 26.011807], [-111.403718, 26.011811], [-111.398118, 26.009331]], [[-111.378386, 25.997354], [-111.376192, 25.995387], [-111.375136, 25.996344], [-111.373424, 25.995344], [-111.372313, 25.996352], [-111.371195, 25.99535], [-111.369895, 25.995353], [-111.368361, 25.996744], [-111.368367, 25.998549], [-111.369909, 25.999932], [-111.373387, 26.001145], [-111.374035, 26.000558], [-111.37621, 26.001138], [-111.378392, 25.999159], [-111.378386, 25.997354]]]}}, {"type": "Feature", "id": 41, "properties": {"id": "33b", "politica": "aprovechamiento-sustentable", "procedencia": "digitalizada"}, "geometry": {"type": "Polygon", "coordinates": [[[-111.255938, 25.741403], [-111.256209, 25.738167], [-111.255261, 25.736114], [-111.255252, 25.731906], [-111.253131, 25.729397], [-111.251799, 25.729399], [-111.250585, 25.728306], [-111.251191, 25.726452], [-111.24991, 25.724099], [-111.249904, 25.721114], [-111.256559, 25.727101], [-111.258452, 25.727098], [-111.2595, 25.726147], [-111.261114, 25.727093], [-111.263226, 25.725178], [-111.26255, 25.720477], [-111.264428, 25.720474], [-111.275061, 25.712639], [-111.277163, 25.712635], [-111.280495, 25.714432], [-111.285153, 25.713822], [-111.287035, 25.715514], [-111.287042, 25.718512], [-111.28583, 25.718515], [-111.284502, 25.71972], [-111.281734, 25.719725], [-111.277736, 25.717929], [-111.275178, 25.717934], [-111.272518, 25.719142], [-111.265093, 25.726477], [-111.264439, 25.73179], [-111.267112, 25.735993], [-111.26712, 25.739592], [-111.265136, 25.739596], [-111.262468, 25.737196], [-111.260576, 25.7372], [-111.255938, 25.741403]]]}}, {"type": "Feature", "id": 42, "properties": {"id": "34a", "politica": "preservacion", "procedencia": "digitalizada"}, "geometry": {"type": "Polygon", "coordinates": [[[-111.685751, 25.955181], [-111.684254, 25.955029], [-111.681092, 25.95754], [-111.674875, 25.966647], [-111.674879, 25.967403], [-111.673218, 25.969302], [-111.673237, 25.972638], [-111.670562, 25.972492], [-111.668268, 25.974969], [-111.669077, 25.97607], [-111.669096, 25.979465], [-111.66541, 25.979482], [-111.664578, 25.980243], [-111.663324, 25.980248], [-111.659161, 25.983293], [-111.657907, 25.983299], [-111.657, 25.984128], [-111.656827, 25.984666], [-111.657887, 25.985615], [-111.658685, 25.984885], [-111.661678, 25.984871], [-111.662518, 25.985624], [-111.666698, 25.985605], [-111.667539, 25.986357], [-111.669135, 25.98635], [-111.669173, 25.99309], [-111.669594, 25.993466], [-111.669189, 25.995797], [-111.668016, 25.996869], [-111.665926, 25.996878], [-111.665094, 25.997639], [-111.663422, 25.997646], [-111.66259, 25.998407], [-111.660082, 25.998418], [-111.65925, 25.999178], [-111.657578, 25.999186], [-111.656257, 26.000773], [-111.655855, 26.003733], [-111.655094, 26.003736], [-111.654263, 26.004496], [-111.650082, 26.004515], [-111.64925, 26.005275], [-111.644651, 26.005296], [-111.643819, 26.006056], [-111.641728, 26.006065], [-111.639642, 26.006831], [-111.637142, 26.008355], [-111.63457, 26.010704], [-111.634164, 26.012907], [-111.633403, 26.01291], [-111.63, 26.016019], [-111.630011, 26.018229], [-111.630854, 26.01936], [-111.630858, 26.020176], [-111.629443, 26.021468], [-111.628813, 26.020903], [-111.627523, 26.022082], [-111.627113, 26.023528], [-111.625448, 26.023535], [-111.624642, 26.022813], [-111.623843, 26.023542], [-111.622589, 26.023548], [-111.619673, 26.02583], [-111.617168, 26.026597], [-111.612584, 26.029642], [-111.611748, 26.029646], [-111.609176, 26.031994], [-111.607933, 26.034269], [-111.607943, 26.03616], [-111.607559, 26.03651], [-111.608376, 26.039124], [-111.608392, 26.04221], [-111.606315, 26.044866], [-111.605075, 26.047829], [-111.603478, 26.047835], [-111.602645, 26.048595], [-111.599717, 26.048608], [-111.596797, 26.050133], [-111.593455, 26.050903], [-111.592623, 26.051663], [-111.590113, 26.051673], [-111.589281, 26.052433], [-111.585938, 26.053203], [-111.584614, 26.054411], [-111.584213, 26.057817], [-111.582204, 26.05927], [-111.580949, 26.059275], [-111.579625, 26.060483], [-111.57963, 26.061549], [-111.577614, 26.061557], [-111.575945, 26.062321], [-111.57218, 26.062336], [-111.571347, 26.063095], [-111.568419, 26.063107], [-111.567586, 26.063867], [-111.565495, 26.063875], [-111.564662, 26.064634], [-111.563415, 26.064639], [-111.563405, 26.062438], [-111.560808, 26.060111], [-111.558299, 26.06012], [-111.555016, 26.057554], [-111.554351, 26.056581], [-111.554767, 26.056201], [-111.554167, 26.054909], [-111.551648, 26.053028], [-111.550383, 26.050763], [-111.550379, 26.049947], [-111.552461, 26.048048], [-111.552442, 26.043888], [-111.553653, 26.041643], [-111.553259, 26.039784], [-111.551156, 26.037144], [-111.551551, 26.032225], [-111.550888, 26.031631], [-111.551545, 26.031031], [-111.552784, 26.027682], [-111.550611, 26.026109], [-111.549356, 26.026114], [-111.545653, 26.022792], [-111.544389, 26.020906], [-111.538928, 26.015253], [-111.538499, 26.012925], [-111.540159, 26.010271], [-111.540156, 26.009515], [-111.543893, 26.003827], [-111.545899, 26.001997], [-111.550902, 25.998952], [-111.551738, 25.998949], [-111.553893, 25.996603], [-111.554689, 25.995117], [-111.554298, 25.993954], [-111.554715, 25.993574], [-111.554695, 25.989413], [-111.559694, 25.985612], [-111.560083, 25.979559], [-111.561326, 25.977284], [-111.563821, 25.974627], [-111.565065, 25.972353], [-111.565059, 25.971218], [-111.566306, 25.9697], [-111.5663, 25.968566], [-111.567133, 25.967806], [-111.567127, 25.966671], [-111.568786, 25.964017], [-111.568768, 25.960294], [-111.568349, 25.959918], [-111.567914, 25.956515], [-111.563287, 25.950103], [-111.563268, 25.946262], [-111.565342, 25.942849], [-111.565336, 25.941715], [-111.566165, 25.940198], [-111.566118, 25.930424], [-111.564436, 25.928161], [-111.56443, 25.927027], [-111.563768, 25.926432], [-111.564425, 25.925832], [-111.56442, 25.924757], [-111.56358, 25.924004], [-111.563564, 25.92054], [-111.564394, 25.919402], [-111.565215, 25.916373], [-111.566047, 25.915614], [-111.566011, 25.908117], [-111.566772, 25.908114], [-111.567678, 25.907286], [-111.567252, 25.905396], [-111.569078, 25.902969], [-111.57268, 25.906578], [-111.573483, 25.906923], [-111.574357, 25.906125], [-111.574346, 25.903856], [-111.576004, 25.901201], [-111.575987, 25.897797], [-111.5764, 25.896729], [-111.57716, 25.896726], [-111.578233, 25.895746], [-111.579315, 25.896717], [-111.585999, 25.896691], [-111.586838, 25.897444], [-111.588509, 25.897437], [-111.589314, 25.89816], [-111.590112, 25.89743], [-111.594289, 25.897413], [-111.60268, 25.889746], [-111.600161, 25.887168], [-111.600155, 25.886033], [-111.598854, 25.884866], [-111.596805, 25.885979], [-111.59597, 25.885982], [-111.591394, 25.889784], [-111.590559, 25.889787], [-111.589727, 25.890547], [-111.585066, 25.890566], [-111.584227, 25.889813], [-111.583467, 25.889816], [-111.583454, 25.887177], [-111.584282, 25.88566], [-111.585529, 25.884521], [-111.585941, 25.883384], [-111.588852, 25.880725], [-111.590095, 25.878829], [-111.590089, 25.877694], [-111.591749, 25.875418], [-111.591745, 25.874661], [-111.594235, 25.871625], [-111.594232, 25.870937], [-111.594992, 25.870934], [-111.597113, 25.868995], [-111.596299, 25.8667], [-111.599626, 25.864038], [-111.601703, 25.86176], [-111.601699, 25.861072], [-111.603361, 25.861065], [-111.604125, 25.86175], [-111.604548, 25.862883], [-111.604586, 25.870448], [-111.605921, 25.871645], [-111.609612, 25.87163], [-111.610443, 25.87087], [-111.611696, 25.870864], [-111.61419, 25.868584], [-111.61551, 25.868579], [-111.616693, 25.86964], [-111.616709, 25.872726], [-111.614217, 25.875384], [-111.613394, 25.877657], [-111.610903, 25.880693], [-111.610917, 25.883281], [-111.613508, 25.88523], [-111.615947, 25.885219], [-111.622188, 25.880654], [-111.623858, 25.880647], [-111.625596, 25.879058], [-111.626006, 25.877543], [-111.627633, 25.875675], [-111.625318, 25.872092], [-111.625974, 25.871492], [-111.625958, 25.868526], [-111.625115, 25.867016], [-111.625109, 25.865822], [-111.625697, 25.864904], [-111.625278, 25.864527], [-111.630428, 25.859437], [-111.634604, 25.859419], [-111.635435, 25.858659], [-111.636755, 25.858653], [-111.638851, 25.860157], [-111.639686, 25.860153], [-111.641782, 25.861657], [-111.642542, 25.861653], [-111.642545, 25.862342], [-111.643385, 25.863094], [-111.643389, 25.863851], [-111.644228, 25.864604], [-111.644232, 25.86536], [-111.645917, 25.868], [-111.645927, 25.869951], [-111.645341, 25.871248], [-111.645761, 25.871624], [-111.645105, 25.872224], [-111.645113, 25.873737], [-111.644286, 25.875254], [-111.643479, 25.880484], [-111.642301, 25.880489], [-111.638972, 25.882774], [-111.638137, 25.882777], [-111.63439, 25.885063], [-111.63272, 25.88507], [-111.631888, 25.88583], [-111.630635, 25.885836], [-111.629804, 25.886596], [-111.628969, 25.8866], [-111.62231, 25.891167], [-111.615592, 25.898829], [-111.611042, 25.907548], [-111.605224, 25.913624], [-111.602802, 25.915457], [-111.6003, 25.916224], [-111.594466, 25.919274], [-111.581563, 25.92916], [-111.578646, 25.930685], [-111.576909, 25.932651], [-111.576502, 25.934922], [-111.575079, 25.936222], [-111.576095, 25.937133], [-111.576108, 25.939781], [-111.578217, 25.943933], [-111.586612, 25.951464], [-111.589136, 25.954858], [-111.594594, 25.959753], [-111.597949, 25.963891], [-111.595526, 25.963901], [-111.594694, 25.964661], [-111.59344, 25.964666], [-111.592358, 25.965654], [-111.59387, 25.96701], [-111.59881, 25.96699], [-111.598815, 25.968116], [-111.597985, 25.969254], [-111.597586, 25.972979], [-111.598428, 25.97411], [-111.599703, 25.978265], [-111.600618, 25.979086], [-111.601379, 25.979083], [-111.601802, 25.980148], [-111.601812, 25.982039], [-111.602475, 25.982633], [-111.602059, 25.983013], [-111.60225, 25.985879], [-111.599832, 25.988847], [-111.598996, 25.98885], [-111.596913, 25.990372], [-111.595241, 25.990378], [-111.594575, 25.990987], [-111.594995, 25.991363], [-111.59434, 25.992342], [-111.593166, 25.993413], [-111.591494, 25.99342], [-111.590662, 25.99418], [-111.589408, 25.994185], [-111.583992, 25.997989], [-111.582738, 25.997994], [-111.581905, 25.998754], [-111.578979, 25.998766], [-111.577239, 26.000354], [-111.576414, 26.002558], [-111.575653, 26.002561], [-111.57482, 26.003321], [-111.571476, 26.003334], [-111.570601, 26.004133], [-111.571828, 26.005233], [-111.571837, 26.007183], [-111.571245, 26.007723], [-111.571665, 26.0081], [-111.571008, 26.0087], [-111.571014, 26.009834], [-111.570183, 26.010972], [-111.570194, 26.013173], [-111.566857, 26.013186], [-111.565177, 26.01168], [-111.564341, 26.011683], [-111.563535, 26.01096], [-111.560656, 26.013967], [-111.558984, 26.013974], [-111.556232, 26.015725], [-111.556904, 26.016328], [-111.561018, 26.016312], [-111.561851, 26.015552], [-111.568114, 26.015528], [-111.568545, 26.018165], [-111.567714, 26.019303], [-111.567309, 26.021893], [-111.567729, 26.022269], [-111.567741, 26.024917], [-111.568404, 26.025511], [-111.566505, 26.028764], [-111.566098, 26.030975], [-111.566761, 26.031569], [-111.565515, 26.033466], [-111.566608, 26.034445], [-111.567377, 26.034442], [-111.568285, 26.033614], [-111.569527, 26.030961], [-111.571609, 26.029062], [-111.571594, 26.026096], [-111.570751, 26.024586], [-111.570737, 26.021879], [-111.572403, 26.02036], [-111.571981, 26.019664], [-111.57239, 26.017772], [-111.57155, 26.017018], [-111.571546, 26.016202], [-111.572379, 26.015443], [-111.574449, 26.011274], [-111.577359, 26.007858], [-111.578186, 26.005964], [-111.580685, 26.004063], [-111.580682, 26.003374], [-111.582697, 26.003366], [-111.583529, 26.002606], [-111.584784, 26.002601], [-111.586942, 26.001011], [-111.586938, 26.000323], [-111.587699, 26.00032], [-111.5902, 25.998797], [-111.597698, 25.993471], [-111.600202, 25.992704], [-111.602703, 25.991181], [-111.603539, 25.991177], [-111.608187, 25.986173], [-111.60901, 25.98359], [-111.610255, 25.983585], [-111.611095, 25.984337], [-111.615693, 25.984318], [-111.616533, 25.985071], [-111.622804, 25.985044], [-111.62319, 25.98539], [-111.623572, 25.985041], [-111.629006, 25.985017], [-111.629664, 25.984417], [-111.630328, 25.985011], [-111.631164, 25.985008], [-111.638651, 25.992093], [-111.638256, 25.996315], [-111.635417, 25.998529], [-111.633744, 25.998536], [-111.632912, 25.999296], [-111.631658, 25.999302], [-111.630751, 26.00013], [-111.630759, 26.001643], [-111.629929, 26.002781], [-111.625009, 26.006895], [-111.623755, 26.0069], [-111.623097, 26.007501], [-111.622434, 26.006906], [-111.62041, 26.006915], [-111.619578, 26.007675], [-111.618675, 26.007679], [-111.618078, 26.007144], [-111.616403, 26.008294], [-111.617, 26.008829], [-111.617004, 26.009645], [-111.615831, 26.010717], [-111.613741, 26.010726], [-111.612908, 26.011486], [-111.610404, 26.012253], [-111.607489, 26.014534], [-111.606234, 26.01454], [-111.60536, 26.015338], [-111.606242, 26.016129], [-111.610356, 26.016112], [-111.611189, 26.015352], [-111.613697, 26.015341], [-111.619531, 26.011534], [-111.621195, 26.011527], [-111.621623, 26.013408], [-111.61871, 26.016068], [-111.617054, 26.019101], [-111.617482, 26.020931], [-111.618818, 26.022128], [-111.620005, 26.022123], [-111.621741, 26.019778], [-111.621729, 26.017508], [-111.622561, 26.016748], [-111.622551, 26.014857], [-111.624556, 26.013026], [-111.626229, 26.013018], [-111.627061, 26.012258], [-111.628315, 26.012253], [-111.629814, 26.010884], [-111.629394, 26.010508], [-111.630051, 26.009908], [-111.630043, 26.008395], [-111.630875, 26.007635], [-111.630867, 26.00619], [-111.632046, 26.006185], [-111.633296, 26.005423], [-111.634203, 26.004594], [-111.634195, 26.003081], [-111.635027, 26.002321], [-111.635023, 26.001633], [-111.636202, 26.001628], [-111.637866, 26.000108], [-111.638702, 26.000104], [-111.640857, 25.998135], [-111.640852, 25.997069], [-111.641612, 25.997065], [-111.643351, 25.995476], [-111.643329, 25.991375], [-111.641993, 25.990179], [-111.641232, 25.990182], [-111.6408, 25.987604], [-111.640128, 25.987002], [-111.639712, 25.987382], [-111.63863, 25.986789], [-111.635771, 25.983475], [-111.637776, 25.983466], [-111.638608, 25.982706], [-111.64028, 25.982698], [-111.641112, 25.981938], [-111.642784, 25.981931], [-111.643616, 25.981171], [-111.645288, 25.981163], [-111.64612, 25.980403], [-111.647374, 25.980397], [-111.649874, 25.978873], [-111.651127, 25.978868], [-111.651959, 25.978107], [-111.653213, 25.978102], [-111.654045, 25.977342], [-111.654881, 25.977338], [-111.655713, 25.976578], [-111.656967, 25.976572], [-111.661965, 25.973523], [-111.664051, 25.972757], [-111.665787, 25.97079], [-111.667438, 25.967], [-111.669851, 25.963653], [-111.673599, 25.961366], [-111.681087, 25.955279], [-111.683675, 25.954511], [-111.682835, 25.953758], [-111.684422, 25.953751], [-111.685253, 25.95299], [-111.686089, 25.952986], [-111.688587, 25.951462], [-111.693575, 25.946899], [-111.694821, 25.946893], [-111.694827, 25.94796], [-111.695667, 25.948712], [-111.695685, 25.951797], [-111.693682, 25.95363], [-111.69201, 25.953638], [-111.691179, 25.954398], [-111.686582, 25.95442], [-111.685751, 25.955181]], [[-111.579293, 25.97766], [-111.583406, 25.977644], [-111.584489, 25.976655], [-111.584483, 25.97552], [-111.582971, 25.974164], [-111.57844, 25.974183], [-111.577533, 25.975011], [-111.577538, 25.976086], [-111.579293, 25.97766]]]}}, {"type": "Feature", "id": 43, "properties": {"id": "34b", "politica": "conservacion", "procedencia": "digitalizada"}, "geometry": {"type": "MultiPolygon", "coordinates": [[[[-111.645904, 25.869193], [-111.644677, 25.866224], [-111.641677, 25.86204], [-111.639185, 25.8613], [-111.636098, 25.859278], [-111.635512, 25.859814], [-111.631374, 25.859832], [-111.63136, 25.857272], [-111.62886, 25.85503], [-111.628852, 25.853468], [-111.635377, 25.847125], [-111.641165, 25.844096], [-111.642409, 25.84409], [-111.643234, 25.843336], [-111.644893, 25.843328], [-111.645718, 25.842574], [-111.646547, 25.84257], [-111.658926, 25.832001], [-111.66099, 25.83049], [-111.66264, 25.830483], [-111.662786, 25.856697], [-111.663203, 25.85707], [-111.662826, 25.86383], [-111.663672, 25.86683], [-111.663886, 25.905126], [-111.66472, 25.905873], [-111.664743, 25.910003], [-111.665652, 25.910818], [-111.673035, 25.910784], [-111.670642, 25.912972], [-111.667747, 25.914487], [-111.664362, 25.914502], [-111.663528, 25.913755], [-111.662765, 25.913759], [-111.661454, 25.915334], [-111.661475, 25.919089], [-111.659899, 25.92053], [-111.657825, 25.92054], [-111.656999, 25.921294], [-111.654095, 25.921307], [-111.653269, 25.922062], [-111.65161, 25.922069], [-111.650784, 25.922824], [-111.64871, 25.922833], [-111.647885, 25.923588], [-111.644566, 25.923603], [-111.64374, 25.924357], [-111.637102, 25.924387], [-111.636277, 25.925141], [-111.633372, 25.925154], [-111.632547, 25.925909], [-111.630472, 25.925918], [-111.629647, 25.926672], [-111.627987, 25.926679], [-111.627161, 25.927434], [-111.623846, 25.928199], [-111.620124, 25.930468], [-111.61722, 25.93048], [-111.616807, 25.930857], [-111.613494, 25.930496], [-111.613064, 25.927562], [-111.612155, 25.926747], [-111.610562, 25.926754], [-111.609249, 25.927953], [-111.608842, 25.929457], [-111.607603, 25.930588], [-111.607435, 25.931874], [-111.608435, 25.93277], [-111.60603, 25.93278], [-111.603477, 25.935111], [-111.603481, 25.935794], [-111.60107, 25.936555], [-111.600244, 25.93731], [-111.594783, 25.937332], [-111.594192, 25.936802], [-111.59315, 25.937752], [-111.593951, 25.93847], [-111.593955, 25.939281], [-111.592955, 25.940194], [-111.593549, 25.9411], [-111.594216, 25.941698], [-111.595042, 25.940944], [-111.596118, 25.941908], [-111.598367, 25.942057], [-111.599786, 25.941893], [-111.600612, 25.941139], [-111.602271, 25.941132], [-111.604334, 25.938871], [-111.605164, 25.938867], [-111.608883, 25.935848], [-111.610128, 25.935843], [-111.610954, 25.935088], [-111.612613, 25.935081], [-111.613439, 25.934327], [-111.61641, 25.934314], [-111.617244, 25.935062], [-111.620978, 25.935046], [-111.621812, 25.935793], [-111.622567, 25.93579], [-111.622579, 25.938034], [-111.618868, 25.942556], [-111.617642, 25.946248], [-111.616887, 25.946251], [-111.61482, 25.947762], [-111.609359, 25.947785], [-111.607277, 25.946292], [-111.606514, 25.946295], [-111.6052, 25.947494], [-111.60563, 25.950496], [-111.604806, 25.951626], [-111.604814, 25.95306], [-111.604058, 25.953063], [-111.603397, 25.953667], [-111.603993, 25.954949], [-111.603598, 25.958765], [-111.599543, 25.962844], [-111.598302, 25.9636], [-111.597406, 25.963604], [-111.589975, 25.956568], [-111.587468, 25.953199], [-111.57788, 25.944227], [-111.577876, 25.943476], [-111.576204, 25.940854], [-111.576187, 25.937483], [-111.577424, 25.937478], [-111.578016, 25.938009], [-111.579055, 25.936683], [-111.578421, 25.936115], [-111.577017, 25.937397], [-111.57701, 25.93597], [-111.576352, 25.93538], [-111.577004, 25.934784], [-111.577403, 25.931471], [-111.578158, 25.931468], [-111.581881, 25.9292], [-111.594693, 25.919386], [-111.59759, 25.917873], [-111.598419, 25.917869], [-111.599245, 25.917115], [-111.600075, 25.917111], [-111.600901, 25.916357], [-111.601731, 25.916354], [-111.602556, 25.915599], [-111.603386, 25.915596], [-111.610889, 25.907987], [-111.613352, 25.903096], [-111.614178, 25.902342], [-111.614996, 25.900085], [-111.615822, 25.899331], [-111.615818, 25.89858], [-111.620355, 25.89368], [-111.620762, 25.892244], [-111.622757, 25.891484], [-111.62854, 25.886954], [-111.630199, 25.886947], [-111.633094, 25.885432], [-111.634753, 25.885425], [-111.638058, 25.883158], [-111.638888, 25.883154], [-111.640953, 25.881643], [-111.641783, 25.881639], [-111.643919, 25.879309], [-111.643906, 25.877057], [-111.644732, 25.876302], [-111.644715, 25.873298], [-111.645541, 25.872544], [-111.645524, 25.86954], [-111.645904, 25.869193]], [[-111.587791, 25.941153], [-111.586915, 25.940368], [-111.584907, 25.940376], [-111.584494, 25.940753], [-111.582417, 25.940386], [-111.581549, 25.941179], [-111.582425, 25.941964], [-111.5836, 25.941208], [-111.584496, 25.941205], [-111.58533, 25.941952], [-111.586923, 25.941946], [-111.587791, 25.941153]], [[-111.638649, 25.90343], [-111.639482, 25.904177], [-111.642734, 25.904163], [-111.643634, 25.90334], [-111.644041, 25.901896], [-111.642713, 25.900332], [-111.636558, 25.90036], [-111.635658, 25.901182], [-111.63567, 25.903375], [-111.636545, 25.90416], [-111.637338, 25.903436], [-111.638649, 25.90343]]], [[[-111.660716, 25.924327], [-111.664823, 25.922836], [-111.667715, 25.92057], [-111.668951, 25.920565], [-111.668966, 25.923184], [-111.668142, 25.924255], [-111.668982, 25.926129], [-111.671489, 25.929121], [-111.671532, 25.936689], [-111.6703, 25.938948], [-111.669061, 25.94008], [-111.669065, 25.940763], [-111.66831, 25.940766], [-111.667484, 25.941521], [-111.665825, 25.941529], [-111.664584, 25.942285], [-111.655427, 25.950655], [-111.65014, 25.956618], [-111.648065, 25.956628], [-111.647165, 25.95745], [-111.647171, 25.958577], [-111.646349, 25.960082], [-111.641055, 25.964919], [-111.637735, 25.964934], [-111.636909, 25.965688], [-111.631929, 25.96571], [-111.631103, 25.966465], [-111.627783, 25.966479], [-111.626957, 25.967233], [-111.624882, 25.967242], [-111.623816, 25.968216], [-111.62274, 25.967252], [-111.617412, 25.967274], [-111.616586, 25.968029], [-111.614926, 25.968036], [-111.6141, 25.96879], [-111.612854, 25.968796], [-111.612028, 25.96955], [-111.610783, 25.969555], [-111.608301, 25.971068], [-111.607056, 25.971073], [-111.60623, 25.971827], [-111.604984, 25.971832], [-111.603743, 25.972589], [-111.601194, 25.975671], [-111.601628, 25.979356], [-111.60005, 25.979362], [-111.599626, 25.977554], [-111.598792, 25.976807], [-111.598785, 25.975305], [-111.597951, 25.974558], [-111.59793, 25.970368], [-111.599982, 25.965922], [-111.602397, 25.965912], [-111.605777, 25.962826], [-111.606182, 25.960947], [-111.609475, 25.955677], [-111.609463, 25.953424], [-111.610284, 25.951611], [-111.612699, 25.951601], [-111.613525, 25.950847], [-111.617674, 25.950829], [-111.621055, 25.948119], [-111.623527, 25.944729], [-111.623519, 25.943227], [-111.624345, 25.942473], [-111.624337, 25.940971], [-111.625163, 25.940216], [-111.625149, 25.937588], [-111.626796, 25.935328], [-111.626788, 25.933826], [-111.628438, 25.931942], [-111.629256, 25.929753], [-111.630426, 25.929748], [-111.631252, 25.928994], [-111.632978, 25.928986], [-111.633778, 25.929704], [-111.634571, 25.928979], [-111.635467, 25.928975], [-111.636226, 25.929655], [-111.637066, 25.931529], [-111.636685, 25.937913], [-111.637352, 25.938511], [-111.639252, 25.936776], [-111.640039, 25.934925], [-111.639413, 25.934364], [-111.640065, 25.933768], [-111.640049, 25.930765], [-111.640875, 25.93001], [-111.640871, 25.929259], [-111.64286, 25.927441], [-111.644935, 25.927432], [-111.64576, 25.926677], [-111.649079, 25.926662], [-111.649905, 25.925908], [-111.651979, 25.925898], [-111.652805, 25.925144], [-111.65405, 25.925138], [-111.656116, 25.923627], [-111.659086, 25.923613], [-111.660716, 25.924327]], [[-111.638473, 25.947735], [-111.639307, 25.948482], [-111.642975, 25.948466], [-111.644288, 25.947266], [-111.644282, 25.946199], [-111.642954, 25.944636], [-111.637211, 25.944661], [-111.635898, 25.945861], [-111.635904, 25.946928], [-111.636813, 25.947742], [-111.638473, 25.947735]]], [[[-111.629468, 25.985245], [-111.624977, 25.985264], [-111.624151, 25.986019], [-111.621594, 25.98603], [-111.62076, 25.985282], [-111.615779, 25.985303], [-111.61453, 25.984558], [-111.609964, 25.984577], [-111.608788, 25.983523], [-111.608776, 25.981211], [-111.610764, 25.978642], [-111.618211, 25.974105], [-111.624918, 25.974076], [-111.626094, 25.97513], [-111.626108, 25.977818], [-111.625695, 25.978195], [-111.626126, 25.981137], [-111.629462, 25.984126], [-111.629468, 25.985245]], [[-111.616234, 25.980121], [-111.618313, 25.980863], [-111.622812, 25.980844], [-111.623713, 25.980021], [-111.623703, 25.978203], [-111.622377, 25.977015], [-111.616218, 25.977042], [-111.615317, 25.977864], [-111.615325, 25.979306], [-111.616234, 25.980121]]], [[[-111.641153, 25.982941], [-111.639493, 25.982948], [-111.638667, 25.983702], [-111.635695, 25.983716], [-111.632777, 25.981476], [-111.631947, 25.981479], [-111.630352, 25.979677], [-111.630344, 25.978115], [-111.631168, 25.976985], [-111.631162, 25.975859], [-111.633152, 25.974041], [-111.634398, 25.974035], [-111.63605, 25.972526], [-111.638536, 25.971764], [-111.639362, 25.97101], [-111.641022, 25.971002], [-111.641848, 25.970248], [-111.643508, 25.97024], [-111.647712, 25.966399], [-111.648949, 25.964892], [-111.648945, 25.964209], [-111.6497, 25.964205], [-111.651841, 25.962626], [-111.654236, 25.958929], [-111.655896, 25.958921], [-111.656796, 25.958098], [-111.65678, 25.955162], [-111.658365, 25.955155], [-111.659265, 25.954333], [-111.659249, 25.951397], [-111.660004, 25.951393], [-111.664543, 25.946867], [-111.668684, 25.945346], [-111.66951, 25.944591], [-111.67034, 25.944588], [-111.674129, 25.941123], [-111.674125, 25.940372], [-111.675535, 25.938706], [-111.675118, 25.938332], [-111.67577, 25.937736], [-111.675761, 25.936235], [-111.676587, 25.93548], [-111.676565, 25.931725], [-111.677391, 25.930971], [-111.676968, 25.92953], [-111.674885, 25.928038], [-111.674874, 25.926161], [-111.67404, 25.925414], [-111.674023, 25.922351], [-111.674848, 25.921596], [-111.674842, 25.920529], [-111.674008, 25.919782], [-111.674003, 25.918972], [-111.674829, 25.918217], [-111.674814, 25.915589], [-111.675633, 25.913775], [-111.678114, 25.913764], [-111.683043, 25.918178], [-111.683053, 25.920056], [-111.683887, 25.920803], [-111.683892, 25.921554], [-111.684726, 25.922301], [-111.684732, 25.923427], [-111.685566, 25.924174], [-111.685575, 25.925676], [-111.686409, 25.926423], [-111.686418, 25.927924], [-111.687252, 25.928671], [-111.687258, 25.929798], [-111.688092, 25.930545], [-111.688101, 25.932046], [-111.689774, 25.934291], [-111.689783, 25.935793], [-111.690617, 25.93654], [-111.690626, 25.938042], [-111.69146, 25.938789], [-111.691469, 25.94029], [-111.692303, 25.941037], [-111.692312, 25.942539], [-111.693984, 25.944784], [-111.694, 25.947471], [-111.687881, 25.952689], [-111.680433, 25.956479], [-111.677131, 25.959498], [-111.671342, 25.96328], [-111.668378, 25.965989], [-111.668382, 25.96674], [-111.666733, 25.968625], [-111.666737, 25.969376], [-111.665085, 25.970886], [-111.664681, 25.972765], [-111.663516, 25.973829], [-111.662686, 25.973833], [-111.660619, 25.975344], [-111.659789, 25.975348], [-111.657307, 25.976861], [-111.654821, 25.977623], [-111.653995, 25.978378], [-111.65275, 25.978383], [-111.649853, 25.979898], [-111.648608, 25.979904], [-111.646126, 25.981417], [-111.644466, 25.981424], [-111.64364, 25.982179], [-111.641979, 25.982186], [-111.641153, 25.982941]], [[-111.663345, 25.956567], [-111.665503, 25.958126], [-111.670416, 25.958104], [-111.671729, 25.956904], [-111.671721, 25.955461], [-111.670395, 25.954273], [-111.664652, 25.9543], [-111.663339, 25.9555], [-111.663345, 25.956567]]]]}}, {"type": "Feature", "id": 44, "properties": {"id": "35", "politica": "aprovechamiento-sustentable", "procedencia": "epoel-2019"}, "geometry": {"type": "Polygon", "coordinates": [[[-111.365029, 26.006123], [-111.36494, 26.006283], [-111.364404, 26.006685], [-111.363332, 26.007487], [-111.361009, 26.009253], [-111.357794, 26.011341], [-111.354667, 26.01399], [-111.353506, 26.014552], [-111.353059, 26.015114], [-111.352791, 26.015435], [-111.353149, 26.015836], [-111.354221, 26.015676], [-111.356007, 26.016157], [-111.357704, 26.016398], [-111.358151, 26.016719], [-111.359133, 26.01688], [-111.360473, 26.01712], [-111.360652, 26.017923], [-111.359491, 26.01985], [-111.357972, 26.021616], [-111.356722, 26.021134], [-111.354935, 26.020251], [-111.354578, 26.019689], [-111.353685, 26.01993], [-111.352166, 26.020813], [-111.351094, 26.019609], [-111.35029, 26.020331], [-111.347968, 26.021455], [-111.346449, 26.022258], [-111.34502, 26.022659], [-111.344931, 26.022338], [-111.344931, 26.020974], [-111.344931, 26.020412], [-111.344305, 26.019047], [-111.343323, 26.017682], [-111.342608, 26.016719], [-111.341447, 26.015354], [-111.341, 26.014471], [-111.340018, 26.01391], [-111.339303, 26.01399], [-111.338589, 26.01415], [-111.338142, 26.013428], [-111.33975, 26.012625], [-111.339303, 26.011501], [-111.338678, 26.009013], [-111.338678, 26.006925], [-111.338589, 26.004838], [-111.33707, 26.003714], [-111.336177, 26.003634], [-111.336177, 26.002911], [-111.335909, 26.001466], [-111.336356, 26.000824], [-111.337785, 26.000262], [-111.338321, 25.9997], [-111.338231, 25.997934], [-111.338231, 25.992635], [-111.338857, 25.992715], [-111.339661, 25.992795], [-111.341268, 25.993438], [-111.342162, 25.993839], [-111.34234, 25.993197], [-111.342876, 25.992715], [-111.34368, 25.992554], [-111.344484, 25.993036], [-111.344841, 25.993678], [-111.345467, 25.994], [-111.345288, 25.994642], [-111.345645, 25.995204], [-111.345735, 25.996007], [-111.345824, 25.99697], [-111.347343, 25.997693], [-111.348593, 25.998576], [-111.349844, 25.998576], [-111.35029, 25.998897], [-111.350648, 25.9997], [-111.350826, 26.000824], [-111.350112, 26.001145], [-111.348236, 26.001627], [-111.346092, 26.001306], [-111.34636, 26.003072], [-111.347164, 26.002992], [-111.350112, 26.00267], [-111.352613, 26.001948], [-111.354756, 26.001547], [-111.358329, 26.001466], [-111.359669, 26.001145], [-111.3636, 26.000904], [-111.363868, 26.001547], [-111.363957, 26.002751], [-111.364136, 26.003393], [-111.364046, 26.004276], [-111.365029, 26.006123]]]}}, {"type": "Feature", "id": 45, "properties": {"id": "36a", "politica": "preservacion", "procedencia": "digitalizada"}, "geometry": {"type": "Polygon", "coordinates": [[[-111.003816, 25.349827], [-111.003162, 25.348658], [-111.001546, 25.348658], [-111.001448, 25.34857], [-111.001317, 25.348658], [-111.001057, 25.34857], [-111.000044, 25.34857], [-110.999863, 25.348733], [-111.00032, 25.349502], [-111.000516, 25.350212], [-111.00081, 25.350567], [-111.00081, 25.350833], [-111.001006, 25.35101], [-111.000908, 25.351497], [-111.000469, 25.351497], [-110.998119, 25.349368], [-110.997923, 25.349368], [-110.997532, 25.349102], [-110.997238, 25.349102], [-110.996455, 25.348747], [-110.995965, 25.348747], [-110.995867, 25.348658], [-110.995476, 25.348747], [-110.995378, 25.348658], [-110.994594, 25.348658], [-110.994382, 25.348554], [-110.994054, 25.348807], [-110.994054, 25.348924], [-110.993777, 25.348924], [-110.993484, 25.349102], [-110.992879, 25.34965], [-110.992879, 25.349811], [-110.992309, 25.349989], [-110.992095, 25.350182], [-110.992095, 25.350344], [-110.991868, 25.350343], [-110.991704, 25.35061], [-110.990678, 25.350521], [-110.990482, 25.350343], [-110.99009, 25.350343], [-110.989829, 25.350106], [-110.98857, 25.351512], [-110.988374, 25.352029], [-110.988196, 25.352029], [-110.987101, 25.35302], [-110.987101, 25.353182], [-110.986923, 25.353182], [-110.986042, 25.353891], [-110.985797, 25.353891], [-110.985503, 25.354157], [-110.985209, 25.354157], [-110.984524, 25.35469], [-110.983936, 25.35469], [-110.983349, 25.354956], [-110.98237, 25.355044], [-110.981782, 25.35531], [-110.980854, 25.355399], [-110.980854, 25.354912], [-110.981246, 25.354291], [-110.981246, 25.352842], [-110.980952, 25.352487], [-110.980659, 25.351423], [-110.980267, 25.350979], [-110.979973, 25.350269], [-110.979973, 25.350003], [-110.979484, 25.349382], [-110.979484, 25.349027], [-110.979288, 25.348495], [-110.979288, 25.347786], [-110.979191, 25.347697], [-110.979288, 25.34746], [-110.979191, 25.347342], [-110.979191, 25.346662], [-110.97968, 25.34613], [-110.97968, 25.345952], [-110.979974, 25.345598], [-110.979974, 25.34477], [-110.979681, 25.344415], [-110.979681, 25.344149], [-110.979387, 25.343528], [-110.979289, 25.341842], [-110.979192, 25.34162], [-110.978293, 25.340895], [-110.97751, 25.340451], [-110.977136, 25.340451], [-110.977136, 25.340289], [-110.976825, 25.340007], [-110.976629, 25.340007], [-110.976335, 25.339741], [-110.976041, 25.339652], [-110.975569, 25.338958], [-110.97557, 25.338649], [-110.976091, 25.338472], [-110.976255, 25.338206], [-110.977021, 25.33794], [-110.977608, 25.337496], [-110.978, 25.337408], [-110.978685, 25.337408], [-110.978979, 25.33723], [-110.979664, 25.33723], [-110.97986, 25.337053], [-110.981981, 25.337231], [-110.982274, 25.337408], [-110.983057, 25.337408], [-110.983645, 25.337674], [-110.983939, 25.337674], [-110.984134, 25.337852], [-110.984526, 25.337852], [-110.985913, 25.33871], [-110.986141, 25.33865], [-110.986337, 25.338828], [-110.986515, 25.338828], [-110.986515, 25.338989], [-110.986729, 25.339183], [-110.986924, 25.339183], [-110.987218, 25.339449], [-110.987396, 25.339449], [-110.987396, 25.339611], [-110.98761, 25.339804], [-110.988082, 25.339981], [-110.988082, 25.340098], [-110.988375, 25.340247], [-110.988375, 25.340498], [-110.988669, 25.340764], [-110.988669, 25.340941], [-110.989061, 25.341474], [-110.989354, 25.341622], [-110.989462, 25.341926], [-110.989748, 25.341889], [-110.989913, 25.341623], [-110.990091, 25.341623], [-110.990287, 25.341445], [-110.990841, 25.341445], [-110.991624, 25.341889], [-110.992522, 25.34217], [-110.993028, 25.342155], [-110.993909, 25.341623], [-110.994301, 25.341534], [-110.996519, 25.341623], [-110.996879, 25.341949], [-110.997107, 25.341889], [-110.9974, 25.342155], [-110.99846, 25.342672], [-110.99846, 25.343085], [-110.998166, 25.343352], [-110.997872, 25.34415], [-110.997481, 25.344682], [-110.997269, 25.34585], [-110.997449, 25.346058], [-110.998184, 25.346147], [-110.998511, 25.346324], [-110.998609, 25.346236], [-110.999098, 25.346236], [-110.999784, 25.345881], [-111.000273, 25.345881], [-111.000567, 25.345703], [-111.001219, 25.345703], [-111.001415, 25.345881], [-111.001708, 25.345881], [-111.002296, 25.346324], [-111.002785, 25.346413], [-111.003079, 25.346679], [-111.003373, 25.346679], [-111.003863, 25.346945], [-111.004156, 25.346945], [-111.004548, 25.347123], [-111.005233, 25.347123], [-111.005429, 25.3473], [-111.005723, 25.3473], [-111.005901, 25.347462], [-111.005999, 25.347876], [-111.005803, 25.348053], [-111.005705, 25.348497], [-111.00551, 25.348674], [-111.005314, 25.349384], [-111.005412, 25.349502], [-111.005412, 25.351158], [-111.005233, 25.351319], [-111.004744, 25.351319], [-111.004646, 25.351408], [-111.00411, 25.351319], [-111.00411, 25.350892], [-111.003914, 25.350626], [-111.003816, 25.349827]], [[-110.984199, 25.346383], [-110.98438, 25.346219], [-110.98438, 25.345923], [-110.984035, 25.34573], [-110.983822, 25.345923], [-110.983822, 25.346175], [-110.984199, 25.346383]]]}}, {"type": "Feature", "id": 46, "properties": {"id": "36b", "politica": "preservacion", "procedencia": "epoel-2019"}, "geometry": {"type": "Polygon", "coordinates": [[[-110.965477, 25.322955], [-110.966172, 25.326796], [-110.966593, 25.327846], [-110.967268, 25.329467], [-110.96766, 25.330079], [-110.96768, 25.330371], [-110.967581, 25.330889], [-110.967162, 25.331425], [-110.966712, 25.330743], [-110.965311, 25.329895], [-110.962076, 25.328932], [-110.958662, 25.328101], [-110.957173, 25.329089], [-110.956086, 25.328907], [-110.955605, 25.328934], [-110.955307, 25.328512], [-110.95548, 25.328282], [-110.955966, 25.327937], [-110.956168, 25.327365], [-110.956319, 25.326819], [-110.956197, 25.326216], [-110.956417, 25.325911], [-110.95682, 25.325131], [-110.957002, 25.325048], [-110.957444, 25.324827], [-110.957681, 25.324375], [-110.957689, 25.323715], [-110.957664, 25.32296], [-110.957477, 25.32258], [-110.956659, 25.321626], [-110.956578, 25.321216], [-110.956292, 25.320964], [-110.95584, 25.320648], [-110.955122, 25.320737], [-110.954662, 25.3203], [-110.954635, 25.31913], [-110.955658, 25.319169], [-110.95903, 25.319783], [-110.963816, 25.320658], [-110.965477, 25.322955]]]}}, {"type": "Feature", "id": 47, "properties": {"id": "36c", "politica": "preservacion", "procedencia": "digitalizada"}, "geometry": {"type": "MultiPolygon", "coordinates": [[[[-110.941187, 25.280184], [-110.941263, 25.280307], [-110.941368, 25.280307], [-110.941368, 25.280464], [-110.941413, 25.280505], [-110.941413, 25.280874], [-110.941503, 25.281161], [-110.941502, 25.281489], [-110.941547, 25.28153], [-110.941547, 25.281858], [-110.941592, 25.281899], [-110.941592, 25.282377], [-110.941547, 25.282492], [-110.941239, 25.282533], [-110.941104, 25.282656], [-110.940834, 25.282738], [-110.940608, 25.282902], [-110.940473, 25.282902], [-110.940383, 25.282984], [-110.940292, 25.282984], [-110.939977, 25.283189], [-110.939751, 25.283188], [-110.939481, 25.283311], [-110.939255, 25.283352], [-110.939165, 25.283434], [-110.93894, 25.283434], [-110.938579, 25.283598], [-110.938459, 25.283598], [-110.938369, 25.283516], [-110.938287, 25.283516], [-110.938242, 25.28338], [-110.937859, 25.282949], [-110.937859, 25.282888], [-110.937634, 25.282703], [-110.937589, 25.282539], [-110.93749, 25.28245], [-110.937054, 25.282217], [-110.936949, 25.282244], [-110.936814, 25.282121], [-110.936499, 25.281998], [-110.936363, 25.281875], [-110.936191, 25.281875], [-110.936116, 25.281752], [-110.935778, 25.281506], [-110.93565, 25.281506], [-110.935575, 25.281383], [-110.935101, 25.281219], [-110.934974, 25.281062], [-110.934794, 25.280529], [-110.934839, 25.280379], [-110.934794, 25.280324], [-110.934795, 25.280133], [-110.93484, 25.280092], [-110.93484, 25.279682], [-110.934885, 25.279641], [-110.934885, 25.279136], [-110.93475, 25.27889], [-110.93475, 25.278664], [-110.934517, 25.278472], [-110.934366, 25.278513], [-110.934066, 25.278472], [-110.933849, 25.278151], [-110.933849, 25.277919], [-110.934292, 25.277517], [-110.934517, 25.277558], [-110.934706, 25.277346], [-110.934751, 25.277059], [-110.934886, 25.276854], [-110.934887, 25.275222], [-110.934969, 25.275222], [-110.935068, 25.275133], [-110.935068, 25.275058], [-110.93515, 25.275058], [-110.935375, 25.274853], [-110.935601, 25.274771], [-110.935925, 25.274395], [-110.935925, 25.274231], [-110.936105, 25.273903], [-110.936196, 25.273206], [-110.936278, 25.273132], [-110.93636, 25.273139], [-110.936503, 25.272968], [-110.936864, 25.272722], [-110.937048, 25.272698], [-110.937098, 25.272599], [-110.93727, 25.272599], [-110.937631, 25.272395], [-110.937713, 25.272402], [-110.937811, 25.272313], [-110.938021, 25.272313], [-110.938246, 25.272477], [-110.938539, 25.2726], [-110.939207, 25.273208], [-110.939297, 25.273331], [-110.939267, 25.273426], [-110.939387, 25.2737], [-110.939387, 25.273973], [-110.93917, 25.27417], [-110.939095, 25.27417], [-110.938968, 25.274129], [-110.938968, 25.274075], [-110.938833, 25.274006], [-110.938833, 25.273931], [-110.938464, 25.273637], [-110.938073, 25.273548], [-110.937967, 25.273644], [-110.937922, 25.27389], [-110.937787, 25.274136], [-110.937787, 25.274273], [-110.937832, 25.274396], [-110.938057, 25.274601], [-110.938192, 25.274847], [-110.938485, 25.275175], [-110.938485, 25.275462], [-110.938575, 25.275544], [-110.938575, 25.275694], [-110.938485, 25.275858], [-110.938484, 25.276096], [-110.938375, 25.276141], [-110.938394, 25.2762], [-110.93868, 25.276583], [-110.938763, 25.276576], [-110.938853, 25.276658], [-110.939033, 25.276699], [-110.939611, 25.27674], [-110.939656, 25.277922], [-110.940422, 25.278742], [-110.940421, 25.279439], [-110.941007, 25.280095], [-110.941105, 25.280184], [-110.941187, 25.280184]], [[-110.937642, 25.279227], [-110.937816, 25.27911], [-110.937717, 25.278965], [-110.937514, 25.279075], [-110.937642, 25.279227]]], [[[-110.945788, 25.27608], [-110.945788, 25.276599], [-110.945697, 25.276681], [-110.945697, 25.276926], [-110.945562, 25.27709], [-110.945517, 25.277418], [-110.945381, 25.277705], [-110.945381, 25.27791], [-110.945291, 25.277992], [-110.945246, 25.278354], [-110.944909, 25.278353], [-110.944548, 25.278189], [-110.944278, 25.277943], [-110.944187, 25.277943], [-110.943954, 25.277772], [-110.943737, 25.277738], [-110.943556, 25.277615], [-110.942865, 25.277615], [-110.942775, 25.277697], [-110.942549, 25.277738], [-110.942459, 25.27782], [-110.942159, 25.27782], [-110.941933, 25.277696], [-110.941663, 25.277655], [-110.941077, 25.277286], [-110.940987, 25.277286], [-110.940544, 25.276802], [-110.940409, 25.276596], [-110.940409, 25.27631], [-110.940319, 25.276187], [-110.940274, 25.275818], [-110.940184, 25.275736], [-110.940049, 25.275367], [-110.939959, 25.275285], [-110.939959, 25.275162], [-110.939824, 25.275039], [-110.939824, 25.274889], [-110.940012, 25.274718], [-110.940004, 25.274643], [-110.940185, 25.274479], [-110.940185, 25.274404], [-110.940267, 25.274404], [-110.940357, 25.274322], [-110.940898, 25.274282], [-110.941079, 25.2742], [-110.941394, 25.274159], [-110.941755, 25.273913], [-110.942116, 25.27379], [-110.942476, 25.273544], [-110.942567, 25.273544], [-110.942702, 25.273421], [-110.942875, 25.273387], [-110.943017, 25.273258], [-110.943108, 25.273258], [-110.943296, 25.273086], [-110.943296, 25.273012], [-110.943431, 25.272943], [-110.943431, 25.272889], [-110.943491, 25.272889], [-110.943649, 25.272725], [-110.943814, 25.272725], [-110.943941, 25.272766], [-110.943941, 25.27282], [-110.944264, 25.273135], [-110.944347, 25.273135], [-110.944422, 25.273258], [-110.944527, 25.273258], [-110.944527, 25.273333], [-110.944895, 25.273668], [-110.944977, 25.273668], [-110.944977, 25.273784], [-110.945121, 25.273914], [-110.945211, 25.273914], [-110.945534, 25.274208], [-110.945616, 25.274201], [-110.945698, 25.274276], [-110.945698, 25.275055], [-110.945743, 25.275096], [-110.945713, 25.275478], [-110.945743, 25.276039], [-110.945788, 25.27608]]], [[[-110.943367, 25.280356], [-110.94345, 25.280349], [-110.943532, 25.280424], [-110.943532, 25.280656], [-110.943306, 25.280902], [-110.943306, 25.280984], [-110.943216, 25.281066], [-110.943216, 25.281222], [-110.943044, 25.281222], [-110.942998, 25.281263], [-110.942706, 25.281222], [-110.942707, 25.280669], [-110.942797, 25.280424], [-110.943014, 25.280226], [-110.943306, 25.280226], [-110.943367, 25.280356]]]]}}, {"type": "Feature", "id": 48, "properties": {"id": "37a", "politica": "conservacion", "procedencia": "epoel-2019"}, "geometry": {"type": "MultiPolygon", "coordinates": [[[[-111.51058, 25.822733], [-111.507642, 25.82481], [-111.507642, 25.826699], [-111.505963, 25.827832], [-111.504914, 25.827643], [-111.488547, 25.820088], [-111.487288, 25.820277], [-111.486658, 25.820844], [-111.481832, 25.821599], [-111.476376, 25.82141], [-111.474698, 25.822355], [-111.463157, 25.822355], [-111.454973, 25.821977], [-111.449937, 25.821033], [-111.452875, 25.814988], [-111.457491, 25.81461], [-111.462108, 25.813666], [-111.467354, 25.812721], [-111.47218, 25.810832], [-111.479524, 25.810077], [-111.486868, 25.808754], [-111.492953, 25.806865], [-111.496101, 25.808565], [-111.502606, 25.811777], [-111.506803, 25.814233], [-111.509321, 25.817821], [-111.511209, 25.821977], [-111.51058, 25.822733]]], [[[-111.556114, 25.803276], [-111.555065, 25.810266], [-111.553596, 25.818199], [-111.551707, 25.82311], [-111.543104, 25.823488], [-111.543314, 25.825566], [-111.543734, 25.82651], [-111.549399, 25.833309], [-111.550448, 25.838598], [-111.552127, 25.846529], [-111.551288, 25.846529], [-111.549189, 25.846152], [-111.546252, 25.847096], [-111.543943, 25.847851], [-111.540586, 25.849173], [-111.540796, 25.836142], [-111.537858, 25.833309], [-111.534291, 25.835765], [-111.534291, 25.82821], [-111.530514, 25.822733], [-111.537229, 25.822733], [-111.539747, 25.815933], [-111.540796, 25.815933], [-111.542684, 25.816877], [-111.544363, 25.817444], [-111.546042, 25.817444], [-111.550448, 25.817255], [-111.551288, 25.815555], [-111.550868, 25.813099], [-111.548979, 25.812155], [-111.545832, 25.811588], [-111.543943, 25.811399], [-111.547511, 25.807054], [-111.54856, 25.80441], [-111.54835, 25.802143], [-111.54856, 25.794019], [-111.551498, 25.794208], [-111.555904, 25.79383], [-111.555694, 25.797986], [-111.556114, 25.803276]]], [[[-111.545832, 25.876363], [-111.544993, 25.879384], [-111.545412, 25.880894], [-111.54772, 25.884292], [-111.550868, 25.889956], [-111.553386, 25.899394], [-111.554435, 25.909209], [-111.551917, 25.919401], [-111.54856, 25.926761], [-111.544153, 25.933743], [-111.541635, 25.938272], [-111.542265, 25.942046], [-111.539537, 25.943178], [-111.53513, 25.943933], [-111.525478, 25.949971], [-111.515196, 25.955442], [-111.502816, 25.963555], [-111.501767, 25.961291], [-111.501347, 25.959216], [-111.499668, 25.957895], [-111.495471, 25.955065], [-111.500298, 25.952046], [-111.508691, 25.947707], [-111.518344, 25.940725], [-111.526527, 25.936196], [-111.532612, 25.930913], [-111.538278, 25.924685], [-111.542265, 25.916381], [-111.542055, 25.911285], [-111.543524, 25.906189], [-111.544153, 25.899205], [-111.543943, 25.894109], [-111.542475, 25.88618], [-111.541006, 25.877873], [-111.540796, 25.873531], [-111.546252, 25.874097], [-111.545832, 25.87523], [-111.545832, 25.876363]]]]}}, {"type": "Feature", "id": 49, "properties": {"id": "37b", "politica": "preservacion", "procedencia": "epoel-2019"}, "geometry": {"type": "MultiPolygon", "coordinates": [[[[-111.617386, 25.647415], [-111.616546, 25.648833], [-111.615183, 25.650347], [-111.613924, 25.650252], [-111.613189, 25.648077], [-111.611091, 25.64609], [-111.61151, 25.645523], [-111.616127, 25.640888], [-111.620219, 25.645428], [-111.619904, 25.645239], [-111.619065, 25.645239], [-111.617386, 25.647415]]], [[[-111.606265, 25.65394], [-111.603327, 25.654035], [-111.600704, 25.654508], [-111.601019, 25.651198], [-111.600809, 25.651198], [-111.600179, 25.650914], [-111.600074, 25.650157], [-111.59955, 25.649874], [-111.599445, 25.649022], [-111.602068, 25.648644], [-111.605425, 25.647982], [-111.607524, 25.648077], [-111.607314, 25.649401], [-111.607838, 25.651481], [-111.608468, 25.651481], [-111.610147, 25.652522], [-111.609307, 25.6529], [-111.607838, 25.653562], [-111.606265, 25.65394]]], [[[-111.591156, 25.658669], [-111.588114, 25.660561], [-111.585176, 25.663303], [-111.583183, 25.664343], [-111.582029, 25.665478], [-111.581504, 25.666802], [-111.581084, 25.668221], [-111.580455, 25.669923], [-111.580245, 25.671436], [-111.579615, 25.672665], [-111.578252, 25.671625], [-111.576783, 25.671152], [-111.575209, 25.670774], [-111.575733, 25.668504], [-111.576678, 25.666802], [-111.577202, 25.664816], [-111.578776, 25.66179], [-111.58056, 25.658385], [-111.583497, 25.656305], [-111.585806, 25.65517], [-111.588324, 25.65394], [-111.590947, 25.652238], [-111.591366, 25.653846], [-111.59294, 25.654792], [-111.593884, 25.655359], [-111.597556, 25.655359], [-111.596088, 25.656305], [-111.593674, 25.657156], [-111.591156, 25.658669]]], [[[-111.553911, 25.693277], [-111.550553, 25.694223], [-111.550029, 25.692048], [-111.551183, 25.691197], [-111.550973, 25.689968], [-111.550029, 25.688456], [-111.547616, 25.687321], [-111.546881, 25.688077], [-111.545517, 25.688928], [-111.544363, 25.689306], [-111.542684, 25.688928], [-111.543524, 25.688361], [-111.544678, 25.688077], [-111.546252, 25.687132], [-111.548245, 25.68647], [-111.549504, 25.685808], [-111.551812, 25.685525], [-111.553701, 25.685525], [-111.554016, 25.686281], [-111.555275, 25.686186], [-111.556009, 25.685714], [-111.556848, 25.685808], [-111.558842, 25.685525], [-111.559891, 25.685146], [-111.56052, 25.685808], [-111.561045, 25.687037], [-111.563248, 25.689779], [-111.56094, 25.691008], [-111.558107, 25.691954], [-111.553911, 25.693277]]], [[[-111.545098, 25.696965], [-111.542265, 25.698761], [-111.539432, 25.699328], [-111.536704, 25.701219], [-111.535235, 25.70311], [-111.53513, 25.705095], [-111.535235, 25.708782], [-111.536599, 25.710105], [-111.538068, 25.712563], [-111.540376, 25.71521], [-111.542999, 25.718329], [-111.544888, 25.720787], [-111.545937, 25.72211], [-111.546566, 25.724189], [-111.546357, 25.726269], [-111.546776, 25.727687], [-111.547091, 25.729955], [-111.546566, 25.732412], [-111.545937, 25.732129], [-111.544783, 25.730711], [-111.542475, 25.729388], [-111.539222, 25.727497], [-111.539537, 25.725985], [-111.541425, 25.724189], [-111.540901, 25.723717], [-111.539642, 25.722393], [-111.538593, 25.72107], [-111.537963, 25.719841], [-111.537963, 25.719085], [-111.537858, 25.717195], [-111.537124, 25.716344], [-111.53618, 25.716155], [-111.534396, 25.715966], [-111.532927, 25.713319], [-111.531878, 25.711712], [-111.529884, 25.709632], [-111.52936, 25.707553], [-111.530304, 25.706607], [-111.530409, 25.704811], [-111.531353, 25.702637], [-111.532402, 25.700557], [-111.533766, 25.698288], [-111.53576, 25.695546], [-111.537648, 25.692805], [-111.540691, 25.691008], [-111.540586, 25.692521], [-111.541111, 25.693372], [-111.54195, 25.694034], [-111.542999, 25.694885], [-111.548035, 25.694696], [-111.54793, 25.695452], [-111.546881, 25.696114], [-111.545098, 25.696965]]], [[[-111.545412, 25.747722], [-111.546881, 25.7481], [-111.54793, 25.749896], [-111.553071, 25.755282], [-111.55454, 25.756794], [-111.554645, 25.758968], [-111.555484, 25.75944], [-111.556429, 25.761519], [-111.557268, 25.76322], [-111.557058, 25.76596], [-111.54856, 25.766149], [-111.54835, 25.767755], [-111.547196, 25.76766], [-111.546986, 25.765109], [-111.545622, 25.761897], [-111.542894, 25.756794], [-111.541425, 25.75292], [-111.540061, 25.750085], [-111.539117, 25.747722], [-111.54195, 25.746021], [-111.545098, 25.743564], [-111.545098, 25.74347], [-111.546042, 25.743375], [-111.545412, 25.747722]]], [[[-111.550658, 25.794019], [-111.54814, 25.793924], [-111.547616, 25.791563], [-111.548035, 25.781266], [-111.547616, 25.775786], [-111.54835, 25.770967], [-111.54877, 25.770495], [-111.549819, 25.771723], [-111.557058, 25.771629], [-111.557373, 25.785139], [-111.556534, 25.785139], [-111.556534, 25.792885], [-111.555694, 25.793358], [-111.55454, 25.793641], [-111.550658, 25.794019]]], [[[-111.457386, 25.986946], [-111.455183, 25.987229], [-111.453295, 25.987512], [-111.452245, 25.988078], [-111.450462, 25.987795], [-111.449098, 25.987889], [-111.448993, 25.988644], [-111.446999, 25.988927], [-111.445636, 25.989115], [-111.443747, 25.989587], [-111.442803, 25.989775], [-111.440599, 25.989964], [-111.43934, 25.990341], [-111.439131, 25.990624], [-111.437662, 25.991379], [-111.435249, 25.990813], [-111.433255, 25.991756], [-111.431472, 25.991944], [-111.429059, 25.991944], [-111.426226, 25.99251], [-111.423918, 25.992416], [-111.423603, 25.991662], [-111.422344, 25.990718], [-111.421609, 25.988172], [-111.422134, 25.988078], [-111.423288, 25.986663], [-111.424127, 25.984211], [-111.425911, 25.979684], [-111.42717, 25.977515], [-111.429793, 25.977137], [-111.431681, 25.976289], [-111.435668, 25.975817], [-111.438606, 25.974874], [-111.442803, 25.97478], [-111.446999, 25.973176], [-111.449622, 25.972044], [-111.454449, 25.970535], [-111.458016, 25.969592], [-111.461373, 25.969497], [-111.464206, 25.969215], [-111.467144, 25.968837], [-111.469662, 25.968271], [-111.47218, 25.967139], [-111.475747, 25.965913], [-111.477845, 25.965253], [-111.477845, 25.967139], [-111.478265, 25.969309], [-111.479104, 25.970535], [-111.480049, 25.971667], [-111.480258, 25.973176], [-111.479944, 25.975817], [-111.480888, 25.976855], [-111.480993, 25.977892], [-111.482462, 25.978458], [-111.482776, 25.980721], [-111.480468, 25.982891], [-111.476901, 25.986569], [-111.457386, 25.986946]]]]}}, {"type": "Feature", "id": 50, "properties": {"id": "38", "politica": "aprovechamiento-sustentable", "procedencia": "digitalizada"}, "geometry": {"type": "Polygon", "coordinates": [[[-111.349186, 25.990113], [-111.348485, 25.990427], [-111.347061, 25.99043], [-111.346824, 25.990538], [-111.34493, 25.991827], [-111.34422, 25.99247], [-111.343391, 25.9929], [-111.343035, 25.992901], [-111.342799, 25.993116], [-111.342088, 25.993331], [-111.341495, 25.993333], [-111.341308, 25.993502], [-111.341189, 25.993395], [-111.340665, 25.993549], [-111.339716, 25.993551], [-111.3387, 25.994364], [-111.338513, 25.994196], [-111.338226, 25.994365], [-111.338038, 25.994197], [-111.337822, 25.994197], [-111.337803, 25.987672], [-111.338276, 25.986922], [-111.338393, 25.986386], [-111.338748, 25.985958], [-111.338747, 25.985744], [-111.33922, 25.985208], [-111.339219, 25.984994], [-111.341583, 25.982099], [-111.345132, 25.978987], [-111.345132, 25.978793], [-111.345348, 25.978792], [-111.347005, 25.977504], [-111.34736, 25.977503], [-111.347716, 25.977288], [-111.349254, 25.976001], [-111.349491, 25.976], [-111.350577, 25.975015], [-111.351759, 25.973621], [-111.352942, 25.972655], [-111.352941, 25.972441], [-111.353651, 25.971798], [-111.35365, 25.971584], [-111.35436, 25.97094], [-111.354595, 25.970297], [-111.355068, 25.969654], [-111.355067, 25.96944], [-111.35554, 25.969011], [-111.355539, 25.968797], [-111.356013, 25.968368], [-111.356012, 25.968154], [-111.356248, 25.967939], [-111.356247, 25.967511], [-111.356484, 25.967297], [-111.356482, 25.966869], [-111.356719, 25.966654], [-111.356768, 25.966395], [-111.356649, 25.966288], [-111.357191, 25.965797], [-111.357186, 25.964299], [-111.35752, 25.963996], [-111.35825, 25.963994], [-111.358607, 25.964207], [-111.358962, 25.964206], [-111.359535, 25.964614], [-111.35937, 25.96564], [-111.359489, 25.965746], [-111.359302, 25.965916], [-111.359316, 25.970393], [-111.359436, 25.97082], [-111.360508, 25.972316], [-111.36241, 25.973809], [-111.362414, 25.975004], [-111.35995, 25.977024], [-111.358766, 25.977669], [-111.35709, 25.979404], [-111.356855, 25.980153], [-111.356382, 25.980797], [-111.356147, 25.981439], [-111.355557, 25.982511], [-111.355084, 25.983047], [-111.354851, 25.984332], [-111.354143, 25.98551], [-111.354144, 25.985938], [-111.352846, 25.988082], [-111.352846, 25.988403], [-111.352492, 25.988831], [-111.352375, 25.989241], [-111.35204, 25.989241], [-111.351851, 25.989413], [-111.35197, 25.989519], [-111.351546, 25.989904], [-111.351547, 25.990099], [-111.351212, 25.990099], [-111.350976, 25.990314], [-111.349533, 25.990317], [-111.349186, 25.990113]], [[-111.343958, 25.990138], [-111.344215, 25.989904], [-111.344213, 25.989172], [-111.343954, 25.98894], [-111.343143, 25.988942], [-111.342885, 25.989175], [-111.342887, 25.989907], [-111.343146, 25.99014], [-111.343958, 25.990138]], [[-111.348564, 25.983385], [-111.34894, 25.983044], [-111.348939, 25.982634], [-111.348561, 25.982295], [-111.347986, 25.982296], [-111.34761, 25.982637], [-111.347611, 25.983048], [-111.34799, 25.983387], [-111.348564, 25.983385]]]}}, {"type": "Feature", "id": 51, "properties": {"id": "39", "politica": "conservacion", "procedencia": "digitalizada"}, "geometry": {"type": "Polygon", "coordinates": [[[-111.696692, 25.973944], [-111.697731, 25.974873], [-111.697748, 25.977738], [-111.697502, 25.977964], [-111.697751, 25.978186], [-111.697761, 25.979919], [-111.697167, 25.979855], [-111.696994, 25.980014], [-111.696015, 25.979296], [-111.694965, 25.978828], [-111.69412, 25.978832], [-111.693221, 25.979654], [-111.693224, 25.980285], [-111.692877, 25.980602], [-111.692897, 25.984073], [-111.69255, 25.98439], [-111.692554, 25.985021], [-111.691369, 25.986103], [-111.69102, 25.986105], [-111.690673, 25.986422], [-111.6898, 25.986426], [-111.689278, 25.986744], [-111.687358, 25.986754], [-111.685094, 25.987711], [-111.684717, 25.987713], [-111.684191, 25.9874], [-111.683144, 25.987405], [-111.682793, 25.987091], [-111.68192, 25.987095], [-111.681218, 25.986467], [-111.680169, 25.986156], [-111.679818, 25.985842], [-111.678975, 25.985689], [-111.678974, 25.985401], [-111.678623, 25.985087], [-111.678617, 25.984144], [-111.678935, 25.984142], [-111.680847, 25.982713], [-111.681196, 25.982712], [-111.681544, 25.982395], [-111.682067, 25.982392], [-111.682415, 25.982075], [-111.682938, 25.982072], [-111.683838, 25.981251], [-111.683836, 25.980935], [-111.684183, 25.980618], [-111.68418, 25.979987], [-111.684513, 25.979682], [-111.683091, 25.978253], [-111.682566, 25.978098], [-111.678762, 25.979536], [-111.67772, 25.980487], [-111.675111, 25.982235], [-111.670771, 25.986516], [-111.668648, 25.986526], [-111.668123, 25.986212], [-111.666901, 25.986218], [-111.666375, 25.985905], [-111.664978, 25.985911], [-111.664104, 25.9856], [-111.662358, 25.985608], [-111.662007, 25.985294], [-111.661483, 25.985296], [-111.659416, 25.984675], [-111.659415, 25.984387], [-111.659064, 25.984073], [-111.65906, 25.983417], [-111.659407, 25.982942], [-111.663026, 25.980272], [-111.664072, 25.979951], [-111.667389, 25.979936], [-111.667736, 25.979619], [-111.668435, 25.979616], [-111.668813, 25.97927], [-111.669506, 25.97832], [-111.669502, 25.977556], [-111.669151, 25.977242], [-111.669146, 25.976453], [-111.668795, 25.976139], [-111.668786, 25.974536], [-111.669134, 25.974219], [-111.669131, 25.973746], [-111.669825, 25.972954], [-111.669823, 25.972666], [-111.670417, 25.97273], [-111.670664, 25.972505], [-111.671463, 25.972567], [-111.671637, 25.972409], [-111.671914, 25.972657], [-111.674533, 25.972645], [-111.675756, 25.972954], [-111.676876, 25.9727], [-111.677153, 25.972948], [-111.678724, 25.972941], [-111.678973, 25.973163], [-111.679251, 25.97291], [-111.679249, 25.972623], [-111.680091, 25.972619], [-111.680887, 25.97205], [-111.681062, 25.972207], [-111.681309, 25.971982], [-111.682529, 25.97166], [-111.682876, 25.971343], [-111.684792, 25.970545], [-111.688787, 25.967213], [-111.692265, 25.964987], [-111.694183, 25.965136], [-111.694185, 25.965423], [-111.694886, 25.966051], [-111.694888, 25.966366], [-111.695239, 25.96668], [-111.695245, 25.967627], [-111.695627, 25.967969], [-111.697343, 25.968276], [-111.697371, 25.973007], [-111.696692, 25.973944]], [[-111.683424, 25.975443], [-111.68415, 25.97478], [-111.684148, 25.97449], [-111.68334, 25.97361], [-111.682743, 25.973679], [-111.682017, 25.974342], [-111.682022, 25.975106], [-111.682404, 25.975448], [-111.683424, 25.975443]]]}}, {"type": "Feature", "id": 52, "properties": {"id": "40", "politica": "conservacion", "procedencia": "digitalizada"}, "geometry": {"type": "Polygon", "coordinates": [[[-111.481805, 25.981626], [-111.481802, 25.981021], [-111.481092, 25.979752], [-111.48109, 25.979275], [-111.480737, 25.978958], [-111.480732, 25.977845], [-111.480377, 25.97721], [-111.480374, 25.976415], [-111.480018, 25.975621], [-111.480013, 25.974349], [-111.479659, 25.974032], [-111.479657, 25.973555], [-111.478241, 25.97181], [-111.477885, 25.971016], [-111.477881, 25.969903], [-111.477527, 25.969427], [-111.477523, 25.968632], [-111.477244, 25.968382], [-111.477521, 25.968129], [-111.477241, 25.967746], [-111.477519, 25.967493], [-111.477516, 25.966857], [-111.477867, 25.966379], [-111.477862, 25.965266], [-111.478213, 25.964947], [-111.478211, 25.964311], [-111.47891, 25.963036], [-111.480314, 25.961601], [-111.480312, 25.961311], [-111.480633, 25.96131], [-111.482214, 25.960033], [-111.482566, 25.960031], [-111.483971, 25.959073], [-111.4845, 25.959071], [-111.485202, 25.958432], [-111.486081, 25.958111], [-111.487487, 25.957153], [-111.488544, 25.957149], [-111.488895, 25.95683], [-111.490304, 25.956825], [-111.490655, 25.956506], [-111.491916, 25.956502], [-111.492269, 25.956818], [-111.493855, 25.956813], [-111.494209, 25.95713], [-111.495266, 25.957126], [-111.498268, 25.959024], [-111.500006, 25.960898], [-111.500008, 25.961216], [-111.500361, 25.961533], [-111.500363, 25.961851], [-111.501072, 25.962961], [-111.501074, 25.963438], [-111.502316, 25.965501], [-111.502495, 25.966296], [-111.502849, 25.966613], [-111.502866, 25.970614], [-111.501814, 25.971889], [-111.500792, 25.97266], [-111.500264, 25.972661], [-111.499913, 25.972981], [-111.499208, 25.972983], [-111.498857, 25.973302], [-111.498328, 25.973304], [-111.496572, 25.974582], [-111.495516, 25.974904], [-111.494638, 25.975543], [-111.494109, 25.975545], [-111.493758, 25.975864], [-111.492877, 25.975867], [-111.491647, 25.976507], [-111.49059, 25.976511], [-111.490238, 25.97683], [-111.488477, 25.976836], [-111.487949, 25.977156], [-111.487217, 25.977158], [-111.486362, 25.976843], [-111.484927, 25.978149], [-111.484401, 25.978945], [-111.481805, 25.981626]], [[-111.483151, 25.970512], [-111.483519, 25.970044], [-111.483059, 25.969632], [-111.482001, 25.970115], [-111.482358, 25.970435], [-111.482709, 25.970116], [-111.483151, 25.970512]], [[-111.491241, 25.966347], [-111.490341, 25.965699], [-111.489664, 25.965701], [-111.489106, 25.966208], [-111.489109, 25.966978], [-111.489494, 25.967323], [-111.490347, 25.96732], [-111.491241, 25.966347]]]}}, {"type": "Feature", "id": 53, "properties": {"id": "41", "politica": "conservacion", "procedencia": "digitalizada"}, "geometry": {"type": "Polygon", "coordinates": [[[-111.359579, 25.964394], [-111.359043, 25.964396], [-111.358784, 25.964163], [-111.357905, 25.964049], [-111.357903, 25.963585], [-111.358161, 25.963352], [-111.358157, 25.962186], [-111.358414, 25.961953], [-111.358411, 25.961021], [-111.358668, 25.960787], [-111.358665, 25.959641], [-111.358147, 25.958943], [-111.35814, 25.956613], [-111.357882, 25.95638], [-111.35788, 25.955914], [-111.357622, 25.955682], [-111.357621, 25.955449], [-111.357363, 25.955216], [-111.357361, 25.95475], [-111.357103, 25.954518], [-111.357101, 25.954052], [-111.356066, 25.952656], [-111.355806, 25.951958], [-111.355548, 25.951726], [-111.355547, 25.951376], [-111.355288, 25.951144], [-111.355287, 25.950794], [-111.355083, 25.950611], [-111.355286, 25.950426], [-111.355286, 25.950214], [-111.355907, 25.950213], [-111.356807, 25.949628], [-111.358372, 25.948088], [-111.358628, 25.947389], [-111.358885, 25.947155], [-111.358883, 25.946572], [-111.35914, 25.946222], [-111.359133, 25.944144], [-111.358875, 25.943911], [-111.358874, 25.943562], [-111.358097, 25.942399], [-111.356782, 25.941332], [-111.356137, 25.940984], [-111.355105, 25.940754], [-111.352938, 25.940759], [-111.352934, 25.939499], [-111.352416, 25.938801], [-111.352415, 25.938316], [-111.352672, 25.938082], [-111.352671, 25.93787], [-111.353292, 25.937636], [-111.354323, 25.937633], [-111.355168, 25.936865], [-111.355736, 25.937259], [-111.355867, 25.937725], [-111.35574, 25.938308], [-111.356257, 25.938889], [-111.358864, 25.941234], [-111.360001, 25.941231], [-111.360002, 25.941676], [-111.360131, 25.941792], [-111.360272, 25.945637], [-111.360401, 25.945753], [-111.360404, 25.946685], [-111.360663, 25.947034], [-111.360665, 25.947617], [-111.360924, 25.948198], [-111.360819, 25.956023], [-111.36069, 25.95614], [-111.36071, 25.962665], [-111.360198, 25.963831], [-111.359579, 25.964394]], [[-111.35914, 25.953933], [-111.35973, 25.953162], [-111.359265, 25.952744], [-111.35877, 25.952745], [-111.358362, 25.953117], [-111.358363, 25.953448], [-111.358774, 25.953934], [-111.35914, 25.953933]]]}}, {"type": "Feature", "id": 54, "properties": {"id": "42", "politica": "preservacion", "procedencia": "digitalizada"}, "geometry": {"type": "MultiPolygon", "coordinates": [[[[-111.541716, 25.90487], [-111.542858, 25.906245], [-111.542862, 25.907005], [-111.541715, 25.911583], [-111.540586, 25.920031], [-111.540203, 25.92144], [-111.535956, 25.929195], [-111.52672, 25.93761], [-111.522448, 25.940088], [-111.520112, 25.940096], [-111.519492, 25.940661], [-111.52043, 25.941502], [-111.518334, 25.941362], [-111.517939, 25.941722], [-111.519268, 25.942914], [-111.517788, 25.942919], [-111.515623, 25.944538], [-111.515036, 25.944012], [-111.514291, 25.944691], [-111.512897, 25.944548], [-111.512114, 25.945261], [-111.513443, 25.946453], [-111.511963, 25.946458], [-111.49643, 25.956363], [-111.49481, 25.956368], [-111.486668, 25.948016], [-111.483305, 25.942545], [-111.483887, 25.942016], [-111.483132, 25.940287], [-111.483113, 25.935714], [-111.481538, 25.931145], [-111.48092, 25.930591], [-111.481533, 25.930033], [-111.481526, 25.928331], [-111.480909, 25.927777], [-111.48339, 25.925165], [-111.485721, 25.924102], [-111.486954, 25.922979], [-111.495475, 25.912395], [-111.510204, 25.89792], [-111.523364, 25.881337], [-111.529174, 25.874983], [-111.529556, 25.873575], [-111.530331, 25.872868], [-111.530327, 25.871813], [-111.531102, 25.871106], [-111.531096, 25.869699], [-111.531871, 25.868993], [-111.531863, 25.867297], [-111.532959, 25.866941], [-111.534118, 25.866937], [-111.534124, 25.868281], [-111.536475, 25.87179], [-111.539988, 25.87424], [-111.539999, 25.876703], [-111.541186, 25.88092], [-111.541596, 25.885492], [-111.542783, 25.88971], [-111.542794, 25.892172], [-111.543981, 25.89639], [-111.543621, 25.90278], [-111.541716, 25.90487]], [[-111.515609, 25.941385], [-111.516, 25.941736], [-111.51662, 25.941171], [-111.515767, 25.940112], [-111.513884, 25.94047], [-111.512876, 25.941388], [-111.51347, 25.941921], [-111.514051, 25.941391], [-111.514669, 25.941944], [-111.515609, 25.941385]], [[-111.520374, 25.916558], [-111.518383, 25.915123], [-111.516048, 25.915132], [-111.515329, 25.914782], [-111.513709, 25.916259], [-111.513713, 25.917257], [-111.515736, 25.918721], [-111.51801, 25.918713], [-111.520374, 25.916558]]], [[[-111.596409, 25.867363], [-111.597159, 25.868035], [-111.597167, 25.869499], [-111.594066, 25.871974], [-111.591747, 25.87515], [-111.589441, 25.880789], [-111.58634, 25.883264], [-111.585182, 25.885379], [-111.583247, 25.887498], [-111.583255, 25.889201], [-111.584498, 25.890314], [-111.589497, 25.890646], [-111.594153, 25.887812], [-111.59609, 25.886045], [-111.59926, 25.884977], [-111.60036, 25.885324], [-111.600367, 25.886668], [-111.60115, 25.88772], [-111.602002, 25.888484], [-111.602711, 25.888481], [-111.602721, 25.890585], [-111.59698, 25.895823], [-111.594652, 25.89724], [-111.593095, 25.897246], [-111.592483, 25.897804], [-111.591897, 25.897279], [-111.59154, 25.897604], [-111.587197, 25.897622], [-111.586415, 25.896921], [-111.58408, 25.896931], [-111.582519, 25.896233], [-111.581414, 25.896238], [-111.580802, 25.896796], [-111.580411, 25.896446], [-111.580023, 25.896799], [-111.579406, 25.896246], [-111.577911, 25.896252], [-111.575904, 25.898082], [-111.575921, 25.9016], [-111.57476, 25.903012], [-111.57439, 25.90682], [-111.57284, 25.906826], [-111.571668, 25.905776], [-111.570959, 25.905778], [-111.570954, 25.904786], [-111.569544, 25.902822], [-111.567763, 25.904799], [-111.56738, 25.906144], [-111.566671, 25.906147], [-111.565827, 25.906917], [-111.566219, 25.907563], [-111.566251, 25.914304], [-111.565864, 25.914657], [-111.565872, 25.916416], [-111.563944, 25.920294], [-111.563563, 25.921998], [-111.563954, 25.922348], [-111.564368, 25.927624], [-111.565152, 25.928676], [-111.564993, 25.929584], [-111.56633, 25.930782], [-111.566364, 25.937875], [-111.565976, 25.938228], [-111.56561, 25.943155], [-111.563289, 25.946331], [-111.563304, 25.94944], [-111.568009, 25.956106], [-111.56883, 25.964955], [-111.568055, 25.965662], [-111.566517, 25.96989], [-111.565742, 25.970596], [-111.563816, 25.975177], [-111.560331, 25.979413], [-111.559958, 25.982932], [-111.55957, 25.983286], [-111.559584, 25.9861], [-111.554538, 25.98999], [-111.554565, 25.995618], [-111.552629, 25.998089], [-111.552632, 25.998729], [-111.551923, 25.998732], [-111.549203, 26.000149], [-111.544087, 26.004102], [-111.539281, 26.011304], [-111.539673, 26.011654], [-111.538673, 26.012917], [-111.53829, 26.014326], [-111.537584, 26.014969], [-111.535574, 26.014977], [-111.534791, 26.014276], [-111.532126, 26.014286], [-111.53135, 26.014992], [-111.530571, 26.014995], [-111.528949, 26.016471], [-111.528952, 26.017112], [-111.527077, 26.017822], [-111.526231, 26.018592], [-111.526234, 26.019233], [-111.524754, 26.019238], [-111.524745, 26.01719], [-111.523892, 26.016427], [-111.523183, 26.016429], [-111.523178, 26.01538], [-111.524729, 26.013616], [-111.524713, 26.010154], [-111.52393, 26.009102], [-111.523917, 26.006287], [-111.522351, 26.004534], [-111.521564, 26.002778], [-111.521555, 26.000667], [-111.519986, 25.99821], [-111.517572, 25.996748], [-111.51374, 25.997113], [-111.513352, 25.997466], [-111.505562, 25.997494], [-111.505174, 25.997847], [-111.503, 25.997707], [-111.502612, 25.99806], [-111.501994, 25.997506], [-111.500825, 25.99751], [-111.499264, 25.996812], [-111.496146, 25.996471], [-111.49348, 25.994081], [-111.493477, 25.993377], [-111.492859, 25.992823], [-111.493247, 25.99247], [-111.492692, 25.991972], [-111.492686, 25.990565], [-111.491903, 25.989512], [-111.491898, 25.988457], [-111.490325, 25.984944], [-111.490296, 25.977851], [-111.492168, 25.976501], [-111.496057, 25.97508], [-111.497998, 25.973666], [-111.498777, 25.973664], [-111.499553, 25.972957], [-111.500721, 25.972953], [-111.502343, 25.971477], [-111.503117, 25.970419], [-111.503108, 25.968308], [-111.503496, 25.967955], [-111.50271, 25.966255], [-111.503092, 25.964502], [-111.503801, 25.964499], [-111.517394, 25.956007], [-111.520113, 25.95459], [-111.520892, 25.954588], [-111.523609, 25.952467], [-111.524387, 25.952464], [-111.533707, 25.946801], [-111.537595, 25.945379], [-111.541547, 25.942839], [-111.541524, 25.937984], [-111.542463, 25.938825], [-111.543083, 25.938259], [-111.543078, 25.937204], [-111.543854, 25.936497], [-111.543846, 25.934809], [-111.54501, 25.93403], [-111.546939, 25.930153], [-111.550035, 25.926271], [-111.550804, 25.924158], [-111.55158, 25.923451], [-111.551575, 25.922395], [-111.55235, 25.921689], [-111.552342, 25.91993], [-111.553887, 25.917461], [-111.553847, 25.908729], [-111.555721, 25.90837], [-111.556574, 25.907663], [-111.553833, 25.905908], [-111.553815, 25.902038], [-111.553034, 25.901337], [-111.553019, 25.898171], [-111.552237, 25.897471], [-111.552229, 25.895711], [-111.550661, 25.893255], [-111.550656, 25.892199], [-111.549873, 25.891147], [-111.549866, 25.889739], [-111.549084, 25.889039], [-111.549078, 25.887632], [-111.548296, 25.886931], [-111.548291, 25.885875], [-111.545157, 25.881314], [-111.545144, 25.878442], [-111.545919, 25.877736], [-111.545906, 25.874985], [-111.548557, 25.874271], [-111.552117, 25.871731], [-111.553664, 25.869615], [-111.553659, 25.868559], [-111.554434, 25.867853], [-111.554428, 25.866445], [-111.55552, 25.865449], [-111.556298, 25.865446], [-111.55908, 25.862909], [-111.560627, 25.860792], [-111.560623, 25.860089], [-111.561398, 25.859382], [-111.561377, 25.854865], [-111.560595, 25.854165], [-111.56059, 25.853109], [-111.559026, 25.851356], [-111.559023, 25.850652], [-111.554495, 25.847644], [-111.554108, 25.847997], [-111.55278, 25.846806], [-111.552773, 25.845399], [-111.551992, 25.844698], [-111.55198, 25.842236], [-111.551199, 25.841535], [-111.551188, 25.839072], [-111.550405, 25.83802], [-111.550395, 25.835909], [-111.549609, 25.834153], [-111.547265, 25.832051], [-111.547262, 25.831347], [-111.544137, 25.828544], [-111.544134, 25.827841], [-111.543353, 25.82714], [-111.543345, 25.825324], [-111.54405, 25.824681], [-111.548717, 25.824663], [-111.549329, 25.824105], [-111.549946, 25.824659], [-111.55228, 25.82465], [-111.55345, 25.825349], [-111.555395, 25.825342], [-111.556565, 25.826041], [-111.558899, 25.826032], [-111.561628, 25.827429], [-111.565144, 25.830581], [-111.57139, 25.835131], [-111.575287, 25.836523], [-111.576068, 25.837223], [-111.586984, 25.842105], [-111.587762, 25.842102], [-111.588544, 25.842802], [-111.589322, 25.842799], [-111.593223, 25.844894], [-111.594001, 25.844891], [-111.594782, 25.845591], [-111.59556, 25.845588], [-111.597835, 25.847627], [-111.599404, 25.850083], [-111.605891, 25.857297], [-111.598702, 25.865271], [-111.598705, 25.865911], [-111.597997, 25.865914], [-111.596409, 25.867363]], [[-111.55687, 25.907662], [-111.557892, 25.908158], [-111.558481, 25.907621], [-111.557692, 25.906914], [-111.55687, 25.907662]], [[-111.544151, 25.935082], [-111.546152, 25.936876], [-111.547323, 25.935809], [-111.546143, 25.934751], [-111.544151, 25.935082]], [[-111.538898, 25.961558], [-111.541955, 25.96225], [-111.543963, 25.960421], [-111.543961, 25.959774], [-111.542328, 25.958661], [-111.538885, 25.958674], [-111.537653, 25.960092], [-111.538898, 25.961558]]]]}}, {"type": "Feature", "id": 55, "properties": {"id": "43", "politica": "preservacion", "procedencia": "digitalizada"}, "geometry": {"type": "Polygon", "coordinates": [[[-111.355246, 25.950315], [-111.354765, 25.950254], [-111.354764, 25.950016], [-111.354488, 25.949768], [-111.354349, 25.949394], [-111.354348, 25.948948], [-111.354485, 25.948823], [-111.354484, 25.948387], [-111.354758, 25.948075], [-111.354755, 25.946839], [-111.35434, 25.94628], [-111.353913, 25.945896], [-111.353786, 25.945896], [-111.353648, 25.946021], [-111.353304, 25.946022], [-111.353099, 25.946208], [-111.353028, 25.945401], [-111.353509, 25.944964], [-111.353508, 25.944777], [-111.353646, 25.944652], [-111.353645, 25.944465], [-111.353783, 25.94434], [-111.353782, 25.944153], [-111.353919, 25.943976], [-111.353781, 25.943852], [-111.35378, 25.94354], [-111.353642, 25.943416], [-111.35364, 25.942855], [-111.353502, 25.942731], [-111.353502, 25.942544], [-111.352949, 25.941985], [-111.352948, 25.941539], [-111.353085, 25.941414], [-111.353084, 25.941227], [-111.353182, 25.941138], [-111.353153, 25.940978], [-111.353278, 25.940864], [-111.353622, 25.940863], [-111.353691, 25.940801], [-111.354804, 25.940736], [-111.354873, 25.940798], [-111.355838, 25.94092], [-111.356666, 25.941229], [-111.357425, 25.941726], [-111.35838, 25.942709], [-111.358796, 25.943456], [-111.359005, 25.944203], [-111.359006, 25.944639], [-111.359145, 25.945012], [-111.359148, 25.945956], [-111.358943, 25.946518], [-111.358944, 25.946767], [-111.358807, 25.947016], [-111.358807, 25.947203], [-111.358259, 25.948201], [-111.356897, 25.949564], [-111.355866, 25.950189], [-111.355315, 25.950253], [-111.355246, 25.950315]], [[-111.356391, 25.945342], [-111.356747, 25.945018], [-111.356747, 25.944903], [-111.356596, 25.944768], [-111.356257, 25.944649], [-111.355975, 25.944905], [-111.355976, 25.945144], [-111.356196, 25.945342], [-111.356391, 25.945342]]]}}, {"type": "Feature", "id": 56, "properties": {"id": "44", "politica": "restauracion", "procedencia": "digitalizada"}, "geometry": {"type": "Polygon", "coordinates": [[[-111.407227, 25.945489], [-111.406927, 25.94522], [-111.404851, 25.945225], [-111.404472, 25.944885], [-111.403717, 25.944887], [-111.402582, 25.944207], [-111.402204, 25.944208], [-111.4005, 25.942846], [-111.400157, 25.942847], [-111.400156, 25.942536], [-111.39826, 25.940149], [-111.398258, 25.939465], [-111.397879, 25.939125], [-111.397876, 25.938271], [-111.397497, 25.93793], [-111.397493, 25.936734], [-111.397115, 25.936393], [-111.397106, 25.933974], [-111.397482, 25.933461], [-111.397478, 25.932265], [-111.397855, 25.931922], [-111.397852, 25.931068], [-111.398979, 25.929356], [-111.399731, 25.92867], [-111.39973, 25.92836], [-111.400074, 25.928359], [-111.401015, 25.927502], [-111.401392, 25.927501], [-111.401991, 25.926956], [-111.403493, 25.92456], [-111.4044, 25.923734], [-111.40666, 25.92236], [-111.407037, 25.922359], [-111.407979, 25.921673], [-111.409111, 25.92167], [-111.409865, 25.921326], [-111.412916, 25.921318], [-111.413483, 25.921658], [-111.415182, 25.921653], [-111.415561, 25.921993], [-111.415938, 25.921992], [-111.416317, 25.922333], [-111.41764, 25.922842], [-111.419309, 25.924173], [-111.419689, 25.924684], [-111.419692, 25.925709], [-111.421206, 25.92673], [-111.421208, 25.927243], [-111.421587, 25.927583], [-111.421593, 25.929463], [-111.421973, 25.929974], [-111.421976, 25.930856], [-111.421601, 25.93154], [-111.421606, 25.933078], [-111.42123, 25.933591], [-111.421233, 25.934275], [-111.420856, 25.934618], [-111.420861, 25.935984], [-111.420485, 25.936327], [-111.420487, 25.937011], [-111.420111, 25.937353], [-111.420113, 25.938037], [-111.419737, 25.93838], [-111.419738, 25.938721], [-111.419175, 25.939577], [-111.417704, 25.941088], [-111.41695, 25.941432], [-111.415445, 25.942804], [-111.413184, 25.944177], [-111.412618, 25.944178], [-111.412241, 25.944521], [-111.411486, 25.944523], [-111.41111, 25.944866], [-111.409977, 25.944869], [-111.409601, 25.945212], [-111.407524, 25.945218], [-111.407227, 25.945489]], [[-111.409719, 25.933628], [-111.410317, 25.933083], [-111.410316, 25.932598], [-111.409714, 25.932056], [-111.4088, 25.932058], [-111.40839, 25.932432], [-111.408393, 25.933259], [-111.408805, 25.933631], [-111.409719, 25.933628]]]}}, {"type": "Feature", "id": 57, "properties": {"id": "45", "politica": "aprovechamiento-sustentable", "procedencia": "digitalizada"}, "geometry": {"type": "Polygon", "coordinates": [[[-111.367012, 25.942233], [-111.366463, 25.942115], [-111.364481, 25.941047], [-111.363578, 25.941049], [-111.363447, 25.941169], [-111.359489, 25.941179], [-111.359357, 25.941298], [-111.358808, 25.941299], [-111.355657, 25.938466], [-111.355787, 25.937612], [-111.356703, 25.935126], [-111.358129, 25.934884], [-111.359183, 25.934285], [-111.360259, 25.933187], [-111.360914, 25.931873], [-111.360912, 25.931277], [-111.361174, 25.930441], [-111.361041, 25.930222], [-111.361169, 25.92879], [-111.361036, 25.928671], [-111.360767, 25.927002], [-111.360237, 25.926168], [-111.359684, 25.925552], [-111.358362, 25.92472], [-111.356536, 25.924367], [-111.356404, 25.924486], [-111.355217, 25.924609], [-111.354427, 25.924968], [-111.354035, 25.925325], [-111.354033, 25.924733], [-111.355194, 25.923797], [-111.359171, 25.923549], [-111.360626, 25.924738], [-111.362212, 25.925689], [-111.363114, 25.9265], [-111.363644, 25.927214], [-111.363792, 25.932462], [-111.364457, 25.934369], [-111.364878, 25.934867], [-111.366463, 25.935459], [-111.36763, 25.935576], [-111.368157, 25.935336], [-111.368575, 25.934955], [-111.368564, 25.931496], [-111.369067, 25.931039], [-111.370012, 25.931156], [-111.370253, 25.931373], [-111.371317, 25.934233], [-111.371981, 25.935543], [-111.371854, 25.937352], [-111.371615, 25.937569], [-111.368976, 25.937576], [-111.36869, 25.937837], [-111.368703, 25.94199], [-111.367935, 25.941992], [-111.367012, 25.942233]], [[-111.362365, 25.9351], [-111.361955, 25.934731], [-111.361184, 25.934733], [-111.360897, 25.934994], [-111.360899, 25.935452], [-111.361187, 25.935711], [-111.361826, 25.935709], [-111.362365, 25.9351]]]}}, {"type": "Feature", "id": 58, "properties": {"id": "46", "politica": "preservacion", "procedencia": "epoel-2019"}, "geometry": {"type": "Polygon", "coordinates": [[[-111.356272, 25.93279], [-111.35593, 25.93142], [-111.355893, 25.93091], [-111.355761, 25.929454], [-111.355186, 25.928219], [-111.354091, 25.926503], [-111.352929, 25.925352], [-111.354094, 25.924673], [-111.354928, 25.923526], [-111.35603, 25.923095], [-111.357878, 25.923278], [-111.359026, 25.923479], [-111.35997, 25.924594], [-111.360965, 25.926048], [-111.361349, 25.928001], [-111.361103, 25.929821], [-111.360268, 25.931334], [-111.358276, 25.932526], [-111.356272, 25.93279]]]}}, {"type": "Feature", "id": 59, "properties": {"id": "47", "politica": "conservacion", "procedencia": "digitalizada"}, "geometry": {"type": "Polygon", "coordinates": [[[-111.408625, 25.862806], [-111.408856, 25.863013], [-111.408876, 25.868691], [-111.409129, 25.868918], [-111.409135, 25.870735], [-111.409388, 25.870961], [-111.409404, 25.87573], [-111.409657, 25.875957], [-111.409665, 25.878228], [-111.409918, 25.878455], [-111.409933, 25.882997], [-111.410186, 25.883223], [-111.410194, 25.885495], [-111.410447, 25.885721], [-111.410465, 25.890942], [-111.408998, 25.890946], [-111.408601, 25.891306], [-111.408348, 25.89108], [-111.407739, 25.891404], [-111.405974, 25.891409], [-111.404967, 25.891866], [-111.403455, 25.89187], [-111.401691, 25.89233], [-111.395154, 25.897571], [-111.386096, 25.903047], [-111.38106, 25.904877], [-111.378289, 25.905566], [-111.377534, 25.906022], [-111.365432, 25.906053], [-111.357875, 25.908343], [-111.353598, 25.911533], [-111.350785, 25.911313], [-111.350532, 25.911086], [-111.347048, 25.911322], [-111.347045, 25.910416], [-111.347503, 25.910001], [-111.350775, 25.908176], [-111.352035, 25.907719], [-111.353295, 25.907716], [-111.356063, 25.905892], [-111.357572, 25.904525], [-111.359376, 25.904521], [-111.36064, 25.905426], [-111.362869, 25.905421], [-111.364881, 25.903599], [-111.366895, 25.902685], [-111.370162, 25.899497], [-111.371924, 25.898357], [-111.373727, 25.898125], [-111.375496, 25.899483], [-111.376213, 25.899482], [-111.377766, 25.898074], [-111.377749, 25.892623], [-111.378252, 25.892168], [-111.378249, 25.891259], [-111.378751, 25.890804], [-111.37875, 25.89035], [-111.379253, 25.889894], [-111.37925, 25.889024], [-111.377942, 25.888305], [-111.377225, 25.888307], [-111.376218, 25.888764], [-111.371192, 25.893774], [-111.367776, 25.895958], [-111.367523, 25.895731], [-111.366662, 25.896056], [-111.36511, 25.89606], [-111.364372, 25.895626], [-111.363995, 25.895967], [-111.363384, 25.895837], [-111.36137, 25.896978], [-111.358095, 25.897668], [-111.356838, 25.898806], [-111.355831, 25.899263], [-111.354319, 25.899721], [-111.353311, 25.899723], [-111.352914, 25.900083], [-111.352515, 25.899725], [-111.35075, 25.899503], [-111.350036, 25.898863], [-111.349781, 25.897728], [-111.349022, 25.896822], [-111.349015, 25.894512], [-111.35002, 25.893374], [-111.35052, 25.89201], [-111.351525, 25.890872], [-111.351524, 25.890418], [-111.353788, 25.888823], [-111.354039, 25.888368], [-111.354033, 25.886324], [-111.356297, 25.884728], [-111.356547, 25.884046], [-111.356545, 25.883403], [-111.355025, 25.880909], [-111.351086, 25.877152], [-111.351463, 25.87681], [-111.350978, 25.876376], [-111.350972, 25.874332], [-111.350572, 25.873973], [-111.35097, 25.873423], [-111.350569, 25.873065], [-111.351469, 25.871794], [-111.351466, 25.870926], [-111.35243, 25.870924], [-111.352826, 25.870564], [-111.353079, 25.870791], [-111.354233, 25.870692], [-111.355748, 25.871597], [-111.357473, 25.871593], [-111.358774, 25.870414], [-111.359021, 25.868634], [-111.358515, 25.867954], [-111.358507, 25.865228], [-111.358001, 25.864548], [-111.357997, 25.863375], [-111.3585, 25.862919], [-111.358496, 25.861556], [-111.358852, 25.861234], [-111.358599, 25.861007], [-111.358997, 25.860647], [-111.358991, 25.85883], [-111.360498, 25.857009], [-111.360497, 25.856595], [-111.362969, 25.855681], [-111.365025, 25.855675], [-111.367297, 25.857032], [-111.368263, 25.857898], [-111.368517, 25.858579], [-111.372101, 25.862017], [-111.373071, 25.862242], [-111.373618, 25.861745], [-111.373608, 25.858604], [-111.372595, 25.857016], [-111.37259, 25.855427], [-111.372085, 25.854974], [-111.372083, 25.854519], [-111.371072, 25.853614], [-111.370563, 25.851798], [-111.369298, 25.850438], [-111.368536, 25.848396], [-111.367125, 25.847131], [-111.367522, 25.846582], [-111.367017, 25.846129], [-111.366498, 25.841133], [-111.366097, 25.840775], [-111.366495, 25.840225], [-111.365989, 25.839772], [-111.365986, 25.838636], [-111.362656, 25.835651], [-111.361182, 25.835201], [-111.360384, 25.835925], [-111.360134, 25.836607], [-111.360141, 25.83884], [-111.360647, 25.83952], [-111.360905, 25.841563], [-111.36141, 25.842016], [-111.361675, 25.846369], [-111.358958, 25.849742], [-111.356399, 25.849749], [-111.354928, 25.84843], [-111.353658, 25.845253], [-111.352351, 25.844308], [-111.351886, 25.844309], [-111.350836, 25.84526], [-111.350592, 25.847986], [-111.35009, 25.848669], [-111.348878, 25.849767], [-111.347368, 25.850225], [-111.346213, 25.851271], [-111.346572, 25.852046], [-111.347628, 25.852993], [-111.348385, 25.853445], [-111.349646, 25.853669], [-111.350611, 25.854535], [-111.350616, 25.856122], [-111.349906, 25.856351], [-111.347638, 25.856584], [-111.347135, 25.857039], [-111.345119, 25.857044], [-111.344723, 25.857403], [-111.344324, 25.857046], [-111.343865, 25.857047], [-111.343356, 25.855272], [-111.341334, 25.853232], [-111.341331, 25.852286], [-111.341582, 25.852058], [-111.341328, 25.851188], [-111.33981, 25.849375], [-111.336378, 25.846297], [-111.341763, 25.843013], [-111.345535, 25.840279], [-111.35057, 25.838449], [-111.351325, 25.838448], [-111.353339, 25.837534], [-111.354095, 25.837532], [-111.354597, 25.837077], [-111.358121, 25.835933], [-111.360929, 25.832933], [-111.361179, 25.832251], [-111.36394, 25.828837], [-111.363937, 25.827701], [-111.364439, 25.827246], [-111.364435, 25.825883], [-111.36479, 25.825333], [-111.364537, 25.825107], [-111.364935, 25.824746], [-111.364933, 25.823838], [-111.365435, 25.823382], [-111.36543, 25.821792], [-111.365932, 25.82111], [-111.365929, 25.820242], [-111.366892, 25.820239], [-111.367395, 25.819784], [-111.368151, 25.819782], [-111.368653, 25.819326], [-111.369409, 25.819324], [-111.369911, 25.818869], [-111.370919, 25.818866], [-111.371316, 25.818507], [-111.372724, 25.819316], [-111.373731, 25.819313], [-111.374237, 25.819766], [-111.375244, 25.819764], [-111.37575, 25.820217], [-111.376757, 25.820214], [-111.377515, 25.820666], [-111.378522, 25.820664], [-111.379235, 25.821303], [-111.380503, 25.823798], [-111.381008, 25.824251], [-111.38101, 25.824705], [-111.382571, 25.826104], [-111.383328, 25.826556], [-111.386353, 25.827003], [-111.388626, 25.828586], [-111.39014, 25.829264], [-111.3906, 25.829676], [-111.390608, 25.831947], [-111.391411, 25.832667], [-111.394185, 25.833341], [-111.395909, 25.834886], [-111.396162, 25.835339], [-111.396168, 25.836967], [-111.395668, 25.838104], [-111.395929, 25.841018], [-111.396436, 25.841925], [-111.398711, 25.843963], [-111.398719, 25.846234], [-111.400997, 25.849408], [-111.401253, 25.850543], [-111.401759, 25.850995], [-111.402776, 25.853718], [-111.404086, 25.855118], [-111.405598, 25.855113], [-111.406356, 25.855566], [-111.407364, 25.855563], [-111.408329, 25.856201], [-111.408341, 25.859608], [-111.408593, 25.859834], [-111.4086, 25.861878], [-111.408853, 25.862105], [-111.408625, 25.862806]], [[-111.383921, 25.866301], [-111.385223, 25.865349], [-111.385222, 25.864933], [-111.384418, 25.864213], [-111.383198, 25.864216], [-111.38265, 25.864713], [-111.382171, 25.86583], [-111.382953, 25.866531], [-111.383921, 25.866301]]]}}, {"type": "Feature", "id": 60, "properties": {"id": "48", "politica": "preservacion", "procedencia": "digitalizada"}, "geometry": {"type": "Polygon", "coordinates": [[[-111.347168, 25.911433], [-111.348537, 25.911022], [-111.349456, 25.91102], [-111.34957, 25.910916], [-111.350623, 25.911017], [-111.350739, 25.911121], [-111.352003, 25.911118], [-111.352923, 25.911428], [-111.353268, 25.911427], [-111.353728, 25.911737], [-111.354303, 25.91184], [-111.355109, 25.912358], [-111.355683, 25.912356], [-111.356948, 25.912665], [-111.358445, 25.9137], [-111.358655, 25.9137], [-111.358655, 25.913889], [-111.359463, 25.91503], [-111.359464, 25.915238], [-111.359761, 25.915505], [-111.359646, 25.91561], [-111.359877, 25.915817], [-111.359762, 25.915921], [-111.360043, 25.916795], [-111.359819, 25.918891], [-111.358905, 25.920452], [-111.35755, 25.92158], [-111.356861, 25.921685], [-111.356287, 25.921999], [-111.355712, 25.922], [-111.355253, 25.922209], [-111.353281, 25.922214], [-111.352361, 25.922008], [-111.35098, 25.921284], [-111.350404, 25.920766], [-111.349963, 25.920871], [-111.349713, 25.921098], [-111.349256, 25.921931], [-111.348752, 25.922493], [-111.347418, 25.921605], [-111.346728, 25.921398], [-111.345713, 25.921505], [-111.345463, 25.921732], [-111.345465, 25.922355], [-111.345237, 25.923065], [-111.344226, 25.923067], [-111.344225, 25.922878], [-111.343649, 25.922256], [-111.343532, 25.921512], [-111.343854, 25.92101], [-111.344773, 25.9208], [-111.345023, 25.920573], [-111.345022, 25.920382], [-111.344771, 25.920156], [-111.343183, 25.920056], [-111.343064, 25.91862], [-111.342812, 25.918394], [-111.342603, 25.918394], [-111.342603, 25.918205], [-111.342421, 25.918041], [-111.342602, 25.917877], [-111.3426, 25.917374], [-111.341609, 25.915653], [-111.34179, 25.915489], [-111.341788, 25.914674], [-111.341376, 25.914303], [-111.342472, 25.912681], [-111.343024, 25.912179], [-111.343942, 25.911761], [-111.344238, 25.911492], [-111.344353, 25.911596], [-111.344516, 25.911448], [-111.34555, 25.911341], [-111.345664, 25.911237], [-111.346372, 25.911235], [-111.347168, 25.911433]], [[-111.351312, 25.916939], [-111.351791, 25.916504], [-111.35179, 25.916313], [-111.351424, 25.915983], [-111.350983, 25.915984], [-111.350618, 25.916315], [-111.35062, 25.916715], [-111.350871, 25.91694], [-111.351312, 25.916939]]]}}, {"type": "Feature", "id": 61, "properties": {"id": "49a", "politica": "preservacion", "procedencia": "digitalizada"}, "geometry": {"type": "Polygon", "coordinates": [[[-111.548044, 25.798944], [-111.548362, 25.799228], [-111.548389, 25.805187], [-111.547704, 25.805811], [-111.547714, 25.807988], [-111.54156, 25.816406], [-111.54019, 25.817655], [-111.540193, 25.818277], [-111.539508, 25.818901], [-111.53951, 25.819523], [-111.538144, 25.821705], [-111.538148, 25.822638], [-111.536779, 25.824198], [-111.536782, 25.824764], [-111.532659, 25.824468], [-111.532314, 25.824158], [-111.528874, 25.824171], [-111.527899, 25.823297], [-111.527895, 25.822314], [-111.529263, 25.820443], [-111.529254, 25.818578], [-111.52994, 25.817953], [-111.529934, 25.81676], [-111.529244, 25.816141], [-111.529234, 25.813964], [-111.52716, 25.811795], [-111.527158, 25.811173], [-111.525714, 25.809879], [-111.523301, 25.808644], [-111.520546, 25.808032], [-111.516474, 25.808357], [-111.512699, 25.810236], [-111.510582, 25.812476], [-111.50922, 25.81559], [-111.509228, 25.817456], [-111.507926, 25.818642], [-111.50792, 25.81746], [-111.503715, 25.813688], [-111.496476, 25.810293], [-111.494751, 25.809055], [-111.493085, 25.808749], [-111.483808, 25.811579], [-111.475555, 25.812228], [-111.467994, 25.814118], [-111.466618, 25.814123], [-111.465245, 25.814749], [-111.464213, 25.814752], [-111.463671, 25.815245], [-111.463326, 25.814935], [-111.459745, 25.81601], [-111.456993, 25.816019], [-111.456651, 25.816331], [-111.452868, 25.816654], [-111.451094, 25.818892], [-111.451097, 25.819514], [-111.449416, 25.822603], [-111.45014, 25.823253], [-111.451517, 25.823249], [-111.452525, 25.824154], [-111.45284, 25.823867], [-111.471817, 25.823806], [-111.472135, 25.824092], [-111.47245, 25.823804], [-111.477611, 25.823787], [-111.47864, 25.823162], [-111.483113, 25.823147], [-111.483798, 25.822523], [-111.488615, 25.822507], [-111.488957, 25.822195], [-111.491077, 25.822499], [-111.495904, 25.82497], [-111.497971, 25.825585], [-111.502798, 25.828056], [-111.503486, 25.828053], [-111.506042, 25.830346], [-111.505357, 25.83097], [-111.506048, 25.83159], [-111.505506, 25.832083], [-111.506053, 25.832833], [-111.503998, 25.835017], [-111.50435, 25.835333], [-111.505858, 25.833959], [-111.505721, 25.835633], [-111.510417, 25.839845], [-111.511452, 25.840463], [-111.512485, 25.84046], [-111.513175, 25.841079], [-111.516272, 25.841068], [-111.516963, 25.841687], [-111.523845, 25.841663], [-111.524163, 25.841948], [-111.525508, 25.841035], [-111.526884, 25.84103], [-111.528943, 25.839779], [-111.529631, 25.839776], [-111.532373, 25.837279], [-111.53409, 25.83665], [-111.536834, 25.834775], [-111.538265, 25.834769], [-111.538894, 25.835333], [-111.538908, 25.838493], [-111.538223, 25.839117], [-111.538236, 25.841916], [-111.537555, 25.843473], [-111.537567, 25.846272], [-111.536885, 25.847518], [-111.536897, 25.850254], [-111.536068, 25.849511], [-111.535519, 25.85001], [-111.536213, 25.851201], [-111.536219, 25.852495], [-111.533681, 25.855744], [-111.534026, 25.856054], [-111.533484, 25.856548], [-111.533488, 25.85748], [-111.532804, 25.858416], [-111.532829, 25.863957], [-111.531858, 25.86396], [-111.531311, 25.864459], [-111.532208, 25.865264], [-111.533517, 25.865259], [-111.532495, 25.86619], [-111.532158, 25.867746], [-111.531472, 25.868371], [-111.531478, 25.869615], [-111.530792, 25.870239], [-111.530796, 25.871172], [-111.530112, 25.872107], [-111.529435, 25.874597], [-111.524641, 25.880211], [-111.522584, 25.882085], [-111.521217, 25.884266], [-111.519846, 25.885515], [-111.51026, 25.897675], [-111.495176, 25.912653], [-111.486955, 25.922942], [-111.484278, 25.925065], [-111.484264, 25.921707], [-111.483573, 25.921087], [-111.482877, 25.919224], [-111.480798, 25.916122], [-111.480792, 25.914567], [-111.480246, 25.914077], [-111.480788, 25.913584], [-111.480782, 25.912029], [-111.481468, 25.911405], [-111.481463, 25.910212], [-111.480772, 25.909592], [-111.480767, 25.908348], [-111.479381, 25.906176], [-111.479377, 25.905243], [-111.46831, 25.892531], [-111.467611, 25.889735], [-111.466223, 25.886941], [-111.466218, 25.885697], [-111.465527, 25.885077], [-111.46516, 25.879171], [-111.462681, 25.877257], [-111.461706, 25.877882], [-111.460329, 25.877886], [-111.450378, 25.886002], [-111.444816, 25.886019], [-111.443437, 25.885402], [-111.44206, 25.885406], [-111.429986, 25.877979], [-111.429297, 25.877982], [-111.423433, 25.874267], [-111.422744, 25.874269], [-111.419498, 25.871355], [-111.419841, 25.871043], [-111.41935, 25.870293], [-111.419139, 25.867003], [-111.418793, 25.866693], [-111.420706, 25.86433], [-111.420847, 25.863578], [-111.419322, 25.862208], [-111.41897, 25.860033], [-111.418077, 25.858611], [-111.418591, 25.858143], [-111.417581, 25.856616], [-111.413032, 25.852531], [-111.410279, 25.852539], [-111.4089, 25.851921], [-111.406491, 25.851928], [-111.404422, 25.85069], [-111.402756, 25.848574], [-111.401024, 25.845158], [-111.400677, 25.844226], [-111.401016, 25.84262], [-111.401702, 25.841996], [-111.402041, 25.84044], [-111.403069, 25.839194], [-111.403067, 25.838572], [-111.406143, 25.832655], [-111.420894, 25.820176], [-111.423292, 25.81737], [-111.427064, 25.813939], [-111.427062, 25.813373], [-111.428032, 25.81337], [-111.428718, 25.812746], [-111.430438, 25.812741], [-111.431124, 25.812117], [-111.432844, 25.812112], [-111.435248, 25.811172], [-111.449696, 25.811128], [-111.450039, 25.810816], [-111.453479, 25.810805], [-111.45402, 25.810312], [-111.454565, 25.810802], [-111.455199, 25.8108], [-111.455884, 25.810176], [-111.461388, 25.810158], [-111.463106, 25.809531], [-111.468608, 25.809202], [-111.469983, 25.808887], [-111.476501, 25.804512], [-111.477533, 25.804509], [-111.478219, 25.803885], [-111.487493, 25.800745], [-111.516042, 25.800646], [-111.528739, 25.79376], [-111.542125, 25.787802], [-111.546579, 25.784054], [-111.547604, 25.784051], [-111.547649, 25.793945], [-111.547995, 25.794255], [-111.548006, 25.796742], [-111.548552, 25.797232], [-111.547867, 25.797856], [-111.548558, 25.798475], [-111.548044, 25.798944]], [[-111.457918, 25.83984], [-111.458267, 25.839522], [-111.457915, 25.839206], [-111.457572, 25.839518], [-111.455647, 25.8381], [-111.454816, 25.838594], [-111.454271, 25.838105], [-111.45344, 25.838598], [-111.452605, 25.83811], [-111.45137, 25.838922], [-111.451922, 25.839417], [-111.452556, 25.839415], [-111.45344, 25.83861], [-111.454303, 25.839385], [-111.454817, 25.838917], [-111.455652, 25.839405], [-111.456194, 25.838912], [-111.45723, 25.839842], [-111.457572, 25.83953], [-111.457918, 25.83984]], [[-111.46189, 25.842153], [-111.461193, 25.841528], [-111.460135, 25.841818], [-111.459644, 25.841377], [-111.459157, 25.841821], [-111.458414, 25.841823], [-111.457924, 25.841383], [-111.457403, 25.841857], [-111.4581, 25.842482], [-111.458759, 25.841883], [-111.459501, 25.841881], [-111.459992, 25.842321], [-111.460879, 25.842187], [-111.461369, 25.842627], [-111.46189, 25.842153]], [[-111.488702, 25.835536], [-111.487977, 25.834886], [-111.487344, 25.834888], [-111.48646, 25.835693], [-111.485569, 25.834894], [-111.484598, 25.834897], [-111.484596, 25.834331], [-111.483843, 25.833656], [-111.480739, 25.831801], [-111.475574, 25.830574], [-111.473564, 25.83058], [-111.473221, 25.830892], [-111.471501, 25.830898], [-111.468066, 25.832464], [-111.464921, 25.835639], [-111.463901, 25.838752], [-111.462598, 25.839938], [-111.462593, 25.838756], [-111.462041, 25.83826], [-111.461006, 25.839202], [-111.462937, 25.840626], [-111.464246, 25.840622], [-111.463223, 25.841553], [-111.463083, 25.842616], [-111.46916, 25.848069], [-111.470195, 25.848687], [-111.471227, 25.848684], [-111.471918, 25.849303], [-111.474671, 25.849294], [-111.475361, 25.849914], [-111.47806, 25.849905], [-111.478745, 25.849281], [-111.48081, 25.849274], [-111.483214, 25.848022], [-111.486359, 25.844847], [-111.486697, 25.843291], [-111.487383, 25.842667], [-111.487365, 25.838364], [-111.486673, 25.837434], [-111.486668, 25.836195], [-111.487983, 25.836191], [-111.488702, 25.835536]], [[-111.497303, 25.835507], [-111.496579, 25.834857], [-111.495945, 25.834859], [-111.495061, 25.835664], [-111.49417, 25.834865], [-111.493537, 25.834867], [-111.492305, 25.836301], [-111.492657, 25.836617], [-111.493144, 25.836173], [-111.49452, 25.836169], [-111.495404, 25.835364], [-111.49644, 25.836293], [-111.497303, 25.835507]], [[-111.496756, 25.877205], [-111.498187, 25.87559], [-111.497433, 25.874655], [-111.493158, 25.874538], [-111.492609, 25.875038], [-111.492614, 25.876231], [-111.493713, 25.877216], [-111.496756, 25.877205]], [[-111.50021, 25.832859], [-111.50056, 25.832542], [-111.498999, 25.831142], [-111.497111, 25.832237], [-111.496248, 25.831462], [-111.49519, 25.831752], [-111.494699, 25.831312], [-111.494178, 25.831786], [-111.495048, 25.832566], [-111.497311, 25.832428], [-111.497629, 25.832713], [-111.498143, 25.832245], [-111.498689, 25.832734], [-111.50021, 25.832859]]]}}, {"type": "Feature", "id": 62, "properties": {"id": "49b", "politica": "conservacion", "procedencia": "digitalizada"}, "geometry": {"type": "Polygon", "coordinates": [[[-111.410472, 25.89123], [-111.410462, 25.888465], [-111.41024, 25.888265], [-111.410461, 25.888064], [-111.41046, 25.887831], [-111.410178, 25.887451], [-111.410165, 25.88352], [-111.409884, 25.883267], [-111.409867, 25.878575], [-111.409584, 25.877814], [-111.409576, 25.875278], [-111.409354, 25.875078], [-111.409574, 25.874877], [-111.409572, 25.874263], [-111.40929, 25.87363], [-111.409277, 25.869952], [-111.408995, 25.869573], [-111.408982, 25.865641], [-111.408841, 25.865515], [-111.408838, 25.864627], [-111.408697, 25.864501], [-111.408687, 25.861457], [-111.408465, 25.861257], [-111.408605, 25.86113], [-111.408403, 25.860443], [-111.40839, 25.856512], [-111.40766, 25.855603], [-111.403734, 25.85498], [-111.402633, 25.853737], [-111.402491, 25.853104], [-111.402209, 25.852724], [-111.402208, 25.852217], [-111.401927, 25.851964], [-111.401925, 25.851583], [-111.401644, 25.851331], [-111.401361, 25.85057], [-111.40108, 25.850318], [-111.400796, 25.849304], [-111.399669, 25.847531], [-111.398966, 25.846772], [-111.398683, 25.846139], [-111.398821, 25.845484], [-111.400413, 25.843654], [-111.40075, 25.843957], [-111.400893, 25.844844], [-111.403714, 25.84991], [-111.404583, 25.850691], [-111.406548, 25.8517], [-111.407389, 25.851698], [-111.407951, 25.85195], [-111.409212, 25.851946], [-111.409493, 25.852199], [-111.410755, 25.852195], [-111.411176, 25.852448], [-111.412438, 25.852444], [-111.412859, 25.852697], [-111.41398, 25.852694], [-111.41508, 25.853809], [-111.415362, 25.854315], [-111.416627, 25.855326], [-111.418035, 25.857098], [-111.419173, 25.861787], [-111.419902, 25.862569], [-111.420157, 25.862568], [-111.420158, 25.862799], [-111.42072, 25.863304], [-111.420443, 25.864087], [-111.41877, 25.866628], [-111.418772, 25.867368], [-111.419055, 25.868129], [-111.419059, 25.869143], [-111.419341, 25.869776], [-111.419345, 25.870664], [-111.419627, 25.871171], [-111.422184, 25.873723], [-111.422605, 25.873848], [-111.423027, 25.874227], [-111.423308, 25.874227], [-111.426961, 25.876499], [-111.427241, 25.876498], [-111.431512, 25.879072], [-111.429753, 25.880293], [-111.426405, 25.884868], [-111.426406, 25.885099], [-111.425591, 25.885355], [-111.425311, 25.885609], [-111.425031, 25.88561], [-111.424751, 25.885865], [-111.424471, 25.885866], [-111.424191, 25.88612], [-111.423211, 25.886376], [-111.422931, 25.886631], [-111.422651, 25.886632], [-111.420692, 25.887652], [-111.420411, 25.887653], [-111.419572, 25.888163], [-111.419151, 25.888164], [-111.417192, 25.889184], [-111.415792, 25.889695], [-111.415512, 25.88995], [-111.414812, 25.890205], [-111.414111, 25.890207], [-111.413831, 25.890462], [-111.41271, 25.890465], [-111.41215, 25.89072], [-111.411168, 25.890723], [-111.410472, 25.89123]], [[-111.414726, 25.871969], [-111.41545, 25.87131], [-111.415449, 25.870949], [-111.415142, 25.870674], [-111.413622, 25.870678], [-111.413178, 25.871083], [-111.413179, 25.871316], [-111.413907, 25.871971], [-111.414726, 25.871969]]]}}, {"type": "Feature", "id": 63, "properties": {"id": "50", "politica": "aprovechamiento-sustentable", "procedencia": "digitalizada"}, "geometry": {"type": "Polygon", "coordinates": [[[-111.34529, 25.911359], [-111.345158, 25.911479], [-111.344318, 25.911481], [-111.344115, 25.911666], [-111.344115, 25.911819], [-111.343667, 25.911821], [-111.343666, 25.911667], [-111.343517, 25.911532], [-111.343384, 25.911652], [-111.343183, 25.911653], [-111.342995, 25.911484], [-111.342824, 25.911485], [-111.342628, 25.911663], [-111.343144, 25.911959], [-111.343554, 25.911586], [-111.343556, 25.912074], [-111.343274, 25.912075], [-111.34333, 25.912125], [-111.342065, 25.913191], [-111.342065, 25.91336], [-111.341507, 25.914037], [-111.341414, 25.914359], [-111.340949, 25.91436], [-111.340482, 25.914024], [-111.340312, 25.914024], [-111.340308, 25.912773], [-111.340121, 25.912604], [-111.340119, 25.912084], [-111.340382, 25.911845], [-111.340662, 25.911845], [-111.340858, 25.911667], [-111.340661, 25.91149], [-111.339931, 25.911492], [-111.33993, 25.911338], [-111.33879, 25.910312], [-111.338135, 25.909976], [-111.337028, 25.908811], [-111.336824, 25.908627], [-111.336654, 25.908628], [-111.336466, 25.908221], [-111.336465, 25.907715], [-111.336371, 25.90763], [-111.336456, 25.907286], [-111.33637, 25.907208], [-111.336363, 25.904592], [-111.336626, 25.904591], [-111.336906, 25.904422], [-111.337295, 25.904068], [-111.337667, 25.903476], [-111.337666, 25.903067], [-111.337197, 25.902561], [-111.337008, 25.901802], [-111.336727, 25.90138], [-111.336726, 25.900958], [-111.336539, 25.900789], [-111.336538, 25.900438], [-111.336724, 25.900269], [-111.336909, 25.899762], [-111.337468, 25.899085], [-111.337466, 25.898578], [-111.337729, 25.898339], [-111.338102, 25.898254], [-111.338584, 25.897731], [-111.338584, 25.897491], [-111.338396, 25.897238], [-111.337499, 25.896431], [-111.337909, 25.896143], [-111.338376, 25.896058], [-111.339883, 25.894688], [-111.339881, 25.894181], [-111.34033, 25.893773], [-111.340905, 25.893856], [-111.341279, 25.894024], [-111.341918, 25.894767], [-111.341826, 25.895034], [-111.34183, 25.896372], [-111.342017, 25.89671], [-111.342019, 25.897216], [-111.342206, 25.897469], [-111.342396, 25.898482], [-111.342544, 25.898615], [-111.342451, 25.8987], [-111.342491, 25.898989], [-111.342584, 25.899073], [-111.342585, 25.899495], [-111.342774, 25.90017], [-111.342962, 25.900423], [-111.343339, 25.901773], [-111.343487, 25.901906], [-111.343394, 25.901991], [-111.343621, 25.902364], [-111.343716, 25.903039], [-111.343864, 25.903172], [-111.343771, 25.903257], [-111.344093, 25.904052], [-111.344094, 25.904558], [-111.344242, 25.904692], [-111.344102, 25.904819], [-111.344283, 25.905149], [-111.344285, 25.905994], [-111.344473, 25.906415], [-111.344475, 25.907007], [-111.344663, 25.907513], [-111.344664, 25.907935], [-111.345133, 25.908525], [-111.345134, 25.908947], [-111.345789, 25.909368], [-111.346368, 25.910142], [-111.34682, 25.909972], [-111.347563, 25.90997], [-111.346913, 25.91073], [-111.346728, 25.911153], [-111.346729, 25.911475], [-111.346264, 25.911477], [-111.34617, 25.911392], [-111.345423, 25.911479], [-111.34529, 25.911359]], [[-111.34529, 25.911193], [-111.345532, 25.910973], [-111.345288, 25.910683], [-111.345046, 25.910903], [-111.34529, 25.911193]], [[-111.341211, 25.904741], [-111.341071, 25.904615], [-111.341218, 25.90441], [-111.34092, 25.904142], [-111.340375, 25.904143], [-111.340172, 25.904328], [-111.340173, 25.904737], [-111.340471, 25.905004], [-111.340923, 25.905003], [-111.341211, 25.904741]]]}}, {"type": "Feature", "id": 64, "properties": {"id": "51", "politica": "conservacion", "procedencia": "digitalizada"}, "geometry": {"type": "Polygon", "coordinates": [[[-111.372823, 25.897932], [-111.37032, 25.899555], [-111.367266, 25.902497], [-111.366006, 25.902989], [-111.364747, 25.903807], [-111.362949, 25.905442], [-111.361299, 25.905446], [-111.360682, 25.905216], [-111.360502, 25.905379], [-111.358953, 25.904474], [-111.35772, 25.904477], [-111.356969, 25.90516], [-111.35697, 25.905457], [-111.356642, 25.905457], [-111.355743, 25.906274], [-111.353944, 25.90742], [-111.352503, 25.907586], [-111.351784, 25.908077], [-111.351243, 25.908078], [-111.347644, 25.910043], [-111.346206, 25.910046], [-111.346205, 25.90975], [-111.345302, 25.908937], [-111.345114, 25.906492], [-111.34472, 25.906138], [-111.344392, 25.906139], [-111.344391, 25.90549], [-111.34475, 25.905163], [-111.344747, 25.904211], [-111.343919, 25.903304], [-111.344369, 25.902895], [-111.344094, 25.902648], [-111.343663, 25.90304], [-111.343659, 25.901932], [-111.343298, 25.901607], [-111.343296, 25.900955], [-111.342934, 25.900467], [-111.342931, 25.899489], [-111.34257, 25.899001], [-111.342566, 25.89786], [-111.342205, 25.897372], [-111.342199, 25.895416], [-111.342017, 25.894927], [-111.341081, 25.894085], [-111.340555, 25.893936], [-111.339998, 25.894443], [-111.339999, 25.894932], [-111.338773, 25.896046], [-111.338233, 25.896374], [-111.337664, 25.896375], [-111.33607, 25.894615], [-111.336069, 25.894289], [-111.335707, 25.893964], [-111.335705, 25.892986], [-111.335343, 25.892661], [-111.335341, 25.891983], [-111.336418, 25.89035], [-111.336417, 25.890051], [-111.336056, 25.889725], [-111.336048, 25.886954], [-111.335867, 25.886792], [-111.335864, 25.885788], [-111.336402, 25.884675], [-111.33673, 25.884674], [-111.3382, 25.883501], [-111.338915, 25.881409], [-111.339243, 25.881408], [-111.340682, 25.880427], [-111.341042, 25.880426], [-111.341434, 25.88007], [-111.341431, 25.879125], [-111.341865, 25.879515], [-111.342152, 25.879253], [-111.341784, 25.876509], [-111.341602, 25.875858], [-111.341317, 25.875601], [-111.341496, 25.875438], [-111.341416, 25.873739], [-111.341127, 25.873479], [-111.340947, 25.873643], [-111.340333, 25.87309], [-111.339609, 25.872114], [-111.339608, 25.871788], [-111.338886, 25.871137], [-111.338523, 25.870323], [-111.337439, 25.869185], [-111.337438, 25.868859], [-111.336714, 25.86772], [-111.335598, 25.866715], [-111.33527, 25.866716], [-111.335269, 25.866419], [-111.334876, 25.866064], [-111.334548, 25.866065], [-111.334547, 25.865769], [-111.334186, 25.865443], [-111.334183, 25.864465], [-111.333459, 25.863326], [-111.333445, 25.858277], [-111.333773, 25.858276], [-111.334057, 25.858018], [-111.334342, 25.858275], [-111.334882, 25.858273], [-111.336326, 25.859248], [-111.337018, 25.859246], [-111.337589, 25.858727], [-111.337586, 25.857612], [-111.336683, 25.856636], [-111.336319, 25.855496], [-111.335597, 25.854845], [-111.335594, 25.853705], [-111.335413, 25.853542], [-111.335591, 25.852701], [-111.335918, 25.852403], [-111.336487, 25.852402], [-111.337209, 25.852726], [-111.338469, 25.852723], [-111.339011, 25.853048], [-111.341172, 25.853043], [-111.341534, 25.853368], [-111.341862, 25.853367], [-111.341862, 25.853664], [-111.343307, 25.854964], [-111.34349, 25.855942], [-111.344033, 25.856593], [-111.344034, 25.857082], [-111.344504, 25.857504], [-111.344939, 25.857272], [-111.34602, 25.857269], [-111.346304, 25.857011], [-111.346484, 25.857174], [-111.346739, 25.856942], [-111.34728, 25.85694], [-111.347639, 25.856613], [-111.349621, 25.856609], [-111.35016, 25.856281], [-111.350732, 25.855762], [-111.350728, 25.854647], [-111.349432, 25.853643], [-111.348351, 25.853482], [-111.347629, 25.853158], [-111.346397, 25.851886], [-111.346394, 25.851045], [-111.347081, 25.850421], [-111.34888, 25.849765], [-111.350349, 25.848265], [-111.350708, 25.847775], [-111.350701, 25.845493], [-111.351567, 25.844542], [-111.351926, 25.844378], [-111.352856, 25.844539], [-111.353546, 25.84516], [-111.353729, 25.845975], [-111.354271, 25.846625], [-111.354273, 25.847114], [-111.354814, 25.847602], [-111.354816, 25.848254], [-111.356114, 25.849584], [-111.357015, 25.849745], [-111.357556, 25.850069], [-111.358608, 25.850067], [-111.359359, 25.849384], [-111.360077, 25.848567], [-111.360076, 25.848078], [-111.360435, 25.847588], [-111.361871, 25.846118], [-111.36187, 25.845818], [-111.361509, 25.845493], [-111.3615, 25.842396], [-111.360776, 25.841419], [-111.360773, 25.840279], [-111.360411, 25.83979], [-111.360407, 25.838486], [-111.360046, 25.838161], [-111.360044, 25.837646], [-111.360403, 25.837156], [-111.360399, 25.835853], [-111.360906, 25.835392], [-111.362015, 25.835389], [-111.362376, 25.835714], [-111.363638, 25.8362], [-111.365774, 25.838284], [-111.366138, 25.839424], [-111.366512, 25.84415], [-111.366693, 25.844313], [-111.366877, 25.845616], [-111.367239, 25.846104], [-111.367242, 25.847082], [-111.368145, 25.847895], [-111.369051, 25.849522], [-111.369052, 25.850011], [-111.370318, 25.851475], [-111.370319, 25.851964], [-111.370862, 25.852615], [-111.371044, 25.853429], [-111.371948, 25.854405], [-111.372493, 25.85587], [-111.372497, 25.857011], [-111.373039, 25.857499], [-111.373041, 25.858151], [-111.373586, 25.859617], [-111.373413, 25.861925], [-111.373086, 25.862222], [-111.372156, 25.862225], [-111.371614, 25.861737], [-111.371287, 25.861738], [-111.371286, 25.861441], [-111.368394, 25.858515], [-111.368393, 25.858189], [-111.365291, 25.855885], [-111.363849, 25.855563], [-111.362257, 25.85573], [-111.360999, 25.856548], [-111.359709, 25.857722], [-111.358813, 25.859517], [-111.358642, 25.862288], [-111.357924, 25.863431], [-111.357928, 25.864546], [-111.358108, 25.864708], [-111.358295, 25.866827], [-111.358658, 25.867804], [-111.358663, 25.869271], [-111.358843, 25.869433], [-111.358667, 25.870764], [-111.357801, 25.871552], [-111.356541, 25.871881], [-111.355972, 25.871882], [-111.353626, 25.870584], [-111.352935, 25.870912], [-111.351854, 25.870914], [-111.351283, 25.871597], [-111.351284, 25.872086], [-111.350567, 25.873392], [-111.35057, 25.87418], [-111.350855, 25.874437], [-111.350675, 25.874601], [-111.350753, 25.875158], [-111.350933, 25.875321], [-111.3513, 25.877439], [-111.353319, 25.879093], [-111.353647, 25.879092], [-111.353648, 25.879389], [-111.354733, 25.880527], [-111.355277, 25.881667], [-111.35618, 25.882643], [-111.356366, 25.884461], [-111.356008, 25.885248], [-111.35568, 25.885248], [-111.35385, 25.886749], [-111.353856, 25.888705], [-111.353677, 25.889165], [-111.352629, 25.889494], [-111.351159, 25.890831], [-111.351161, 25.89132], [-111.350622, 25.891973], [-111.349906, 25.893604], [-111.349187, 25.894258], [-111.349009, 25.894748], [-111.349014, 25.896677], [-111.34992, 25.898142], [-111.350102, 25.898957], [-111.351038, 25.899636], [-111.352647, 25.900108], [-111.354793, 25.899627], [-111.356593, 25.89897], [-111.357851, 25.897826], [-111.358571, 25.897498], [-111.360193, 25.897494], [-111.360732, 25.897004], [-111.361453, 25.897002], [-111.363252, 25.895857], [-111.364362, 25.895854], [-111.364542, 25.896017], [-111.365956, 25.896176], [-111.366135, 25.896013], [-111.367757, 25.895846], [-111.368477, 25.895518], [-111.369375, 25.8947], [-111.370275, 25.894372], [-111.373182, 25.891727], [-111.3739, 25.890748], [-111.375844, 25.888816], [-111.376744, 25.888488], [-111.378394, 25.888483], [-111.379265, 25.889104], [-111.379267, 25.889945], [-111.378549, 25.890762], [-111.378193, 25.892067], [-111.377834, 25.892393], [-111.37784, 25.894512], [-111.377484, 25.895654], [-111.377492, 25.898425], [-111.376626, 25.899213], [-111.375156, 25.89938], [-111.372823, 25.897932]], [[-111.348278, 25.884142], [-111.348007, 25.883898], [-111.348291, 25.88364], [-111.34829, 25.88334], [-111.347897, 25.882985], [-111.346844, 25.882988], [-111.346452, 25.883344], [-111.346455, 25.884133], [-111.346849, 25.884487], [-111.347901, 25.884485], [-111.348278, 25.884142]]]}}, {"type": "Feature", "id": 65, "properties": {"id": "52a", "politica": "preservacion", "procedencia": "digitalizada"}, "geometry": {"type": "Polygon", "coordinates": [[[-111.616017, 25.884772], [-111.612934, 25.884534], [-111.611825, 25.883786], [-111.611321, 25.883332], [-111.611307, 25.880533], [-111.611856, 25.880029], [-111.611854, 25.879527], [-111.614051, 25.877258], [-111.614044, 25.876003], [-111.614594, 25.875499], [-111.614591, 25.874997], [-111.616788, 25.872728], [-111.617334, 25.871471], [-111.617325, 25.869752], [-111.615357, 25.868229], [-111.612905, 25.870227], [-111.612353, 25.870229], [-111.611803, 25.870733], [-111.610975, 25.870737], [-111.610425, 25.871241], [-111.607388, 25.871254], [-111.606679, 25.871905], [-111.60546, 25.871057], [-111.605181, 25.870556], [-111.605144, 25.863276], [-111.604588, 25.862526], [-111.604582, 25.861271], [-111.603977, 25.860725], [-111.603475, 25.860728], [-111.60347, 25.859732], [-111.605782, 25.857105], [-111.605663, 25.856748], [-111.601777, 25.852497], [-111.599553, 25.849494], [-111.597611, 25.847494], [-111.597331, 25.846742], [-111.595617, 25.845197], [-111.594789, 25.8452], [-111.593127, 25.844203], [-111.590362, 25.84321], [-111.589808, 25.842711], [-111.588149, 25.842215], [-111.587368, 25.841511], [-111.587364, 25.84072], [-111.587913, 25.840216], [-111.587905, 25.838459], [-111.588453, 25.837704], [-111.588444, 25.835947], [-111.588994, 25.835442], [-111.588986, 25.833936], [-111.589536, 25.833432], [-111.590067, 25.829208], [-111.591166, 25.829204], [-111.594769, 25.832201], [-111.596656, 25.832194], [-111.597755, 25.831185], [-111.600507, 25.829668], [-111.602431, 25.828153], [-111.60358, 25.828149], [-111.604135, 25.828648], [-111.604637, 25.828646], [-111.604923, 25.830608], [-111.606082, 25.831652], [-111.609901, 25.831637], [-111.610335, 25.831238], [-111.610774, 25.831633], [-111.612547, 25.831981], [-111.613489, 25.831621], [-111.616509, 25.828596], [-111.618709, 25.827081], [-111.619261, 25.827079], [-111.619811, 25.826574], [-111.622294, 25.826564], [-111.623945, 25.825553], [-111.624497, 25.82555], [-111.627843, 25.822478], [-111.628112, 25.821222], [-111.628936, 25.820465], [-111.629207, 25.819505], [-111.631082, 25.819246], [-111.631101, 25.822752], [-111.630826, 25.823005], [-111.630833, 25.82426], [-111.630286, 25.825266], [-111.626452, 25.830805], [-111.62041, 25.836604], [-111.619866, 25.838113], [-111.619871, 25.839117], [-111.618781, 25.841883], [-111.618533, 25.847155], [-111.618258, 25.847407], [-111.618292, 25.853896], [-111.621356, 25.859154], [-111.621961, 25.859699], [-111.630458, 25.859411], [-111.625526, 25.864696], [-111.625538, 25.866918], [-111.626094, 25.867668], [-111.62611, 25.870718], [-111.625562, 25.871473], [-111.625565, 25.872189], [-111.627232, 25.87419], [-111.627238, 25.875194], [-111.627675, 25.875587], [-111.625873, 25.878249], [-111.625604, 25.879506], [-111.62483, 25.880216], [-111.622347, 25.880729], [-111.618223, 25.88401], [-111.616961, 25.884663], [-111.616683, 25.884413], [-111.616017, 25.884772]], [[-111.611661, 25.851961], [-111.612261, 25.851411], [-111.612255, 25.850194], [-111.61165, 25.849649], [-111.608658, 25.849661], [-111.608059, 25.850211], [-111.608062, 25.850927], [-111.608945, 25.851722], [-111.611661, 25.851961]]]}}, {"type": "Feature", "id": 66, "properties": {"id": "52b", "politica": "conservacion", "procedencia": "digitalizada"}, "geometry": {"type": "Polygon", "coordinates": [[[-111.662111, 25.818894], [-111.662366, 25.819124], [-111.662412, 25.827404], [-111.66214, 25.827867], [-111.662421, 25.828903], [-111.662149, 25.829608], [-111.6611, 25.829863], [-111.646851, 25.841666], [-111.646301, 25.841668], [-111.645753, 25.84217], [-111.644927, 25.842174], [-111.644379, 25.842676], [-111.643554, 25.84268], [-111.642731, 25.843183], [-111.640531, 25.843692], [-111.63916, 25.844697], [-111.63861, 25.8447], [-111.63614, 25.846209], [-111.633351, 25.848764], [-111.633354, 25.849218], [-111.632853, 25.849221], [-111.63116, 25.850772], [-111.628695, 25.85328], [-111.628974, 25.85399], [-111.630081, 25.854984], [-111.631468, 25.856976], [-111.631477, 25.858763], [-111.630979, 25.859219], [-111.628226, 25.859231], [-111.627952, 25.859482], [-111.621851, 25.859509], [-111.621299, 25.859261], [-111.618018, 25.854075], [-111.618265, 25.852806], [-111.61801, 25.852577], [-111.617988, 25.848292], [-111.618241, 25.848061], [-111.617826, 25.847688], [-111.618258, 25.847292], [-111.618241, 25.844045], [-111.618761, 25.842314], [-111.618347, 25.841941], [-111.618779, 25.841545], [-111.619586, 25.838045], [-111.620246, 25.836688], [-111.61997, 25.836439], [-111.626428, 25.830523], [-111.630798, 25.82401], [-111.630787, 25.822012], [-111.631308, 25.82053], [-111.630893, 25.820157], [-111.631325, 25.819761], [-111.631323, 25.8193], [-111.630887, 25.818908], [-111.631319, 25.818513], [-111.631302, 25.815266], [-111.631844, 25.813765], [-111.631557, 25.811518], [-111.632214, 25.810916], [-111.633481, 25.812054], [-111.635913, 25.812044], [-111.636462, 25.811792], [-111.63788, 25.810242], [-111.637865, 25.807494], [-111.638407, 25.806038], [-111.639182, 25.805785], [-111.641153, 25.805777], [-111.64364, 25.807764], [-111.644141, 25.807762], [-111.644143, 25.808216], [-111.645576, 25.809504], [-111.647182, 25.809496], [-111.651855, 25.808476], [-111.652725, 25.808473], [-111.65378, 25.809172], [-111.653787, 25.810459], [-111.652696, 25.812213], [-111.652704, 25.813711], [-111.652433, 25.814462], [-111.651661, 25.815169], [-111.648314, 25.815184], [-111.647761, 25.814687], [-111.644503, 25.814702], [-111.643083, 25.815752], [-111.643101, 25.818999], [-111.642291, 25.822], [-111.642306, 25.824709], [-111.643301, 25.825603], [-111.644517, 25.825493], [-111.64534, 25.82499], [-111.646715, 25.824734], [-111.648407, 25.823183], [-111.648405, 25.822729], [-111.648906, 25.822726], [-111.650001, 25.821722], [-111.652745, 25.820212], [-111.654945, 25.819952], [-111.656041, 25.818948], [-111.658237, 25.817939], [-111.661686, 25.81553], [-111.66235, 25.816127], [-111.66208, 25.817165], [-111.662364, 25.818663], [-111.662111, 25.818894]], [[-111.642356, 25.832996], [-111.643502, 25.832196], [-111.643497, 25.831236], [-111.642894, 25.830694], [-111.639636, 25.830708], [-111.639038, 25.831256], [-111.639042, 25.831966], [-111.640198, 25.833005], [-111.642356, 25.832996]]]}}, {"type": "Feature", "id": 67, "properties": {"id": "53", "politica": "conservacion", "procedencia": "digitalizada"}, "geometry": {"type": "Polygon", "coordinates": [[[-111.552258, 25.847567], [-111.552522, 25.847326], [-111.55282, 25.847325], [-111.553097, 25.847574], [-111.554203, 25.84757], [-111.55448, 25.847819], [-111.555171, 25.847816], [-111.556973, 25.84906], [-111.557249, 25.849058], [-111.557942, 25.849556], [-111.558193, 25.849555], [-111.558194, 25.849782], [-111.560418, 25.852649], [-111.56042, 25.853024], [-111.560698, 25.853273], [-111.560703, 25.854398], [-111.56098, 25.854647], [-111.560984, 25.855522], [-111.561262, 25.855771], [-111.561268, 25.857041], [-111.560993, 25.857292], [-111.561, 25.858917], [-111.560726, 25.859293], [-111.560728, 25.859793], [-111.560453, 25.860044], [-111.560182, 25.861045], [-111.559083, 25.862424], [-111.559084, 25.862674], [-111.558009, 25.863781], [-111.556495, 25.865037], [-111.556218, 25.865038], [-111.554128, 25.866443], [-111.554132, 25.867443], [-111.553858, 25.86782], [-111.553861, 25.86857], [-111.553586, 25.868821], [-111.553588, 25.869321], [-111.553313, 25.869572], [-111.553314, 25.869822], [-111.552489, 25.8707], [-111.552491, 25.87095], [-111.55194, 25.871452], [-111.551666, 25.871953], [-111.549901, 25.873312], [-111.549625, 25.873313], [-111.548109, 25.874319], [-111.547142, 25.874323], [-111.546867, 25.874574], [-111.546165, 25.874461], [-111.545625, 25.874828], [-111.543254, 25.874837], [-111.542976, 25.874588], [-111.541871, 25.874593], [-111.541455, 25.874344], [-111.540488, 25.874348], [-111.537856, 25.872857], [-111.536216, 25.871511], [-111.536215, 25.871261], [-111.535382, 25.870264], [-111.53538, 25.870014], [-111.534548, 25.869142], [-111.534546, 25.868767], [-111.534268, 25.868518], [-111.533988, 25.867519], [-111.53371, 25.86727], [-111.533706, 25.866395], [-111.533429, 25.866146], [-111.533426, 25.865521], [-111.533148, 25.865272], [-111.533145, 25.864522], [-111.532868, 25.864273], [-111.53286, 25.862648], [-111.532582, 25.862274], [-111.53257, 25.859629], [-111.532846, 25.859378], [-111.532841, 25.858378], [-111.533116, 25.858127], [-111.533112, 25.857252], [-111.533388, 25.857001], [-111.533384, 25.856251], [-111.533659, 25.856], [-111.533657, 25.8555], [-111.535854, 25.852492], [-111.537206, 25.851384], [-111.538033, 25.851006], [-111.538446, 25.850629], [-111.538722, 25.850628], [-111.539686, 25.849875], [-111.5401, 25.849873], [-111.540927, 25.84937], [-111.541479, 25.849368], [-111.541754, 25.849117], [-111.542169, 25.849116], [-111.542444, 25.848865], [-111.54272, 25.848863], [-111.542995, 25.848612], [-111.54341, 25.848611], [-111.543685, 25.84836], [-111.544042, 25.848411], [-111.544375, 25.848107], [-111.544939, 25.84822], [-111.545145, 25.848032], [-111.545423, 25.848281], [-111.545618, 25.848103], [-111.545916, 25.848101], [-111.546113, 25.848278], [-111.546333, 25.848077], [-111.546332, 25.84785], [-111.546744, 25.847848], [-111.54708, 25.84815], [-111.54755, 25.84772], [-111.547849, 25.847719], [-111.548046, 25.847896], [-111.548379, 25.847592], [-111.548931, 25.84759], [-111.549206, 25.847339], [-111.550173, 25.847335], [-111.550448, 25.847084], [-111.551576, 25.84708], [-111.552258, 25.847567]], [[-111.546723, 25.860776], [-111.547139, 25.860397], [-111.547, 25.860273], [-111.547218, 25.860074], [-111.547216, 25.859844], [-111.546914, 25.859573], [-111.545831, 25.859577], [-111.545531, 25.859851], [-111.545533, 25.860331], [-111.546378, 25.86084], [-111.546585, 25.860652], [-111.546723, 25.860776]]]}}, {"type": "Feature", "id": 68, "properties": {"id": "54", "politica": "aprovechamiento-sustentable", "procedencia": "epoel-2019"}, "geometry": {"type": "Polygon", "coordinates": [[[-111.331962, 25.842578], [-111.333401, 25.842253], [-111.334766, 25.842132], [-111.336543, 25.841586], [-111.336665, 25.842661], [-111.336878, 25.843772], [-111.336915, 25.844291], [-111.337406, 25.844943], [-111.338069, 25.845546], [-111.338153, 25.846704], [-111.338092, 25.84771], [-111.334111, 25.846581], [-111.333582, 25.846612], [-111.333148, 25.84736], [-111.333226, 25.848438], [-111.333318, 25.849716], [-111.333781, 25.85061], [-111.333934, 25.850882], [-111.333627, 25.851542], [-111.332373, 25.851977], [-111.331454, 25.850908], [-111.331609, 25.849977], [-111.331693, 25.848689], [-111.331688, 25.848007], [-111.331258, 25.84695], [-111.331206, 25.846231], [-111.331134, 25.845233], [-111.331129, 25.844552], [-111.331174, 25.843948], [-111.331657, 25.843879], [-111.331763, 25.843512], [-111.331962, 25.842578]]]}}, {"type": "Feature", "id": 69, "properties": {"id": "55", "politica": "preservacion", "procedencia": "digitalizada"}, "geometry": {"type": "Polygon", "coordinates": [[[-111.487088, 25.838982], [-111.487301, 25.839174], [-111.487308, 25.840896], [-111.487198, 25.840997], [-111.4872, 25.841599], [-111.486763, 25.843105], [-111.486765, 25.843607], [-111.486325, 25.844511], [-111.485442, 25.845517], [-111.484561, 25.846825], [-111.483807, 25.847511], [-111.483144, 25.847915], [-111.480931, 25.849026], [-111.479379, 25.849232], [-111.478825, 25.849434], [-111.478271, 25.849436], [-111.477828, 25.849638], [-111.476369, 25.849643], [-111.476267, 25.849551], [-111.476165, 25.849644], [-111.475593, 25.849645], [-111.475149, 25.849446], [-111.473596, 25.849351], [-111.472828, 25.849061], [-111.472662, 25.849212], [-111.472486, 25.849054], [-111.471932, 25.849055], [-111.471154, 25.848757], [-111.470822, 25.848758], [-111.469933, 25.84846], [-111.467488, 25.846862], [-111.467155, 25.846763], [-111.466396, 25.846182], [-111.465283, 25.844981], [-111.46439, 25.843479], [-111.464388, 25.842978], [-111.464165, 25.842778], [-111.464163, 25.842176], [-111.463713, 25.840572], [-111.463708, 25.839151], [-111.463928, 25.838649], [-111.463925, 25.838047], [-111.464145, 25.837645], [-111.464143, 25.837043], [-111.464364, 25.836741], [-111.464362, 25.836239], [-111.465243, 25.834732], [-111.466126, 25.833725], [-111.467321, 25.832736], [-111.46887, 25.831728], [-111.469091, 25.831727], [-111.470751, 25.83102], [-111.471084, 25.831019], [-111.472302, 25.830613], [-111.473189, 25.83061], [-111.473299, 25.83051], [-111.475423, 25.830503], [-111.475535, 25.830603], [-111.477864, 25.830896], [-111.478078, 25.831088], [-111.478419, 25.830995], [-111.479418, 25.831393], [-111.480306, 25.83159], [-111.482305, 25.832487], [-111.48375, 25.833485], [-111.484954, 25.834567], [-111.485623, 25.835468], [-111.486739, 25.83727], [-111.486965, 25.838373], [-111.487188, 25.838673], [-111.487088, 25.838982]], [[-111.470238, 25.83904], [-111.470516, 25.838786], [-111.470124, 25.838434], [-111.469848, 25.838686], [-111.469579, 25.838528], [-111.469292, 25.83879], [-111.469628, 25.838992], [-111.469785, 25.838849], [-111.470024, 25.838848], [-111.470238, 25.83904]], [[-111.475888, 25.840334], [-111.476129, 25.840114], [-111.476238, 25.839628], [-111.475551, 25.839211], [-111.475236, 25.839212], [-111.474886, 25.839633], [-111.474887, 25.840118], [-111.47513, 25.840336], [-111.475888, 25.840334]]]}}, {"type": "Feature", "id": 70, "properties": {"id": "56a", "politica": "aprovechamiento-sustentable", "procedencia": "digitalizada"}, "geometry": {"type": "Polygon", "coordinates": [[[-111.331267, 25.849437], [-111.331196, 25.849437], [-111.331195, 25.849182], [-111.331147, 25.849118], [-111.331143, 25.847543], [-111.331095, 25.847457], [-111.331119, 25.847368], [-111.331118, 25.847155], [-111.331094, 25.847134], [-111.331091, 25.84612], [-111.33103, 25.846065], [-111.331053, 25.846043], [-111.331043, 25.845818], [-111.330995, 25.845754], [-111.330994, 25.845538], [-111.330899, 25.845388], [-111.330898, 25.84528], [-111.33085, 25.845215], [-111.33085, 25.84515], [-111.330802, 25.845107], [-111.330802, 25.844978], [-111.330754, 25.844827], [-111.330752, 25.844116], [-111.330714, 25.844082], [-111.330738, 25.84406], [-111.330704, 25.843965], [-111.330704, 25.843832], [-111.330818, 25.843728], [-111.330985, 25.843641], [-111.331271, 25.84364], [-111.331294, 25.843619], [-111.33168, 25.843618], [-111.331723, 25.843639], [-111.331866, 25.843596], [-111.332939, 25.843593], [-111.332963, 25.843572], [-111.333296, 25.843593], [-111.33332, 25.843571], [-111.333725, 25.843548], [-111.334676, 25.842641], [-111.334818, 25.842554], [-111.334961, 25.842424], [-111.335036, 25.842424], [-111.335824, 25.843026], [-111.335868, 25.843026], [-111.335892, 25.843281], [-111.33594, 25.843432], [-111.335941, 25.843604], [-111.335989, 25.843712], [-111.33599, 25.843928], [-111.336037, 25.844014], [-111.336038, 25.844251], [-111.336086, 25.844337], [-111.336087, 25.84451], [-111.336135, 25.844639], [-111.336135, 25.844833], [-111.336183, 25.844919], [-111.336184, 25.845135], [-111.336245, 25.845212], [-111.336198, 25.845255], [-111.336232, 25.845286], [-111.336232, 25.845415], [-111.33628, 25.845523], [-111.336281, 25.845738], [-111.336329, 25.845868], [-111.33633, 25.846298], [-111.336287, 25.846299], [-111.336072, 25.84645], [-111.336001, 25.846472], [-111.335906, 25.846558], [-111.335763, 25.846623], [-111.334931, 25.847164], [-111.334859, 25.847186], [-111.334693, 25.847316], [-111.334621, 25.847337], [-111.334169, 25.84764], [-111.334098, 25.847662], [-111.333489, 25.848064], [-111.333465, 25.848043], [-111.333427, 25.848077], [-111.333428, 25.848117], [-111.333337, 25.848138], [-111.333027, 25.848355], [-111.331267, 25.849437]], [[-111.333828, 25.845595], [-111.333754, 25.845528], [-111.333496, 25.845529], [-111.333444, 25.845576], [-111.333468, 25.845659], [-111.333592, 25.845727], [-111.333755, 25.845726], [-111.333807, 25.845679], [-111.333828, 25.845595]]]}}, {"type": "Feature", "id": 71, "properties": {"id": "56b", "politica": "aprovechamiento-sustentable", "procedencia": "digitalizada"}, "geometry": {"type": "Polygon", "coordinates": [[[-111.319906, 25.815886], [-111.320788, 25.814825], [-111.320788, 25.814666], [-111.321158, 25.814665], [-111.321159, 25.815015], [-111.320771, 25.81554], [-111.320771, 25.815715], [-111.319527, 25.816927], [-111.318499, 25.816892], [-111.318402, 25.81698], [-111.317273, 25.816145], [-111.317096, 25.816145], [-111.317096, 25.815986], [-111.316688, 25.815621], [-111.316412, 25.815709], [-111.315813, 25.81571], [-111.315633, 25.815623], [-111.315439, 25.815799], [-111.315148, 25.815799], [-111.314662, 25.81615], [-111.314355, 25.816151], [-111.313381, 25.815366], [-111.312699, 25.815105], [-111.312504, 25.814931], [-111.312212, 25.814931], [-111.312017, 25.814757], [-111.311142, 25.814584], [-111.310477, 25.814163], [-111.310476, 25.813798], [-111.310863, 25.813185], [-111.310862, 25.812851], [-111.310667, 25.812676], [-111.310667, 25.812414], [-111.310357, 25.812137], [-111.309482, 25.812138], [-111.309392, 25.812058], [-111.309302, 25.812139], [-111.308816, 25.81214], [-111.308039, 25.812666], [-111.307361, 25.812668], [-111.307165, 25.812159], [-111.30697, 25.811984], [-111.306965, 25.810307], [-111.307353, 25.809782], [-111.307352, 25.809535], [-111.30753, 25.809535], [-111.307935, 25.809081], [-111.307933, 25.808206], [-111.308127, 25.808031], [-111.308123, 25.806807], [-111.308318, 25.806631], [-111.308355, 25.805721], [-111.308258, 25.805633], [-111.308509, 25.805407], [-111.308508, 25.805232], [-111.30909, 25.804356], [-111.309283, 25.803831], [-111.309671, 25.803393], [-111.309613, 25.803182], [-111.310058, 25.802605], [-111.310057, 25.802255], [-111.310444, 25.801642], [-111.310442, 25.800855], [-111.310636, 25.800679], [-111.310634, 25.79998], [-111.310828, 25.799804], [-111.310828, 25.799558], [-111.311117, 25.799557], [-111.31141, 25.799731], [-111.312367, 25.799729], [-111.314018, 25.798851], [-111.316659, 25.798845], [-111.318006, 25.800051], [-111.318007, 25.800401], [-111.318202, 25.800663], [-111.318203, 25.8011], [-111.318399, 25.801362], [-111.318411, 25.805997], [-111.318566, 25.806136], [-111.318324, 25.80653], [-111.318414, 25.806975], [-111.317364, 25.807923], [-111.317057, 25.807924], [-111.316724, 25.807627], [-111.316821, 25.807539], [-111.316723, 25.807451], [-111.316002, 25.807926], [-111.315418, 25.807928], [-111.315224, 25.808103], [-111.314835, 25.808104], [-111.314641, 25.808279], [-111.314155, 25.80828], [-111.313961, 25.808456], [-111.313377, 25.808457], [-111.312681, 25.809173], [-111.31181, 25.81056], [-111.312005, 25.810822], [-111.312006, 25.811084], [-111.312593, 25.812394], [-111.313, 25.812934], [-111.313389, 25.812933], [-111.313681, 25.813107], [-111.314363, 25.813193], [-111.314752, 25.813367], [-111.315141, 25.813366], [-111.315669, 25.813577], [-111.315766, 25.81349], [-111.31592, 25.813627], [-111.316601, 25.813713], [-111.319524, 25.815543], [-111.319906, 25.815886]], [[-111.314615, 25.804097], [-111.314923, 25.803731], [-111.314923, 25.803484], [-111.31471, 25.803294], [-111.313835, 25.803296], [-111.313745, 25.803215], [-111.313347, 25.803487], [-111.313348, 25.803735], [-111.313755, 25.804099], [-111.314615, 25.804097]]]}}, {"type": "Feature", "id": 72, "properties": {"id": "56c", "politica": "aprovechamiento-sustentable", "procedencia": "digitalizada"}, "geometry": {"type": "Polygon", "coordinates": [[[-111.284172, 25.748511], [-111.28431, 25.748386], [-111.284564, 25.748614], [-111.285119, 25.748812], [-111.285396, 25.749011], [-111.285895, 25.74921], [-111.286173, 25.749409], [-111.28645, 25.749508], [-111.286616, 25.749658], [-111.286894, 25.749757], [-111.28706, 25.749906], [-111.287337, 25.750005], [-111.287781, 25.750304], [-111.287892, 25.750304], [-111.288059, 25.750453], [-111.289223, 25.751049], [-111.28939, 25.751199], [-111.290111, 25.751596], [-111.290379, 25.751837], [-111.290379, 25.751995], [-111.290047, 25.752295], [-111.290048, 25.752484], [-111.289915, 25.752365], [-111.289826, 25.752445], [-111.289826, 25.752545], [-111.289605, 25.752745], [-111.289606, 25.752994], [-111.289495, 25.753094], [-111.289496, 25.753244], [-111.289008, 25.753735], [-111.288898, 25.753785], [-111.288288, 25.753786], [-111.288011, 25.753886], [-111.287624, 25.753887], [-111.286959, 25.754038], [-111.286839, 25.754147], [-111.286839, 25.754238], [-111.286738, 25.754238], [-111.286186, 25.754788], [-111.285854, 25.754938], [-111.285401, 25.755297], [-111.285402, 25.755397], [-111.285291, 25.755497], [-111.285291, 25.755638], [-111.28519, 25.755638], [-111.284582, 25.756138], [-111.284163, 25.756367], [-111.283853, 25.75614], [-111.282412, 25.755494], [-111.282301, 25.755494], [-111.28219, 25.755395], [-111.282024, 25.755395], [-111.281778, 25.755274], [-111.281723, 25.755324], [-111.281446, 25.755175], [-111.28139, 25.755225], [-111.281247, 25.755097], [-111.281137, 25.755097], [-111.280471, 25.754799], [-111.279972, 25.754451], [-111.279871, 25.754451], [-111.279871, 25.75436], [-111.279426, 25.753812], [-111.279426, 25.753613], [-111.279315, 25.753513], [-111.279314, 25.753355], [-111.279756, 25.752656], [-111.280308, 25.752106], [-111.28075, 25.751556], [-111.28075, 25.751456], [-111.280861, 25.751356], [-111.28086, 25.751207], [-111.280971, 25.751107], [-111.28097, 25.750907], [-111.281191, 25.750607], [-111.281191, 25.750458], [-111.281301, 25.750308], [-111.282407, 25.749308], [-111.282406, 25.749158], [-111.282517, 25.749058], [-111.282627, 25.748659], [-111.282737, 25.748559], [-111.282737, 25.748359], [-111.282958, 25.74801], [-111.282957, 25.74772], [-111.284172, 25.748511]], [[-111.285511, 25.7522], [-111.285284, 25.751996], [-111.284739, 25.751997], [-111.284618, 25.752106], [-111.284619, 25.752297], [-111.284795, 25.752455], [-111.285285, 25.752504], [-111.285511, 25.7522]]]}}, {"type": "Feature", "id": 73, "properties": {"id": "56d", "politica": "aprovechamiento-sustentable", "procedencia": "digitalizada"}, "geometry": {"type": "Polygon", "coordinates": [[[-111.233762, 25.706591], [-111.23434, 25.708276], [-111.235416, 25.70914], [-111.235629, 25.709139], [-111.235629, 25.709332], [-111.236119, 25.709774], [-111.236353, 25.709773], [-111.236588, 25.709985], [-111.237037, 25.709984], [-111.237408, 25.709647], [-111.237408, 25.709435], [-111.237971, 25.708924], [-111.239042, 25.708922], [-111.239277, 25.709134], [-111.239628, 25.709133], [-111.239958, 25.709537], [-111.239959, 25.70996], [-111.240076, 25.710066], [-111.24008, 25.71176], [-111.240198, 25.712077], [-111.240668, 25.713135], [-111.241958, 25.714826], [-111.246316, 25.718649], [-111.24819, 25.719704], [-111.248775, 25.719704], [-111.250298, 25.720759], [-111.252035, 25.72222], [-111.252154, 25.72296], [-111.252503, 25.723275], [-111.251806, 25.723277], [-111.249697, 25.72201], [-111.249463, 25.72201], [-111.24876, 25.721588], [-111.248175, 25.721589], [-111.247824, 25.721378], [-111.246888, 25.72138], [-111.246653, 25.721168], [-111.245717, 25.72117], [-111.245483, 25.720959], [-111.244781, 25.72096], [-111.244429, 25.720749], [-111.243044, 25.720751], [-111.24281, 25.720963], [-111.242342, 25.720964], [-111.242041, 25.721237], [-111.241739, 25.720965], [-111.241505, 25.720965], [-111.240802, 25.720543], [-111.240334, 25.720544], [-111.2401, 25.720332], [-111.239632, 25.720333], [-111.239397, 25.720122], [-111.238812, 25.720123], [-111.238578, 25.719911], [-111.235203, 25.719917], [-111.23497, 25.720129], [-111.234034, 25.720342], [-111.233216, 25.720767], [-111.232377, 25.721422], [-111.23191, 25.722058], [-111.232029, 25.722888], [-111.232753, 25.723541], [-111.233221, 25.72354], [-111.233456, 25.723751], [-111.233669, 25.723751], [-111.234139, 25.72479], [-111.234091, 25.725381], [-111.234208, 25.725487], [-111.233557, 25.72629], [-111.233557, 25.726483], [-111.232857, 25.726484], [-111.231568, 25.725216], [-111.231217, 25.725216], [-111.230982, 25.725005], [-111.230163, 25.725006], [-111.226531, 25.722471], [-111.225828, 25.721837], [-111.225615, 25.721838], [-111.225497, 25.721222], [-111.225262, 25.720904], [-111.225261, 25.720163], [-111.224958, 25.719785], [-111.225075, 25.719679], [-111.225025, 25.719317], [-111.224723, 25.718938], [-111.22484, 25.718832], [-111.22479, 25.718576], [-111.224086, 25.717519], [-111.223968, 25.716867], [-111.224297, 25.716567], [-111.224648, 25.716567], [-111.224882, 25.716355], [-111.225233, 25.716354], [-111.225583, 25.716142], [-111.226539, 25.715275], [-111.227588, 25.713473], [-111.228268, 25.712962], [-111.228736, 25.712961], [-111.229156, 25.712474], [-111.22899, 25.712324], [-111.22899, 25.712112], [-111.228383, 25.711671], [-111.2277, 25.711884], [-111.226043, 25.711886], [-111.225809, 25.711675], [-111.225458, 25.711675], [-111.224521, 25.711253], [-111.22417, 25.711254], [-111.223371, 25.710745], [-111.223371, 25.710427], [-111.223136, 25.71011], [-111.223252, 25.709159], [-111.224166, 25.709158], [-111.2244, 25.708945], [-111.224985, 25.708945], [-111.225589, 25.708078], [-111.225587, 25.70693], [-111.224298, 25.705556], [-111.224297, 25.705133], [-111.224062, 25.704816], [-111.224062, 25.704498], [-111.223592, 25.703758], [-111.223591, 25.702807], [-111.22429, 25.702806], [-111.224993, 25.703228], [-111.226378, 25.703226], [-111.227897, 25.702377], [-111.228248, 25.702376], [-111.228482, 25.702164], [-111.22895, 25.702163], [-111.230118, 25.701526], [-111.230605, 25.701526], [-111.230818, 25.701718], [-111.230821, 25.7032], [-111.231173, 25.703835], [-111.231429, 25.704065], [-111.232248, 25.704275], [-111.232482, 25.704487], [-111.233419, 25.704697], [-111.233749, 25.704995], [-111.233752, 25.706265], [-111.233937, 25.706432], [-111.233762, 25.706591]], [[-111.23494, 25.714645], [-111.235311, 25.714202], [-111.235311, 25.714008], [-111.234938, 25.713672], [-111.23367, 25.713674], [-111.233416, 25.713905], [-111.233416, 25.714417], [-111.233672, 25.714647], [-111.23494, 25.714645]]]}}, {"type": "Feature", "id": 74, "properties": {"id": "57", "politica": "aprovechamiento-sustentable", "procedencia": "digitalizada"}, "geometry": {"type": "Polygon", "coordinates": [[[-111.320298, 25.816], [-111.316694, 25.813817], [-111.313066, 25.812973], [-111.313065, 25.812779], [-111.31283, 25.812566], [-111.312828, 25.81214], [-111.312593, 25.811928], [-111.312592, 25.811608], [-111.312119, 25.810864], [-111.312118, 25.810315], [-111.31329, 25.808821], [-111.31329, 25.808627], [-111.313739, 25.808626], [-111.314797, 25.808198], [-111.315385, 25.808197], [-111.31562, 25.807983], [-111.31609, 25.807982], [-111.316863, 25.807493], [-111.317736, 25.808279], [-111.317737, 25.808616], [-111.316798, 25.809363], [-111.316566, 25.810837], [-111.317629, 25.812219], [-111.318122, 25.812663], [-111.318338, 25.812663], [-111.318925, 25.812236], [-111.320101, 25.811807], [-111.320404, 25.811532], [-111.322005, 25.812868], [-111.322219, 25.812867], [-111.322103, 25.813611], [-111.321751, 25.813931], [-111.321283, 25.814784], [-111.320298, 25.816]], [[-111.315284, 25.810103], [-111.314918, 25.809667], [-111.314349, 25.809669], [-111.314093, 25.809901], [-111.313859, 25.810524], [-111.314117, 25.810755], [-111.314921, 25.810754], [-111.315177, 25.810521], [-111.315284, 25.810103]]]}}, {"type": "Feature", "id": 75, "properties": {"id": "58", "politica": "aprovechamiento-sustentable", "procedencia": "digitalizada"}, "geometry": {"type": "Polygon", "coordinates": [[[-111.3325, 25.831439], [-111.330748, 25.831443], [-111.330516, 25.831234], [-111.329476, 25.831237], [-111.329244, 25.831028], [-111.328667, 25.831029], [-111.328435, 25.830821], [-111.328088, 25.830822], [-111.326699, 25.829988], [-111.324057, 25.828026], [-111.324054, 25.827068], [-111.324284, 25.826858], [-111.324283, 25.82644], [-111.324514, 25.82623], [-111.324512, 25.825707], [-111.324743, 25.825497], [-111.324742, 25.825079], [-111.324972, 25.824765], [-111.324971, 25.824451], [-111.325662, 25.823403], [-111.326353, 25.82267], [-111.326352, 25.822356], [-111.326583, 25.822042], [-111.326214, 25.821622], [-111.325867, 25.821623], [-111.325636, 25.821414], [-111.32496, 25.821207], [-111.323345, 25.822047], [-111.323114, 25.822047], [-111.322883, 25.822257], [-111.322652, 25.822258], [-111.322421, 25.822467], [-111.321594, 25.822469], [-111.321362, 25.82226], [-111.320553, 25.822262], [-111.320091, 25.822054], [-111.319628, 25.822055], [-111.318722, 25.82103], [-111.318721, 25.8207], [-111.320681, 25.818917], [-111.321026, 25.818394], [-111.321025, 25.81808], [-111.321717, 25.81766], [-111.321717, 25.817451], [-111.322964, 25.816212], [-111.32331, 25.816002], [-111.326083, 25.815996], [-111.326796, 25.815452], [-111.327717, 25.814404], [-111.327716, 25.814195], [-111.328964, 25.813061], [-111.329656, 25.812641], [-111.330599, 25.812639], [-111.331157, 25.813037], [-111.33128, 25.815756], [-111.331744, 25.816487], [-111.331864, 25.817968], [-111.331078, 25.818683], [-111.3305, 25.818684], [-111.329346, 25.819419], [-111.328749, 25.819962], [-111.328635, 25.820276], [-111.327482, 25.821324], [-111.327367, 25.821534], [-111.327371, 25.823086], [-111.328078, 25.823827], [-111.328184, 25.82373], [-111.328878, 25.823729], [-111.329108, 25.823519], [-111.329358, 25.823518], [-111.329589, 25.823727], [-111.330283, 25.823726], [-111.330514, 25.823934], [-111.331323, 25.823932], [-111.331555, 25.824141], [-111.332248, 25.824139], [-111.332691, 25.824643], [-111.33281, 25.825793], [-111.333294, 25.826229], [-111.333969, 25.826227], [-111.3342, 25.826018], [-111.33572, 25.826014], [-111.336279, 25.826726], [-111.33628, 25.826952], [-111.33582, 25.82758], [-111.33582, 25.82779], [-111.335359, 25.828314], [-111.33536, 25.828627], [-111.33513, 25.828837], [-111.335131, 25.82936], [-111.334786, 25.829884], [-111.333424, 25.831228], [-111.33273, 25.831229], [-111.3325, 25.831439]], [[-111.33039, 25.82749], [-111.330642, 25.827262], [-111.330756, 25.82686], [-111.330272, 25.826424], [-111.329713, 25.82653], [-111.329346, 25.826863], [-111.329347, 25.827265], [-111.3296, 25.827492], [-111.33039, 25.82749]]]}}, {"type": "Feature", "id": 76, "properties": {"id": "59", "politica": "conservacion", "procedencia": "digitalizada"}, "geometry": {"type": "Polygon", "coordinates": [[[-111.524601, 25.840856], [-111.524265, 25.841163], [-111.523224, 25.841166], [-111.522993, 25.841377], [-111.522184, 25.841379], [-111.521954, 25.84159], [-111.518697, 25.841601], [-111.518465, 25.841393], [-111.517771, 25.841395], [-111.517539, 25.841187], [-111.516729, 25.84119], [-111.516497, 25.840981], [-111.515456, 25.840985], [-111.515224, 25.840776], [-111.514068, 25.84078], [-111.513835, 25.840572], [-111.51291, 25.840575], [-111.512678, 25.840367], [-111.511868, 25.84037], [-111.511636, 25.840161], [-111.510942, 25.839954], [-111.510362, 25.839538], [-111.51013, 25.839539], [-111.509666, 25.839122], [-111.509202, 25.838914], [-111.508178, 25.837994], [-111.50748, 25.836846], [-111.506783, 25.836116], [-111.5062, 25.835071], [-111.50608, 25.83413], [-111.505897, 25.833965], [-111.506012, 25.83386], [-111.505847, 25.833607], [-111.50596, 25.833084], [-111.505728, 25.83277], [-111.505493, 25.831934], [-111.505604, 25.83087], [-111.505834, 25.83066], [-111.50583, 25.829614], [-111.506051, 25.829307], [-111.505877, 25.829151], [-111.506059, 25.828985], [-111.506516, 25.827832], [-111.507206, 25.826993], [-111.507206, 25.826783], [-111.507665, 25.826049], [-111.509602, 25.824282], [-111.51041, 25.823966], [-111.511353, 25.823315], [-111.51112, 25.822914], [-111.51054, 25.822393], [-111.509541, 25.820662], [-111.509656, 25.820557], [-111.509307, 25.820035], [-111.509422, 25.819929], [-111.509257, 25.819781], [-111.509254, 25.819049], [-111.509021, 25.818736], [-111.509015, 25.817375], [-111.508832, 25.817211], [-111.509014, 25.817045], [-111.50901, 25.816103], [-111.50924, 25.815788], [-111.509235, 25.814637], [-111.509465, 25.814322], [-111.509463, 25.813904], [-111.509693, 25.813693], [-111.509692, 25.813379], [-111.509922, 25.813169], [-111.510036, 25.81275], [-111.510382, 25.812435], [-111.510381, 25.812226], [-111.511877, 25.810546], [-111.511876, 25.810356], [-111.512086, 25.810355], [-111.513815, 25.809093], [-111.514046, 25.809092], [-111.514738, 25.808671], [-111.515085, 25.80867], [-111.515315, 25.80846], [-111.516125, 25.808457], [-111.516355, 25.808247], [-111.51728, 25.808244], [-111.517626, 25.808033], [-111.518551, 25.80803], [-111.518781, 25.80782], [-111.519724, 25.807816], [-111.520072, 25.808024], [-111.521228, 25.80802], [-111.52146, 25.808229], [-111.522154, 25.808226], [-111.522386, 25.808435], [-111.523196, 25.808432], [-111.523891, 25.808848], [-111.524122, 25.808847], [-111.524702, 25.809263], [-111.524933, 25.809263], [-111.526325, 25.810304], [-111.526536, 25.810303], [-111.526537, 25.810494], [-111.528746, 25.813416], [-111.528867, 25.814462], [-111.529336, 25.815926], [-111.529337, 25.816344], [-111.529455, 25.816762], [-111.529638, 25.816927], [-111.529456, 25.817093], [-111.529346, 25.818349], [-111.529183, 25.818603], [-111.529299, 25.818707], [-111.529117, 25.818873], [-111.52912, 25.819397], [-111.52889, 25.819816], [-111.528892, 25.820235], [-111.528434, 25.821178], [-111.527237, 25.822901], [-111.527886, 25.82338], [-111.529161, 25.824003], [-111.530997, 25.825443], [-111.533091, 25.828261], [-111.533092, 25.828575], [-111.533325, 25.828888], [-111.53356, 25.829724], [-111.533564, 25.830666], [-111.533799, 25.831398], [-111.533802, 25.832147], [-111.533687, 25.832252], [-111.533689, 25.832775], [-111.533526, 25.832924], [-111.533579, 25.833927], [-111.533349, 25.834241], [-111.533351, 25.83466], [-111.53312, 25.83487], [-111.533122, 25.835289], [-111.532892, 25.835499], [-111.532548, 25.836233], [-111.532203, 25.836548], [-111.531974, 25.837072], [-111.531514, 25.837702], [-111.530268, 25.838839], [-111.529806, 25.83905], [-111.528769, 25.83989], [-111.528422, 25.839892], [-111.527846, 25.840312], [-111.527499, 25.840314], [-111.527269, 25.840524], [-111.526575, 25.840526], [-111.526344, 25.840737], [-111.525882, 25.840738], [-111.525651, 25.840948], [-111.524708, 25.840952], [-111.524601, 25.840856]], [[-111.509292, 25.832865], [-111.509476, 25.832697], [-111.509175, 25.832426], [-111.508037, 25.83243], [-111.507855, 25.832596], [-111.507574, 25.832431], [-111.50739, 25.832599], [-111.507624, 25.83281], [-111.507923, 25.832765], [-111.508039, 25.832869], [-111.508318, 25.832703], [-111.508501, 25.832868], [-111.509292, 25.832865]], [[-111.516474, 25.832934], [-111.51623, 25.832715], [-111.515901, 25.832716], [-111.515719, 25.832882], [-111.515545, 25.832725], [-111.515257, 25.832988], [-111.515141, 25.832884], [-111.515024, 25.832991], [-111.515142, 25.833097], [-111.515373, 25.832887], [-111.515721, 25.8332], [-111.515884, 25.833051], [-111.516241, 25.833146], [-111.516474, 25.832934]], [[-111.519781, 25.825083], [-111.520148, 25.824749], [-111.520261, 25.824347], [-111.519892, 25.824016], [-111.519448, 25.823913], [-111.518966, 25.824247], [-111.518852, 25.824649], [-111.519222, 25.825085], [-111.519781, 25.825083]]]}}, {"type": "Feature", "id": 77, "properties": {"id": "60", "politica": "aprovechamiento-sustentable", "procedencia": "digitalizada"}, "geometry": {"type": "MultiPolygon", "coordinates": [[[[-111.306524, 25.82912], [-111.30742, 25.830211], [-111.307111, 25.830493], [-111.306006, 25.829496], [-111.305507, 25.829497], [-111.305756, 25.82927], [-111.305502, 25.828853], [-111.305501, 25.828287], [-111.305232, 25.828044], [-111.305336, 25.827949], [-111.305289, 25.826776], [-111.304874, 25.826401], [-111.305082, 25.826401], [-111.304539, 25.826099], [-111.304331, 25.826099], [-111.304122, 25.825911], [-111.30381, 25.825912], [-111.303601, 25.825723], [-111.303393, 25.825724], [-111.302159, 25.824704], [-111.302054, 25.824421], [-111.301681, 25.824084], [-111.301785, 25.823989], [-111.301472, 25.823707], [-111.301575, 25.823612], [-111.301009, 25.823006], [-111.300904, 25.822629], [-111.300695, 25.82244], [-111.300693, 25.82159], [-111.300484, 25.821118], [-111.300483, 25.820646], [-111.299856, 25.819986], [-111.299751, 25.819703], [-111.299229, 25.819232], [-111.299229, 25.818951], [-111.299643, 25.81895], [-111.303607, 25.821398], [-111.303796, 25.821397], [-111.303901, 25.821663], [-111.303904, 25.822982], [-111.303384, 25.822512], [-111.302152, 25.822515], [-111.301925, 25.822721], [-111.301926, 25.82299], [-111.302258, 25.82329], [-111.30257, 25.823289], [-111.302779, 25.823477], [-111.303179, 25.823477], [-111.303386, 25.823287], [-111.303716, 25.823287], [-111.303906, 25.823458], [-111.304115, 25.824024], [-111.304116, 25.824402], [-111.304325, 25.824591], [-111.304535, 25.825157], [-111.304762, 25.825362], [-111.304952, 25.825362], [-111.305371, 25.8264], [-111.305745, 25.826815], [-111.305641, 25.826909], [-111.305791, 25.827799], [-111.306524, 25.82912]]], [[[-111.316125, 25.836387], [-111.316022, 25.836842], [-111.315191, 25.836844], [-111.314688, 25.83639], [-111.314687, 25.836201], [-111.314478, 25.836013], [-111.314478, 25.835824], [-111.31406, 25.835447], [-111.31406, 25.835258], [-111.31331, 25.834581], [-111.313102, 25.834582], [-111.312684, 25.834205], [-111.312476, 25.834205], [-111.310929, 25.832903], [-111.31072, 25.83262], [-111.310719, 25.832245], [-111.312679, 25.832335], [-111.312783, 25.832241], [-111.31372, 25.832238], [-111.313824, 25.832144], [-111.314658, 25.832142], [-111.314762, 25.832047], [-111.315594, 25.831951], [-111.31653, 25.831382], [-111.317796, 25.830229], [-111.318211, 25.829661], [-111.318207, 25.828259], [-111.31758, 25.827316], [-111.317039, 25.826828], [-111.316414, 25.826829], [-111.316205, 25.826641], [-111.314766, 25.826644], [-111.314661, 25.826378], [-111.314764, 25.825908], [-111.314954, 25.825907], [-111.315161, 25.825718], [-111.316307, 25.825716], [-111.317156, 25.824752], [-111.31715, 25.822311], [-111.316731, 25.821367], [-111.316522, 25.821179], [-111.316313, 25.820707], [-111.316311, 25.820235], [-111.316102, 25.819952], [-111.316099, 25.818726], [-111.316495, 25.818725], [-111.316705, 25.819652], [-111.316915, 25.82003], [-111.316916, 25.820408], [-111.317143, 25.820613], [-111.318583, 25.82061], [-111.318583, 25.820782], [-111.318896, 25.821065], [-111.319001, 25.821348], [-111.319646, 25.82193], [-111.32048, 25.821928], [-111.320688, 25.822117], [-111.321521, 25.822115], [-111.32173, 25.822303], [-111.322026, 25.822303], [-111.322234, 25.822113], [-111.322442, 25.822113], [-111.323066, 25.821734], [-111.324106, 25.821353], [-111.32473, 25.820974], [-111.324955, 25.820974], [-111.325164, 25.821162], [-111.325476, 25.821161], [-111.325685, 25.82135], [-111.326292, 25.821537], [-111.326294, 25.822291], [-111.325672, 25.823237], [-111.324841, 25.824183], [-111.324842, 25.824561], [-111.324634, 25.82475], [-111.324635, 25.825128], [-111.324221, 25.825979], [-111.324222, 25.826262], [-111.324014, 25.826452], [-111.324015, 25.82683], [-111.323807, 25.827113], [-111.323809, 25.827569], [-111.323394, 25.82757], [-111.323185, 25.827381], [-111.32289, 25.827382], [-111.322144, 25.828156], [-111.321999, 25.829519], [-111.322104, 25.829613], [-111.32194, 25.829762], [-111.321944, 25.831274], [-111.321633, 25.831918], [-111.320506, 25.831921], [-111.320176, 25.832316], [-111.320177, 25.832675], [-111.319762, 25.8323], [-111.319468, 25.832301], [-111.319467, 25.832035], [-111.318718, 25.831358], [-111.317693, 25.83136], [-111.316947, 25.83204], [-111.317157, 25.832781], [-111.317366, 25.832969], [-111.317368, 25.833739], [-111.31716, 25.833929], [-111.316953, 25.834496], [-111.31633, 25.835253], [-111.316227, 25.835537], [-111.316333, 25.836198], [-111.316125, 25.836387]], [[-111.319337, 25.827116], [-111.319662, 25.827597], [-111.320686, 25.827595], [-111.320913, 25.827389], [-111.320912, 25.827025], [-111.320684, 25.82682], [-111.31966, 25.826822], [-111.319337, 25.827116]]]]}}, {"type": "Feature", "id": 78, "properties": {"id": "61", "politica": "preservacion", "procedencia": "digitalizada"}, "geometry": {"type": "MultiPolygon", "coordinates": [[[[-111.30508, 25.824913], [-111.305082, 25.825651], [-111.304579, 25.825198], [-111.303948, 25.823873], [-111.303942, 25.821681], [-111.30409, 25.821357], [-111.303985, 25.821262], [-111.30415, 25.821112], [-111.304147, 25.819991], [-111.303982, 25.819842], [-111.304138, 25.8197], [-111.303935, 25.818935], [-111.304143, 25.818478], [-111.304334, 25.818478], [-111.30496, 25.818098], [-111.306649, 25.816847], [-111.307066, 25.816278], [-111.307065, 25.815804], [-111.307273, 25.815614], [-111.307272, 25.814952], [-111.30748, 25.814667], [-111.307479, 25.814383], [-111.307774, 25.814116], [-111.308606, 25.814114], [-111.308356, 25.814341], [-111.30861, 25.814759], [-111.308613, 25.81599], [-111.308884, 25.816329], [-111.308779, 25.816423], [-111.308929, 25.816842], [-111.308931, 25.81752], [-111.308618, 25.818088], [-111.308619, 25.818372], [-111.308012, 25.81883], [-111.306652, 25.818833], [-111.306443, 25.819023], [-111.305398, 25.819025], [-111.304857, 25.819422], [-111.305172, 25.819974], [-111.306116, 25.821013], [-111.306117, 25.821298], [-111.306327, 25.821581], [-111.306225, 25.822621], [-111.305825, 25.822622], [-111.304867, 25.823209], [-111.305078, 25.823951], [-111.305288, 25.824234], [-111.30508, 25.824913]]], [[[-111.316174, 25.823177], [-111.316077, 25.822711], [-111.315236, 25.821388], [-111.315234, 25.82063], [-111.315025, 25.820441], [-111.315023, 25.819858], [-111.31544, 25.819289], [-111.31544, 25.8191], [-111.315734, 25.818832], [-111.316045, 25.818832], [-111.316151, 25.819098], [-111.316048, 25.819667], [-111.316258, 25.820045], [-111.316259, 25.820518], [-111.3171, 25.822126], [-111.317101, 25.822599], [-111.317206, 25.822694], [-111.317211, 25.824508], [-111.316899, 25.825171], [-111.316586, 25.825456], [-111.316586, 25.825628], [-111.315873, 25.82563], [-111.31556, 25.82582], [-111.315037, 25.825821], [-111.314705, 25.826123], [-111.314706, 25.826392], [-111.315292, 25.826731], [-111.315397, 25.826636], [-111.315562, 25.826786], [-111.31619, 25.82669], [-111.316295, 25.826784], [-111.316817, 25.826783], [-111.317027, 25.826972], [-111.317341, 25.826971], [-111.317952, 25.82771], [-111.317952, 25.8279], [-111.318267, 25.828278], [-111.31827, 25.829334], [-111.318165, 25.829429], [-111.318166, 25.829808], [-111.317854, 25.830282], [-111.317332, 25.830756], [-111.317333, 25.830929], [-111.317142, 25.830929], [-111.315785, 25.831879], [-111.315471, 25.83188], [-111.315158, 25.83207], [-111.314112, 25.832072], [-111.313903, 25.832262], [-111.31054, 25.832269], [-111.310244, 25.832003], [-111.310244, 25.831813], [-111.309491, 25.831135], [-111.309282, 25.831135], [-111.309072, 25.830947], [-111.308445, 25.830948], [-111.307416, 25.830304], [-111.307311, 25.830021], [-111.306471, 25.829075], [-111.306471, 25.828886], [-111.306051, 25.828319], [-111.305841, 25.827846], [-111.305778, 25.826939], [-111.305419, 25.826427], [-111.305418, 25.82605], [-111.305729, 25.826049], [-111.306253, 25.826427], [-111.30655, 25.826237], [-111.306985, 25.826236], [-111.3077, 25.82688], [-111.30812, 25.827731], [-111.308335, 25.829625], [-111.308545, 25.830003], [-111.309193, 25.830587], [-111.310659, 25.831436], [-111.31206, 25.830431], [-111.312226, 25.83058], [-111.312539, 25.830579], [-111.312749, 25.830768], [-111.313063, 25.830768], [-111.313273, 25.830957], [-111.313586, 25.830956], [-111.313796, 25.831145], [-111.314198, 25.831239], [-111.314843, 25.830747], [-111.314842, 25.830463], [-111.315051, 25.830273], [-111.31505, 25.830084], [-111.315553, 25.829626], [-111.315779, 25.829626], [-111.31619, 25.829901], [-111.316704, 25.829813], [-111.316932, 25.829606], [-111.316929, 25.82858], [-111.316596, 25.828279], [-111.316177, 25.82828], [-111.315967, 25.828091], [-111.315549, 25.828092], [-111.315339, 25.827903], [-111.315026, 25.827904], [-111.314711, 25.827715], [-111.314206, 25.82726], [-111.314206, 25.827071], [-111.313786, 25.826504], [-111.313784, 25.825936], [-111.313514, 25.825692], [-111.313618, 25.825597], [-111.313573, 25.824974], [-111.313781, 25.824784], [-111.313781, 25.824595], [-111.314031, 25.824367], [-111.314197, 25.824516], [-111.315644, 25.824513], [-111.31608, 25.824022], [-111.316078, 25.823264], [-111.316174, 25.823177]]]]}}, {"type": "Feature", "id": 79, "properties": {"id": "62", "politica": "aprovechamiento-sustentable", "procedencia": "digitalizada"}, "geometry": {"type": "Polygon", "coordinates": [[[-111.304046, 25.821488], [-111.303736, 25.821489], [-111.299677, 25.819047], [-111.299383, 25.818782], [-111.299382, 25.818028], [-111.298738, 25.817541], [-111.298218, 25.817353], [-111.296466, 25.815583], [-111.296257, 25.815206], [-111.294884, 25.813967], [-111.294468, 25.813968], [-111.29426, 25.813779], [-111.293904, 25.813741], [-111.293801, 25.813835], [-111.293636, 25.813686], [-111.292304, 25.813595], [-111.292347, 25.81318], [-111.291678, 25.812576], [-111.291676, 25.811996], [-111.29178, 25.811902], [-111.291882, 25.811164], [-111.292919, 25.811162], [-111.293128, 25.81135], [-111.293526, 25.81135], [-111.294167, 25.810766], [-111.29541, 25.809161], [-111.296136, 25.8085], [-111.296136, 25.808328], [-111.296531, 25.808327], [-111.296533, 25.809441], [-111.296698, 25.80959], [-111.296594, 25.809684], [-111.296742, 25.809912], [-111.296744, 25.810478], [-111.297162, 25.811419], [-111.297683, 25.812172], [-111.298223, 25.81266], [-111.299472, 25.813411], [-111.299991, 25.81341], [-111.3002, 25.813598], [-111.300927, 25.813597], [-111.301023, 25.813683], [-111.301118, 25.813596], [-111.30195, 25.813595], [-111.302261, 25.813405], [-111.302677, 25.813405], [-111.30361, 25.812837], [-111.306745, 25.81283], [-111.307369, 25.813206], [-111.30814, 25.813902], [-111.307458, 25.814617], [-111.307208, 25.815412], [-111.307313, 25.815506], [-111.307149, 25.815655], [-111.30715, 25.816032], [-111.306943, 25.816504], [-111.306237, 25.817337], [-111.304369, 25.818472], [-111.30404, 25.818866], [-111.304044, 25.820548], [-111.304148, 25.820642], [-111.304046, 25.821488]]]}}, {"type": "Feature", "id": 80, "properties": {"id": "63", "politica": "preservacion", "procedencia": "digitalizada"}, "geometry": {"type": "Polygon", "coordinates": [[[-111.301408, 25.813717], [-111.30066, 25.813719], [-111.30045, 25.81353], [-111.299823, 25.813531], [-111.299614, 25.813343], [-111.299196, 25.813344], [-111.298149, 25.81259], [-111.297854, 25.81259], [-111.297644, 25.812041], [-111.29733, 25.811758], [-111.296805, 25.810814], [-111.296803, 25.810152], [-111.296593, 25.809869], [-111.296486, 25.80872], [-111.29659, 25.808625], [-111.296589, 25.807964], [-111.297404, 25.807318], [-111.297927, 25.807317], [-111.298196, 25.807072], [-111.298466, 25.807315], [-111.299764, 25.807353], [-111.299868, 25.807258], [-111.300138, 25.807501], [-111.301392, 25.807498], [-111.301601, 25.807687], [-111.301792, 25.807687], [-111.302107, 25.808331], [-111.302003, 25.808802], [-111.301396, 25.808992], [-111.300752, 25.809577], [-111.300648, 25.809861], [-111.299814, 25.810619], [-111.299814, 25.810808], [-111.29919, 25.811849], [-111.299296, 25.812589], [-111.300048, 25.813172], [-111.302226, 25.813167], [-111.302434, 25.812978], [-111.302869, 25.812977], [-111.303267, 25.813335], [-111.302765, 25.813336], [-111.302557, 25.813526], [-111.301616, 25.813528], [-111.301408, 25.813717]], [[-111.298665, 25.81015], [-111.298997, 25.809849], [-111.298996, 25.809392], [-111.298767, 25.809186], [-111.298157, 25.809188], [-111.297826, 25.809489], [-111.297826, 25.809757], [-111.298159, 25.810151], [-111.298665, 25.81015]]]}}, {"type": "Feature", "id": 81, "properties": {"id": "64", "politica": "aprovechamiento-sustentable", "procedencia": "digitalizada"}, "geometry": {"type": "Polygon", "coordinates": [[[-111.344026, 25.828056], [-111.343047, 25.828346], [-111.34222, 25.828348], [-111.341364, 25.828977], [-111.339716, 25.831378], [-111.339718, 25.831978], [-111.33939, 25.832877], [-111.33906, 25.833178], [-111.339061, 25.8336], [-111.338429, 25.833752], [-111.336943, 25.834654], [-111.335428, 25.836333], [-111.335429, 25.836633], [-111.335099, 25.836933], [-111.335103, 25.838258], [-111.33643, 25.839454], [-111.336434, 25.840976], [-111.335939, 25.841427], [-111.335776, 25.842149], [-111.335474, 25.84215], [-111.333658, 25.843653], [-111.33148, 25.843658], [-111.331082, 25.843299], [-111.331838, 25.842611], [-111.331836, 25.841736], [-111.331504, 25.841437], [-111.331502, 25.840838], [-111.330839, 25.84024], [-111.330836, 25.839317], [-111.331631, 25.838293], [-111.332127, 25.838292], [-111.332458, 25.837991], [-111.332788, 25.837991], [-111.333478, 25.837363], [-111.333477, 25.836937], [-111.332813, 25.836039], [-111.332811, 25.83544], [-111.332449, 25.835114], [-111.331486, 25.834817], [-111.331484, 25.834394], [-111.330157, 25.832899], [-111.328635, 25.831976], [-111.327973, 25.831977], [-111.326979, 25.83138], [-111.326317, 25.831382], [-111.325819, 25.831083], [-111.324522, 25.831086], [-111.324192, 25.831387], [-111.322703, 25.83154], [-111.322538, 25.83169], [-111.32188, 25.831691], [-111.321878, 25.831245], [-111.322044, 25.831095], [-111.322041, 25.830046], [-111.322206, 25.829896], [-111.322201, 25.828098], [-111.322531, 25.827797], [-111.32253, 25.827524], [-111.323685, 25.827522], [-111.324349, 25.82812], [-111.328493, 25.830808], [-111.329155, 25.830806], [-111.329486, 25.831105], [-111.331472, 25.831101], [-111.331804, 25.8314], [-111.332108, 25.831399], [-111.332438, 25.831099], [-111.3331, 25.831097], [-111.33346, 25.830769], [-111.333459, 25.830497], [-111.33376, 25.830496], [-111.33412, 25.830169], [-111.334449, 25.829568], [-111.33511, 25.828967], [-111.335108, 25.828368], [-111.335438, 25.828068], [-111.335437, 25.827618], [-111.336165, 25.826654], [-111.335929, 25.825992], [-111.335567, 25.825667], [-111.334601, 25.825669], [-111.333251, 25.825972], [-111.332784, 25.825823], [-111.332781, 25.824651], [-111.332088, 25.824026], [-111.329935, 25.823432], [-111.32795, 25.823586], [-111.327482, 25.823165], [-111.327312, 25.821343], [-111.327806, 25.820593], [-111.329261, 25.819118], [-111.329592, 25.819117], [-111.330418, 25.818516], [-111.330749, 25.818515], [-111.331769, 25.817587], [-111.331765, 25.816412], [-111.331101, 25.815664], [-111.331095, 25.813243], [-111.331494, 25.812879], [-111.331159, 25.812577], [-111.330732, 25.812641], [-111.330235, 25.812342], [-111.329435, 25.812494], [-111.327754, 25.813873], [-111.327425, 25.814473], [-111.3263, 25.815648], [-111.32597, 25.815798], [-111.323488, 25.815804], [-111.322827, 25.816105], [-111.320817, 25.818234], [-111.320818, 25.818534], [-111.318537, 25.82061], [-111.317353, 25.820613], [-111.316885, 25.820191], [-111.316883, 25.819292], [-111.316551, 25.818993], [-111.316549, 25.81837], [-111.316879, 25.818069], [-111.316879, 25.817793], [-111.316215, 25.817046], [-111.315881, 25.816124], [-111.316182, 25.81585], [-111.31687, 25.815849], [-111.318528, 25.817044], [-111.319494, 25.817042], [-111.321173, 25.815213], [-111.32117, 25.814164], [-111.321982, 25.813125], [-111.320503, 25.811941], [-111.320071, 25.811253], [-111.319477, 25.811794], [-111.319477, 25.812067], [-111.31835, 25.812519], [-111.317526, 25.81252], [-111.317526, 25.812248], [-111.316766, 25.811563], [-111.317179, 25.811188], [-111.316529, 25.810601], [-111.316525, 25.809379], [-111.317516, 25.808628], [-111.317515, 25.808202], [-111.317253, 25.807966], [-111.318504, 25.806827], [-111.318242, 25.806465], [-111.318654, 25.80609], [-111.318501, 25.805952], [-111.318489, 25.801307], [-111.318157, 25.801008], [-111.318155, 25.800258], [-111.316964, 25.799035], [-111.316302, 25.798737], [-111.314509, 25.798741], [-111.313683, 25.799192], [-111.313352, 25.799193], [-111.312526, 25.799794], [-111.311342, 25.799797], [-111.310874, 25.799375], [-111.310871, 25.798302], [-111.311202, 25.798002], [-111.311193, 25.794879], [-111.310862, 25.79458], [-111.31086, 25.793831], [-111.310598, 25.793595], [-111.310857, 25.792758], [-111.310854, 25.791559], [-111.311184, 25.791259], [-111.311182, 25.790683], [-111.310851, 25.790384], [-111.31085, 25.790084], [-111.309524, 25.789038], [-111.309523, 25.788565], [-111.310182, 25.787664], [-111.310178, 25.78619], [-111.30885, 25.784095], [-111.308844, 25.782], [-111.309641, 25.781848], [-111.312945, 25.780493], [-111.314929, 25.779889], [-111.317075, 25.778536], [-111.317406, 25.778535], [-111.318891, 25.777333], [-111.32368, 25.774325], [-111.32665, 25.772071], [-111.330445, 25.768766], [-111.331106, 25.768614], [-111.332952, 25.76861], [-111.333254, 25.768882], [-111.333257, 25.769955], [-111.331608, 25.771607], [-111.331278, 25.772057], [-111.331279, 25.772507], [-111.330949, 25.772807], [-111.330953, 25.774006], [-111.330625, 25.775206], [-111.33081, 25.782075], [-111.331308, 25.782823], [-111.332801, 25.784318], [-111.333299, 25.785216], [-111.335289, 25.78686], [-111.337943, 25.789701], [-111.338113, 25.791049], [-111.338279, 25.791198], [-111.338287, 25.794045], [-111.338621, 25.795243], [-111.338624, 25.796292], [-111.338957, 25.797191], [-111.339289, 25.79749], [-111.33929, 25.797939], [-111.339788, 25.798537], [-111.33979, 25.79916], [-111.339625, 25.799311], [-111.33964, 25.804532], [-111.340636, 25.805878], [-111.342627, 25.807671], [-111.342628, 25.808121], [-111.343291, 25.808719], [-111.343459, 25.809618], [-111.345284, 25.811411], [-111.345287, 25.812161], [-111.345619, 25.812609], [-111.345622, 25.813808], [-111.346647, 25.814732], [-111.34731, 25.81488], [-111.348607, 25.816199], [-111.348613, 25.817997], [-111.350936, 25.820239], [-111.350937, 25.820688], [-111.351601, 25.821436], [-111.351604, 25.822335], [-111.352268, 25.823083], [-111.35227, 25.823982], [-111.352935, 25.824879], [-111.352774, 25.826552], [-111.352609, 25.826702], [-111.352613, 25.827901], [-111.349014, 25.831928], [-111.348518, 25.83208], [-111.347498, 25.831932], [-111.346698, 25.831062], [-111.346697, 25.830612], [-111.3457, 25.829266], [-111.344026, 25.828056]], [[-111.328739, 25.804871], [-111.329717, 25.804581], [-111.330077, 25.804254], [-111.330076, 25.803678], [-111.329548, 25.803203], [-111.328734, 25.803067], [-111.32807, 25.803671], [-111.328391, 25.804557], [-111.328739, 25.804871]]]}}, {"type": "Feature", "id": 82, "properties": {"id": "65a", "politica": "preservacion", "procedencia": "digitalizada"}, "geometry": {"type": "Polygon", "coordinates": [[[-111.591105, 25.829711], [-111.589586, 25.831096], [-111.587666, 25.840893], [-111.586774, 25.841706], [-111.585711, 25.84171], [-111.570913, 25.835096], [-111.56449, 25.829782], [-111.563594, 25.829785], [-111.56359, 25.828975], [-111.560538, 25.826682], [-111.555119, 25.825368], [-111.552746, 25.825377], [-111.552734, 25.822716], [-111.553714, 25.821822], [-111.553706, 25.820042], [-111.554686, 25.819149], [-111.554671, 25.816034], [-111.555651, 25.815141], [-111.555608, 25.805798], [-111.556581, 25.803569], [-111.556542, 25.795196], [-111.557438, 25.795192], [-111.558418, 25.794299], [-111.560386, 25.794291], [-111.56116, 25.793585], [-111.561654, 25.794028], [-111.570215, 25.792028], [-111.571485, 25.79221], [-111.57443, 25.790864], [-111.574925, 25.791307], [-111.580044, 25.789765], [-111.582499, 25.788865], [-111.585036, 25.78655], [-111.585028, 25.78486], [-111.586214, 25.785923], [-111.589367, 25.784833], [-111.613551, 25.784733], [-111.624901, 25.791359], [-111.630259, 25.797929], [-111.630268, 25.799709], [-111.631262, 25.801484], [-111.631297, 25.808158], [-111.631792, 25.808601], [-111.631808, 25.811715], [-111.632302, 25.812158], [-111.632319, 25.815345], [-111.63183, 25.815792], [-111.631356, 25.819273], [-111.63046, 25.819277], [-111.629393, 25.820251], [-111.627928, 25.822482], [-111.627933, 25.823372], [-111.625082, 25.825974], [-111.622626, 25.826875], [-111.619674, 25.826887], [-111.613796, 25.832251], [-111.606333, 25.831838], [-111.603856, 25.828733], [-111.602458, 25.828739], [-111.597555, 25.832319], [-111.594032, 25.832333], [-111.591105, 25.829711]], [[-111.595898, 25.811947], [-111.597945, 25.810079], [-111.597939, 25.808816], [-111.595873, 25.806965], [-111.591031, 25.806985], [-111.589963, 25.807959], [-111.589974, 25.810111], [-111.591051, 25.811077], [-111.592527, 25.811071], [-111.594008, 25.811955], [-111.595898, 25.811947]]]}}, {"type": "Feature", "id": 83, "properties": {"id": "65b", "politica": "conservacion", "procedencia": "digitalizada"}, "geometry": {"type": "MultiPolygon", "coordinates": [[[[-111.577989, 25.660404], [-111.578727, 25.659728], [-111.580206, 25.661059], [-111.576281, 25.667356], [-111.576495, 25.668513], [-111.575795, 25.669153], [-111.57552, 25.671576], [-111.573552, 25.671584], [-111.572847, 25.67095], [-111.571862, 25.671851], [-111.570869, 25.670958], [-111.57017, 25.671597], [-111.566709, 25.671611], [-111.565931, 25.672323], [-111.565186, 25.671653], [-111.563955, 25.672779], [-111.563458, 25.672332], [-111.561981, 25.673684], [-111.561484, 25.673237], [-111.560489, 25.674148], [-111.561245, 25.674828], [-111.561697, 25.674414], [-111.56416, 25.674404], [-111.564166, 25.67574], [-111.562199, 25.677991], [-111.560732, 25.681586], [-111.559747, 25.682487], [-111.560257, 25.685626], [-111.558868, 25.686897], [-111.548977, 25.686934], [-111.543058, 25.690546], [-111.542069, 25.690549], [-111.535577, 25.696487], [-111.535088, 25.697835], [-111.532627, 25.700536], [-111.532141, 25.702333], [-111.531155, 25.703234], [-111.531161, 25.70458], [-111.530463, 25.705669], [-111.53096, 25.706116], [-111.530182, 25.706827], [-111.529699, 25.70945], [-111.531688, 25.711687], [-111.534181, 25.716164], [-111.538151, 25.718842], [-111.537701, 25.720225], [-111.538655, 25.721084], [-111.538452, 25.722241], [-111.540936, 25.724476], [-111.540443, 25.724926], [-111.540657, 25.726082], [-111.538286, 25.729151], [-111.533546, 25.72898], [-111.532353, 25.73007], [-111.529389, 25.730978], [-111.526834, 25.732863], [-111.523391, 25.737363], [-111.523396, 25.738709], [-111.522698, 25.739798], [-111.523195, 25.740245], [-111.522455, 25.74092], [-111.523201, 25.741591], [-111.522708, 25.742041], [-111.523416, 25.743125], [-111.523422, 25.744461], [-111.522028, 25.744914], [-111.520502, 25.744507], [-111.519556, 25.745372], [-111.518487, 25.745376], [-111.516999, 25.744484], [-111.513535, 25.744496], [-111.511552, 25.743605], [-111.503632, 25.742736], [-111.502144, 25.741843], [-111.49868, 25.741855], [-111.496697, 25.740965], [-111.493315, 25.741425], [-111.492536, 25.742137], [-111.481821, 25.732938], [-111.470936, 25.732974], [-111.469943, 25.73208], [-111.466971, 25.731192], [-111.46578, 25.73012], [-111.468036, 25.727609], [-111.469015, 25.724914], [-111.474421, 25.715922], [-111.474416, 25.714576], [-111.4754, 25.713227], [-111.476375, 25.709634], [-111.479821, 25.705585], [-111.482197, 25.703414], [-111.483186, 25.703411], [-111.485652, 25.701608], [-111.487136, 25.701603], [-111.488121, 25.700703], [-111.492078, 25.700689], [-111.493558, 25.699787], [-111.497021, 25.699775], [-111.498501, 25.698873], [-111.500479, 25.698866], [-111.502945, 25.697063], [-111.505005, 25.69518], [-111.508442, 25.689335], [-111.510411, 25.687085], [-111.511877, 25.683041], [-111.511868, 25.680798], [-111.513832, 25.67765], [-111.519656, 25.672775], [-111.52163, 25.67187], [-111.525656, 25.667288], [-111.525652, 25.666471], [-111.526552, 25.666468], [-111.530001, 25.663763], [-111.53255, 25.660981], [-111.534514, 25.657833], [-111.534498, 25.654244], [-111.535481, 25.652894], [-111.535461, 25.648407], [-111.536446, 25.647506], [-111.537421, 25.644362], [-111.55413, 25.622762], [-111.556087, 25.618267], [-111.558051, 25.615568], [-111.558045, 25.614222], [-111.56099, 25.609723], [-111.560985, 25.608826], [-111.567383, 25.602968], [-111.570242, 25.599448], [-111.572299, 25.59944], [-111.573291, 25.600334], [-111.576257, 25.600322], [-111.577249, 25.601216], [-111.580709, 25.601202], [-111.581701, 25.602096], [-111.584172, 25.602086], [-111.585165, 25.602979], [-111.587142, 25.602971], [-111.591529, 25.608706], [-111.591534, 25.609603], [-111.593526, 25.612736], [-111.597507, 25.618104], [-111.597511, 25.619001], [-111.5995, 25.621237], [-111.599504, 25.622134], [-111.616407, 25.640909], [-111.616414, 25.642325], [-111.614448, 25.644577], [-111.610105, 25.648104], [-111.608622, 25.64811], [-111.607638, 25.649012], [-111.602694, 25.649032], [-111.60171, 25.649933], [-111.599238, 25.649944], [-111.59628, 25.651751], [-111.592329, 25.652664], [-111.587893, 25.655374], [-111.58641, 25.65538], [-111.581691, 25.659249], [-111.580907, 25.658543], [-111.578022, 25.659003], [-111.577233, 25.659725], [-111.577989, 25.660404]], [[-111.545877, 25.675371], [-111.54843, 25.673486], [-111.547928, 25.671763], [-111.546845, 25.670789], [-111.539507, 25.670816], [-111.538434, 25.671799], [-111.538441, 25.673523], [-111.540517, 25.675391], [-111.541919, 25.674937], [-111.545877, 25.675371]]], [[[-111.614044, 25.652629], [-111.618522, 25.648527], [-111.618518, 25.647711], [-111.622372, 25.647246], [-111.622376, 25.648062], [-111.628342, 25.654319], [-111.629338, 25.65566], [-111.629343, 25.656628], [-111.623442, 25.662935], [-111.620499, 25.667435], [-111.620513, 25.670127], [-111.619535, 25.672374], [-111.619549, 25.675066], [-111.61857, 25.676865], [-111.618588, 25.680455], [-111.617611, 25.682702], [-111.617624, 25.685395], [-111.617132, 25.685845], [-111.61618, 25.693028], [-111.614715, 25.696624], [-111.611768, 25.700675], [-111.611979, 25.741953], [-111.611487, 25.742404], [-111.61153, 25.750929], [-111.607109, 25.757229], [-111.600212, 25.763539], [-111.600221, 25.765263], [-111.602302, 25.767579], [-111.603786, 25.767573], [-111.604781, 25.768466], [-111.606265, 25.76846], [-111.60717, 25.769272], [-111.607198, 25.774727], [-111.60572, 25.776079], [-111.604741, 25.778327], [-111.605245, 25.780049], [-111.606329, 25.781023], [-111.60723, 25.781019], [-111.607243, 25.783701], [-111.606347, 25.784521], [-111.59022, 25.784399], [-111.589026, 25.785041], [-111.587046, 25.785049], [-111.582609, 25.788656], [-111.577668, 25.79047], [-111.569756, 25.792296], [-111.567776, 25.792304], [-111.565306, 25.793211], [-111.561841, 25.793224], [-111.559865, 25.794129], [-111.556904, 25.794141], [-111.556881, 25.789216], [-111.557857, 25.786071], [-111.557761, 25.765502], [-111.556767, 25.764609], [-111.556758, 25.762814], [-111.555764, 25.761921], [-111.555756, 25.760126], [-111.554762, 25.759232], [-111.554758, 25.758335], [-111.546799, 25.749391], [-111.54677, 25.743039], [-111.547756, 25.742138], [-111.547747, 25.740343], [-111.548733, 25.739442], [-111.547737, 25.738171], [-111.547725, 25.735478], [-111.546444, 25.734326], [-111.547712, 25.732716], [-111.546926, 25.731632], [-111.547704, 25.730921], [-111.5477, 25.730094], [-111.546916, 25.729389], [-111.547655, 25.728713], [-111.546701, 25.727855], [-111.546678, 25.722919], [-111.538724, 25.714424], [-111.53872, 25.713526], [-111.536729, 25.710841], [-111.536711, 25.706803], [-111.535718, 25.705909], [-111.535712, 25.704493], [-111.53768, 25.702242], [-111.537676, 25.701426], [-111.541046, 25.700516], [-111.545979, 25.697805], [-111.546969, 25.697802], [-111.549433, 25.695998], [-111.550917, 25.695992], [-111.551902, 25.695091], [-111.552891, 25.695087], [-111.553877, 25.694186], [-111.555855, 25.694178], [-111.55684, 25.693277], [-111.558818, 25.69327], [-111.562272, 25.691462], [-111.565813, 25.691448], [-111.567301, 25.69234], [-111.571181, 25.692773], [-111.571673, 25.692323], [-111.574146, 25.692313], [-111.577105, 25.690506], [-111.580148, 25.687721], [-111.582111, 25.684573], [-111.582105, 25.683227], [-111.583089, 25.682325], [-111.583072, 25.678806], [-111.582079, 25.677913], [-111.582072, 25.676567], [-111.581079, 25.675673], [-111.581072, 25.674327], [-111.580288, 25.673622], [-111.581065, 25.672911], [-111.581052, 25.670219], [-111.582037, 25.669317], [-111.582028, 25.667523], [-111.583011, 25.666173], [-111.589326, 25.661293], [-111.591299, 25.660387], [-111.592782, 25.660381], [-111.593856, 25.659399], [-111.593852, 25.658582], [-111.594751, 25.658578], [-111.595529, 25.657866], [-111.596026, 25.658313], [-111.598203, 25.65677], [-111.60125, 25.656757], [-111.602203, 25.657614], [-111.603644, 25.657196], [-111.606108, 25.655391], [-111.609074, 25.655379], [-111.613299, 25.65196], [-111.614044, 25.652629]], [[-111.578837, 25.725497], [-111.582716, 25.725482], [-111.584282, 25.724049], [-111.584271, 25.721876], [-111.583188, 25.720902], [-111.575352, 25.720933], [-111.574278, 25.721916], [-111.574287, 25.72364], [-111.57537, 25.724614], [-111.577844, 25.724604], [-111.578837, 25.725497]]]]}}, {"type": "Feature", "id": 84, "properties": {"id": "66", "politica": "preservacion", "procedencia": "digitalizada"}, "geometry": {"type": "Polygon", "coordinates": [[[-111.441436, 25.743881], [-111.446354, 25.743005], [-111.45081, 25.740751], [-111.457229, 25.733112], [-111.464166, 25.731298], [-111.465649, 25.729949], [-111.466719, 25.729945], [-111.472185, 25.732617], [-111.482601, 25.732582], [-111.492766, 25.741252], [-111.499004, 25.741042], [-111.499502, 25.741488], [-111.523329, 25.745438], [-111.524819, 25.745881], [-111.529299, 25.749449], [-111.53228, 25.750335], [-111.534682, 25.750326], [-111.538644, 25.748967], [-111.540122, 25.748961], [-111.542132, 25.7547], [-111.549145, 25.769462], [-111.548215, 25.782983], [-111.543362, 25.787402], [-111.529, 25.793729], [-111.517119, 25.800494], [-111.487343, 25.800597], [-111.479911, 25.803758], [-111.476441, 25.804666], [-111.471492, 25.808267], [-111.469014, 25.809171], [-111.464547, 25.809186], [-111.464053, 25.809635], [-111.460082, 25.809648], [-111.459588, 25.810098], [-111.450159, 25.810575], [-111.449665, 25.811025], [-111.434775, 25.81107], [-111.432793, 25.811972], [-111.42932, 25.812431], [-111.414477, 25.825918], [-111.406468, 25.832295], [-111.401045, 25.843513], [-111.399362, 25.845041], [-111.397081, 25.842547], [-111.396177, 25.84255], [-111.395676, 25.841287], [-111.395659, 25.836284], [-111.396153, 25.83546], [-111.394072, 25.833593], [-111.390683, 25.832706], [-111.390642, 25.820165], [-111.391137, 25.819715], [-111.391096, 25.807167], [-111.391591, 25.806718], [-111.392024, 25.787447], [-111.393913, 25.785281], [-111.396884, 25.783481], [-111.400851, 25.782574], [-111.401928, 25.781594], [-111.401919, 25.778905], [-111.409837, 25.772609], [-111.411803, 25.767226], [-111.418725, 25.760484], [-111.423634, 25.745682], [-111.426597, 25.742088], [-111.426595, 25.741272], [-111.429559, 25.740815], [-111.437009, 25.743482], [-111.440977, 25.74347], [-111.441436, 25.743881]], [[-111.484721, 25.766186], [-111.490591, 25.764821], [-111.494632, 25.760694], [-111.494624, 25.758902], [-111.495119, 25.758452], [-111.494604, 25.754046], [-111.493107, 25.751811], [-111.48854, 25.748609], [-111.485064, 25.747724], [-111.478697, 25.748642], [-111.473666, 25.75322], [-111.472686, 25.75636], [-111.473694, 25.760316], [-111.476276, 25.763525], [-111.479756, 25.765306], [-111.484223, 25.765739], [-111.484721, 25.766186]], [[-111.478742, 25.779201], [-111.479819, 25.778221], [-111.47981, 25.776054], [-111.478725, 25.775082], [-111.476323, 25.775089], [-111.474751, 25.776519], [-111.474756, 25.77779], [-111.476339, 25.779209], [-111.478742, 25.779201]]]}}, {"type": "Feature", "id": 85, "properties": {"id": "67a", "politica": "conservacion", "procedencia": "digitalizada"}, "geometry": {"type": "Polygon", "coordinates": [[[-111.364033, 25.741986], [-111.392867, 25.768333], [-111.390937, 25.830386], [-111.386136, 25.827042], [-111.382933, 25.826569], [-111.381863, 25.82561], [-111.380891, 25.825612], [-111.379278, 25.821853], [-111.378113, 25.820808], [-111.372239, 25.81938], [-111.371479, 25.818698], [-111.370187, 25.818904], [-111.367523, 25.819873], [-111.365832, 25.821407], [-111.364253, 25.828627], [-111.358501, 25.835772], [-111.352638, 25.838192], [-111.346773, 25.83965], [-111.336133, 25.846881], [-111.336126, 25.844572], [-111.335054, 25.84265], [-111.335051, 25.841607], [-111.336115, 25.840643], [-111.336111, 25.83928], [-111.335041, 25.83832], [-111.335567, 25.835352], [-111.339292, 25.831975], [-111.33982, 25.830049], [-111.341853, 25.827725], [-111.344604, 25.827718], [-111.348308, 25.831521], [-111.352617, 25.827132], [-111.35261, 25.824807], [-111.350997, 25.820481], [-111.348322, 25.818082], [-111.348317, 25.816157], [-111.346617, 25.814632], [-111.345645, 25.814634], [-111.345639, 25.812796], [-111.344567, 25.810874], [-111.339214, 25.804632], [-111.339419, 25.798577], [-111.338123, 25.795974], [-111.338108, 25.790682], [-111.336501, 25.78828], [-111.330618, 25.78252], [-111.330606, 25.77819], [-111.330071, 25.77771], [-111.330589, 25.772337], [-111.333246, 25.768963], [-111.333238, 25.766076], [-111.334833, 25.764228], [-111.334294, 25.762305], [-111.330551, 25.758465], [-111.328943, 25.755581], [-111.325201, 25.752222], [-111.325199, 25.75126], [-111.322526, 25.74886], [-111.32198, 25.74405], [-111.319748, 25.742526], [-111.314418, 25.743019], [-111.309607, 25.738218], [-111.307471, 25.73726], [-111.303205, 25.736788], [-111.29924, 25.733706], [-111.298389, 25.734478], [-111.298395, 25.736884], [-111.296312, 25.738772], [-111.297872, 25.740653], [-111.297881, 25.744502], [-111.299489, 25.747867], [-111.299498, 25.751315], [-111.29693, 25.752678], [-111.292582, 25.753168], [-111.282438, 25.747895], [-111.277632, 25.744537], [-111.270151, 25.737334], [-111.268635, 25.737337], [-111.266518, 25.739255], [-111.266512, 25.736464], [-111.263836, 25.732139], [-111.263826, 25.727247], [-111.265417, 25.723877], [-111.271707, 25.718177], [-111.275435, 25.716727], [-111.277651, 25.716723], [-111.281387, 25.71864], [-111.283435, 25.718636], [-111.286191, 25.71662], [-111.286189, 25.715739], [-111.284266, 25.71401], [-111.280228, 25.714702], [-111.276001, 25.712823], [-111.271251, 25.715681], [-111.265398, 25.720503], [-111.258473, 25.72244], [-111.255278, 25.72437], [-111.252091, 25.724376], [-111.252088, 25.723018], [-111.25039, 25.721011], [-111.245587, 25.718614], [-111.24141, 25.714857], [-111.239806, 25.712454], [-111.239802, 25.71053], [-111.238147, 25.709041], [-111.237124, 25.709967], [-111.235975, 25.709969], [-111.2334, 25.707653], [-111.233396, 25.705729], [-111.231699, 25.704202], [-111.230728, 25.704204], [-111.230726, 25.703328], [-111.229338, 25.702079], [-111.226451, 25.703248], [-111.224852, 25.703251], [-111.224003, 25.70402], [-111.224227, 25.705182], [-111.225829, 25.706623], [-111.225832, 25.708147], [-111.223215, 25.710035], [-111.225933, 25.71152], [-111.230097, 25.711513], [-111.224036, 25.717002], [-111.221685, 25.713926], [-111.221674, 25.708153], [-111.219529, 25.700939], [-111.219524, 25.698453], [-111.222091, 25.696611], [-111.262149, 25.697025], [-111.262683, 25.697505], [-111.278672, 25.697476], [-111.279206, 25.697956], [-111.282937, 25.697949], [-111.283471, 25.698429], [-111.287735, 25.69842], [-111.288269, 25.698901], [-111.292, 25.698893], [-111.292534, 25.699373], [-111.305328, 25.700309], [-111.320804, 25.707493], [-111.321873, 25.708453], [-111.327113, 25.710366], [-111.327115, 25.711242], [-111.329884, 25.714208], [-111.330909, 25.714649], [-111.332549, 25.714202], [-111.334684, 25.71516], [-111.336188, 25.715156], [-111.336192, 25.716514], [-111.338425, 25.718519], [-111.341623, 25.718511], [-111.343676, 25.71995], [-111.350058, 25.714642], [-111.353341, 25.715116], [-111.361347, 25.718464], [-111.364993, 25.721737], [-111.365537, 25.725103], [-111.367675, 25.727022], [-111.368752, 25.730387], [-111.368228, 25.733356], [-111.36398, 25.73914], [-111.364516, 25.740021], [-111.364033, 25.741986]], [[-111.351327, 25.755535], [-111.354443, 25.755527], [-111.355602, 25.754476], [-111.356129, 25.752631], [-111.35443, 25.751106], [-111.352381, 25.751111], [-111.351542, 25.751872], [-111.350698, 25.751115], [-111.349182, 25.751118], [-111.348023, 25.752169], [-111.348027, 25.753532], [-111.351327, 25.755535]]]}}, {"type": "Feature", "id": 86, "properties": {"id": "67b", "politica": "preservacion", "procedencia": "digitalizada"}, "geometry": {"type": "Polygon", "coordinates": [[[-111.328244, 25.712713], [-111.326101, 25.710788], [-111.305657, 25.701134], [-111.293297, 25.700189], [-111.292758, 25.699706], [-111.288997, 25.699713], [-111.288459, 25.699229], [-111.28416, 25.699238], [-111.283622, 25.698754], [-111.275561, 25.698284], [-111.275023, 25.6978], [-111.2401, 25.697862], [-111.239561, 25.697378], [-111.22299, 25.697404], [-111.222453, 25.69789], [-111.219784, 25.697894], [-111.22451, 25.693614], [-111.233642, 25.69263], [-111.23481, 25.691572], [-111.236414, 25.68769], [-111.236929, 25.676137], [-111.244348, 25.673215], [-111.252941, 25.672716], [-111.260454, 25.669308], [-111.262158, 25.667764], [-111.263223, 25.663397], [-111.268039, 25.655145], [-111.268032, 25.652332], [-111.269324, 25.653494], [-111.270624, 25.653287], [-111.275221, 25.648633], [-111.27607, 25.649397], [-111.277049, 25.649395], [-111.278682, 25.659004], [-111.283625, 25.664416], [-111.288687, 25.665095], [-111.297502, 25.662933], [-111.299735, 25.662929], [-111.309953, 25.667757], [-111.314161, 25.665808], [-111.319079, 25.665797], [-111.323383, 25.668212], [-111.325985, 25.668207], [-111.328664, 25.665776], [-111.333493, 25.663825], [-111.336262, 25.663819], [-111.338855, 25.664783], [-111.33941, 25.67108], [-111.336202, 25.676422], [-111.336222, 25.683696], [-111.335686, 25.684182], [-111.3357, 25.68895], [-111.338394, 25.691853], [-111.3384, 25.693874], [-111.331969, 25.699708], [-111.331978, 25.703103], [-111.328767, 25.707474], [-111.328244, 25.712713]], [[-111.288959, 25.683802], [-111.290126, 25.682744], [-111.290122, 25.680885], [-111.288949, 25.679831], [-111.283661, 25.679842], [-111.282494, 25.6809], [-111.282497, 25.682274], [-111.284208, 25.683812], [-111.288959, 25.683802]]]}}, {"type": "Feature", "id": 87, "properties": {"id": "68", "politica": "conservacion", "procedencia": "digitalizada"}, "geometry": {"type": "Polygon", "coordinates": [[[-111.649751, 25.815213], [-111.650058, 25.814933], [-111.651734, 25.814925], [-111.652461, 25.814261], [-111.652455, 25.813047], [-111.653122, 25.812437], [-111.653112, 25.810617], [-111.653779, 25.810007], [-111.653774, 25.809145], [-111.652368, 25.808187], [-111.651081, 25.808192], [-111.650078, 25.808804], [-111.645334, 25.809128], [-111.640285, 25.805206], [-111.639668, 25.805209], [-111.638274, 25.806483], [-111.637616, 25.808913], [-111.637627, 25.810983], [-111.637017, 25.810985], [-111.636016, 25.8119], [-111.633006, 25.811913], [-111.633003, 25.811361], [-111.631655, 25.80985], [-111.631637, 25.806512], [-111.630963, 25.805908], [-111.630942, 25.801964], [-111.630267, 25.801057], [-111.630256, 25.798933], [-111.629582, 25.798329], [-111.629578, 25.797419], [-111.625527, 25.791975], [-111.624119, 25.790712], [-111.622441, 25.790113], [-111.621094, 25.788905], [-111.61269, 25.784086], [-111.609339, 25.7841], [-111.609002, 25.783798], [-111.607662, 25.783804], [-111.607049, 25.783254], [-111.606703, 25.781131], [-111.604685, 25.779623], [-111.604671, 25.776844], [-111.605338, 25.776234], [-111.605335, 25.775627], [-111.606669, 25.774408], [-111.606641, 25.768995], [-111.604899, 25.767734], [-111.603559, 25.76774], [-111.601545, 25.767141], [-111.599921, 25.765382], [-111.599903, 25.761747], [-111.600513, 25.761744], [-111.607246, 25.7562], [-111.611237, 25.750419], [-111.611121, 25.727663], [-111.611788, 25.727053], [-111.61165, 25.700049], [-111.615636, 25.693661], [-111.615625, 25.691537], [-111.616291, 25.690927], [-111.616276, 25.687893], [-111.616942, 25.687283], [-111.616928, 25.684553], [-111.617595, 25.683943], [-111.617578, 25.680605], [-111.618244, 25.679996], [-111.618229, 25.676962], [-111.618895, 25.676352], [-111.618881, 25.673621], [-111.619548, 25.673012], [-111.61953, 25.669674], [-111.620197, 25.669064], [-111.620184, 25.666637], [-111.622177, 25.663594], [-111.625478, 25.65966], [-111.624832, 25.65908], [-111.624819, 25.656653], [-111.624147, 25.656049], [-111.624128, 25.652414], [-111.625795, 25.652407], [-111.62809, 25.65477], [-111.628094, 25.655377], [-111.628827, 25.656035], [-111.629436, 25.656032], [-111.629439, 25.656584], [-111.630786, 25.658096], [-111.630796, 25.659916], [-111.631468, 25.66052], [-111.631478, 25.662341], [-111.632151, 25.662945], [-111.632159, 25.664462], [-111.632831, 25.665066], [-111.632843, 25.66719], [-111.633516, 25.667793], [-111.633524, 25.66931], [-111.634196, 25.669914], [-111.634206, 25.671735], [-111.634879, 25.672339], [-111.634887, 25.673856], [-111.63556, 25.67446], [-111.635569, 25.67628], [-111.636242, 25.676884], [-111.636252, 25.678705], [-111.636925, 25.679309], [-111.636934, 25.681129], [-111.637607, 25.681733], [-111.637615, 25.68325], [-111.638288, 25.683854], [-111.638298, 25.685674], [-111.638971, 25.686278], [-111.638981, 25.688099], [-111.639654, 25.688703], [-111.639662, 25.69022], [-111.640335, 25.690824], [-111.640346, 25.692948], [-111.641019, 25.693551], [-111.641027, 25.695068], [-111.6417, 25.695672], [-111.64171, 25.697493], [-111.642383, 25.698097], [-111.642393, 25.699917], [-111.644417, 25.702639], [-111.64442, 25.703246], [-111.646443, 25.705664], [-111.646446, 25.706271], [-111.648468, 25.708689], [-111.648472, 25.709296], [-111.651169, 25.712622], [-111.651173, 25.713229], [-111.65252, 25.71474], [-111.652524, 25.715347], [-111.654547, 25.717765], [-111.65455, 25.718372], [-111.655898, 25.719883], [-111.655907, 25.721448], [-111.654575, 25.722971], [-111.653252, 25.726011], [-111.650592, 25.729664], [-111.649932, 25.731488], [-111.6486, 25.733011], [-111.64794, 25.734834], [-111.64528, 25.738487], [-111.64462, 25.74031], [-111.643288, 25.741833], [-111.643291, 25.74244], [-111.641297, 25.745483], [-111.641972, 25.746342], [-111.641977, 25.747252], [-111.64265, 25.747856], [-111.642657, 25.74907], [-111.64333, 25.749674], [-111.643335, 25.750584], [-111.644008, 25.751188], [-111.644015, 25.752401], [-111.644688, 25.753005], [-111.644695, 25.754219], [-111.646047, 25.756337], [-111.646053, 25.75755], [-111.647405, 25.759668], [-111.647411, 25.760882], [-111.648763, 25.763], [-111.64877, 25.764214], [-111.650122, 25.766331], [-111.650128, 25.767545], [-111.65148, 25.769663], [-111.651487, 25.770877], [-111.65216, 25.77148], [-111.652165, 25.772391], [-111.653517, 25.774508], [-111.653524, 25.775722], [-111.654197, 25.776326], [-111.654204, 25.77754], [-111.655556, 25.779657], [-111.655563, 25.780871], [-111.656915, 25.782989], [-111.656922, 25.784202], [-111.657595, 25.784806], [-111.657602, 25.78602], [-111.658276, 25.786624], [-111.658282, 25.787837], [-111.658956, 25.788441], [-111.658963, 25.789655], [-111.659636, 25.790258], [-111.659641, 25.791169], [-111.660994, 25.793286], [-111.661, 25.7945], [-111.661674, 25.795104], [-111.661713, 25.802082], [-111.662387, 25.802686], [-111.662405, 25.806072], [-111.661738, 25.806682], [-111.661752, 25.809061], [-111.662425, 25.809664], [-111.662441, 25.812443], [-111.661774, 25.813053], [-111.661786, 25.815177], [-111.660178, 25.816647], [-111.658173, 25.81787], [-111.657503, 25.817873], [-111.655166, 25.819704], [-111.65349, 25.819711], [-111.652823, 25.820321], [-111.651817, 25.820326], [-111.650483, 25.821545], [-111.649479, 25.821853], [-111.642446, 25.821884], [-111.642438, 25.820374], [-111.643105, 25.819764], [-111.643079, 25.814964], [-111.643689, 25.814961], [-111.644356, 25.814351], [-111.648097, 25.814335], [-111.649751, 25.815213]], [[-111.627238, 25.746461], [-111.628299, 25.745491], [-111.628292, 25.744326], [-111.627222, 25.743366], [-111.625266, 25.743374], [-111.624539, 25.744039], [-111.624546, 25.745508], [-111.625617, 25.746468], [-111.627238, 25.746461]]]}}, {"type": "Feature", "id": 88, "properties": {"id": "69", "politica": "aprovechamiento-sustentable", "procedencia": "digitalizada"}, "geometry": {"type": "Polygon", "coordinates": [[[-111.309619, 25.781897], [-111.308341, 25.7819], [-111.307755, 25.781371], [-111.307337, 25.780245], [-111.306921, 25.77987], [-111.306917, 25.778337], [-111.307211, 25.77807], [-111.306499, 25.777241], [-111.306491, 25.774235], [-111.306075, 25.773861], [-111.306074, 25.773485], [-111.303787, 25.771611], [-111.303125, 25.770639], [-111.301463, 25.769516], [-111.301048, 25.769516], [-111.299801, 25.768768], [-111.299178, 25.768769], [-111.297101, 25.767646], [-111.296105, 25.767648], [-111.296602, 25.767196], [-111.296394, 25.767009], [-111.296928, 25.766523], [-111.296927, 25.765959], [-111.29734, 25.765395], [-111.297011, 25.764941], [-111.297338, 25.764643], [-111.297337, 25.76411], [-111.297008, 25.763814], [-111.297215, 25.763626], [-111.296919, 25.762796], [-111.296086, 25.76167], [-111.292307, 25.758638], [-111.291477, 25.75864], [-111.291062, 25.758265], [-111.289643, 25.758268], [-111.289229, 25.758645], [-111.288399, 25.758646], [-111.286535, 25.760153], [-111.285917, 25.760154], [-111.285706, 25.758497], [-111.284754, 25.757639], [-111.284961, 25.757451], [-111.284457, 25.756997], [-111.284455, 25.756061], [-111.284833, 25.756061], [-111.285698, 25.755274], [-111.285697, 25.754932], [-111.286075, 25.754931], [-111.286903, 25.754178], [-111.287525, 25.754177], [-111.287939, 25.7538], [-111.288976, 25.753798], [-111.290462, 25.752259], [-111.290461, 25.751917], [-111.291079, 25.751915], [-111.292118, 25.752665], [-111.292533, 25.752664], [-111.293365, 25.753414], [-111.294369, 25.753412], [-111.295404, 25.752658], [-111.296649, 25.752656], [-111.29727, 25.752279], [-111.298515, 25.752276], [-111.29938, 25.751489], [-111.299586, 25.750925], [-111.299378, 25.75058], [-111.299371, 25.747762], [-111.298539, 25.747012], [-111.298537, 25.746261], [-111.298121, 25.745698], [-111.298118, 25.744571], [-111.297702, 25.744008], [-111.297903, 25.741378], [-111.297694, 25.740815], [-111.296862, 25.740065], [-111.296446, 25.739314], [-111.296443, 25.738345], [-111.298513, 25.73665], [-111.298507, 25.734396], [-111.298714, 25.733865], [-111.299505, 25.733676], [-111.300161, 25.733675], [-111.303902, 25.73686], [-111.305769, 25.736857], [-111.306185, 25.737231], [-111.307637, 25.737228], [-111.308052, 25.737603], [-111.308882, 25.737601], [-111.309714, 25.738351], [-111.310544, 25.738725], [-111.311754, 25.739816], [-111.312171, 25.740566], [-111.314704, 25.742849], [-111.316123, 25.743034], [-111.31633, 25.742846], [-111.317574, 25.742843], [-111.317988, 25.742466], [-111.320303, 25.742461], [-111.321342, 25.74321], [-111.321927, 25.743209], [-111.322345, 25.744489], [-111.322562, 25.748058], [-111.322771, 25.748433], [-111.325475, 25.751057], [-111.32631, 25.752934], [-111.328804, 25.754807], [-111.33047, 25.757058], [-111.330471, 25.757433], [-111.331304, 25.758747], [-111.334009, 25.76137], [-111.334426, 25.762309], [-111.33505, 25.762871], [-111.335058, 25.765685], [-111.33468, 25.765686], [-111.333401, 25.76685], [-111.333407, 25.768694], [-111.330954, 25.7687], [-111.32847, 25.770584], [-111.328019, 25.770995], [-111.32802, 25.771337], [-111.327642, 25.771338], [-111.326607, 25.772091], [-111.324537, 25.773975], [-111.318944, 25.777368], [-111.318116, 25.778122], [-111.314802, 25.780007], [-111.314179, 25.780009], [-111.313765, 25.780385], [-111.312106, 25.780765], [-111.310656, 25.781519], [-111.310033, 25.781521], [-111.309619, 25.781897]], [[-111.313487, 25.758237], [-111.312426, 25.757094], [-111.311837, 25.757095], [-111.310971, 25.757694], [-111.310974, 25.758603], [-111.311427, 25.759012], [-111.312638, 25.759009], [-111.313487, 25.758237]]]}}, {"type": "Feature", "id": 89, "properties": {"id": "70", "politica": "conservacion", "procedencia": "digitalizada"}, "geometry": {"type": "Polygon", "coordinates": [[[-111.485782, 25.766187], [-111.483699, 25.766194], [-111.482665, 25.765823], [-111.481425, 25.765827], [-111.481114, 25.765641], [-111.480288, 25.765644], [-111.479977, 25.765458], [-111.479564, 25.765459], [-111.478633, 25.765088], [-111.478323, 25.765089], [-111.478115, 25.764903], [-111.477495, 25.764718], [-111.476769, 25.764159], [-111.475734, 25.763601], [-111.475027, 25.762965], [-111.474923, 25.762685], [-111.474612, 25.762405], [-111.474507, 25.762125], [-111.474196, 25.761845], [-111.474092, 25.761565], [-111.472889, 25.760018], [-111.472992, 25.759924], [-111.472634, 25.758763], [-111.472632, 25.758295], [-111.472469, 25.758148], [-111.472572, 25.758054], [-111.472424, 25.757922], [-111.472422, 25.757454], [-111.472259, 25.757307], [-111.472362, 25.757213], [-111.472214, 25.756894], [-111.472212, 25.756411], [-111.472417, 25.75613], [-111.472415, 25.755475], [-111.47262, 25.755287], [-111.472618, 25.754632], [-111.472823, 25.754164], [-111.472821, 25.75379], [-111.473027, 25.753508], [-111.473025, 25.753134], [-111.474669, 25.750977], [-111.474977, 25.750415], [-111.47537, 25.750056], [-111.478565, 25.748175], [-111.479185, 25.748173], [-111.47939, 25.747985], [-111.48001, 25.747983], [-111.480216, 25.747795], [-111.480836, 25.747793], [-111.481042, 25.747605], [-111.485293, 25.747591], [-111.485501, 25.747778], [-111.486533, 25.747774], [-111.486844, 25.74796], [-111.487257, 25.747959], [-111.487465, 25.748145], [-111.487878, 25.748144], [-111.488085, 25.74833], [-111.488395, 25.748329], [-111.488913, 25.748702], [-111.489534, 25.748887], [-111.491605, 25.750189], [-111.492727, 25.751198], [-111.493454, 25.752318], [-111.493869, 25.752691], [-111.494285, 25.753438], [-111.494707, 25.755401], [-111.49481, 25.755494], [-111.494812, 25.755868], [-111.494916, 25.755961], [-111.494917, 25.756336], [-111.495126, 25.756803], [-111.494925, 25.758315], [-111.49472, 25.75869], [-111.494723, 25.759251], [-111.494316, 25.760749], [-111.492466, 25.763188], [-111.492364, 25.763469], [-111.491043, 25.764298], [-111.490631, 25.764674], [-111.489704, 25.765238], [-111.488776, 25.765616], [-111.487227, 25.765808], [-111.486814, 25.765996], [-111.486298, 25.765998], [-111.485782, 25.766187]], [[-111.4796, 25.759624], [-111.479808, 25.759434], [-111.479642, 25.759285], [-111.479082, 25.759247], [-111.478771, 25.759437], [-111.479032, 25.759672], [-111.479127, 25.759586], [-111.4796, 25.759624]], [[-111.484395, 25.75694], [-111.484196, 25.756761], [-111.484195, 25.75648], [-111.483865, 25.756184], [-111.483365, 25.756185], [-111.483141, 25.75639], [-111.483143, 25.756936], [-111.483473, 25.757233], [-111.483973, 25.757231], [-111.484395, 25.75694]]]}}, {"type": "Feature", "id": 90, "properties": {"id": "71", "politica": "preservacion", "procedencia": "digitalizada"}, "geometry": {"type": "Polygon", "coordinates": [[[-111.29627, 25.767225], [-111.296029, 25.767008], [-111.295656, 25.767008], [-111.295376, 25.76684], [-111.295057, 25.766805], [-111.294964, 25.76689], [-111.294629, 25.766588], [-111.294163, 25.766505], [-111.293603, 25.766168], [-111.29323, 25.766169], [-111.29267, 25.765833], [-111.291736, 25.765497], [-111.291363, 25.76516], [-111.29043, 25.764824], [-111.289232, 25.763744], [-111.289231, 25.763491], [-111.289044, 25.763323], [-111.289041, 25.761888], [-111.288744, 25.76162], [-111.287532, 25.761622], [-111.287065, 25.761285], [-111.286241, 25.760458], [-111.286426, 25.759938], [-111.287991, 25.758768], [-111.288271, 25.758767], [-111.288829, 25.758429], [-111.289202, 25.758428], [-111.289575, 25.758258], [-111.290801, 25.758256], [-111.291268, 25.758424], [-111.291921, 25.758422], [-111.293414, 25.759348], [-111.294442, 25.760359], [-111.295656, 25.761116], [-111.296106, 25.761522], [-111.296481, 25.762281], [-111.296668, 25.76245], [-111.296668, 25.762618], [-111.296855, 25.762787], [-111.296856, 25.763125], [-111.297043, 25.763377], [-111.297044, 25.7638], [-111.297231, 25.764052], [-111.297233, 25.76491], [-111.297048, 25.765248], [-111.297049, 25.76567], [-111.296863, 25.766008], [-111.296864, 25.766346], [-111.296678, 25.766515], [-111.296493, 25.767022], [-111.29627, 25.767225]], [[-111.292941, 25.762472], [-111.293144, 25.762288], [-111.293143, 25.761795], [-111.292939, 25.761611], [-111.292488, 25.761612], [-111.292192, 25.761881], [-111.292193, 25.76229], [-111.292397, 25.762473], [-111.292941, 25.762472]]]}}, {"type": "Feature", "id": 91, "properties": {"id": "72", "politica": "conservacion", "procedencia": "digitalizada"}, "geometry": {"type": "Polygon", "coordinates": [[[-111.547632, 25.740039], [-111.547001, 25.742514], [-111.545883, 25.743827], [-111.545885, 25.744263], [-111.545247, 25.745138], [-111.544156, 25.746134], [-111.542793, 25.746721], [-111.542526, 25.747158], [-111.542073, 25.74716], [-111.541593, 25.747598], [-111.541111, 25.7476], [-111.53999, 25.748331], [-111.539669, 25.748333], [-111.538308, 25.74921], [-111.53804, 25.749648], [-111.537266, 25.749651], [-111.537106, 25.749797], [-111.536464, 25.749799], [-111.535983, 25.750092], [-111.534859, 25.750096], [-111.533897, 25.75039], [-111.531703, 25.750398], [-111.531542, 25.750253], [-111.530095, 25.750113], [-111.528728, 25.749536], [-111.528246, 25.749538], [-111.52744, 25.748959], [-111.527148, 25.74896], [-111.527146, 25.74855], [-111.526795, 25.748234], [-111.525991, 25.748092], [-111.525184, 25.747222], [-111.524892, 25.747223], [-111.52489, 25.74674], [-111.524407, 25.746498], [-111.524082, 25.745652], [-111.523437, 25.745073], [-111.523113, 25.744492], [-111.523111, 25.74391], [-111.522625, 25.742894], [-111.522783, 25.742457], [-111.522622, 25.742312], [-111.522728, 25.741973], [-111.522457, 25.741295], [-111.522616, 25.740907], [-111.522454, 25.740472], [-111.522719, 25.739937], [-111.52261, 25.739598], [-111.522768, 25.739016], [-111.523087, 25.738433], [-111.523082, 25.737415], [-111.523562, 25.736977], [-111.52388, 25.736103], [-111.52436, 25.735665], [-111.524358, 25.735255], [-111.524838, 25.735009], [-111.524837, 25.734791], [-111.526116, 25.733331], [-111.526114, 25.732921], [-111.526406, 25.73292], [-111.527525, 25.731753], [-111.527846, 25.731751], [-111.529447, 25.730582], [-111.529848, 25.730581], [-111.530168, 25.730289], [-111.53081, 25.730286], [-111.53113, 25.729994], [-111.531773, 25.729992], [-111.532893, 25.72926], [-111.533857, 25.729257], [-111.5353, 25.728815], [-111.537975, 25.728805], [-111.538136, 25.72895], [-111.538778, 25.728802], [-111.539743, 25.729235], [-111.540386, 25.729233], [-111.541996, 25.730245], [-111.542317, 25.730244], [-111.543445, 25.730967], [-111.543737, 25.730966], [-111.543738, 25.73123], [-111.544866, 25.732099], [-111.546158, 25.733694], [-111.546159, 25.733985], [-111.546644, 25.734565], [-111.546646, 25.735001], [-111.546968, 25.735291], [-111.547622, 25.737761], [-111.547632, 25.740039]], [[-111.535858, 25.739477], [-111.535425, 25.738894], [-111.53505, 25.738896], [-111.534622, 25.739409], [-111.534973, 25.739725], [-111.535402, 25.739821], [-111.535858, 25.739477]]]}}, {"type": "Feature", "id": 92, "properties": {"id": "75", "politica": "aprovechamiento-sustentable", "procedencia": "digitalizada"}, "geometry": {"type": "Polygon", "coordinates": [[[-111.256461, 25.738828], [-111.256525, 25.739029], [-111.256335, 25.739289], [-111.256336, 25.739894], [-111.255955, 25.740241], [-111.25586, 25.740658], [-111.255337, 25.740745], [-111.253826, 25.740402], [-111.253442, 25.739553], [-111.253233, 25.739365], [-111.253059, 25.739366], [-111.253059, 25.739122], [-111.252467, 25.738588], [-111.252181, 25.738589], [-111.251894, 25.73833], [-111.251529, 25.73833], [-111.251529, 25.738216], [-111.250859, 25.737655], [-111.250665, 25.735925], [-111.250281, 25.735364], [-111.249995, 25.735219], [-111.249994, 25.734889], [-111.249802, 25.734543], [-111.248749, 25.733204], [-111.248462, 25.733059], [-111.248462, 25.732859], [-111.248301, 25.732714], [-111.248079, 25.732714], [-111.247919, 25.732455], [-111.247792, 25.732455], [-111.247792, 25.732297], [-111.247601, 25.732082], [-111.247314, 25.731937], [-111.247153, 25.731678], [-111.246931, 25.731678], [-111.246931, 25.731564], [-111.24634, 25.731073], [-111.245402, 25.730902], [-111.245304, 25.72962], [-111.245208, 25.729534], [-111.24527, 25.728554], [-111.244519, 25.727876], [-111.243771, 25.727461], [-111.24377, 25.726971], [-111.243866, 25.726884], [-111.243865, 25.726538], [-111.244151, 25.726278], [-111.24415, 25.726019], [-111.244419, 25.725774], [-111.245549, 25.725787], [-111.245773, 25.725584], [-111.245771, 25.724805], [-111.245866, 25.724603], [-111.245388, 25.723911], [-111.245387, 25.723738], [-111.244909, 25.723307], [-111.244526, 25.722745], [-111.24403, 25.722341], [-111.24357, 25.722169], [-111.243473, 25.721624], [-111.243838, 25.721624], [-111.244792, 25.721363], [-111.245652, 25.721361], [-111.245747, 25.721274], [-111.246383, 25.72136], [-111.246765, 25.721532], [-111.247434, 25.721618], [-111.247625, 25.72179], [-111.248103, 25.721789], [-111.24831, 25.721977], [-111.24858, 25.721962], [-111.25038, 25.72324], [-111.250381, 25.723413], [-111.250859, 25.723932], [-111.250859, 25.724105], [-111.251243, 25.724709], [-111.251179, 25.724998], [-111.251339, 25.725315], [-111.251341, 25.72592], [-111.251532, 25.726093], [-111.251438, 25.726756], [-111.251248, 25.727102], [-111.251344, 25.727361], [-111.251153, 25.727621], [-111.251154, 25.728053], [-111.250964, 25.728299], [-111.251117, 25.728438], [-111.251204, 25.728358], [-111.251649, 25.728357], [-111.251841, 25.72853], [-111.252318, 25.728529], [-111.252701, 25.728701], [-111.253256, 25.7287], [-111.253257, 25.728858], [-111.253561, 25.729132], [-111.253848, 25.729218], [-111.254135, 25.729477], [-111.2545, 25.729563], [-111.2545, 25.72972], [-111.254787, 25.729979], [-111.254979, 25.730239], [-111.254963, 25.730397], [-111.255458, 25.731016], [-111.25565, 25.731535], [-111.255651, 25.73214], [-111.255842, 25.732313], [-111.255751, 25.73436], [-111.255497, 25.734851], [-111.255658, 25.735254], [-111.256041, 25.735686], [-111.256041, 25.735859], [-111.256328, 25.736118], [-111.25633, 25.73681], [-111.256618, 25.737761], [-111.25662, 25.73851], [-111.256461, 25.738828]], [[-111.250637, 25.730781], [-111.250844, 25.730592], [-111.250844, 25.730389], [-111.250635, 25.730201], [-111.250364, 25.730202], [-111.250204, 25.730347], [-111.250205, 25.730593], [-111.250637, 25.730781]]]}}, {"type": "Feature", "id": 93, "properties": {"id": "76", "politica": "conservacion", "procedencia": "digitalizada"}, "geometry": {"type": "Polygon", "coordinates": [[[-111.223415, 25.715931], [-111.222639, 25.716015], [-111.222227, 25.715601], [-111.221998, 25.715601], [-111.221631, 25.71527], [-111.221464, 25.71527], [-111.221402, 25.715021], [-111.221098, 25.715022], [-111.221097, 25.714871], [-111.220914, 25.714705], [-111.220914, 25.714498], [-111.22073, 25.714333], [-111.220637, 25.713628], [-111.220117, 25.713158], [-111.219996, 25.713158], [-111.219995, 25.712841], [-111.21972, 25.712593], [-111.219627, 25.711846], [-111.219444, 25.711598], [-111.219351, 25.711183], [-111.218801, 25.710438], [-111.2188, 25.710272], [-111.21825, 25.709361], [-111.21834, 25.708614], [-111.218156, 25.708034], [-111.218154, 25.707067], [-111.218519, 25.706652], [-111.218519, 25.706403], [-111.218702, 25.706237], [-111.218701, 25.705905], [-111.218975, 25.705573], [-111.218974, 25.705213], [-111.218883, 25.70513], [-111.218882, 25.704716], [-111.218422, 25.703804], [-111.218422, 25.703473], [-111.218147, 25.703224], [-111.218146, 25.702893], [-111.217871, 25.702478], [-111.21787, 25.701981], [-111.217778, 25.701898], [-111.217869, 25.701677], [-111.217778, 25.701566], [-111.217839, 25.70129], [-111.217684, 25.7006], [-111.217775, 25.700283], [-111.218033, 25.700282], [-111.218598, 25.699852], [-111.218598, 25.699701], [-111.21881, 25.699701], [-111.218964, 25.699452], [-111.219176, 25.699451], [-111.219329, 25.699202], [-111.219496, 25.699202], [-111.219679, 25.699036], [-111.219906, 25.699036], [-111.22009, 25.699435], [-111.220029, 25.699628], [-111.220182, 25.699767], [-111.220091, 25.700098], [-111.220366, 25.700595], [-111.220305, 25.700789], [-111.220459, 25.701093], [-111.22046, 25.701673], [-111.220735, 25.702171], [-111.220736, 25.702751], [-111.221012, 25.703497], [-111.221013, 25.704077], [-111.221289, 25.704575], [-111.221382, 25.70557], [-111.221658, 25.70615], [-111.221597, 25.706343], [-111.22175, 25.706564], [-111.221751, 25.706979], [-111.221935, 25.707393], [-111.222037, 25.712949], [-111.22222, 25.713198], [-111.222313, 25.713778], [-111.222772, 25.714358], [-111.222772, 25.714648], [-111.223415, 25.715642], [-111.223415, 25.715931]], [[-111.220044, 25.707007], [-111.219845, 25.707021], [-111.219646, 25.707202], [-111.219908, 25.70755], [-111.220198, 25.707494], [-111.220351, 25.707354], [-111.220351, 25.70716], [-111.220044, 25.707007]]]}}, {"type": "Feature", "id": 94, "properties": {"id": "77a", "politica": "aprovechamiento-sustentable", "procedencia": "epoel-2019"}, "geometry": {"type": "MultiPolygon", "coordinates": [[[[-111.169847, 25.578194], [-111.173562, 25.577821], [-111.177278, 25.578566], [-111.176865, 25.580428], [-111.179755, 25.58229], [-111.183883, 25.582662], [-111.187186, 25.584151], [-111.188011, 25.585641], [-111.188011, 25.591226], [-111.188837, 25.591971], [-111.191727, 25.590109], [-111.192553, 25.593088], [-111.194204, 25.594577], [-111.195442, 25.591971], [-111.196681, 25.595322], [-111.197919, 25.597183], [-111.200809, 25.597183], [-111.198745, 25.599789], [-111.197507, 25.60314], [-111.199571, 25.606863], [-111.202048, 25.605746], [-111.202048, 25.607235], [-111.199158, 25.607608], [-111.200396, 25.612819], [-111.202048, 25.616542], [-111.203286, 25.618776], [-111.206176, 25.618776], [-111.207415, 25.61617], [-111.207827, 25.620265], [-111.206589, 25.623987], [-111.202048, 25.625104], [-111.199984, 25.625104], [-111.196681, 25.626593], [-111.197094, 25.62287], [-111.192553, 25.622126], [-111.193378, 25.619148], [-111.19503, 25.613936], [-111.193378, 25.610586], [-111.190488, 25.606863], [-111.18636, 25.604629], [-111.183883, 25.601279], [-111.18347, 25.5983], [-111.179342, 25.595322], [-111.175214, 25.596811], [-111.172736, 25.595322], [-111.174388, 25.592343], [-111.174388, 25.587875], [-111.170672, 25.586386], [-111.170672, 25.583407], [-111.16737, 25.578194], [-111.16737, 25.577821], [-111.169847, 25.578194]]], [[[-111.215671, 25.645575], [-111.214433, 25.647808], [-111.214433, 25.650785], [-111.213607, 25.653762], [-111.213607, 25.657111], [-111.211956, 25.658972], [-111.212781, 25.662321], [-111.213607, 25.663065], [-111.213607, 25.667158], [-111.215671, 25.672368], [-111.2198, 25.673112], [-111.217736, 25.671251], [-111.218561, 25.669391], [-111.222277, 25.66753], [-111.223102, 25.663437], [-111.224341, 25.659344], [-111.225992, 25.654506], [-111.228469, 25.653018], [-111.230533, 25.652273], [-111.23301, 25.651157], [-111.234249, 25.648924], [-111.236313, 25.647808], [-111.231772, 25.652646], [-111.228882, 25.655995], [-111.228469, 25.659344], [-111.226405, 25.661949], [-111.225992, 25.667158], [-111.225992, 25.669763], [-111.227644, 25.674972], [-111.229708, 25.677577], [-111.230946, 25.678693], [-111.232598, 25.680925], [-111.227644, 25.682785], [-111.225167, 25.681669], [-111.221038, 25.682785], [-111.220213, 25.690598], [-111.2198, 25.695062], [-111.219387, 25.699154], [-111.219387, 25.706222], [-111.216084, 25.704362], [-111.212781, 25.703618], [-111.214433, 25.700642], [-111.217736, 25.696922], [-111.215671, 25.692458], [-111.216497, 25.688738], [-111.213607, 25.685018], [-111.21113, 25.683157], [-111.213194, 25.678693], [-111.212781, 25.676088], [-111.210304, 25.673856], [-111.207415, 25.673112], [-111.205763, 25.673112], [-111.206176, 25.670879], [-111.207827, 25.66753], [-111.207827, 25.664926], [-111.20535, 25.66046], [-111.203286, 25.657855], [-111.202048, 25.655623], [-111.200809, 25.653762], [-111.200809, 25.650785], [-111.202048, 25.647808], [-111.202461, 25.64483], [-111.200809, 25.641853], [-111.202048, 25.638131], [-111.201635, 25.634037], [-111.209892, 25.634409], [-111.207827, 25.639248], [-111.207415, 25.643342], [-111.204938, 25.643342], [-111.204525, 25.648552], [-111.203699, 25.651529], [-111.204938, 25.65339], [-111.209066, 25.652273], [-111.209892, 25.648552], [-111.212369, 25.646319], [-111.213194, 25.645202], [-111.215258, 25.644086], [-111.218791, 25.644086], [-111.215671, 25.645575]]]]}}, {"type": "Feature", "id": 95, "properties": {"id": "77b", "politica": "preservacion", "procedencia": "epoel-2019"}, "geometry": {"type": "MultiPolygon", "coordinates": [[[[-110.961365, 25.21159], [-110.957649, 25.21159], [-110.954347, 25.212711], [-110.953934, 25.216446], [-110.953108, 25.222795], [-110.95476, 25.223169], [-110.960126, 25.223542], [-110.960126, 25.222048], [-110.962191, 25.219807], [-110.964255, 25.218687], [-110.966732, 25.21794], [-110.967145, 25.214952], [-110.967145, 25.212337], [-110.967145, 25.21047], [-110.969622, 25.209723], [-110.970447, 25.21159], [-110.970447, 25.214578], [-110.970447, 25.220181], [-110.970035, 25.225036], [-110.972924, 25.223169], [-110.977053, 25.221301], [-110.97953, 25.219434], [-110.981594, 25.214578], [-110.982832, 25.214952], [-110.984897, 25.220554], [-110.981594, 25.220928], [-110.97953, 25.222422], [-110.978704, 25.223915], [-110.977053, 25.225409], [-110.974576, 25.226156], [-110.972924, 25.228771], [-110.969622, 25.229891], [-110.96797, 25.229891], [-110.967558, 25.231385], [-110.964255, 25.230638], [-110.958062, 25.231385], [-110.958888, 25.229517], [-110.957649, 25.226903], [-110.944439, 25.22765], [-110.9432, 25.228771], [-110.941549, 25.233252], [-110.9432, 25.235493], [-110.94609, 25.235493], [-110.952283, 25.235493], [-110.953934, 25.235493], [-110.957237, 25.235493], [-110.962604, 25.235119], [-110.962604, 25.237733], [-110.958888, 25.238107], [-110.955585, 25.23848], [-110.955585, 25.241094], [-110.955998, 25.243334], [-110.955998, 25.244455], [-110.960126, 25.244455], [-110.963842, 25.244455], [-110.964668, 25.242214], [-110.966319, 25.241467], [-110.969209, 25.241841], [-110.969622, 25.244081], [-110.968383, 25.246695], [-110.965493, 25.248935], [-110.963429, 25.251176], [-110.957237, 25.253789], [-110.953108, 25.256776], [-110.948154, 25.25603], [-110.946503, 25.253416], [-110.944439, 25.249309], [-110.939898, 25.242588], [-110.939898, 25.241841], [-110.941962, 25.239974], [-110.941962, 25.236986], [-110.939072, 25.232505], [-110.938246, 25.228771], [-110.937833, 25.223169], [-110.934944, 25.21794], [-110.933705, 25.212711], [-110.935356, 25.21159], [-110.944439, 25.208229], [-110.951457, 25.210843], [-110.95476, 25.210096], [-110.958475, 25.208976], [-110.962191, 25.208976], [-110.961365, 25.21047], [-110.961365, 25.21159]]], [[[-111.012557, 25.239787], [-111.013795, 25.243895], [-111.014621, 25.243148], [-111.022052, 25.247629], [-111.016685, 25.248375], [-111.016685, 25.250989], [-111.011731, 25.251362], [-111.011318, 25.255843], [-111.012969, 25.255843], [-111.019988, 25.254723], [-111.026593, 25.254723], [-111.021226, 25.257337], [-111.027831, 25.258083], [-111.02329, 25.26107], [-111.028244, 25.262937], [-111.026593, 25.265177], [-111.023703, 25.266297], [-111.020813, 25.269284], [-111.016685, 25.26779], [-111.019575, 25.26443], [-111.019575, 25.261817], [-111.018336, 25.25995], [-111.015446, 25.25883], [-111.010905, 25.25659], [-111.008841, 25.253976], [-111.006364, 25.253229], [-111.002648, 25.253229], [-111.002648, 25.253603], [-110.999759, 25.25547], [-111.000584, 25.252856], [-110.996456, 25.252109], [-110.997694, 25.250616], [-110.993153, 25.249122], [-110.98242, 25.249122], [-110.981594, 25.246135], [-110.984897, 25.246135], [-110.985309, 25.242027], [-110.98242, 25.242027], [-110.97664, 25.242027], [-110.971686, 25.242027], [-110.972099, 25.239414], [-110.977466, 25.23904], [-110.975401, 25.235679], [-110.977053, 25.233439], [-110.98242, 25.231945], [-110.980355, 25.235306], [-110.984484, 25.24016], [-110.987786, 25.24016], [-110.991915, 25.237173], [-110.991915, 25.240534], [-110.993566, 25.243148], [-110.997694, 25.242027], [-110.998933, 25.2368], [-110.997282, 25.232692], [-110.998933, 25.232692], [-111.000584, 25.22821], [-111.000997, 25.221861], [-110.999759, 25.21962], [-111.00141, 25.214392], [-111.005951, 25.21738], [-111.016272, 25.221861], [-111.016685, 25.231198], [-111.021226, 25.231945], [-111.021639, 25.236053], [-111.019988, 25.237546], [-111.012557, 25.2368], [-111.012557, 25.239787]]], [[[-110.97664, 25.252296], [-110.978291, 25.25491], [-110.979943, 25.256403], [-110.977466, 25.26051], [-110.977466, 25.257897], [-110.974163, 25.256403], [-110.970035, 25.255656], [-110.97086, 25.25827], [-110.970447, 25.261257], [-110.963429, 25.262377], [-110.960952, 25.265364], [-110.971686, 25.26723], [-110.971686, 25.27059], [-110.975401, 25.269097], [-110.980768, 25.270217], [-110.974163, 25.273204], [-110.972099, 25.275817], [-110.974163, 25.27731], [-110.974576, 25.27731], [-110.977466, 25.276937], [-110.980768, 25.27507], [-110.985722, 25.275444], [-110.98242, 25.279177], [-110.978704, 25.280296], [-110.98242, 25.28179], [-110.98242, 25.284776], [-110.97953, 25.28291], [-110.97664, 25.28291], [-110.97375, 25.284776], [-110.972512, 25.284776], [-110.970035, 25.28291], [-110.966319, 25.285896], [-110.967145, 25.288509], [-110.970447, 25.288509], [-110.975401, 25.286642], [-110.975814, 25.288509], [-110.97664, 25.288882], [-110.978291, 25.288882], [-110.983658, 25.294108], [-110.978291, 25.292615], [-110.978291, 25.294481], [-110.974989, 25.293734], [-110.974989, 25.295974], [-110.972512, 25.296347], [-110.97086, 25.295227], [-110.967558, 25.296347], [-110.965493, 25.294481], [-110.962191, 25.295974], [-110.964255, 25.298213], [-110.965906, 25.298587], [-110.970447, 25.299706], [-110.973337, 25.303066], [-110.974576, 25.303812], [-110.977466, 25.302692], [-110.982832, 25.301573], [-110.989851, 25.29896], [-110.988199, 25.302319], [-110.992328, 25.306051], [-110.987374, 25.307917], [-110.986135, 25.304932], [-110.985309, 25.305305], [-110.982007, 25.308664], [-110.97664, 25.30941], [-110.97086, 25.310903], [-110.968383, 25.313142], [-110.972099, 25.314635], [-110.978704, 25.318367], [-110.981181, 25.317621], [-110.987786, 25.315755], [-110.991915, 25.316501], [-110.996869, 25.316501], [-111.000171, 25.320606], [-110.993566, 25.316874], [-110.993566, 25.31986], [-110.993566, 25.322845], [-110.994805, 25.326203], [-110.999346, 25.329562], [-111.000997, 25.329189], [-111.006364, 25.327323], [-111.012144, 25.32583], [-111.017098, 25.32583], [-111.018336, 25.325457], [-111.022052, 25.329189], [-111.015446, 25.330308], [-111.005951, 25.331054], [-111.003474, 25.331801], [-111.006777, 25.335905], [-111.010492, 25.335905], [-111.013382, 25.335905], [-111.016685, 25.339263], [-111.017511, 25.341502], [-111.019162, 25.344487], [-111.017098, 25.345979], [-111.014621, 25.342621], [-111.01008, 25.338517], [-111.007603, 25.33889], [-111.003061, 25.338144], [-110.998933, 25.337024], [-110.99563, 25.335905], [-110.993566, 25.335159], [-110.989851, 25.335532], [-110.989438, 25.336651], [-110.983245, 25.336278], [-110.981181, 25.335159], [-110.978704, 25.334786], [-110.974989, 25.336651], [-110.971686, 25.334039], [-110.967558, 25.329935], [-110.966319, 25.327323], [-110.965493, 25.322845], [-110.963842, 25.320606], [-110.959714, 25.31986], [-110.955585, 25.319113], [-110.951457, 25.315755], [-110.948154, 25.311649], [-110.94609, 25.306051], [-110.94609, 25.303439], [-110.948567, 25.306425], [-110.952283, 25.308291], [-110.955585, 25.308664], [-110.959714, 25.308664], [-110.965081, 25.307544], [-110.967145, 25.305305], [-110.966732, 25.299333], [-110.963842, 25.298587], [-110.955998, 25.299706], [-110.948567, 25.299706], [-110.947329, 25.295974], [-110.944852, 25.293361], [-110.9432, 25.292615], [-110.936595, 25.289629], [-110.937008, 25.288509], [-110.939898, 25.285149], [-110.940723, 25.284403], [-110.945264, 25.284029], [-110.945264, 25.278803], [-110.948154, 25.275444], [-110.949393, 25.275444], [-110.95476, 25.277683], [-110.959301, 25.281043], [-110.962604, 25.278803], [-110.960952, 25.27395], [-110.956824, 25.271337], [-110.95476, 25.267977], [-110.955172, 25.266484], [-110.956824, 25.26387], [-110.960952, 25.259763], [-110.965081, 25.257523], [-110.969622, 25.254536], [-110.972512, 25.251549], [-110.974163, 25.247068], [-110.978291, 25.245948], [-110.981181, 25.248935], [-110.980355, 25.248189], [-110.97664, 25.250056], [-110.97664, 25.252296]]], [[[-111.004713, 25.362394], [-111.00719, 25.362394], [-111.010905, 25.362394], [-111.011318, 25.365378], [-111.010492, 25.369109], [-111.009254, 25.370228], [-111.012557, 25.372093], [-111.012969, 25.370601], [-111.015034, 25.370228], [-111.016272, 25.372093], [-111.019988, 25.372466], [-111.020813, 25.371347], [-111.02329, 25.373212], [-111.019988, 25.374331], [-111.013795, 25.37545], [-111.013795, 25.376196], [-111.016685, 25.376942], [-111.019575, 25.378061], [-111.019988, 25.378434], [-111.022052, 25.380299], [-111.018336, 25.382537], [-111.014621, 25.381791], [-111.013795, 25.380672], [-111.011318, 25.382164], [-111.01008, 25.383656], [-111.003887, 25.383656], [-111.001823, 25.383656], [-110.999346, 25.385148], [-110.998933, 25.385894], [-110.997282, 25.38291], [-110.994805, 25.379553], [-110.993566, 25.37918], [-110.994392, 25.378061], [-110.995217, 25.378061], [-110.999346, 25.378434], [-111.002648, 25.378807], [-111.005126, 25.378807], [-111.000997, 25.375823], [-111.000584, 25.368736], [-111.00141, 25.368363], [-111.002236, 25.365751], [-111.002236, 25.364259], [-111.003887, 25.364259], [-111.004713, 25.362394]]], [[[-111.003474, 25.395591], [-111.004713, 25.397828], [-111.004713, 25.39932], [-111.005538, 25.403049], [-111.006364, 25.40566], [-111.008428, 25.405287], [-111.012557, 25.403795], [-111.015034, 25.402303], [-111.015859, 25.40566], [-111.018336, 25.404914], [-111.0204, 25.403422], [-111.022465, 25.401185], [-111.027831, 25.39932], [-111.027419, 25.400812], [-111.027006, 25.404168], [-111.027419, 25.40566], [-111.023703, 25.407151], [-111.022052, 25.406405], [-111.0204, 25.407524], [-111.018336, 25.409016], [-111.016272, 25.409016], [-111.012969, 25.409016], [-111.011318, 25.411626], [-111.012557, 25.415355], [-111.012969, 25.415355], [-111.015446, 25.414609], [-111.019575, 25.411999], [-111.02618, 25.412745], [-111.022877, 25.413118], [-111.022465, 25.413118], [-111.024529, 25.416473], [-111.027419, 25.416473], [-111.030308, 25.419829], [-111.026593, 25.420948], [-111.028657, 25.423558], [-111.030721, 25.426914], [-111.028657, 25.428778], [-111.026593, 25.426541], [-111.026593, 25.425049], [-111.022465, 25.425049], [-111.018749, 25.425795], [-111.015859, 25.427659], [-111.015859, 25.425422], [-111.013795, 25.422439], [-111.011318, 25.419084], [-111.006777, 25.416473], [-111.005126, 25.415728], [-111.003887, 25.411999], [-111.003887, 25.409016], [-111.002236, 25.406032], [-111.002236, 25.40193], [-111.000997, 25.398201], [-110.998933, 25.395218], [-111.000997, 25.391861], [-111.002236, 25.394099], [-111.005538, 25.393353], [-111.006364, 25.394099], [-111.006777, 25.394845], [-111.003061, 25.395218], [-111.003474, 25.395591]]], [[[-111.143632, 25.551752], [-111.142806, 25.54989], [-111.140948, 25.547096], [-111.13971, 25.54691], [-111.139297, 25.544116], [-111.137233, 25.541509], [-111.134136, 25.539833], [-111.130421, 25.538529], [-111.12877, 25.538343], [-111.126293, 25.535176], [-111.124848, 25.53201], [-111.123196, 25.529961], [-111.120513, 25.52605], [-111.11721, 25.524187], [-111.113082, 25.523814], [-111.108334, 25.523814], [-111.104206, 25.523814], [-111.101522, 25.523814], [-111.101316, 25.525118], [-111.099665, 25.527353], [-111.09822, 25.525677], [-111.097394, 25.525118], [-111.092853, 25.524187], [-111.08728, 25.524187], [-111.085009, 25.524373], [-111.084183, 25.522883], [-111.082119, 25.524001], [-111.081294, 25.524559], [-111.080055, 25.524559], [-111.077991, 25.524746], [-111.07634, 25.524932], [-111.075307, 25.524746], [-111.073656, 25.524559], [-111.072624, 25.526608], [-111.072624, 25.528657], [-111.069941, 25.53052], [-111.069115, 25.529216], [-111.070973, 25.526608], [-111.072624, 25.524932], [-111.074895, 25.523814], [-111.07572, 25.523069], [-111.075307, 25.521206], [-111.074275, 25.518412], [-111.072005, 25.515059], [-111.069528, 25.513941], [-111.067876, 25.513383], [-111.065399, 25.513196], [-111.06251, 25.512824], [-111.061065, 25.511333], [-111.059207, 25.512637], [-111.059, 25.514128], [-111.058794, 25.515618], [-111.057762, 25.516736], [-111.057968, 25.518226], [-111.055904, 25.519903], [-111.053634, 25.519344], [-111.051982, 25.518226], [-111.04868, 25.515245], [-111.046615, 25.515991], [-111.045996, 25.515618], [-111.043932, 25.514873], [-111.042281, 25.5145], [-111.038152, 25.515059], [-111.03712, 25.516363], [-111.036295, 25.517481], [-111.034643, 25.515804], [-111.032579, 25.515245], [-111.031134, 25.515991], [-111.030102, 25.515991], [-111.029483, 25.515245], [-111.026387, 25.514128], [-111.024322, 25.514128], [-111.023909, 25.513569], [-111.022465, 25.513569], [-111.020607, 25.513755], [-111.019988, 25.513941], [-111.019162, 25.514873], [-111.017511, 25.5145], [-111.016891, 25.512451], [-111.016685, 25.509284], [-111.016272, 25.506676], [-111.016066, 25.505745], [-111.017717, 25.505745], [-111.020194, 25.504254], [-111.021845, 25.501646], [-111.022671, 25.499038], [-111.024322, 25.497547], [-111.022052, 25.494752], [-111.02102, 25.492144], [-111.021226, 25.491212], [-111.019988, 25.487299], [-111.020194, 25.485063], [-111.021639, 25.483573], [-111.025148, 25.483386], [-111.025974, 25.485622], [-111.026799, 25.48674], [-111.027831, 25.488417], [-111.030515, 25.489535], [-111.032166, 25.491212], [-111.031753, 25.492889], [-111.028451, 25.493634], [-111.028244, 25.494939], [-111.031341, 25.495498], [-111.032166, 25.493262], [-111.034024, 25.493075], [-111.035675, 25.491585], [-111.036501, 25.49233], [-111.036501, 25.494752], [-111.036914, 25.497174], [-111.035469, 25.499596], [-111.031753, 25.500155], [-111.032166, 25.505186], [-111.036501, 25.50444], [-111.036088, 25.502018], [-111.038359, 25.502577], [-111.038359, 25.503509], [-111.038359, 25.503695], [-111.041455, 25.506676], [-111.043313, 25.508166], [-111.043313, 25.51152], [-111.044758, 25.511706], [-111.047441, 25.511706], [-111.049505, 25.512451], [-111.051363, 25.513941], [-111.053427, 25.515059], [-111.056523, 25.515059], [-111.057143, 25.514128], [-111.054666, 25.512824], [-111.054666, 25.510402], [-111.055491, 25.508725], [-111.057556, 25.50798], [-111.057968, 25.506117], [-111.056317, 25.505186], [-111.05673, 25.503136], [-111.059, 25.501273], [-111.061065, 25.501087], [-111.061065, 25.496802], [-111.060033, 25.496429], [-111.059413, 25.494752], [-111.059, 25.493075], [-111.058588, 25.494752], [-111.054253, 25.494939], [-111.054459, 25.49233], [-111.054253, 25.490094], [-111.05384, 25.487858], [-111.049299, 25.489535], [-111.049299, 25.486927], [-111.050537, 25.485995], [-111.053427, 25.485809], [-111.053427, 25.483945], [-111.057968, 25.483759], [-111.057968, 25.485809], [-111.059207, 25.48674], [-111.059826, 25.490094], [-111.064161, 25.490467], [-111.065193, 25.494193], [-111.067464, 25.494566], [-111.07056, 25.496243], [-111.071592, 25.498479], [-111.071386, 25.500901], [-111.072624, 25.50295], [-111.073863, 25.504627], [-111.074482, 25.506676], [-111.07634, 25.50798], [-111.076752, 25.507049], [-111.076959, 25.504813], [-111.07861, 25.503695], [-111.07861, 25.50146], [-111.079849, 25.499224], [-111.082119, 25.498665], [-111.082738, 25.497547], [-111.08439, 25.494752], [-111.086454, 25.494007], [-111.086867, 25.49233], [-111.089757, 25.49233], [-111.090376, 25.493634], [-111.091408, 25.494566], [-111.093059, 25.494566], [-111.09533, 25.493821], [-111.096775, 25.492889], [-111.096775, 25.491399], [-111.099045, 25.491585], [-111.102348, 25.491771], [-111.104619, 25.492889], [-111.10627, 25.49438], [-111.109986, 25.49587], [-111.109986, 25.497174], [-111.107921, 25.498292], [-111.107715, 25.497174], [-111.103793, 25.496615], [-111.100903, 25.495684], [-111.099252, 25.49587], [-111.098426, 25.497174], [-111.097188, 25.499596], [-111.096981, 25.501273], [-111.093885, 25.501087], [-111.093679, 25.499224], [-111.088518, 25.499783], [-111.087899, 25.501646], [-111.086248, 25.503323], [-111.085215, 25.504627], [-111.087073, 25.506676], [-111.08666, 25.50798], [-111.088931, 25.508539], [-111.090995, 25.50947], [-111.079229, 25.510216], [-111.079229, 25.510961], [-111.077165, 25.511706], [-111.076959, 25.51301], [-111.077991, 25.515991], [-111.081913, 25.516549], [-111.083771, 25.517667], [-111.090995, 25.517481], [-111.094917, 25.516922], [-111.097394, 25.518785], [-111.09822, 25.52102], [-111.098839, 25.519344], [-111.098839, 25.517108], [-111.097394, 25.5145], [-111.097601, 25.510588], [-111.103174, 25.513569], [-111.104619, 25.514687], [-111.10627, 25.513941], [-111.107096, 25.511706], [-111.108747, 25.50947], [-111.110398, 25.510961], [-111.111843, 25.512079], [-111.116591, 25.513383], [-111.118242, 25.513941], [-111.119894, 25.514873], [-111.121751, 25.517667], [-111.123403, 25.516363], [-111.124848, 25.5145], [-111.124022, 25.511892], [-111.126912, 25.511147], [-111.13104, 25.514873], [-111.132692, 25.518785], [-111.140742, 25.518412], [-111.143632, 25.515991], [-111.150031, 25.511147], [-111.150856, 25.513196], [-111.153953, 25.515991], [-111.155604, 25.518226], [-111.154365, 25.521393], [-111.15643, 25.523814], [-111.15292, 25.524932], [-111.156017, 25.525677], [-111.157668, 25.528657], [-111.155604, 25.529216], [-111.152301, 25.528285], [-111.150031, 25.527167], [-111.149205, 25.526236], [-111.145489, 25.526795], [-111.143425, 25.529402], [-111.140742, 25.530147], [-111.140742, 25.531824], [-111.140742, 25.533128], [-111.142806, 25.535363], [-111.146934, 25.537039], [-111.150443, 25.539274], [-111.150443, 25.541136], [-111.151682, 25.54393], [-111.153746, 25.543185], [-111.154985, 25.542068], [-111.154985, 25.539646], [-111.15643, 25.537784], [-111.158081, 25.536108], [-111.159939, 25.536853], [-111.160764, 25.540391], [-111.160764, 25.542813], [-111.162003, 25.545792], [-111.163035, 25.545792], [-111.164067, 25.549331], [-111.165099, 25.5538], [-111.166131, 25.55827], [-111.16675, 25.563111], [-111.163241, 25.564973], [-111.160351, 25.565718], [-111.1587, 25.567208], [-111.157668, 25.567208], [-111.153953, 25.567208], [-111.150856, 25.567208], [-111.149205, 25.567022], [-111.148173, 25.566091], [-111.146521, 25.565532], [-111.145489, 25.563856], [-111.145489, 25.563484], [-111.145696, 25.561994], [-111.146315, 25.559201], [-111.145696, 25.556035], [-111.145696, 25.556966], [-111.144664, 25.5538], [-111.143632, 25.551752]]]]}}, {"type": "Feature", "id": 96, "properties": {"id": "79", "politica": "preservacion", "procedencia": "digitalizada"}, "geometry": {"type": "Polygon", "coordinates": [[[-111.479502, 25.673956], [-111.479824, 25.673955], [-111.479826, 25.674358], [-111.480316, 25.674799], [-111.480319, 25.675609], [-111.478375, 25.67805], [-111.478379, 25.678935], [-111.477406, 25.680045], [-111.477409, 25.680669], [-111.474439, 25.68031], [-111.473301, 25.680904], [-111.470373, 25.681578], [-111.468825, 25.681213], [-111.466956, 25.682253], [-111.466509, 25.682216], [-111.465451, 25.683404], [-111.46521, 25.68425], [-111.464765, 25.684252], [-111.464235, 25.684736], [-111.464236, 25.685178], [-111.462534, 25.687176], [-111.462051, 25.688505], [-111.461078, 25.689615], [-111.460838, 25.690612], [-111.459866, 25.691943], [-111.459827, 25.692644], [-111.459874, 25.69401], [-111.460119, 25.694231], [-111.459958, 25.694968], [-111.460369, 25.695779], [-111.460377, 25.697771], [-111.461117, 25.699761], [-111.460876, 25.700571], [-111.460901, 25.70699], [-111.460416, 25.708098], [-111.46018, 25.710051], [-111.459735, 25.710052], [-111.459005, 25.710719], [-111.458273, 25.710942], [-111.456035, 25.710949], [-111.455462, 25.71073], [-111.454487, 25.711175], [-111.451719, 25.711257], [-111.450582, 25.712294], [-111.449605, 25.712518], [-111.449075, 25.713003], [-111.449076, 25.713405], [-111.448631, 25.713407], [-111.447171, 25.714739], [-111.446723, 25.714703], [-111.445952, 25.715628], [-111.44469, 25.716447], [-111.444691, 25.716739], [-111.444002, 25.716741], [-111.442297, 25.718295], [-111.441403, 25.718298], [-111.438995, 25.715911], [-111.438749, 25.715469], [-111.438744, 25.713995], [-111.440404, 25.71248], [-111.442111, 25.71159], [-111.444426, 25.709812], [-111.445764, 25.70848], [-111.447027, 25.707662], [-111.447026, 25.707369], [-111.447673, 25.707405], [-111.448, 25.706702], [-111.448812, 25.7067], [-111.449219, 25.706035], [-111.449908, 25.706033], [-111.451616, 25.705363], [-111.452634, 25.704435], [-111.45328, 25.702735], [-111.453112, 25.701778], [-111.453598, 25.701112], [-111.453837, 25.699562], [-111.454565, 25.698453], [-111.455783, 25.697343], [-111.45578, 25.696679], [-111.456186, 25.696197], [-111.456305, 25.695422], [-111.455773, 25.694833], [-111.45577, 25.693948], [-111.454867, 25.693025], [-111.454545, 25.693026], [-111.454542, 25.692181], [-111.45405, 25.691518], [-111.453797, 25.689049], [-111.455498, 25.686831], [-111.455738, 25.685542], [-111.45606, 25.685541], [-111.457423, 25.684186], [-111.457555, 25.681658], [-111.457307, 25.680849], [-111.45755, 25.68033], [-111.457014, 25.679407], [-111.456525, 25.679408], [-111.455668, 25.678747], [-111.455223, 25.678748], [-111.455222, 25.678456], [-111.454488, 25.678087], [-111.454075, 25.677424], [-111.453753, 25.677425], [-111.453751, 25.677022], [-111.452526, 25.675919], [-111.452277, 25.674667], [-111.45252, 25.674445], [-111.452515, 25.673117], [-111.452918, 25.671861], [-111.452752, 25.671164], [-111.453483, 25.67079], [-111.453482, 25.670498], [-111.454414, 25.670274], [-111.457225, 25.670708], [-111.458243, 25.670001], [-111.458241, 25.669598], [-111.458686, 25.669597], [-111.459903, 25.668486], [-111.460391, 25.668485], [-111.461121, 25.667818], [-111.462261, 25.668257], [-111.463238, 25.668254], [-111.463891, 25.668622], [-111.467474, 25.668462], [-111.468083, 25.668239], [-111.468491, 25.667574], [-111.46918, 25.667571], [-111.46991, 25.666905], [-111.471979, 25.666456], [-111.471981, 25.66708], [-111.473696, 25.668402], [-111.475335, 25.670207], [-111.475901, 25.670206], [-111.475903, 25.670719], [-111.476315, 25.671089], [-111.476882, 25.671088], [-111.476883, 25.67149], [-111.47762, 25.672373], [-111.479502, 25.673956]], [[-111.467879, 25.678487], [-111.467063, 25.67849], [-111.466431, 25.679178], [-111.46719, 25.679751], [-111.467762, 25.679749], [-111.468292, 25.679265], [-111.468291, 25.678858], [-111.467879, 25.678487]]]}}, {"type": "Feature", "id": 97, "properties": {"id": "80", "politica": "conservacion", "procedencia": "digitalizada"}, "geometry": {"type": "Polygon", "coordinates": [[[-111.580432, 25.68567], [-111.579979, 25.686964], [-111.579521, 25.687199], [-111.579523, 25.687546], [-111.578913, 25.688033], [-111.578915, 25.688355], [-111.578457, 25.68859], [-111.578458, 25.688912], [-111.578179, 25.688913], [-111.576961, 25.690166], [-111.576655, 25.690167], [-111.575816, 25.690725], [-111.575561, 25.691142], [-111.574671, 25.691423], [-111.574366, 25.691702], [-111.572532, 25.692264], [-111.572175, 25.692172], [-111.571768, 25.692405], [-111.570696, 25.69241], [-111.570544, 25.692549], [-111.568912, 25.692555], [-111.568299, 25.69228], [-111.565262, 25.691737], [-111.565003, 25.691322], [-111.56462, 25.691324], [-111.563392, 25.690496], [-111.563113, 25.690497], [-111.563113, 25.690314], [-111.562239, 25.68953], [-111.562037, 25.689531], [-111.562036, 25.689209], [-111.561576, 25.688978], [-111.561573, 25.688448], [-111.561112, 25.688034], [-111.560187, 25.686581], [-111.560288, 25.686257], [-111.560031, 25.685888], [-111.559716, 25.684017], [-111.559485, 25.68381], [-111.559482, 25.683025], [-111.559862, 25.682607], [-111.559858, 25.681775], [-111.560312, 25.680525], [-111.560308, 25.679832], [-111.561856, 25.677999], [-111.561981, 25.677468], [-111.562743, 25.676771], [-111.562893, 25.676216], [-111.56335, 25.675798], [-111.563349, 25.675521], [-111.564416, 25.674685], [-111.564415, 25.674294], [-111.564999, 25.674153], [-111.565608, 25.673457], [-111.566218, 25.673038], [-111.5666, 25.673037], [-111.566855, 25.67262], [-111.567364, 25.672618], [-111.567619, 25.672201], [-111.56805, 25.672199], [-111.569119, 25.67164], [-111.570037, 25.671637], [-111.571259, 25.671216], [-111.571667, 25.671353], [-111.571872, 25.671213], [-111.573044, 25.671209], [-111.573504, 25.671484], [-111.574422, 25.671481], [-111.574883, 25.671756], [-111.575341, 25.671616], [-111.576262, 25.672028], [-111.576721, 25.672026], [-111.577642, 25.672716], [-111.578409, 25.672991], [-111.578897, 25.673567], [-111.579177, 25.673542], [-111.579456, 25.673794], [-111.579766, 25.674486], [-111.580101, 25.674787], [-111.580379, 25.674786], [-111.580844, 25.675868], [-111.581459, 25.676421], [-111.581461, 25.676837], [-111.581923, 25.67739], [-111.581927, 25.678222], [-111.582393, 25.679745], [-111.582243, 25.680254], [-111.582398, 25.680669], [-111.582094, 25.681225], [-111.58195, 25.683029], [-111.581646, 25.683446], [-111.581497, 25.684279], [-111.580432, 25.68567]], [[-111.571384, 25.681381], [-111.570796, 25.681245], [-111.570464, 25.681548], [-111.570465, 25.681804], [-111.570903, 25.682128], [-111.571311, 25.682033], [-111.571643, 25.68173], [-111.571384, 25.681381]]]}}, {"type": "Feature", "id": 98, "properties": {"id": "81", "politica": "conservacion", "procedencia": "digitalizada"}, "geometry": {"type": "Polygon", "coordinates": [[[-111.210284, 25.631687], [-111.209661, 25.630943], [-111.209261, 25.630944], [-111.207254, 25.629312], [-111.206684, 25.629312], [-111.205683, 25.629859], [-111.20525, 25.629859], [-111.204449, 25.629679], [-111.203967, 25.629244], [-111.204283, 25.628956], [-111.204482, 25.628229], [-111.204962, 25.627792], [-111.205448, 25.627897], [-111.206084, 25.627318], [-111.206167, 25.626879], [-111.205967, 25.626697], [-111.206283, 25.62641], [-111.206366, 25.62597], [-111.206165, 25.625788], [-111.206482, 25.625501], [-111.206481, 25.624989], [-111.206845, 25.624988], [-111.207162, 25.624701], [-111.207479, 25.624987], [-111.208481, 25.624986], [-111.211889, 25.625708], [-111.213091, 25.625706], [-111.214898, 25.627338], [-111.220516, 25.630782], [-111.223122, 25.631505], [-111.224124, 25.631503], [-111.224807, 25.63212], [-111.223691, 25.633499], [-111.223692, 25.633862], [-111.219293, 25.639501], [-111.215725, 25.64129], [-111.213087, 25.643326], [-111.211687, 25.645326], [-111.210487, 25.6466], [-111.209487, 25.648236], [-111.208286, 25.649146], [-111.207487, 25.650783], [-111.205686, 25.65242], [-111.205487, 25.653329], [-111.204923, 25.653842], [-111.204322, 25.654025], [-111.202886, 25.654027], [-111.202521, 25.653697], [-111.202714, 25.649154], [-111.202513, 25.648973], [-111.202511, 25.647701], [-111.20231, 25.64752], [-111.202508, 25.645855], [-111.202707, 25.645343], [-111.203589, 25.645418], [-111.20379, 25.645236], [-111.204107, 25.645522], [-111.204471, 25.645522], [-111.205277, 25.647486], [-111.205899, 25.648049], [-111.206919, 25.646939], [-111.206316, 25.646061], [-111.206109, 25.641882], [-111.205908, 25.641701], [-111.205907, 25.640792], [-111.205589, 25.640506], [-111.205906, 25.640218], [-111.205904, 25.639491], [-111.206304, 25.638582], [-111.207304, 25.637309], [-111.207302, 25.636583], [-111.208267, 25.636069], [-111.209069, 25.636068], [-111.209705, 25.635489], [-111.209502, 25.633491], [-111.209785, 25.632869], [-111.209584, 25.632688], [-111.210284, 25.631687]], [[-111.214283, 25.637695], [-111.214803, 25.63704], [-111.214197, 25.636493], [-111.213997, 25.636675], [-111.213796, 25.636493], [-111.213476, 25.636784], [-111.213393, 25.637406], [-111.213714, 25.637696], [-111.214283, 25.637695]]]}}, {"type": "Feature", "id": 99, "properties": {"id": "82", "politica": "conservacion", "procedencia": "digitalizada"}, "geometry": {"type": "Polygon", "coordinates": [[[-111.461508, 25.601013], [-111.463426, 25.603175], [-111.463434, 25.605011], [-111.462462, 25.605896], [-111.462467, 25.607146], [-111.463936, 25.608905], [-111.463945, 25.611182], [-111.459181, 25.617732], [-111.456257, 25.618182], [-111.452768, 25.621358], [-111.448891, 25.627984], [-111.448894, 25.628865], [-111.448009, 25.629671], [-111.445981, 25.629677], [-111.444112, 25.627998], [-111.443611, 25.6244], [-111.445062, 25.621382], [-111.442614, 25.618744], [-111.442609, 25.617348], [-111.446011, 25.614252], [-111.445028, 25.612123], [-111.44501, 25.6072], [-111.447919, 25.602782], [-111.44689, 25.601491], [-111.442553, 25.604997], [-111.437198, 25.607218], [-111.435252, 25.608546], [-111.430374, 25.60812], [-111.425015, 25.609458], [-111.419571, 25.608592], [-111.415169, 25.604637], [-111.411345, 25.604647], [-111.405501, 25.606868], [-111.401126, 25.610848], [-111.396251, 25.611303], [-111.391872, 25.614401], [-111.386038, 25.619707], [-111.384576, 25.620152], [-111.378738, 25.624576], [-111.376301, 25.625024], [-111.371351, 25.629524], [-111.369411, 25.633056], [-111.367961, 25.637469], [-111.366504, 25.639677], [-111.363673, 25.642251], [-111.360749, 25.64314], [-111.353356, 25.643158], [-111.348961, 25.641405], [-111.344164, 25.637092], [-111.346509, 25.637086], [-111.34903, 25.635238], [-111.34951, 25.632591], [-111.353401, 25.629055], [-111.354372, 25.627289], [-111.355744, 25.626042], [-111.358669, 25.625593], [-111.36216, 25.62242], [-111.363128, 25.619772], [-111.3645, 25.618525], [-111.368398, 25.617633], [-111.373275, 25.617621], [-111.378146, 25.615844], [-111.382609, 25.611786], [-111.385031, 25.606567], [-111.386406, 25.606564], [-111.389326, 25.604792], [-111.396642, 25.605214], [-111.404507, 25.598059], [-111.404504, 25.59725], [-111.40246, 25.595413], [-111.400507, 25.594537], [-111.394655, 25.594112], [-111.39299, 25.592615], [-111.395131, 25.590668], [-111.400001, 25.588891], [-111.410236, 25.587981], [-111.411781, 25.586575], [-111.411778, 25.585766], [-111.410713, 25.584808], [-111.403885, 25.583946], [-111.399003, 25.582195], [-111.394616, 25.582207], [-111.394127, 25.581768], [-111.386405, 25.582229], [-111.378131, 25.58666], [-111.3757, 25.588871], [-111.374648, 25.588873], [-111.373181, 25.587554], [-111.370823, 25.588442], [-111.366449, 25.592862], [-111.358579, 25.599133], [-111.352753, 25.607525], [-111.350407, 25.609215], [-111.348945, 25.60966], [-111.345541, 25.609227], [-111.345533, 25.606587], [-111.347475, 25.603496], [-111.347473, 25.602687], [-111.345997, 25.60173], [-111.344451, 25.603135], [-111.343968, 25.6049], [-111.341828, 25.606845], [-111.340567, 25.605711], [-111.339669, 25.605713], [-111.331878, 25.609699], [-111.329928, 25.609704], [-111.327492, 25.610591], [-111.321154, 25.611046], [-111.31912, 25.612452], [-111.317181, 25.616865], [-111.315237, 25.619515], [-111.308999, 25.625181], [-111.305102, 25.626953], [-111.299251, 25.627406], [-111.292839, 25.633671], [-111.292841, 25.634474], [-111.291465, 25.634476], [-111.288542, 25.636246], [-111.285539, 25.636252], [-111.283184, 25.634572], [-111.284628, 25.626559], [-111.286574, 25.624792], [-111.287541, 25.621263], [-111.288513, 25.619497], [-111.290372, 25.617809], [-111.29378, 25.615597], [-111.294756, 25.615595], [-111.298651, 25.613383], [-111.301575, 25.612495], [-111.304983, 25.610284], [-111.307419, 25.609397], [-111.313258, 25.604534], [-111.322521, 25.604073], [-111.325444, 25.603185], [-111.32739, 25.601417], [-111.335179, 25.59699], [-111.338102, 25.596102], [-111.344928, 25.596086], [-111.347851, 25.595197], [-111.352315, 25.591139], [-111.352312, 25.590257], [-111.358635, 25.584951], [-111.358836, 25.584326], [-111.357567, 25.583184], [-111.354641, 25.58275], [-111.349796, 25.580151], [-111.346425, 25.581007], [-111.341069, 25.583665], [-111.33718, 25.583674], [-111.337661, 25.581474], [-111.340493, 25.579342], [-111.346339, 25.578005], [-111.348285, 25.576678], [-111.354621, 25.576222], [-111.357542, 25.574892], [-111.366319, 25.575311], [-111.369239, 25.573981], [-111.376553, 25.574403], [-111.380044, 25.57167], [-111.385301, 25.566003], [-111.38684, 25.565999], [-111.391237, 25.569074], [-111.394088, 25.569948], [-111.394864, 25.569242], [-111.392697, 25.565096], [-111.392685, 25.561496], [-111.403295, 25.553609], [-111.405244, 25.553163], [-111.407672, 25.550511], [-111.409131, 25.549625], [-111.41108, 25.549619], [-111.413508, 25.546967], [-111.416428, 25.545636], [-111.417972, 25.54423], [-111.418453, 25.542465], [-111.420395, 25.540255], [-111.420388, 25.538123], [-111.418918, 25.535923], [-111.418907, 25.532764], [-111.419391, 25.531881], [-111.420762, 25.530633], [-111.423195, 25.529744], [-111.425632, 25.529737], [-111.429527, 25.528844], [-111.431557, 25.526995], [-111.432038, 25.52523], [-111.433493, 25.523462], [-111.43563, 25.521516], [-111.446389, 25.534262], [-111.445221, 25.535326], [-111.443274, 25.535773], [-111.438899, 25.538872], [-111.433545, 25.540652], [-111.430054, 25.542945], [-111.42472, 25.550456], [-111.423285, 25.558397], [-111.421837, 25.562369], [-111.418518, 25.564064], [-111.416568, 25.564069], [-111.415025, 25.565843], [-111.416784, 25.566984], [-111.428762, 25.566323], [-111.433646, 25.568954], [-111.436084, 25.568947], [-111.436534, 25.569352], [-111.436982, 25.568944], [-111.439419, 25.568937], [-111.442825, 25.567163], [-111.448169, 25.562297], [-111.449144, 25.562294], [-111.452062, 25.560521], [-111.45742, 25.559623], [-111.463047, 25.555382], [-111.469404, 25.562849], [-111.467264, 25.564357], [-111.459955, 25.565262], [-111.456954, 25.567996], [-111.456475, 25.570202], [-111.454054, 25.574618], [-111.453576, 25.577192], [-111.454642, 25.57815], [-111.45903, 25.578136], [-111.460983, 25.579012], [-111.46537, 25.578998], [-111.466347, 25.579435], [-111.467727, 25.580675], [-111.467741, 25.584202], [-111.468807, 25.585159], [-111.47507, 25.58558], [-111.477986, 25.583366], [-111.484324, 25.583345], [-111.485783, 25.582459], [-111.487322, 25.582453], [-111.488213, 25.583253], [-111.488217, 25.584208], [-111.485875, 25.586342], [-111.483443, 25.587672], [-111.475186, 25.595636], [-111.470795, 25.594768], [-111.468364, 25.59654], [-111.464956, 25.597873], [-111.461508, 25.601013]], [[-111.445876, 25.590928], [-111.447382, 25.589557], [-111.447376, 25.587866], [-111.44631, 25.586909], [-111.443462, 25.586917], [-111.442403, 25.587881], [-111.442409, 25.589572], [-111.443926, 25.590934], [-111.444374, 25.590527], [-111.445876, 25.590928]]]}}, {"type": "Feature", "id": 100, "properties": {"id": "83", "politica": "conservacion", "procedencia": "digitalizada"}, "geometry": {"type": "Polygon", "coordinates": [[[-111.772242, 25.551181], [-111.773522, 25.553051], [-111.773538, 25.555468], [-111.770429, 25.558686], [-111.769233, 25.559418], [-111.7644, 25.559654], [-111.764368, 25.560896], [-111.76284, 25.560904], [-111.760846, 25.562003], [-111.759912, 25.561765], [-111.757981, 25.563354], [-111.757188, 25.564628], [-111.755224, 25.570446], [-111.755233, 25.571898], [-111.754437, 25.572629], [-111.754455, 25.575474], [-111.755937, 25.576984], [-111.759269, 25.57733], [-111.759207, 25.578292], [-111.759678, 25.578714], [-111.759284, 25.579682], [-111.759698, 25.581858], [-111.759301, 25.582346], [-111.759707, 25.58331], [-111.758912, 25.58404], [-111.758916, 25.5847], [-111.756322, 25.584714], [-111.75451, 25.582908], [-111.752642, 25.583219], [-111.750582, 25.584743], [-111.749382, 25.58475], [-111.747587, 25.585848], [-111.746855, 25.58579], [-111.745991, 25.586582], [-111.745258, 25.586524], [-111.743526, 25.58793], [-111.743137, 25.589863], [-111.742409, 25.589867], [-111.741541, 25.590663], [-111.741545, 25.591323], [-111.739752, 25.591332], [-111.738146, 25.590615], [-111.734408, 25.590633], [-111.731219, 25.592827], [-111.730018, 25.592833], [-111.729222, 25.593563], [-111.724412, 25.592498], [-111.724014, 25.592863], [-111.719213, 25.59325], [-111.717218, 25.594349], [-111.71135, 25.594377], [-111.709344, 25.593661], [-111.707406, 25.592284], [-111.707471, 25.591619], [-111.704983, 25.588666], [-111.704575, 25.587216], [-111.703295, 25.586067], [-111.699691, 25.585722], [-111.69856, 25.585364], [-111.698557, 25.584885], [-111.697353, 25.584281], [-111.697344, 25.582713], [-111.696139, 25.582109], [-111.695721, 25.578909], [-111.694916, 25.578187], [-111.69491, 25.577098], [-111.693698, 25.575289], [-111.693693, 25.574381], [-111.692489, 25.573777], [-111.692485, 25.573116], [-111.691809, 25.57251], [-111.691281, 25.572512], [-111.691273, 25.571126], [-111.690469, 25.570403], [-111.690531, 25.569376], [-111.688044, 25.566422], [-111.688034, 25.564607], [-111.686419, 25.562073], [-111.686805, 25.559531], [-111.68599, 25.556993], [-111.685979, 25.555178], [-111.685169, 25.553367], [-111.685157, 25.551313], [-111.686733, 25.547015], [-111.690256, 25.545909], [-111.691652, 25.545177], [-111.692318, 25.544084], [-111.693447, 25.544079], [-111.694713, 25.5431], [-111.694711, 25.542621], [-111.696635, 25.541886], [-111.698697, 25.539996], [-111.699088, 25.538542], [-111.701078, 25.536717], [-111.701868, 25.534964], [-111.702997, 25.534959], [-111.704262, 25.533798], [-111.704258, 25.533137], [-111.706183, 25.532402], [-111.708515, 25.532453], [-111.712179, 25.531647], [-111.713382, 25.532004], [-111.716176, 25.530902], [-111.719777, 25.530884], [-111.721373, 25.53015], [-111.723237, 25.530141], [-111.724441, 25.530861], [-111.726442, 25.530851], [-111.728446, 25.531567], [-111.731383, 25.531553], [-111.732579, 25.530821], [-111.737373, 25.529708], [-111.741315, 25.531201], [-111.742047, 25.531136], [-111.742851, 25.531858], [-111.747588, 25.531834], [-111.74905, 25.531463], [-111.750987, 25.53284], [-111.750923, 25.533505], [-111.751467, 25.533992], [-111.752195, 25.533988], [-111.752201, 25.535012], [-111.753813, 25.536819], [-111.754627, 25.538992], [-111.755836, 25.540438], [-111.755849, 25.542493], [-111.754262, 25.544679], [-111.754267, 25.545528], [-111.756154, 25.547762], [-111.758091, 25.547752], [-111.759754, 25.546226], [-111.759747, 25.545137], [-111.761336, 25.543314], [-111.761331, 25.542588], [-111.76292, 25.540764], [-111.762916, 25.540104], [-111.766709, 25.540084], [-111.769119, 25.541523], [-111.770319, 25.541517], [-111.771124, 25.542239], [-111.771852, 25.542235], [-111.771879, 25.546402], [-111.771481, 25.546767], [-111.771893, 25.54858], [-111.771498, 25.549431], [-111.772305, 25.550516], [-111.772242, 25.551181]], [[-111.72469, 25.559591], [-111.722773, 25.558232], [-111.721475, 25.55997], [-111.722422, 25.561], [-111.723958, 25.560992], [-111.72469, 25.559591]]]}}, {"type": "Feature", "id": 101, "properties": {"id": "84", "politica": "conservacion", "procedencia": "digitalizada"}, "geometry": {"type": "Polygon", "coordinates": [[[-111.310427, 25.520632], [-111.320992, 25.523106], [-111.322751, 25.524692], [-111.323214, 25.526215], [-111.319553, 25.5308], [-111.319099, 25.532807], [-111.317345, 25.532811], [-111.315054, 25.534481], [-111.313219, 25.534901], [-111.311762, 25.536019], [-111.311763, 25.536568], [-111.310388, 25.53727], [-111.310389, 25.53782], [-111.309553, 25.537821], [-111.307721, 25.53949], [-111.306803, 25.539492], [-111.305886, 25.540326], [-111.299919, 25.540755], [-111.296251, 25.542843], [-111.294413, 25.54243], [-111.288448, 25.544107], [-111.285693, 25.544112], [-111.285235, 25.544529], [-111.283397, 25.544117], [-111.282177, 25.544535], [-111.280337, 25.542874], [-111.276662, 25.542049], [-111.275742, 25.541218], [-111.274364, 25.541221], [-111.273444, 25.54039], [-111.271148, 25.540394], [-111.270228, 25.539564], [-111.268391, 25.539567], [-111.265635, 25.53874], [-111.263336, 25.537496], [-111.261959, 25.537498], [-111.260731, 25.536805], [-111.256908, 25.537091], [-111.256448, 25.536676], [-111.254611, 25.536679], [-111.250473, 25.533773], [-111.246184, 25.53378], [-111.244964, 25.534198], [-111.243125, 25.532953], [-111.241748, 25.532955], [-111.240061, 25.531847], [-111.237, 25.532963], [-111.235623, 25.532965], [-111.234706, 25.533799], [-111.23119, 25.533805], [-111.23073, 25.533389], [-111.229353, 25.533808], [-111.227974, 25.532977], [-111.223455, 25.532152], [-111.222079, 25.532986], [-111.219324, 25.532991], [-111.217489, 25.533826], [-111.21596, 25.533549], [-111.214735, 25.534246], [-111.207849, 25.534672], [-111.202724, 25.538915], [-111.20135, 25.540998], [-111.201351, 25.54183], [-111.198683, 25.544256], [-111.195472, 25.546341], [-111.194783, 25.546342], [-111.194014, 25.547591], [-111.19226, 25.547594], [-111.188507, 25.549754], [-111.187592, 25.551836], [-111.187595, 25.553917], [-111.18676, 25.554675], [-111.185622, 25.554677], [-111.185619, 25.553087], [-111.1847, 25.552256], [-111.184696, 25.5499], [-111.187065, 25.546913], [-111.186986, 25.546151], [-111.187903, 25.545318], [-111.18836, 25.543728], [-111.189196, 25.543726], [-111.192029, 25.541359], [-111.192029, 25.54081], [-111.194622, 25.540045], [-111.195239, 25.538725], [-111.196305, 25.538723], [-111.197074, 25.537474], [-111.198291, 25.537543], [-111.198908, 25.536223], [-111.199744, 25.536222], [-111.202267, 25.534554], [-111.203036, 25.533304], [-111.203871, 25.533303], [-111.205247, 25.532053], [-111.206624, 25.532051], [-111.214419, 25.52663], [-111.218088, 25.524543], [-111.219006, 25.524542], [-111.221757, 25.522457], [-111.223593, 25.522038], [-111.224361, 25.520789], [-111.226573, 25.520369], [-111.228031, 25.519252], [-111.22803, 25.518702], [-111.229325, 25.5187], [-111.234368, 25.515363], [-111.23758, 25.514526], [-111.240793, 25.51452], [-111.242627, 25.513685], [-111.2463, 25.513679], [-111.249052, 25.512842], [-111.251269, 25.512909], [-111.252264, 25.512004], [-111.255477, 25.511999], [-111.25823, 25.511162], [-111.262204, 25.511154], [-111.264501, 25.511983], [-111.27001, 25.511973], [-111.271389, 25.512802], [-111.274603, 25.513213], [-111.275523, 25.514043], [-111.277359, 25.51404], [-111.277819, 25.514455], [-111.279052, 25.513891], [-111.279429, 25.511955], [-111.282404, 25.511949], [-111.283324, 25.51278], [-111.284701, 25.512777], [-111.286847, 25.513884], [-111.289907, 25.512767], [-111.290823, 25.511933], [-111.296634, 25.511921], [-111.299393, 25.513996], [-111.303988, 25.515651], [-111.310427, 25.520632]], [[-111.27242, 25.524516], [-111.271261, 25.523469], [-111.269884, 25.523472], [-111.269037, 25.524243], [-111.269038, 25.525008], [-111.269811, 25.525706], [-111.271345, 25.525703], [-111.27242, 25.524516]]]}}, {"type": "Feature", "id": 102, "properties": {"id": "85", "politica": "preservacion", "procedencia": "epoel-2019"}, "geometry": {"type": "MultiPolygon", "coordinates": [[[[-110.960465, 25.209557], [-110.959219, 25.209917], [-110.95378, 25.209359], [-110.951188, 25.208639], [-110.946105, 25.208639], [-110.943949, 25.209629], [-110.940151, 25.209844], [-110.936748, 25.211194], [-110.93299, 25.211985], [-110.929964, 25.209555], [-110.928005, 25.208799], [-110.925078, 25.207809], [-110.922072, 25.205667], [-110.921954, 25.20394], [-110.928976, 25.204409], [-110.960663, 25.207811], [-110.960465, 25.209557]]], [[[-110.966044, 25.216755], [-110.96551, 25.21823], [-110.964244, 25.218302], [-110.962029, 25.218428], [-110.961198, 25.22021], [-110.961337, 25.222225], [-110.95918, 25.223215], [-110.957281, 25.223323], [-110.956015, 25.223395], [-110.955046, 25.223161], [-110.954967, 25.22201], [-110.954828, 25.219994], [-110.95465, 25.217403], [-110.954492, 25.2151], [-110.955916, 25.212706], [-110.958112, 25.212292], [-110.959694, 25.212202], [-110.961237, 25.211536], [-110.963116, 25.21114], [-110.96458, 25.209323], [-110.968457, 25.210258], [-110.966103, 25.212993], [-110.966044, 25.216755]]], [[[-111.000563, 25.215074], [-111.002561, 25.216405], [-111.003234, 25.216945], [-110.999713, 25.216568], [-110.999753, 25.217144], [-110.999852, 25.218583], [-111.000505, 25.218835], [-111.003097, 25.219554], [-111.00193, 25.221066], [-111.000091, 25.222038], [-111.00015, 25.222902], [-111.000547, 25.224036], [-111.001596, 25.225421], [-111.000053, 25.226087], [-111.000152, 25.227527], [-111.000588, 25.229236], [-111.001044, 25.231234], [-111.000727, 25.231252], [-110.997562, 25.231433], [-110.996236, 25.230641], [-110.996276, 25.231217], [-110.997008, 25.232621], [-110.999106, 25.235391], [-110.997623, 25.236921], [-110.998632, 25.237731], [-110.998732, 25.23917], [-110.998455, 25.239764], [-110.996912, 25.24043], [-110.995112, 25.241979], [-110.99254, 25.241547], [-110.991431, 25.239298], [-110.991232, 25.236419], [-110.991726, 25.234368], [-110.990263, 25.236185], [-110.989709, 25.237373], [-110.988799, 25.238003], [-110.98783, 25.23777], [-110.98688, 25.237824], [-110.985693, 25.239048], [-110.982191, 25.238958], [-110.982013, 25.236367], [-110.982171, 25.234046], [-110.981596, 25.230321], [-110.980389, 25.231257], [-110.978629, 25.233381], [-110.975523, 25.234425], [-110.975583, 25.235288], [-110.976612, 25.236386], [-110.977107, 25.238959], [-110.974218, 25.238546], [-110.973209, 25.237736], [-110.971943, 25.237808], [-110.971982, 25.238384], [-110.972418, 25.240094], [-110.971251, 25.241605], [-110.969331, 25.241426], [-110.968322, 25.240616], [-110.967333, 25.240094], [-110.96575, 25.240184], [-110.964899, 25.241678], [-110.964662, 25.242848], [-110.964761, 25.244287], [-110.963218, 25.244953], [-110.962525, 25.244125], [-110.962486, 25.24355], [-110.960606, 25.243946], [-110.957421, 25.243838], [-110.957302, 25.24211], [-110.95651, 25.239843], [-110.958746, 25.240005], [-110.959577, 25.238223], [-110.962703, 25.237467], [-110.964523, 25.236208], [-110.962485, 25.2343], [-110.96203, 25.232303], [-110.964246, 25.232177], [-110.966818, 25.232608], [-110.968697, 25.232212], [-110.969172, 25.229873], [-110.970319, 25.228073], [-110.971901, 25.227983], [-110.973801, 25.227875], [-110.975997, 25.227461], [-110.977757, 25.225337], [-110.978944, 25.224113], [-110.979438, 25.222061], [-110.98193, 25.221341], [-110.982959, 25.222439], [-110.985848, 25.222852], [-110.98838, 25.222707], [-110.986994, 25.221052], [-110.985293, 25.219415], [-110.984224, 25.217742], [-110.982443, 25.214953], [-110.982304, 25.212937], [-110.982067, 25.214107], [-110.981632, 25.217022], [-110.979793, 25.217994], [-110.97916, 25.21803], [-110.977083, 25.220172], [-110.976154, 25.220514], [-110.97564, 25.222278], [-110.9738, 25.22325], [-110.972178, 25.222764], [-110.970891, 25.217924], [-110.970653, 25.214469], [-110.970811, 25.212147], [-110.971721, 25.211517], [-110.971602, 25.20979], [-110.999237, 25.214283], [-110.999277, 25.214859], [-111.000563, 25.215074]]], [[[-111.034759, 25.23624], [-111.030764, 25.238204], [-111.028745, 25.236585], [-111.031117, 25.234137], [-111.03365, 25.233991], [-111.038061, 25.233449], [-111.039624, 25.233071], [-111.040793, 25.236183], [-111.038814, 25.23514], [-111.034759, 25.23624]]], [[[-111.039913, 25.250975], [-111.039693, 25.247808], [-111.037874, 25.249069], [-111.03728, 25.249681], [-111.037754, 25.247342], [-111.034964, 25.248369], [-111.033165, 25.249917], [-111.030632, 25.250063], [-111.029206, 25.247832], [-111.031026, 25.246571], [-111.034468, 25.245796], [-111.037614, 25.245326], [-111.035595, 25.243708], [-111.034012, 25.243799], [-111.033219, 25.241532], [-111.035435, 25.241405], [-111.036998, 25.241026], [-111.035275, 25.239101], [-111.033019, 25.238653], [-111.036205, 25.238759], [-111.039134, 25.239747], [-111.041666, 25.239602], [-111.042722, 25.250236], [-111.041159, 25.250615], [-111.039913, 25.250975]]], [[[-111.016467, 25.334697], [-111.014863, 25.3345], [-111.009201, 25.335402], [-111.008488, 25.334286], [-111.00623, 25.333837], [-111.005437, 25.33157], [-111.007655, 25.331443], [-111.008782, 25.329356], [-111.011317, 25.329211], [-111.013674, 25.331099], [-111.018088, 25.330558], [-111.023748, 25.325031], [-111.018363, 25.325339], [-111.017765, 25.316702], [-111.015548, 25.316829], [-111.014185, 25.324711], [-111.00882, 25.325307], [-111.007454, 25.32394], [-111.00585, 25.323743], [-111.004109, 25.326154], [-111.002782, 25.325363], [-111.000564, 25.32549], [-110.999397, 25.327002], [-110.997239, 25.327992], [-110.997714, 25.325653], [-110.995753, 25.324897], [-110.992546, 25.324502], [-110.993337, 25.322145], [-110.993831, 25.320093], [-110.994128, 25.319787], [-110.992445, 25.318438], [-110.994722, 25.319175], [-110.995216, 25.317124], [-110.99587, 25.317376], [-110.998186, 25.318689], [-111.001234, 25.31678], [-111.001015, 25.313613], [-110.998798, 25.31374], [-110.997214, 25.313831], [-110.995314, 25.313939], [-110.993434, 25.314335], [-110.99185, 25.314426], [-110.990721, 25.311889], [-110.98793, 25.312915], [-110.987653, 25.313509], [-110.984308, 25.315723], [-110.983357, 25.315777], [-110.98114, 25.315904], [-110.979933, 25.31684], [-110.977676, 25.31639], [-110.976626, 25.315005], [-110.97621, 25.313583], [-110.971756, 25.313548], [-110.968747, 25.311407], [-110.971954, 25.311802], [-110.97326, 25.307682], [-110.975675, 25.310434], [-110.977813, 25.309156], [-110.980287, 25.308148], [-110.983038, 25.306546], [-110.984166, 25.304459], [-110.986166, 25.30579], [-110.987909, 25.308003], [-110.988423, 25.306239], [-110.988322, 25.300175], [-110.990479, 25.299185], [-110.9885, 25.298142], [-110.983354, 25.301904], [-110.979554, 25.30212], [-110.963915, 25.296652], [-110.963103, 25.294097], [-110.965954, 25.293935], [-110.967854, 25.293827], [-110.969616, 25.296328], [-110.970843, 25.29568], [-110.971634, 25.293322], [-110.973594, 25.294078], [-110.975, 25.296021], [-110.97589, 25.295103], [-110.977691, 25.293555], [-110.980165, 25.292547], [-110.982165, 25.293878], [-110.985589, 25.292816], [-110.984836, 25.291125], [-110.98256, 25.290387], [-110.9825, 25.289524], [-110.980917, 25.289614], [-110.979907, 25.288804], [-110.977294, 25.287797], [-110.976918, 25.286951], [-110.975631, 25.286736], [-110.973415, 25.286862], [-110.970762, 25.285279], [-110.968862, 25.285387], [-110.967734, 25.28285], [-110.968921, 25.281626], [-110.97187, 25.282903], [-110.973711, 25.281931], [-110.975096, 25.283587], [-110.976343, 25.283227], [-110.978065, 25.280527], [-110.980024, 25.281283], [-110.983013, 25.283136], [-110.98517, 25.282145], [-110.984081, 25.280184], [-110.982458, 25.279699], [-110.981646, 25.277144], [-110.981963, 25.277126], [-110.982279, 25.277107], [-110.986258, 25.279482], [-110.987386, 25.277394], [-110.986693, 25.276567], [-110.984357, 25.274966], [-110.985881, 25.274012], [-110.986415, 25.272536], [-110.985148, 25.272608], [-110.983881, 25.27268], [-110.982318, 25.273059], [-110.980161, 25.274049], [-110.978044, 25.275615], [-110.976401, 25.274841], [-110.975768, 25.274877], [-110.974758, 25.274068], [-110.973116, 25.273294], [-110.9746, 25.271764], [-110.97741, 25.271026], [-110.98024, 25.270576], [-110.98301, 25.269262], [-110.980378, 25.267967], [-110.976182, 25.267049], [-110.974282, 25.267158], [-110.973906, 25.266312], [-110.971967, 25.265844], [-110.969414, 25.265701], [-110.966248, 25.265881], [-110.964645, 25.265683], [-110.961973, 25.263812], [-110.96415, 25.26311], [-110.966979, 25.26266], [-110.96882, 25.261688], [-110.9706, 25.259852], [-110.974083, 25.259654], [-110.974043, 25.259078], [-110.972895, 25.256253], [-110.971233, 25.255192], [-110.975448, 25.256397], [-110.976734, 25.256612], [-110.979426, 25.258771], [-110.982809, 25.257133], [-110.98079, 25.255514], [-110.980355, 25.253805], [-110.978989, 25.252437], [-110.978058, 25.248155], [-110.979265, 25.247219], [-110.981284, 25.248838], [-110.982807, 25.247884], [-110.983084, 25.24729], [-110.985459, 25.249467], [-110.986468, 25.250276], [-110.988308, 25.249304], [-110.989614, 25.249808], [-110.991098, 25.248278], [-110.992107, 25.249087], [-110.99274, 25.249051], [-110.994343, 25.249249], [-110.996342, 25.25058], [-110.998717, 25.252757], [-111.000202, 25.255851], [-111.002259, 25.253421], [-111.006018, 25.252628], [-111.008908, 25.253041], [-111.010907, 25.254372], [-111.015044, 25.259049], [-111.017814, 25.257734], [-111.019853, 25.259641], [-111.019183, 25.263726], [-111.019542, 25.268908], [-111.021381, 25.267936], [-111.024348, 25.264875], [-111.027415, 25.263254], [-111.030284, 25.263379], [-111.031054, 25.260733], [-111.034674, 25.257924], [-111.043478, 25.256552], [-111.051, 25.337342], [-111.018789, 25.345258], [-111.016467, 25.334697]]], [[[-111.026037, 25.380972], [-111.045978, 25.429831], [-111.05977, 25.431352], [-111.059657, 25.438873], [-111.079735, 25.443788], [-111.076482, 25.461027], [-111.092703, 25.46992], [-111.091555, 25.47172], [-111.077634, 25.463851], [-111.074146, 25.464052], [-111.061052, 25.472607], [-111.057528, 25.476856], [-111.056974, 25.478044], [-111.055191, 25.47988], [-111.051069, 25.480117], [-111.046311, 25.48039], [-111.043457, 25.480553], [-111.038049, 25.485198], [-111.041344, 25.491368], [-111.038766, 25.490937], [-111.036209, 25.490795], [-111.033989, 25.490922], [-111.031886, 25.488152], [-111.029289, 25.487434], [-111.027186, 25.484664], [-111.02542, 25.482164], [-111.025103, 25.482182], [-111.022269, 25.482633], [-111.020843, 25.485027], [-111.018028, 25.485766], [-111.017234, 25.483499], [-111.015786, 25.480981], [-111.014021, 25.47848], [-111.015507, 25.47695], [-111.019549, 25.475563], [-111.021292, 25.473152], [-111.020184, 25.475527], [-111.022643, 25.478855], [-111.024961, 25.475543], [-111.026306, 25.471998], [-111.028963, 25.47358], [-111.030152, 25.472356], [-111.030309, 25.470035], [-111.026641, 25.467644], [-111.025847, 25.465377], [-111.023727, 25.466943], [-111.023507, 25.463777], [-111.022773, 25.462374], [-111.024002, 25.461725], [-111.026895, 25.462138], [-111.028778, 25.461741], [-111.030761, 25.462784], [-111.03312, 25.464672], [-111.034863, 25.46226], [-111.037282, 25.465011], [-111.038988, 25.466648], [-111.041131, 25.469993], [-111.043331, 25.469578], [-111.044936, 25.469775], [-111.046405, 25.472581], [-111.045734, 25.476666], [-111.048271, 25.47652], [-111.049596, 25.472687], [-111.047056, 25.468208], [-111.044098, 25.462309], [-111.043958, 25.460294], [-111.044492, 25.458818], [-111.044669, 25.456785], [-111.043815, 25.453655], [-111.042744, 25.451982], [-111.040304, 25.448942], [-111.042066, 25.446818], [-111.040341, 25.444894], [-111.04244, 25.44304], [-111.04234, 25.4416], [-111.039487, 25.441764], [-111.037444, 25.439858], [-111.036433, 25.439049], [-111.036016, 25.437627], [-111.034845, 25.434515], [-111.033894, 25.43457], [-111.032746, 25.43637], [-111.031201, 25.437036], [-111.028327, 25.436912], [-111.028228, 25.435472], [-111.02462, 25.433945], [-111.023035, 25.434035], [-111.020182, 25.434199], [-111.017923, 25.43375], [-111.017209, 25.432634], [-111.016335, 25.429216], [-111.016256, 25.428065], [-111.018415, 25.427074], [-111.020811, 25.424914], [-111.024952, 25.424966], [-111.027825, 25.425091], [-111.029867, 25.426997], [-111.032146, 25.427734], [-111.033988, 25.426761], [-111.031649, 25.425161], [-111.030518, 25.422624], [-111.030912, 25.419134], [-111.033328, 25.417261], [-111.031327, 25.415931], [-111.028751, 25.4155], [-111.022688, 25.415269], [-111.021201, 25.412175], [-111.025281, 25.411363], [-111.02334, 25.410896], [-111.020844, 25.411617], [-111.019496, 25.410538], [-111.015852, 25.413059], [-111.01385, 25.411728], [-111.01583, 25.408147], [-111.020504, 25.406723], [-111.022643, 25.405445], [-111.027458, 25.406036], [-111.02591, 25.402079], [-111.026801, 25.401161], [-111.027572, 25.398515], [-111.017492, 25.404583], [-111.017352, 25.402568], [-111.014617, 25.399834], [-111.012895, 25.402534], [-111.007784, 25.402248], [-111.006357, 25.400017], [-111.005484, 25.396599], [-111.003343, 25.393253], [-111.009801, 25.394618], [-111.010573, 25.391973], [-111.013782, 25.392367], [-111.01618, 25.394832], [-111.021687, 25.396251], [-111.020854, 25.393408], [-111.019644, 25.38972], [-111.017048, 25.389001], [-111.01475, 25.387977], [-111.014413, 25.387707], [-111.012769, 25.386934], [-111.012807, 25.382885], [-111.014549, 25.380474], [-111.016313, 25.382974], [-111.017343, 25.384071], [-111.022968, 25.382593], [-111.023482, 25.38083], [-111.021401, 25.378348], [-111.018112, 25.376802], [-111.016962, 25.373977], [-111.020527, 25.374929], [-111.021615, 25.372266], [-111.019, 25.371259], [-111.017099, 25.371368], [-111.0169, 25.368489], [-111.014128, 25.369804], [-111.010068, 25.370903], [-111.012463, 25.368743], [-111.013571, 25.366367], [-111.013372, 25.363488], [-111.01048, 25.363075], [-111.007035, 25.36385], [-111.003866, 25.364031], [-111.001134, 25.365922], [-110.997471, 25.368154], [-110.997806, 25.363799], [-111.002697, 25.360919], [-111.001706, 25.360397], [-110.998281, 25.36146], [-110.996973, 25.360957], [-110.993389, 25.359716], [-110.992932, 25.357719], [-110.991051, 25.358115], [-110.988398, 25.361157], [-110.984715, 25.363101], [-110.983863, 25.35997], [-110.982417, 25.357451], [-110.983169, 25.354518], [-110.986555, 25.35288], [-110.992633, 25.348776], [-110.995345, 25.346598], [-110.998909, 25.347551], [-111.00097, 25.349745], [-111.001067, 25.34656], [-111.003899, 25.34611], [-111.004494, 25.350122], [-111.005445, 25.350068], [-111.005582, 25.347459], [-111.006077, 25.345407], [-111.004176, 25.345516], [-111.002116, 25.343321], [-111.001165, 25.343376], [-110.99768, 25.343575], [-110.997441, 25.34012], [-110.996708, 25.338716], [-110.993937, 25.340031], [-110.989362, 25.338268], [-110.990134, 25.335623], [-110.992985, 25.335461], [-110.995796, 25.334722], [-110.998944, 25.334253], [-111.001124, 25.338175], [-111.006134, 25.341646], [-111.007499, 25.338389], [-111.011954, 25.338423], [-111.011538, 25.337002], [-111.014549, 25.339142], [-111.016631, 25.346249], [-111.017345, 25.347364], [-111.015668, 25.359889], [-111.026037, 25.380972]]]]}}, {"type": "Feature", "id": 103, "properties": {"id": "86", "politica": "preservacion", "procedencia": "digitalizada"}, "geometry": {"type": "Polygon", "coordinates": [[[-111.029243, 25.462829], [-111.029386, 25.462829], [-111.029495, 25.463351], [-111.029189, 25.463449], [-111.025972, 25.463253], [-111.025646, 25.463056], [-111.025212, 25.463056], [-111.024561, 25.462662], [-111.023458, 25.46235], [-111.023331, 25.462465], [-111.021488, 25.462663], [-111.021034, 25.462976], [-111.020853, 25.463633], [-111.020926, 25.463896], [-111.021271, 25.464209], [-111.021468, 25.464209], [-111.021468, 25.464388], [-111.022119, 25.465225], [-111.022119, 25.466176], [-111.022011, 25.46657], [-111.021794, 25.466767], [-111.021794, 25.467358], [-111.021559, 25.467867], [-111.021577, 25.468145], [-111.021361, 25.468474], [-111.021814, 25.468886], [-111.022231, 25.468886], [-111.02263, 25.468376], [-111.022847, 25.467785], [-111.023478, 25.467113], [-111.023912, 25.466916], [-111.025265, 25.466916], [-111.025265, 25.468178], [-111.025482, 25.468572], [-111.025483, 25.470246], [-111.025917, 25.470837], [-111.025917, 25.471132], [-111.026351, 25.471821], [-111.026696, 25.472134], [-111.026913, 25.472134], [-111.027219, 25.472412], [-111.027219, 25.472609], [-111.028087, 25.473298], [-111.028304, 25.474283], [-111.028521, 25.474677], [-111.028521, 25.475037], [-111.027979, 25.475579], [-111.027979, 25.475709], [-111.027513, 25.475709], [-111.027512, 25.475431], [-111.027187, 25.474939], [-111.026753, 25.474545], [-111.026536, 25.474151], [-111.025757, 25.473543], [-111.024418, 25.473937], [-111.023913, 25.473937], [-111.023225, 25.47374], [-111.02288, 25.474152], [-111.02288, 25.474546], [-111.022772, 25.474644], [-111.022555, 25.477795], [-111.022339, 25.47809], [-111.02223, 25.478681], [-111.022013, 25.478878], [-111.022013, 25.479272], [-111.021796, 25.479469], [-111.021796, 25.479765], [-111.021274, 25.480436], [-111.020985, 25.480436], [-111.019811, 25.479666], [-111.019811, 25.479109], [-111.020137, 25.478321], [-111.020136, 25.478026], [-111.020353, 25.477829], [-111.020353, 25.47714], [-111.020679, 25.47645], [-111.020787, 25.475663], [-111.021112, 25.475367], [-111.021329, 25.474579], [-111.021546, 25.474382], [-111.021871, 25.473463], [-111.021309, 25.472854], [-111.021112, 25.472854], [-111.021112, 25.472724], [-111.020786, 25.472559], [-111.020786, 25.472084], [-111.020569, 25.471493], [-111.020007, 25.470983], [-111.01981, 25.470983], [-111.01981, 25.470804], [-111.019159, 25.470214], [-111.019267, 25.469558], [-111.019701, 25.468671], [-111.019809, 25.467884], [-111.020026, 25.467588], [-111.020026, 25.466669], [-111.019592, 25.466176], [-111.019592, 25.465881], [-111.019267, 25.465389], [-111.019266, 25.464453], [-111.019158, 25.464355], [-111.019049, 25.463419], [-111.018398, 25.462976], [-111.018398, 25.462714], [-111.018921, 25.462043], [-111.020223, 25.461747], [-111.021416, 25.460861], [-111.021813, 25.460861], [-111.023223, 25.462042], [-111.024038, 25.461532], [-111.024038, 25.461254], [-111.024344, 25.461254], [-111.025103, 25.46086], [-111.025717, 25.46086], [-111.025844, 25.460975], [-111.026132, 25.460958], [-111.026132, 25.461088], [-111.026314, 25.461254], [-111.026566, 25.461254], [-111.026748, 25.461549], [-111.027, 25.461549], [-111.027, 25.461728], [-111.027453, 25.46214], [-111.02767, 25.46214], [-111.027887, 25.462337], [-111.028212, 25.462238], [-111.028429, 25.462435], [-111.029061, 25.462533], [-111.029243, 25.462829]], [[-111.023153, 25.471052], [-111.023389, 25.470705], [-111.023153, 25.470491], [-111.022782, 25.470449], [-111.022554, 25.470705], [-111.022554, 25.470887], [-111.022736, 25.471052], [-111.023153, 25.471052]]]}}, {"type": "Feature", "id": 104, "properties": {"id": "87", "politica": "preservacion", "procedencia": "digitalizada"}, "geometry": {"type": "Polygon", "coordinates": [[[-111.047979, 25.473064], [-111.048272, 25.473451], [-111.048272, 25.473818], [-111.048678, 25.474307], [-111.048678, 25.474878], [-111.048543, 25.475367], [-111.048273, 25.475612], [-111.048273, 25.475856], [-111.047733, 25.476713], [-111.047733, 25.478181], [-111.047217, 25.478526], [-111.046858, 25.478526], [-111.046207, 25.478059], [-111.046206, 25.477814], [-111.045801, 25.477447], [-111.045666, 25.47708], [-111.045371, 25.476814], [-111.045101, 25.476814], [-111.044585, 25.476347], [-111.044584, 25.475776], [-111.044989, 25.475287], [-111.044989, 25.4739], [-111.044854, 25.473778], [-111.044854, 25.473289], [-111.044583, 25.473044], [-111.044583, 25.47231], [-111.044086, 25.471799], [-111.043748, 25.471799], [-111.043072, 25.47131], [-111.042556, 25.471188], [-111.042556, 25.471027], [-111.042103, 25.470678], [-111.04091, 25.470577], [-111.0401, 25.470333], [-111.039719, 25.469988], [-111.039448, 25.469254], [-111.039154, 25.468987], [-111.038908, 25.468988], [-111.038502, 25.468031], [-111.037961, 25.467542], [-111.037961, 25.467358], [-111.037556, 25.467153], [-111.037556, 25.46693], [-111.03661, 25.466197], [-111.035934, 25.465218], [-111.035934, 25.464851], [-111.035099, 25.463973], [-111.034694, 25.463729], [-111.033972, 25.463729], [-111.033137, 25.464179], [-111.033138, 25.46473], [-111.032845, 25.465117], [-111.033003, 25.465505], [-111.032868, 25.465872], [-111.033138, 25.466116], [-111.033138, 25.467276], [-111.031452, 25.467277], [-111.031206, 25.467054], [-111.031206, 25.46681], [-111.030801, 25.466443], [-111.030801, 25.466198], [-111.030125, 25.465342], [-111.030125, 25.464853], [-111.029855, 25.464486], [-111.029719, 25.463448], [-111.030506, 25.463448], [-111.030776, 25.463203], [-111.031586, 25.463203], [-111.031992, 25.462958], [-111.032667, 25.462836], [-111.034018, 25.462101], [-111.034987, 25.461284], [-111.034987, 25.461123], [-111.035393, 25.460917], [-111.035393, 25.460756], [-111.035751, 25.460776], [-111.036203, 25.460366], [-111.036203, 25.460122], [-111.037171, 25.459], [-111.037148, 25.458776], [-111.037958, 25.457553], [-111.037958, 25.456941], [-111.038093, 25.456452], [-111.038318, 25.456248], [-111.038228, 25.455718], [-111.038498, 25.454862], [-111.038363, 25.454698], [-111.038362, 25.453231], [-111.038092, 25.452741], [-111.038092, 25.452252], [-111.037686, 25.45109], [-111.03701, 25.450112], [-111.03701, 25.449806], [-111.036605, 25.449601], [-111.036605, 25.449256], [-111.034824, 25.447644], [-111.034443, 25.447644], [-111.034443, 25.447421], [-111.034014, 25.447033], [-111.033203, 25.446788], [-111.032798, 25.446421], [-111.032393, 25.446421], [-111.030907, 25.44581], [-111.029556, 25.44581], [-111.028475, 25.445566], [-111.027078, 25.445689], [-111.026538, 25.445933], [-111.026021, 25.445912], [-111.025592, 25.446178], [-111.024917, 25.446178], [-111.024647, 25.446423], [-111.024423, 25.446423], [-111.024177, 25.4462], [-111.024177, 25.445997], [-111.024582, 25.444896], [-111.024582, 25.444427], [-111.024177, 25.444221], [-111.024177, 25.443876], [-111.023994, 25.443711], [-111.023569, 25.443732], [-111.023591, 25.443408], [-111.023409, 25.443243], [-111.022599, 25.442998], [-111.021923, 25.442509], [-111.020867, 25.442265], [-111.020867, 25.442042], [-111.0201, 25.441286], [-111.019921, 25.441286], [-111.019921, 25.440819], [-111.019651, 25.440574], [-111.019651, 25.439963], [-111.019246, 25.439473], [-111.01884, 25.438495], [-111.01776, 25.437027], [-111.01776, 25.436601], [-111.017938, 25.436601], [-111.018411, 25.436111], [-111.019761, 25.435622], [-111.022932, 25.435255], [-111.023067, 25.435661], [-111.023473, 25.435866], [-111.023473, 25.436089], [-111.023878, 25.436456], [-111.023878, 25.436639], [-111.024375, 25.437089], [-111.025185, 25.437089], [-111.026131, 25.437334], [-111.026536, 25.4377], [-111.027458, 25.438067], [-111.027458, 25.438473], [-111.027863, 25.438679], [-111.027863, 25.439391], [-111.028485, 25.440014], [-111.029419, 25.439168], [-111.030635, 25.438923], [-111.031469, 25.438045], [-111.031604, 25.437555], [-111.032009, 25.437188], [-111.032009, 25.436944], [-111.032255, 25.436721], [-111.032614, 25.436721], [-111.033559, 25.43721], [-111.034751, 25.438411], [-111.034751, 25.438778], [-111.035562, 25.439878], [-111.035968, 25.441468], [-111.037546, 25.44308], [-111.038065, 25.442958], [-111.038379, 25.44304], [-111.038875, 25.442835], [-111.039821, 25.442835], [-111.040226, 25.44259], [-111.041506, 25.44259], [-111.041776, 25.443505], [-111.041371, 25.443872], [-111.041236, 25.44434], [-111.041058, 25.44434], [-111.040696, 25.444851], [-111.040021, 25.445341], [-111.039751, 25.44583], [-111.039751, 25.446238], [-111.040181, 25.446627], [-111.041126, 25.446871], [-111.041643, 25.447216], [-111.041643, 25.447664], [-111.041238, 25.448154], [-111.041238, 25.448376], [-111.040992, 25.448376], [-111.040563, 25.448765], [-111.040022, 25.449499], [-111.039888, 25.451008], [-111.040453, 25.451703], [-111.040834, 25.451703], [-111.04124, 25.454249], [-111.041804, 25.45476], [-111.042885, 25.455372], [-111.043291, 25.455371], [-111.043696, 25.455616], [-111.044347, 25.456205], [-111.044213, 25.458978], [-111.043944, 25.459812], [-111.043765, 25.459812], [-111.043403, 25.460201], [-111.043403, 25.460546], [-111.042752, 25.460547], [-111.042165, 25.460834], [-111.042323, 25.461221], [-111.042233, 25.462485], [-111.042459, 25.464768], [-111.042754, 25.465035], [-111.043, 25.465035], [-111.043227, 25.465402], [-111.043405, 25.465401], [-111.043405, 25.465747], [-111.043835, 25.466135], [-111.044646, 25.466502], [-111.045162, 25.466969], [-111.045297, 25.467336], [-111.045162, 25.46807], [-111.045568, 25.468743], [-111.045973, 25.468948], [-111.045973, 25.469171], [-111.046784, 25.469904], [-111.046784, 25.470088], [-111.04773, 25.470883], [-111.047731, 25.471249], [-111.048001, 25.471739], [-111.048001, 25.472187], [-111.047866, 25.472309], [-111.047979, 25.473064]], [[-111.032909, 25.443342], [-111.032639, 25.443342], [-111.032299, 25.44365], [-111.032321, 25.443916], [-111.032616, 25.444182], [-111.033067, 25.44406], [-111.033362, 25.443793], [-111.033361, 25.44363], [-111.032909, 25.443342]]]}}, {"type": "Feature", "id": 105, "properties": {"id": "88a", "politica": "aprovechamiento-sustentable", "procedencia": "digitalizada"}, "geometry": {"type": "Polygon", "coordinates": [[[-111.378058, 26.18741], [-111.377874, 26.188334], [-111.377411, 26.188335], [-111.37707, 26.188029], [-111.377067, 26.187355], [-111.376692, 26.186851], [-111.376502, 26.18584], [-111.375377, 26.184494], [-111.374625, 26.183064], [-111.374064, 26.182782], [-111.374063, 26.182475], [-111.373125, 26.181298], [-111.372936, 26.180624], [-111.372374, 26.18012], [-111.371436, 26.178606], [-111.370091, 26.177399], [-111.36878, 26.17656], [-111.36822, 26.176561], [-111.366163, 26.175724], [-111.364328, 26.17556], [-111.364326, 26.174916], [-111.363764, 26.174243], [-111.363384, 26.17239], [-111.362071, 26.170539], [-111.362069, 26.169865], [-111.361693, 26.169023], [-111.361003, 26.168321], [-111.360757, 26.168321], [-111.360381, 26.16751], [-111.360373, 26.16515], [-111.360186, 26.164982], [-111.359992, 26.16268], [-111.36021, 26.162483], [-111.360177, 26.162036], [-111.360424, 26.162035], [-111.360923, 26.161498], [-111.361046, 26.160879], [-111.360357, 26.159757], [-111.360354, 26.158746], [-111.359602, 26.157062], [-111.359629, 26.155742], [-111.358688, 26.154561], [-111.35788, 26.154676], [-111.357539, 26.15437], [-111.357537, 26.153585], [-111.357907, 26.152573], [-111.357898, 26.149455], [-111.358454, 26.148274], [-111.358266, 26.147711], [-111.358387, 26.146475], [-111.357886, 26.145521], [-111.357693, 26.143499], [-111.357318, 26.142994], [-111.357128, 26.141983], [-111.356753, 26.141647], [-111.356752, 26.141142], [-111.356002, 26.140132], [-111.355999, 26.139289], [-111.355622, 26.138195], [-111.355061, 26.137913], [-111.354871, 26.136595], [-111.354307, 26.135417], [-111.354111, 26.132384], [-111.353924, 26.132216], [-111.353915, 26.129182], [-111.353226, 26.128479], [-111.352979, 26.12848], [-111.352978, 26.128173], [-111.352164, 26.127442], [-111.349894, 26.127139], [-111.349892, 26.126495], [-111.349143, 26.125654], [-111.348951, 26.1238], [-111.348543, 26.123434], [-111.348203, 26.123435], [-111.348015, 26.12296], [-111.348197, 26.121274], [-111.347821, 26.120601], [-111.347818, 26.11959], [-111.346881, 26.118496], [-111.346321, 26.118214], [-111.346005, 26.11771], [-111.345759, 26.11771], [-111.345758, 26.117235], [-111.345008, 26.116225], [-111.345097, 26.114799], [-111.34562, 26.114963], [-111.345996, 26.115775], [-111.346966, 26.116645], [-111.347901, 26.117317], [-111.348241, 26.117317], [-111.348243, 26.11796], [-111.348805, 26.118802], [-111.34862, 26.119308], [-111.348996, 26.119981], [-111.348998, 26.120655], [-111.350308, 26.121832], [-111.350623, 26.122367], [-111.350963, 26.122366], [-111.350657, 26.124415], [-111.351004, 26.124726], [-111.352001, 26.124892], [-111.352593, 26.124355], [-111.352965, 26.123679], [-111.352963, 26.123204], [-111.353522, 26.12292], [-111.353522, 26.122697], [-111.353862, 26.122696], [-111.354607, 26.122189], [-111.355103, 26.122188], [-111.355852, 26.122691], [-111.356565, 26.12269], [-111.356756, 26.124118], [-111.356384, 26.124456], [-111.356394, 26.127797], [-111.355943, 26.127984], [-111.356022, 26.128334], [-111.35565, 26.128672], [-111.355651, 26.128979], [-111.355404, 26.128979], [-111.354905, 26.129516], [-111.35491, 26.131091], [-111.355412, 26.131625], [-111.355659, 26.131625], [-111.355662, 26.132606], [-111.356037, 26.133279], [-111.356042, 26.134964], [-111.356417, 26.135469], [-111.356419, 26.136143], [-111.356794, 26.13648], [-111.356797, 26.137491], [-111.357174, 26.138838], [-111.357549, 26.139343], [-111.357551, 26.139849], [-111.3583, 26.140521], [-111.358301, 26.140858], [-111.358675, 26.141194], [-111.358866, 26.142542], [-111.359428, 26.143215], [-111.359618, 26.144057], [-111.360213, 26.144592], [-111.360773, 26.14459], [-111.362239, 26.146242], [-111.36224, 26.14669], [-111.36131, 26.147703], [-111.361125, 26.148378], [-111.3606, 26.148855], [-111.35948, 26.149195], [-111.359075, 26.14962], [-111.35945, 26.150209], [-111.360011, 26.150491], [-111.359981, 26.150938], [-111.360762, 26.151976], [-111.360952, 26.152902], [-111.361888, 26.153743], [-111.362456, 26.156101], [-111.363206, 26.156942], [-111.363209, 26.158037], [-111.364242, 26.158655], [-111.36536, 26.157809], [-111.36601, 26.157808], [-111.366012, 26.158452], [-111.366199, 26.15862], [-111.366205, 26.160416], [-111.366019, 26.160892], [-111.365493, 26.160893], [-111.36512, 26.161231], [-111.36428, 26.161234], [-111.363781, 26.161771], [-111.363414, 26.163932], [-111.362514, 26.163935], [-111.362328, 26.164104], [-111.361892, 26.163992], [-111.361548, 26.16453], [-111.361989, 26.165262], [-111.362484, 26.165233], [-111.362486, 26.165708], [-111.363048, 26.166212], [-111.363239, 26.167729], [-111.363647, 26.168095], [-111.365142, 26.16826], [-111.365517, 26.168596], [-111.366043, 26.168594], [-111.366045, 26.16907], [-111.366982, 26.170079], [-111.366984, 26.170864], [-111.366426, 26.17154], [-111.366428, 26.172103], [-111.367925, 26.17311], [-111.368491, 26.174963], [-111.369087, 26.175497], [-111.369461, 26.175496], [-111.370396, 26.175999], [-111.371895, 26.177344], [-111.372455, 26.177342], [-111.372796, 26.177648], [-111.372798, 26.178154], [-111.37336, 26.178658], [-111.373362, 26.179501], [-111.373739, 26.180342], [-111.375426, 26.182361], [-111.375395, 26.182669], [-111.375989, 26.183202], [-111.377117, 26.185221], [-111.377118, 26.185558], [-111.377492, 26.185895], [-111.377494, 26.1864], [-111.378058, 26.18741]], [[-111.360908, 26.146553], [-111.360876, 26.146272], [-111.360342, 26.145877], [-111.359471, 26.145992], [-111.359065, 26.146361], [-111.359567, 26.146953], [-111.360564, 26.14695], [-111.360908, 26.146553]]]}}, {"type": "Feature", "id": 106, "properties": {"id": "88b", "politica": "aprovechamiento-sustentable", "procedencia": "digitalizada"}, "geometry": {"type": "Polygon", "coordinates": [[[-111.3628, 26.807738], [-111.36281, 26.810806], [-111.362347, 26.811853], [-111.362356, 26.814744], [-111.351439, 26.814981], [-111.34884, 26.817327], [-111.348145, 26.818793], [-111.347447, 26.819422], [-111.347449, 26.820012], [-111.346871, 26.820014], [-111.346403, 26.819596], [-111.345978, 26.819597], [-111.345978, 26.819321], [-111.345277, 26.818972], [-111.345276, 26.818591], [-111.344766, 26.818136], [-111.344342, 26.818137], [-111.344341, 26.817756], [-111.343597, 26.817093], [-111.34278, 26.816885], [-111.339624, 26.813964], [-111.337872, 26.813131], [-111.336703, 26.812088], [-111.335111, 26.811464], [-111.335108, 26.810527], [-111.335573, 26.810107], [-111.335572, 26.809689], [-111.33627, 26.809059], [-111.337197, 26.807002], [-111.337853, 26.806792], [-111.339406, 26.806788], [-111.341043, 26.808249], [-111.341509, 26.808247], [-111.342911, 26.80929], [-111.343611, 26.809498], [-111.344427, 26.809496], [-111.345128, 26.809912], [-111.346685, 26.810258], [-111.350572, 26.810318], [-111.350804, 26.810108], [-111.351348, 26.810247], [-111.352629, 26.80993], [-111.352902, 26.809684], [-111.353834, 26.809682], [-111.354532, 26.809262], [-111.355698, 26.809259], [-111.356629, 26.808629], [-111.357678, 26.808417], [-111.360584, 26.805899], [-111.360971, 26.805898], [-111.361671, 26.806105], [-111.362331, 26.806693], [-111.3628, 26.807738]], [[-111.351708, 26.81202], [-111.351158, 26.811425], [-111.34968, 26.811429], [-111.34925, 26.811921], [-111.349957, 26.812761], [-111.351162, 26.812618], [-111.351708, 26.81202]]]}}, {"type": "Feature", "id": 107, "properties": {"id": "88d", "politica": "aprovechamiento-sustentable", "procedencia": "epoel-2019"}, "geometry": {"type": "Polygon", "coordinates": [[[-111.169244, 25.580085], [-111.167978, 25.579075], [-111.167367, 25.578316], [-111.16672, 25.577053], [-111.166203, 25.576505], [-111.166107, 25.575137], [-111.166046, 25.574274], [-111.165256, 25.573236], [-111.163995, 25.572298], [-111.162808, 25.571283], [-111.161641, 25.570556], [-111.160644, 25.569963], [-111.158436, 25.569152], [-111.156947, 25.568371], [-111.156773, 25.568165], [-111.159541, 25.56562], [-111.16454, 25.56309], [-111.165605, 25.562378], [-111.165887, 25.561856], [-111.166243, 25.561257], [-111.167176, 25.56207], [-111.167953, 25.564048], [-111.168227, 25.564538], [-111.168649, 25.564875], [-111.169045, 25.564852], [-111.169586, 25.564603], [-111.170031, 25.564144], [-111.170308, 25.56355], [-111.170669, 25.563023], [-111.171197, 25.561475], [-111.171622, 25.560728], [-111.172177, 25.560696], [-111.172717, 25.560448], [-111.172069, 25.561425], [-111.171877, 25.562086], [-111.171938, 25.562949], [-111.171974, 25.563453], [-111.172178, 25.564092], [-111.171858, 25.565194], [-111.171783, 25.565271], [-111.172067, 25.565904], [-111.172727, 25.566227], [-111.173505, 25.565965], [-111.173703, 25.565376], [-111.173828, 25.566019], [-111.174057, 25.567017], [-111.173755, 25.567251], [-111.172918, 25.567806], [-111.172314, 25.568274], [-111.172649, 25.569628], [-111.173255, 25.570315], [-111.174084, 25.570773], [-111.174808, 25.570875], [-111.176796, 25.570832], [-111.177669, 25.570781], [-111.178972, 25.570055], [-111.179899, 25.56964], [-111.18083, 25.569297], [-111.18146, 25.569188], [-111.180965, 25.570084], [-111.179901, 25.570796], [-111.179296, 25.571264], [-111.178539, 25.571814], [-111.178098, 25.572346], [-111.177499, 25.572886], [-111.175879, 25.573631], [-111.174387, 25.573934], [-111.173565, 25.574704], [-111.17249, 25.575273], [-111.172039, 25.57566], [-111.17278, 25.577134], [-111.17299, 25.577845], [-111.173015, 25.578204], [-111.173041, 25.578564], [-111.169244, 25.580085]]]}}, {"type": "Feature", "id": 108, "properties": {"id": "88e", "politica": "aprovechamiento-sustentable", "procedencia": "epoel-2019"}, "geometry": {"type": "Polygon", "coordinates": [[[-111.025075, 25.444504], [-111.025268, 25.444421], [-111.027078, 25.444136], [-111.028334, 25.443884], [-111.029714, 25.443696], [-111.030521, 25.443867], [-111.031212, 25.44408], [-111.032858, 25.444853], [-111.034332, 25.445455], [-111.035598, 25.446503], [-111.036738, 25.447449], [-111.037438, 25.448348], [-111.037864, 25.449335], [-111.038396, 25.451256], [-111.038682, 25.453082], [-111.038653, 25.454384], [-111.038512, 25.455223], [-111.038446, 25.455985], [-111.038137, 25.456689], [-111.037731, 25.457146], [-111.037414, 25.457742], [-111.036468, 25.458447], [-111.035309, 25.458947], [-111.035059, 25.459358], [-111.034933, 25.459835], [-111.034594, 25.460108], [-111.032729, 25.461334], [-111.031803, 25.461749], [-111.031327, 25.461776], [-111.030998, 25.461614], [-111.030438, 25.461574], [-111.030302, 25.461907], [-111.029826, 25.461934], [-111.0296, 25.46155], [-111.029459, 25.461233], [-111.028961, 25.460936], [-111.028599, 25.460884], [-111.028108, 25.460696], [-111.027829, 25.460676], [-111.027328, 25.460343], [-111.026693, 25.459801], [-111.026287, 25.45968], [-111.025541, 25.459831], [-111.025044, 25.460112], [-111.024373, 25.460765], [-111.023607, 25.461206], [-111.02302, 25.460192], [-111.023099, 25.460187], [-111.024176, 25.459656], [-111.024818, 25.45915], [-111.025251, 25.459089], [-111.025568, 25.459071], [-111.025942, 25.458724], [-111.026296, 25.45809], [-111.026828, 25.456578], [-111.026827, 25.454844], [-111.027044, 25.453965], [-111.027207, 25.452872], [-111.026874, 25.451518], [-111.026829, 25.45087], [-111.026777, 25.450692], [-111.026472, 25.450313], [-111.026022, 25.450122], [-111.025484, 25.449827], [-111.025702, 25.449526], [-111.025962, 25.449258], [-111.025929, 25.44879], [-111.025733, 25.448259], [-111.025502, 25.447803], [-111.025272, 25.447347], [-111.024927, 25.446969], [-111.024773, 25.446472], [-111.024731, 25.44586], [-111.0248, 25.445712], [-111.024978, 25.445413], [-111.024956, 25.445089], [-111.025075, 25.444504]]]}}, {"type": "Feature", "id": 109, "properties": {"id": "88f", "politica": "aprovechamiento-sustentable", "procedencia": "epoel-2019"}, "geometry": {"type": "Polygon", "coordinates": [[[-110.985166, 25.363003], [-110.988733, 25.361102], [-110.98968, 25.359855], [-110.990086, 25.359399], [-110.992039, 25.358312], [-110.992371, 25.35851], [-110.990913, 25.360435], [-110.992666, 25.36048], [-110.99375, 25.360635], [-110.994689, 25.360979], [-110.996199, 25.361543], [-110.997122, 25.361093], [-110.997733, 25.361311], [-110.998226, 25.361535], [-110.999471, 25.361139], [-111.000795, 25.360738], [-111.000736, 25.361031], [-111.000499, 25.361622], [-111.000261, 25.362214], [-110.998187, 25.363272], [-110.997692, 25.364167], [-110.997455, 25.364759], [-110.996911, 25.365512], [-110.996861, 25.366527], [-110.996901, 25.367103], [-110.997312, 25.367874], [-110.997501, 25.368297], [-110.998223, 25.367822], [-110.99904, 25.367559], [-110.999842, 25.367079], [-111.000285, 25.366584], [-111.000931, 25.36615], [-111.001077, 25.366539], [-111.001048, 25.367841], [-111.001063, 25.369213], [-111.001237, 25.369998], [-111.000738, 25.371978], [-111.000216, 25.373055], [-110.999483, 25.374542], [-110.999053, 25.375217], [-110.999684, 25.375723], [-111.000868, 25.376161], [-111.001804, 25.376469], [-111.002891, 25.37666], [-111.003753, 25.377044], [-111.004409, 25.377332], [-111.004023, 25.378076], [-111.003515, 25.378214], [-111.003129, 25.37838], [-111.002461, 25.378491], [-111.001305, 25.378448], [-110.999497, 25.37819], [-110.996982, 25.378045], [-110.99667, 25.377557], [-110.995573, 25.377222], [-110.995454, 25.377229], [-110.993882, 25.377499], [-110.993968, 25.377025], [-110.994137, 25.376581], [-110.994584, 25.37558], [-110.994544, 25.374427], [-110.994321, 25.374078], [-110.993806, 25.373529], [-110.993259, 25.373091], [-110.992712, 25.372652], [-110.992033, 25.372041], [-110.991612, 25.371704], [-110.991241, 25.371508], [-110.990723, 25.371501], [-110.990288, 25.371526], [-110.98982, 25.371661], [-110.98936, 25.371904], [-110.989001, 25.371889], [-110.988439, 25.371812], [-110.98781, 25.371342], [-110.987609, 25.37074], [-110.987765, 25.370117], [-110.988067, 25.369305], [-110.988418, 25.368634], [-110.988571, 25.367975], [-110.988259, 25.367487], [-110.987969, 25.367323], [-110.987157, 25.36708], [-110.986385, 25.366835], [-110.986014, 25.36664], [-110.985763, 25.366473], [-110.985409, 25.365952], [-110.985352, 25.365124], [-110.985208, 25.364193], [-110.985166, 25.363003]]]}}, {"type": "Feature", "id": 110, "properties": {"id": "89", "politica": "aprovechamiento-sustentable", "procedencia": "digitalizada"}, "geometry": {"type": "Polygon", "coordinates": [[[-110.98553, 25.242624], [-110.985283, 25.244569], [-110.984542, 25.245692], [-110.984542, 25.24704], [-110.983801, 25.247714], [-110.983801, 25.248347], [-110.9822, 25.248572], [-110.981459, 25.248347], [-110.979977, 25.247224], [-110.97899, 25.247224], [-110.978002, 25.246774], [-110.975695, 25.247223], [-110.973674, 25.24906], [-110.973674, 25.24951], [-110.972686, 25.250857], [-110.972438, 25.251756], [-110.971655, 25.252467], [-110.971697, 25.252879], [-110.970506, 25.253961], [-110.969765, 25.253961], [-110.969271, 25.25441], [-110.968283, 25.25441], [-110.965195, 25.256206], [-110.96186, 25.259125], [-110.961489, 25.259125], [-110.960827, 25.259727], [-110.960827, 25.260361], [-110.960377, 25.26036], [-110.959345, 25.261187], [-110.959345, 25.261483], [-110.958154, 25.261932], [-110.957615, 25.262422], [-110.957615, 25.26283], [-110.957289, 25.26283], [-110.955391, 25.264667], [-110.955391, 25.265341], [-110.954649, 25.266464], [-110.954648, 25.26991], [-110.956174, 25.271298], [-110.956871, 25.271299], [-110.956871, 25.271707], [-110.957656, 25.272422], [-110.958891, 25.273096], [-110.959588, 25.273096], [-110.959921, 25.273808], [-110.960373, 25.27377], [-110.962798, 25.275528], [-110.964033, 25.276876], [-110.963786, 25.278331], [-110.963089, 25.278331], [-110.962348, 25.27878], [-110.961691, 25.278555], [-110.960703, 25.27878], [-110.958973, 25.277881], [-110.958232, 25.27788], [-110.957491, 25.277431], [-110.955515, 25.277206], [-110.955021, 25.276756], [-110.953539, 25.276531], [-110.949175, 25.274358], [-110.948105, 25.274508], [-110.946623, 25.274058], [-110.946129, 25.273609], [-110.945432, 25.273608], [-110.945432, 25.2732], [-110.944692, 25.272525], [-110.944692, 25.271928], [-110.945433, 25.27103], [-110.945434, 25.270131], [-110.945928, 25.269458], [-110.946176, 25.267211], [-110.946423, 25.266987], [-110.946424, 25.264889], [-110.945684, 25.263316], [-110.945684, 25.262045], [-110.947333, 25.260772], [-110.94692, 25.260397], [-110.946921, 25.259498], [-110.946674, 25.259273], [-110.946674, 25.258114], [-110.947124, 25.257706], [-110.948193, 25.257857], [-110.9491, 25.257482], [-110.949676, 25.257632], [-110.951077, 25.256584], [-110.951818, 25.256584], [-110.9533, 25.255911], [-110.955029, 25.255911], [-110.957499, 25.254115], [-110.958735, 25.253666], [-110.960711, 25.252319], [-110.961452, 25.252319], [-110.96244, 25.251421], [-110.963428, 25.251421], [-110.964169, 25.250748], [-110.964663, 25.250748], [-110.966931, 25.249135], [-110.966931, 25.248727], [-110.967672, 25.248349], [-110.968661, 25.247114], [-110.968661, 25.246665], [-110.969938, 25.24483], [-110.969896, 25.244419], [-110.972075, 25.242887], [-110.976437, 25.242888], [-110.977424, 25.243338], [-110.978743, 25.243338], [-110.980966, 25.24244], [-110.983189, 25.242889], [-110.98393, 25.242215], [-110.984834, 25.241991], [-110.98553, 25.242624]], [[-110.954126, 25.259539], [-110.953546, 25.258898], [-110.952968, 25.258898], [-110.952078, 25.259819], [-110.953545, 25.260516], [-110.954126, 25.259988], [-110.954126, 25.259539]], [[-110.951718, 25.259706], [-110.951527, 25.259533], [-110.951275, 25.259762], [-110.951465, 25.259935], [-110.951718, 25.259706]]]}}, {"type": "Feature", "id": 111, "properties": {"id": "90", "politica": "aprovechamiento-sustentable", "procedencia": "epoel-2019"}, "geometry": {"type": "Polygon", "coordinates": [[[-111.444162, 26.390586], [-111.444072, 26.389364], [-111.444419, 26.388621], [-111.445048, 26.387356], [-111.445991, 26.386], [-111.447423, 26.38476], [-111.449499, 26.383553], [-111.452421, 26.382946], [-111.454667, 26.382957], [-111.45705, 26.383754], [-111.459311, 26.385064], [-111.460917, 26.386196], [-111.462385, 26.387625], [-111.46357, 26.389576], [-111.463452, 26.391244], [-111.463478, 26.392687], [-111.463269, 26.394216], [-111.462752, 26.395907], [-111.461591, 26.397565], [-111.459977, 26.399611], [-111.459296, 26.399073], [-111.458461, 26.398618], [-111.457732, 26.398517], [-111.456476, 26.397797], [-111.454493, 26.395893], [-111.454477, 26.395677], [-111.452615, 26.394344], [-111.451174, 26.393274], [-111.450498, 26.392809], [-111.449589, 26.39243], [-111.449179, 26.39231], [-111.448748, 26.391902], [-111.448296, 26.391207], [-111.447791, 26.390876], [-111.447067, 26.390847], [-111.446003, 26.390549], [-111.445035, 26.390462], [-111.444162, 26.390586]]]}}, {"type": "Feature", "id": 112, "properties": {"id": "92", "politica": "conservacion", "procedencia": "digitalizada"}, "geometry": {"type": "Polygon", "coordinates": [[[-111.561467, 26.528174], [-111.561214, 26.528302], [-111.561215, 26.528492], [-111.560962, 26.52872], [-111.560795, 26.529176], [-111.56029, 26.529785], [-111.560235, 26.530063], [-111.560383, 26.531479], [-111.560468, 26.531555], [-111.560472, 26.53244], [-111.560334, 26.532946], [-111.560391, 26.533199], [-111.56014, 26.533731], [-111.560141, 26.533945], [-111.559832, 26.533933], [-111.559227, 26.534404], [-111.558635, 26.534634], [-111.558298, 26.534939], [-111.557791, 26.535168], [-111.557018, 26.535943], [-111.55685, 26.536248], [-111.556499, 26.536565], [-111.556514, 26.536766], [-111.556402, 26.536767], [-111.556092, 26.537085], [-111.555841, 26.537693], [-111.555672, 26.537845], [-111.55559, 26.538377], [-111.555422, 26.538529], [-111.555423, 26.538757], [-111.555087, 26.539441], [-111.555088, 26.539669], [-111.55492, 26.539821], [-111.554921, 26.540187], [-111.554458, 26.540264], [-111.554118, 26.540038], [-111.55378, 26.54004], [-111.553355, 26.539814], [-111.552932, 26.539815], [-111.551999, 26.539515], [-111.551252, 26.539442], [-111.55125, 26.539178], [-111.551419, 26.539025], [-111.551418, 26.538798], [-111.551671, 26.538569], [-111.551753, 26.538114], [-111.552188, 26.537492], [-111.552335, 26.535759], [-111.552419, 26.535683], [-111.552333, 26.535456], [-111.552584, 26.53471], [-111.552907, 26.534708], [-111.553244, 26.534328], [-111.554948, 26.533321], [-111.554947, 26.533183], [-111.555059, 26.533183], [-111.555285, 26.532941], [-111.555451, 26.532409], [-111.555872, 26.531876], [-111.555871, 26.531662], [-111.556124, 26.531534], [-111.556208, 26.531268], [-111.556376, 26.531115], [-111.556375, 26.530888], [-111.556965, 26.530279], [-111.556697, 26.527295], [-111.556612, 26.52722], [-111.556609, 26.526689], [-111.556524, 26.526613], [-111.556521, 26.526082], [-111.55635, 26.525703], [-111.556434, 26.525475], [-111.556349, 26.5254], [-111.556258, 26.52406], [-111.556342, 26.523984], [-111.556338, 26.523149], [-111.556588, 26.522238], [-111.556585, 26.521782], [-111.556754, 26.521554], [-111.556751, 26.521099], [-111.557169, 26.519959], [-111.557168, 26.519656], [-111.557503, 26.518896], [-111.557584, 26.518288], [-111.557752, 26.517984], [-111.55775, 26.517453], [-111.557987, 26.517162], [-111.558297, 26.517161], [-111.558552, 26.517388], [-111.558706, 26.517387], [-111.558877, 26.517828], [-111.559303, 26.518358], [-111.559304, 26.518509], [-111.559559, 26.518736], [-111.55956, 26.518964], [-111.560242, 26.519871], [-111.560414, 26.520478], [-111.560426, 26.522905], [-111.560683, 26.523511], [-111.560685, 26.523891], [-111.560941, 26.524421], [-111.56103, 26.525255], [-111.561287, 26.525785], [-111.561232, 26.526114], [-111.561458, 26.526316], [-111.56146, 26.526695], [-111.56163, 26.526846], [-111.561716, 26.527149], [-111.561719, 26.527655], [-111.561466, 26.527959], [-111.561467, 26.528174]], [[-111.559007, 26.529347], [-111.558807, 26.529094], [-111.558524, 26.529096], [-111.55834, 26.529262], [-111.558341, 26.529401], [-111.558484, 26.529527], [-111.558851, 26.529526], [-111.559007, 26.529347]]]}}]}