{"type": "FeatureCollection", "name": "aprovechamiento_sustentable_poel", "features": [{"type": "Feature", "id": 1, "properties": {"actividad": "Pesca, Turismo Alternativo y Conservación", "conflictos_potenciales": "Uso y acceso a la zona costera, afectación a la biodiversidad por el aprovechamiento de la fauna silvestre, uso de suelo", "fragilidad": "alta", "localidad_referencia": "El Molino", "nombre": "UGA-1a", "poblacion": 0, "politica_ambiental": "Aprovechamiento Sustentable ", "presion": "alta", "superficie_total": 103.73, "vulnerabilidad": "alta"}, "geometry": {"type": "Polygon", "coordinates": [[[-111.7215371131885, 26.544558103734467], [-111.72153711318856, 26.544558103757105], [-111.72147274017452, 26.54594018984413], [-111.7214727401721, 26.545940189868894], [-111.72147274015595, 26.545940189887805], [-111.7207646370083, 26.5466888128903], [-111.72076463699281, 26.546688812905316], [-111.72076463697495, 26.54668881291742], [-111.71752452851122, 26.548685117107727], [-111.7175245284955, 26.548685117117014], [-111.7139625549374, 26.550700581293423], [-111.71396255492573, 26.550700581299814], [-111.71173095756279, 26.55188386658466], [-111.7117309574782, 26.551883866635], [-111.71173095739897, 26.551883866693412], [-111.71173095732586, 26.55188386675933], [-111.71173095725959, 26.551883866832117], [-111.7117309572008, 26.551883866911066], [-111.71173095715005, 26.551883866995414], [-111.71173095710783, 26.551883867084346], [-111.71173095707458, 26.551883867176993], [-111.71173095705059, 26.551883867272462], [-111.7117309570361, 26.551883867369828], [-111.71173095703125, 26.551883867468145], [-111.71173095703125, 26.55189064825076], [-111.71173095703006, 26.551890648274778], [-111.71173095700946, 26.551890648286975], [-111.70922040948402, 26.55321506308471], [-111.7092204093962, 26.55321506313695], [-111.70922040931416, 26.55321506319788], [-111.70340538026406, 26.558013539535626], [-111.70340538023308, 26.558013539559223], [-111.69842720033985, 26.561506704022193], [-111.69842720029581, 26.561506704054935], [-111.69289112092953, 26.565863413824296], [-111.69289112091072, 26.56586341383769], [-111.69289112089339, 26.565863413822402], [-111.68791294099643, 26.561026880075293], [-111.68791294098105, 26.56102688005882], [-111.68791294100211, 26.561026880050488], [-111.68836355182917, 26.560873336050708], [-111.68836355191364, 26.56087333601758], [-111.68836355199477, 26.560873335976925], [-111.68836355207188, 26.560873335929085], [-111.68836355214432, 26.560873335874454], [-111.68836355221151, 26.56087333581348], [-111.68836355227292, 26.560873335746667], [-111.68849229811114, 26.5607197916752], [-111.68849229812685, 26.560719791658165], [-111.68849229814873, 26.560719791650083], [-111.6912174224562, 26.55985610112694], [-111.69121742248569, 26.55985610111954], [-111.69121742251588, 26.559856101115784], [-111.69366359698749, 26.559702555459037], [-111.69366359710564, 26.559702555444524], [-111.69366359722123, 26.55970255541607], [-111.69471502301558, 26.559376270235777], [-111.6947150230655, 26.55937627021883], [-111.69606685622402, 26.55887724403093], [-111.6960668563274, 26.558877243985993], [-111.69606685642508, 26.558877243929704], [-111.6960668565158, 26.558877243862778], [-111.69752597801727, 26.557668056015224], [-111.69752597808535, 26.557668055953297], [-111.69752597814747, 26.557668055885376], [-111.69922113416973, 26.555633520370087], [-111.69922113418656, 26.55563352035185], [-111.69922113420925, 26.555633520341637], [-111.70177459700523, 26.55463543314211], [-111.70177459708432, 26.554635433107173], [-111.70177459716012, 26.554635433065535], [-111.70177459723203, 26.554635433017506], [-111.70177459729952, 26.55463543296344], [-111.70467138289258, 26.552101787910996], [-111.70467138291608, 26.552101787891672], [-111.70640945432687, 26.55075816548167], [-111.70640945436378, 26.550758165451715], [-111.71046495435635, 26.547303064072434], [-111.71046495437687, 26.547303064056727], [-111.71046495440127, 26.547303064048105], [-111.71514272687676, 26.54592099434901], [-111.71514272689826, 26.54592099434369], [-111.71514272692032, 26.54592099434623], [-111.71765327427066, 26.546324099686778], [-111.71765327437508, 26.54632409969796], [-111.7176532744801, 26.54632409969813], [-111.71765327458455, 26.546324099687286], [-111.7176532746873, 26.546324099665547], [-111.71765327478718, 26.546324099633154], [-111.71810388561875, 26.546151340463673], [-111.7181038856817, 26.54615134043703], [-111.72153711316749, 26.544558103743], [-111.7215371131885, 26.544558103734467]]]}}, {"type": "Feature", "id": 2, "properties": {"actividad": "Pesca, Turismo Alternativo y Conservación", "conflictos_potenciales": "Uso de zona costera ", "fragilidad": "media", "localidad_referencia": "La Casa de Piedra, El Molino", "nombre": "UGA-2", "poblacion": 3, "politica_ambiental": "Aprovechamiento Sustentable", "presion": "alta", "superficie_total": 3784.15, "vulnerabilidad": "alta"}, "geometry": {"type": "MultiPolygon", "coordinates": [[[[-111.76621198654074, 26.545940189869313], [-111.76621198653449, 26.545940189890533], [-111.76604032517282, 26.546439272413473], [-111.76604032516383, 26.54643927243591], [-111.76604032514227, 26.546439272447472], [-111.76567554479821, 26.546612031252884], [-111.76567554468356, 26.546612031316705], [-111.76528930681675, 26.54686157126056], [-111.765289306733, 26.54686157132103], [-111.76528930665592, 26.546861571389822], [-111.76528930658635, 26.546861571466195], [-111.76528930652503, 26.546861571549343], [-111.7650103569156, 26.547283868737935], [-111.76501035690238, 26.547283868756086], [-111.76501035688253, 26.547283868766613], [-111.76464557654846, 26.547456626294984], [-111.76464557647861, 26.5474566263315], [-111.76464557641187, 26.547456626373396], [-111.76428079607162, 26.547706164570272], [-111.76428079605044, 26.54770616458325], [-111.76428079602717, 26.547706164591744], [-111.76372289669798, 26.547878921482322], [-111.7637228966182, 26.547878921510783], [-111.76372289654111, 26.547878921545895], [-111.76372289646727, 26.547878921587408], [-111.7631649971206, 26.548224434598627], [-111.76316499710052, 26.54822443460981], [-111.7631649970777, 26.548224434610866], [-111.76271438651972, 26.548224434610866], [-111.76271438642188, 26.548224434615666], [-111.76271438632497, 26.54822443463001], [-111.76271438622993, 26.548224434653772], [-111.76271438613769, 26.54822443468672], [-111.7627143860491, 26.54822443472853], [-111.76271438596503, 26.548224434778813], [-111.76271438588627, 26.548224434837078], [-111.76271438581361, 26.548224434902767], [-111.76271438574771, 26.548224434975253], [-111.76271438568922, 26.548224435053836], [-111.76232814790181, 26.548800287428453], [-111.76232814788756, 26.548800287447605], [-111.76232814786367, 26.548800287448778], [-111.76196336748743, 26.548800287448778], [-111.76196336746261, 26.548800287447524], [-111.761963367443, 26.54880028743242], [-111.76149129870015, 26.5483971907869], [-111.76149129865382, 26.548397190741834], [-111.7610406875805, 26.547898116740694], [-111.7610406875442, 26.547898116695453], [-111.76074028035079, 26.54747582187884], [-111.76074028029235, 26.547475821804408], [-111.76074028022713, 26.547475821735834], [-111.76074028015572, 26.547475821673732], [-111.76074028007876, 26.54747582161866], [-111.76074027999695, 26.54747582157111], [-111.76074027991099, 26.547475821531503], [-111.76074027982169, 26.547475821500203], [-111.75990343108123, 26.547226282884235], [-111.75990343098569, 26.547226282860795], [-111.7599034308883, 26.547226282846854], [-111.75990343079002, 26.54722628284255], [-111.75638437274861, 26.547245478149808], [-111.75638437267382, 26.54724547815302], [-111.75423860551537, 26.547418235778473], [-111.75423860548312, 26.54741823578003], [-111.7530369758805, 26.54743743105557], [-111.75303697584071, 26.547437431054618], [-111.75183534652683, 26.547360649951568], [-111.75183534642804, 26.547360649950146], [-111.75183534632959, 26.54736064995848], [-111.75183534623244, 26.54736064997649], [-111.75183534613755, 26.547360650004], [-111.75183534604582, 26.547360650040734], [-111.75183534595818, 26.547360650086343], [-111.75127744683365, 26.547686969302422], [-111.75127744674978, 26.5476869693573], [-111.75127744667182, 26.547686969420305], [-111.75099849702843, 26.54793650709039], [-111.75099849700884, 26.547936507106197], [-111.75099849698374, 26.547936507105188], [-111.75016164781074, 26.54785972631918], [-111.75016164778263, 26.5478597263158], [-111.74913167955741, 26.547706164587712], [-111.74913167953525, 26.547706164583367], [-111.74913167951505, 26.547706164573185], [-111.74838066103443, 26.5472838687702], [-111.74838066101158, 26.54728386875566], [-111.74838066099053, 26.547283868738802], [-111.74737215044165, 26.5463816861159], [-111.74737215042238, 26.54638168609665], [-111.74737215040761, 26.546381686073342], [-111.74690008176887, 26.54553708337367], [-111.7469000817115, 26.545537083282845], [-111.74690008164471, 26.5455370831987], [-111.74690008156928, 26.545537083122202], [-111.74690008148609, 26.54553708305424], [-111.74690008139608, 26.545537082995594], [-111.74520492556037, 26.54455810374613], [-111.74520492553816, 26.544558103731656], [-111.74520492552405, 26.54455810370932], [-111.7449259758112, 26.544059013000034], [-111.7449259758007, 26.544059012978952], [-111.74492597580108, 26.544059012955373], [-111.74501180645919, 26.542715296761596], [-111.74501180646075, 26.542715296667215], [-111.7450118064534, 26.542715296573103], [-111.74501180643722, 26.542715296480107], [-111.74501180641235, 26.542715296389048], [-111.74501180637898, 26.54271529630074], [-111.74501180633746, 26.542715296215974], [-111.74501180628812, 26.5427152961355], [-111.7450118062314, 26.542715296060038], [-111.74501180616784, 26.54271529599026], [-111.74408912660405, 26.541793881513158], [-111.74408912658802, 26.541793881495526], [-111.74408912658434, 26.54179388147207], [-111.7439818382716, 26.540795674183126], [-111.74398183825592, 26.540795674084208], [-111.74398183823043, 26.540795673987354], [-111.74398183819537, 26.540795673893538], [-111.74398183815111, 26.540795673803697], [-111.7439818380981, 26.540795673718733], [-111.74398183803683, 26.540795673639497], [-111.74398183796795, 26.54079567356679], [-111.74398183789215, 26.540795673501336], [-111.74247980119128, 26.539624688243347], [-111.74247980116539, 26.539624688221714], [-111.74147129062048, 26.538722445357184], [-111.7414712905539, 26.538722445302596], [-111.74080610301941, 26.538223329384092], [-111.74080610294342, 26.538223329332354], [-111.740806102863, 26.538223329287817], [-111.74080610277883, 26.538223329250854], [-111.74080610269164, 26.538223329221776], [-111.74080610260212, 26.538223329200825], [-111.74080610251107, 26.538223329188185], [-111.74080610241924, 26.53822332918396], [-111.74033403401768, 26.53822332918396], [-111.74033403391472, 26.538223329189275], [-111.73773765566533, 26.538492084298166], [-111.73773765561383, 26.538492084300824], [-111.73625707644553, 26.538492084300824], [-111.73625707635559, 26.538492084304877], [-111.73625707626638, 26.538492084317003], [-111.73625707617862, 26.5384920843371], [-111.73625707609303, 26.538492084365014], [-111.73421859742616, 26.539259952588832], [-111.73421859739774, 26.539259952598577], [-111.73366069815262, 26.53943272218506], [-111.73366069806907, 26.539432722215054], [-111.73366069798853, 26.539432722252336], [-111.7336606979116, 26.539432722296617], [-111.7336606978389, 26.539432722347545], [-111.733660697771, 26.53943272240472], [-111.73293113740753, 26.540104601483463], [-111.73293113733529, 26.54010460155725], [-111.73293113727102, 26.540104601638095], [-111.73293113721545, 26.540104601725137], [-111.73293113716915, 26.540104601817447], [-111.73293113713261, 26.540104601914038], [-111.73293113710623, 26.540104602013884], [-111.73293113709029, 26.540104602115917], [-111.73293113708496, 26.54010460221905], [-111.73293113708496, 26.540603709716894], [-111.7329311370839, 26.540603709739703], [-111.73293113706751, 26.540603709755814], [-111.73237323776196, 26.541102815392243], [-111.73237323769044, 26.541102815463013], [-111.7323732376264, 26.54110281554061], [-111.73237323757049, 26.541102815624253], [-111.73237323752325, 26.54110281571309], [-111.73209428788263, 26.541697900338598], [-111.73209428787129, 26.541697900360017], [-111.73209428785796, 26.541697900380164], [-111.73024892808392, 26.54421257957732], [-111.73024892806953, 26.544212579595126], [-111.73024892804665, 26.5442125795962], [-111.72969102876559, 26.5442125795962], [-111.72969102865316, 26.544212579602537], [-111.72969102854218, 26.544212579621473], [-111.72969102843402, 26.544212579652765], [-111.72848939897918, 26.544634886724733], [-111.72848939895619, 26.544634886731576], [-111.72848939893231, 26.544634886729195], [-111.7274594310369, 26.54448132073225], [-111.72745943094222, 26.54448132072271], [-111.72745943084705, 26.544481320722216], [-111.72745943075228, 26.54448132073077], [-111.72745943065873, 26.544481320748293], [-111.72745943056728, 26.544481320774633], [-111.72745943047875, 26.544481320809542], [-111.72745943039394, 26.54448132085271], [-111.72597885134084, 26.545325931407536], [-111.72597885131802, 26.545325931419036], [-111.72597885129241, 26.545325931420365], [-111.72449827294214, 26.545325931420365], [-111.72449827284413, 26.54532593142518], [-111.72449827274706, 26.545325931439578], [-111.72449827265186, 26.545325931463424], [-111.72449827255946, 26.545325931496485], [-111.72449827247074, 26.545325931538443], [-111.72449827238657, 26.545325931588895], [-111.72449827230776, 26.545325931647355], [-111.72449827223504, 26.545325931713258], [-111.72449827216913, 26.54532593178597], [-111.72449827211068, 26.545325931864795], [-111.72449827206022, 26.54532593194897], [-111.72449827201827, 26.54532593203768], [-111.7244982719852, 26.54532593213008], [-111.72449827196135, 26.545325932225275], [-111.72449827194696, 26.54532593232235], [-111.72449827194214, 26.545325932420365], [-111.72449827194214, 26.545652256605646], [-111.72449827194087, 26.545652256630515], [-111.7244982719237, 26.545652256648506], [-111.72413349155435, 26.54599777639411], [-111.72413349148191, 26.545997776470347], [-111.72385454179536, 26.546324099709746], [-111.72385454177794, 26.546324099728114], [-111.72385454175274, 26.546324099730292], [-111.7232966423261, 26.546343295187885], [-111.72329664230371, 26.546343295187636], [-111.72329664228373, 26.546343295177625], [-111.72209501361127, 26.54567145273195], [-111.7220950135243, 26.545671452688726], [-111.72209501343353, 26.545671452654144], [-111.72209501333985, 26.545671452628525], [-111.72209501324413, 26.54567145261212], [-111.72209501314727, 26.545671452605074], [-111.72209501305018, 26.54567145260746], [-111.72209501295377, 26.545671452619253], [-111.72209501285897, 26.54567145264034], [-111.72209501276666, 26.545671452670526], [-111.72209501267771, 26.545671452709524], [-111.72209501259297, 26.545671452756967], [-111.72209501251322, 26.545671452812407], [-111.72209501243924, 26.545671452875318], [-111.7220950123717, 26.545671452945115], [-111.72209501231126, 26.54567145302113], [-111.72209501225846, 26.545671453102653], [-111.72209501221383, 26.54567145318891], [-111.72190189362617, 26.546093753944795], [-111.72190189361483, 26.54609375396663], [-111.72190189359209, 26.54609375397598], [-111.72097921397679, 26.546420076900866], [-111.72097921389303, 26.546420076934826], [-111.72097921381267, 26.546420076976208], [-111.72097921373638, 26.546420077024674], [-111.72097921366478, 26.546420077079834], [-111.72097921359844, 26.546420077141235], [-111.72097921353793, 26.546420077208374], [-111.72014236451676, 26.54743743103788], [-111.72014236450134, 26.547437431054952], [-111.72014236447934, 26.547437431061244], [-111.71941280393432, 26.54761018832914], [-111.71941280384326, 26.54761018835532], [-111.71941280375508, 26.54761018839], [-111.71941280367058, 26.547610188432866], [-111.71941280359052, 26.54761018848354], [-111.71941280351561, 26.54761018854156], [-111.71941280344653, 26.547610188606413], [-111.7188549041921, 26.54818604430101], [-111.71885490417424, 26.548186044317692], [-111.71885490414996, 26.548186044321444], [-111.71793222451412, 26.54828201999979], [-111.71793222442037, 26.54828202001406], [-111.71793222432838, 26.54828202003715], [-111.71793222423901, 26.548282020068847], [-111.71793222415303, 26.548282020108868], [-111.71793222407123, 26.54828202015685], [-111.7169022560262, 26.548953847707885], [-111.71690225599707, 26.548953847725496], [-111.71570062638366, 26.549625671467744], [-111.71570062636268, 26.54962567147883], [-111.71265363695382, 26.551142059187033], [-111.71265363693291, 26.551142059196216], [-111.71265363692298, 26.551142059175856], [-111.71254634858184, 26.550892528442425], [-111.7125463485731, 26.55089252841883], [-111.71254634857442, 26.550892528393604], [-111.71263217916679, 26.55006715441196], [-111.71263217917215, 26.550067154314167], [-111.7126321791679, 26.550067154216322], [-111.7126321791541, 26.55006715411936], [-111.71263217913089, 26.550067154024212], [-111.71263217909848, 26.550067153931792], [-111.71263217905718, 26.550067153842985], [-111.7126321790074, 26.550067153758643], [-111.7126321789496, 26.550067153679578], [-111.71263217888435, 26.550067153606545], [-111.71263217881227, 26.550067153540244], [-111.71263217873404, 26.55006715348131], [-111.71263217865044, 26.550067153430316], [-111.71263217856223, 26.55006715338774], [-111.71263217847029, 26.550067153354], [-111.71263217837549, 26.550067153329415], [-111.71143054972218, 26.549817620416164], [-111.71143054962106, 26.54981762040051], [-111.71143054951885, 26.549817620395274], [-111.710507870415, 26.549817620395274], [-111.710507870314, 26.549817620400386], [-111.71050787021403, 26.549817620415677], [-111.71050787011612, 26.549817620440987], [-111.71050787002126, 26.549817620476055], [-111.71050786993042, 26.549817620520525], [-111.71050786984455, 26.549817620573943], [-111.71050786976451, 26.54981762063576], [-111.71050786969113, 26.549817620705344], [-111.71050786962515, 26.549817620781987], [-111.71050786956724, 26.5498176208649], [-111.710507869518, 26.54981762095324], [-111.71050786947794, 26.5498176210461], [-111.71031475068015, 26.550335880855425], [-111.71031475067053, 26.550335880877736], [-111.7103147506461, 26.550335880878972], [-111.70707464220592, 26.550335880878972], [-111.70707464218255, 26.550335880877824], [-111.7070746421814, 26.55033588085446], [-111.7070746421814, 26.550009570098023], [-111.70707464217658, 26.550009570000057], [-111.7070746421622, 26.550009569903036], [-111.70707464213838, 26.550009569807887], [-111.70707464210535, 26.550009569715534], [-111.70707464206343, 26.55000956962686], [-111.70707464201304, 26.550009569542713], [-111.70707464195463, 26.550009569463914], [-111.7070746418888, 26.550009569391214], [-111.70707464181615, 26.55000956932531], [-111.70707464173739, 26.550009569266845], [-111.70707464165329, 26.550009569216375], [-111.70707464156466, 26.550009569174385], [-111.70707464147233, 26.55000956914128], [-111.7070746413772, 26.550009569117382], [-111.70707464128019, 26.550009569102915], [-111.70707464118223, 26.550009569098023], [-111.70707464108426, 26.550009569102752], [-111.70353412674478, 26.55035507562154], [-111.70353412664907, 26.55035507563558], [-111.70353412655517, 26.550355075658803], [-111.70353412646395, 26.55035507569099], [-111.70353412637627, 26.55035507573184], [-111.70353412629295, 26.55035507578097], [-111.70353412621475, 26.55035507583792], [-111.70353412614243, 26.55035507590216], [-111.70353412607666, 26.550355075973087], [-111.70353412601804, 26.55035507605004], [-111.70336246491907, 26.55060460759424], [-111.7033624649038, 26.550604607614204], [-111.70336246488667, 26.55060460763247], [-111.70308351529806, 26.550873333595213], [-111.70308351523624, 26.550873333660373], [-111.70308351518051, 26.550873333730816], [-111.70308351513133, 26.550873333805978], [-111.70308351508909, 26.550873333885246], [-111.70252561573383, 26.552044204317788], [-111.70252561569654, 26.552044204406897], [-111.70252561566802, 26.55204420449919], [-111.70216083527198, 26.5534645888338], [-111.70216083526518, 26.553464588855913], [-111.70216083524501, 26.55346458886732], [-111.70132398700824, 26.55388686144004], [-111.70132398692445, 26.55388686148752], [-111.70132398684561, 26.553886861542836], [-111.70132398677246, 26.55388686160548], [-111.70132398670567, 26.553886861674872], [-111.70132398664587, 26.553886861750364], [-111.70132398659361, 26.55388686183126], [-111.70132398654938, 26.55388686191681], [-111.70132398651357, 26.553886862006213], [-111.70132398648654, 26.55388686209865], [-111.70132398646852, 26.553886862193256], [-111.70132398645968, 26.553886862289158], [-111.70132398646012, 26.553886862385465], [-111.70132398646982, 26.553886862481285], [-111.70132398648869, 26.553886862575727], [-111.70132398651656, 26.553886862667916], [-111.70132398655315, 26.553886862756997], [-111.70132398659815, 26.553886862842145], [-111.70151710508982, 26.554213162749047], [-111.70151710510105, 26.554213162770363], [-111.7015171050853, 26.554213162788614], [-111.70040130638372, 26.55538399910458], [-111.70040130632313, 26.55538399917436], [-111.70040130626923, 26.555383999249436], [-111.70040130622249, 26.555383999329166], [-111.70040130618331, 26.555383999412875], [-111.70040130615203, 26.55538399949984], [-111.70040130612891, 26.55538399958932], [-111.70040130611414, 26.555383999680554], [-111.70031547546678, 26.55613256070301], [-111.70031547546269, 26.556132560727594], [-111.70031547544194, 26.55613256074144], [-111.69902801530547, 26.556900310812683], [-111.6990280152247, 26.55690031086632], [-111.6990280151495, 26.55690031092753], [-111.69902801508059, 26.556900310995736], [-111.6990280150186, 26.556900311070297], [-111.69827699662648, 26.557898378447977], [-111.69827699661174, 26.557898378465776], [-111.69827699659552, 26.55789837848206], [-111.69735431672767, 26.558742890362875], [-111.6973543167109, 26.558742890376923], [-111.69735431669174, 26.558742890387883], [-111.69523000720667, 26.559836907902636], [-111.69523000713805, 26.559836907941477], [-111.69439315801313, 26.56035512307865], [-111.69439315790959, 26.560355123152252], [-111.69347047808061, 26.56110365201163], [-111.69347047803618, 26.561103652049898], [-111.69246196748357, 26.562024911665606], [-111.69246196746772, 26.56202491167893], [-111.69246196745013, 26.562024911689317], [-111.69181823734033, 26.562370382119823], [-111.6918182372706, 26.562370382160974], [-111.69143199922783, 26.562619887920402], [-111.6914319992061, 26.562619887932932], [-111.69143199918135, 26.562619887935888], [-111.69003725056875, 26.562715851553467], [-111.69003725046944, 26.56271585156531], [-111.68958663942435, 26.56279262239383], [-111.68958663940421, 26.562792622396422], [-111.68958663938399, 26.56279262239737], [-111.68643236162751, 26.562811815099145], [-111.68643236160375, 26.562811815098115], [-111.68643236159804, 26.56281181507498], [-111.68574571612997, 26.559299497278204], [-111.6857457161087, 26.559299497190576], [-111.68574571607962, 26.55929949710522], [-111.68574571604297, 26.55929949702283], [-111.68574571599905, 26.559299496944078], [-111.6851878167628, 26.558397409215388], [-111.6851878167023, 26.558397409128247], [-111.6851878166329, 26.55839740904801], [-111.68518781655538, 26.558397408975573], [-111.68518781647064, 26.558397408911755], [-111.68518781637961, 26.558397408857278], [-111.68471574785421, 26.558147894008023], [-111.68471574783467, 26.558147893996477], [-111.68471574784343, 26.558147893975242], [-111.68499469689766, 26.55755289596346], [-111.68499469693418, 26.557552895874704], [-111.68499469696204, 26.55755289578285], [-111.68499469698095, 26.557552895688755], [-111.68499469699076, 26.557552895593275], [-111.68499469699137, 26.5575528954973], [-111.68499469698277, 26.557552895401702], [-111.68499469696505, 26.557552895307374], [-111.68499469693836, 26.557552895215178], [-111.68499469690296, 26.557552895125966], [-111.68499469685916, 26.557552895040555], [-111.6849946968074, 26.557552894959738], [-111.6849946967481, 26.557552894884257], [-111.68499469668185, 26.55755289481481], [-111.68499469660925, 26.55755289475203], [-111.68499469653096, 26.5575528946965], [-111.68499469644772, 26.55755289464873], [-111.68499469636028, 26.557552894609163], [-111.68499469626944, 26.557552894578162], [-111.68499469617605, 26.55755289455601], [-111.68499469608096, 26.557552894542916], [-111.68499469598507, 26.557552894538997], [-111.68231248858021, 26.557572088106948], [-111.68231248855638, 26.55757208810596], [-111.68231248853843, 26.55757208809019], [-111.67922258377745, 26.55457785086184], [-111.67922258376389, 26.554577850848947], [-111.67724847795554, 26.5527352044629], [-111.67724847793686, 26.552735204443476], [-111.6772484779205, 26.552735204422316], [-111.67679786716242, 26.552082593899677], [-111.67679786710268, 26.55208259382165], [-111.67679786703557, 26.552082593749866], [-111.67679786696173, 26.552082593685014], [-111.6767978668819, 26.552082593627723], [-111.67679786679682, 26.552082593578547], [-111.67679786670732, 26.552082593537957], [-111.67679786661427, 26.55208259350635], [-111.67679786651857, 26.552082593484023], [-111.67679786642114, 26.5520825934712], [-111.67679786632291, 26.552082593468004], [-111.67679786622486, 26.55208259347446], [-111.6761326791822, 26.55215937134501], [-111.67613267908585, 26.552159371360933], [-111.67613267899151, 26.55215937138618], [-111.67613267890007, 26.552159371420508], [-111.67613267881244, 26.552159371463592], [-111.67568206789775, 26.55240889937461], [-111.67568206784289, 26.55240889940077], [-111.66437387468126, 26.556977085642153], [-111.66437387464755, 26.556977085656495], [-111.66381597523103, 26.557226603166164], [-111.66381597514922, 26.557226603207354], [-111.66306495668995, 26.55764886237888], [-111.66306495666443, 26.55764886239137], [-111.66306495663757, 26.557648862400885], [-111.66214227678655, 26.557917571981505], [-111.66214227676375, 26.557917571986994], [-111.6621422767403, 26.5579175719881], [-111.65954589881949, 26.5579175719881], [-111.65954589871542, 26.557917571993528], [-111.65954589861249, 26.557917572009757], [-111.65954589851181, 26.557917572036608], [-111.65954589841446, 26.557917572073794], [-111.65954589832153, 26.557917572120903], [-111.65954589823399, 26.55791757217743], [-111.6595458981528, 26.55791757224276], [-111.65879487993331, 26.55858934320245], [-111.6587948799126, 26.558589343219065], [-111.65879487988781, 26.55858934322828], [-111.65602684023891, 26.55945304329627], [-111.65602684018013, 26.55945304331078], [-111.65518999118292, 26.559606589271667], [-111.65518999109212, 26.55960658929274], [-111.65518999100368, 26.559606589322183], [-111.65518999091836, 26.55960658935973], [-111.6551899908369, 26.559606589405057], [-111.65463209153458, 26.559952067046954], [-111.65463209150937, 26.559952067061552], [-111.65370941164014, 26.560451088620965], [-111.65370941162075, 26.560451088630387], [-111.65370941160006, 26.560451088636324], [-111.65259361288835, 26.560719791604853], [-111.65259361278302, 26.560719791636437], [-111.6525936126818, 26.560719791679396], [-111.6525936125859, 26.56071979173321], [-111.65259361249649, 26.560719791797226], [-111.65175676347653, 26.561391546451386], [-111.65175676345773, 26.561391546465074], [-111.65175676343583, 26.561391546472997], [-111.65119886400653, 26.561564282773276], [-111.65119886398402, 26.561564282779052], [-111.65119886397817, 26.56156428275656], [-111.65072679536244, 26.559299497895132], [-111.65072679533793, 26.559299497800783], [-111.65072679530434, 26.55929949770927], [-111.650726795262, 26.559299497621463], [-111.65072679521131, 26.559299497538195], [-111.65072679515275, 26.55929949746026], [-111.65072679508688, 26.55929949738839], [-111.65072679501434, 26.55929949732328], [-111.65072679493579, 26.559299497265545], [-111.650726794852, 26.55929949721573], [-111.65072679476376, 26.559299497174308], [-111.6507267946719, 26.55929949714168], [-111.6507267945773, 26.559299497118147], [-111.65072679448086, 26.559299497103936], [-111.65072679438349, 26.559299497099186], [-111.65044784548303, 26.559299497099186], [-111.65044784545995, 26.559299497098078], [-111.65044784545591, 26.55929949707552], [-111.65034055712147, 26.558474182894813], [-111.65034055710616, 26.55847418280757], [-111.65034055708321, 26.55847418272202], [-111.65034055705277, 26.55847418263884], [-111.65034055701508, 26.55847418255868], [-111.64950370790055, 26.556881117249507], [-111.64950370787466, 26.556881117191587], [-111.64922475815672, 26.556132560751248], [-111.64922475814942, 26.55613256072831], [-111.64922475815368, 26.556132560704473], [-111.64939641943458, 26.5553839997423], [-111.64939641945155, 26.555383999647606], [-111.64939641945935, 26.555383999551722], [-111.64939641945789, 26.55538399945553], [-111.64939641944719, 26.555383999359925], [-111.64939641942736, 26.55538399926579], [-111.64939641939857, 26.555383999173994], [-111.6493964193611, 26.555383999085393], [-111.64939641931528, 26.5553839990008], [-111.64883852006143, 26.55446268634111], [-111.6488385200509, 26.55446268632187], [-111.64883852004212, 26.554462686301825], [-111.64864540100928, 26.553963638697123], [-111.64864540100203, 26.553963638675448], [-111.64864540100098, 26.553963638652498], [-111.64864540100098, 26.553291840867857], [-111.6486454009962, 26.553291840770296], [-111.64864540098193, 26.553291840673666], [-111.64864540095832, 26.553291840578886], [-111.64864540092555, 26.553291840486864], [-111.64864540088396, 26.55329184039848], [-111.64864540083397, 26.55329184031457], [-111.648645400776, 26.553291840235943], [-111.64864540071066, 26.553291840163343], [-111.64864540063854, 26.553291840097465], [-111.64864540056034, 26.553291840038938], [-111.64742231371847, 26.552466482720934], [-111.64742231366478, 26.552466482679122], [-111.6468644144998, 26.551967426620788], [-111.64686441441862, 26.551967426555453], [-111.64686441433108, 26.55196742649892], [-111.64686441423814, 26.551967426451807], [-111.6468644141408, 26.55196742641462], [-111.6468644140401, 26.55196742638777], [-111.64686441393717, 26.551967426371537], [-111.6468644138331, 26.551967426366108], [-111.64602756506795, 26.551967426366108], [-111.64602756493753, 26.55196742637465], [-111.64529800427376, 26.552063398890827], [-111.64529800419245, 26.552063398904956], [-111.6452980041126, 26.552063398925736], [-111.64529800403474, 26.55206339895303], [-111.64510488573188, 26.552140176631305], [-111.64510488564152, 26.552140176672538], [-111.6451048855557, 26.55214017672253], [-111.64510488547525, 26.552140176780792], [-111.64510488540098, 26.55214017684675], [-111.64510488533362, 26.552140176919742], [-111.64510488527384, 26.55214017699906], [-111.64510488522222, 26.55214017708392], [-111.64510488517928, 26.552140177173477], [-111.64510488514543, 26.552140177266857], [-111.645104885121, 26.552140177363132], [-111.64510488510625, 26.552140177461357], [-111.64510488510132, 26.55214017756056], [-111.64510488510132, 26.55288875941866], [-111.64510488510017, 26.552888759442027], [-111.64510488507679, 26.552888759443174], [-111.64437532427318, 26.552888759443174], [-111.64437532425015, 26.552888759442073], [-111.6443753242438, 26.5528887594198], [-111.64418220520675, 26.552063398935058], [-111.64418220520184, 26.552063398906867], [-111.6441822052002, 26.552063398878314], [-111.6441822052002, 26.551314811060795], [-111.64418220519487, 26.55131481095767], [-111.64418220517892, 26.551314810855647], [-111.6439890861574, 26.550393465262534], [-111.64398908614298, 26.550393465202912], [-111.64368867877361, 26.549299357686337], [-111.64368867873466, 26.549299357572007], [-111.64368867868221, 26.54929935746321], [-111.64332389833348, 26.548646727007046], [-111.64332389829497, 26.548646726943776], [-111.643044948604, 26.548224434650415], [-111.64304494854824, 26.548224434574088], [-111.64237976076822, 26.547399040532714], [-111.64237976071354, 26.547399040470346], [-111.64126396180825, 26.546228122401935], [-111.64126396179303, 26.546228122384385], [-111.64126396178959, 26.546228122361565], [-111.64096355438491, 26.543310372802097], [-111.64096355438366, 26.543310372777878], [-111.64096355440688, 26.543310372770573], [-111.6416287414274, 26.543137609164777], [-111.64162874152075, 26.54313760913559], [-111.6416287416108, 26.543137609097425], [-111.6416287416967, 26.543137609050643], [-111.64162874177761, 26.543137608995693], [-111.64162874185277, 26.5431376089331], [-111.64162874192145, 26.543137608863468], [-111.64162874198301, 26.543137608787454], [-111.64162874203684, 26.543137608705795], [-111.64162874208245, 26.543137608619265], [-111.64162874211937, 26.543137608528692], [-111.64162874214728, 26.54313760843495], [-111.64162874216588, 26.543137608338927], [-111.64162874217503, 26.543137608241544], [-111.6416287421746, 26.543137608143738], [-111.64152145390783, 26.54112201280827], [-111.64152145389735, 26.54112201270768], [-111.64152145387678, 26.541122012608668], [-111.6415214538463, 26.541122012512236], [-111.64152145380623, 26.54112201241938], [-111.64152145375701, 26.54112201233104], [-111.6415214536991, 26.541122012248128], [-111.64152145363312, 26.541122012171485], [-111.64152145355973, 26.5411220121019], [-111.64152145347968, 26.541122012040088], [-111.64152145339382, 26.54112201198667], [-111.64152145330299, 26.5411220119422], [-111.64152145320813, 26.54112201190713], [-111.64152145311022, 26.541122011881825], [-111.64152145301024, 26.541122011866534], [-111.64152145290925, 26.54112201186142], [-111.64104938509476, 26.54112201186142], [-111.64104938507177, 26.541122011860317], [-111.64104938506759, 26.541122011837565], [-111.64077043544987, 26.53904879019247], [-111.64077043543257, 26.539048790098278], [-111.64077043540634, 26.539048790006174], [-111.64077043537142, 26.539048789917], [-111.64077043532812, 26.53904878983158], [-111.64077043527686, 26.539048789750687], [-111.6407704352181, 26.53904878967507], [-111.64077043515236, 26.539048789605424], [-111.64077043508027, 26.539048789542385], [-111.64077043500248, 26.53904878948653], [-111.6407704349197, 26.539048789438368], [-111.6407704348327, 26.53904878939835], [-111.64077043474227, 26.539048789366838], [-111.64077043464924, 26.53904878934412], [-111.64077043455445, 26.539048789330405], [-111.6407704344588, 26.53904878932582], [-111.63937568667085, 26.53904878932582], [-111.63937568664613, 26.539048789324564], [-111.63937568663009, 26.539048789305877], [-111.63898944884993, 26.538549674992087], [-111.63898944878348, 26.53854967491472], [-111.6389894487095, 26.538549674844518], [-111.63898944862873, 26.53854967478222], [-111.63898944854206, 26.53854967472847], [-111.63898944845037, 26.538549674683825], [-111.6389894483546, 26.538549674648756], [-111.63898944825576, 26.538549674623624], [-111.63898944815487, 26.53854967460869], [-111.63898944805298, 26.538549674604106], [-111.63583517077, 26.538568871361285], [-111.63583517074692, 26.53856887136031], [-111.63583517074507, 26.538568871337503], [-111.63572788238602, 26.53530537598613], [-111.63572788238635, 26.535305375963187], [-111.63572788239891, 26.53530537594375], [-111.63656473158132, 26.53413433441897], [-111.63656473161701, 26.534134334374585], [-111.63701534252326, 26.533635198501464], [-111.6370153425815, 26.533635198430684], [-111.63701534263302, 26.533635198354865], [-111.63701534267737, 26.53363519827465], [-111.6370153427142, 26.533635198190705], [-111.63701534274318, 26.53363519810374], [-111.63701534276409, 26.533635198014494], [-111.63718700408653, 26.53271371056524], [-111.63718700409312, 26.53271371053507], [-111.63738012289156, 26.53194579942757], [-111.6373801229109, 26.531945799330586], [-111.63738012292058, 26.531945799232165], [-111.63738012292048, 26.53194579913327], [-111.63738012291061, 26.53194579903487], [-111.63738012289109, 26.531945798937922], [-111.63738012286207, 26.531945798843378], [-111.63738012282386, 26.53194579875216], [-111.63738012277682, 26.531945798665166], [-111.63738012272142, 26.531945798583244], [-111.6373801226582, 26.531945798507195], [-111.63738012258779, 26.53194579843776], [-111.63738012251085, 26.53194579837562], [-111.63738012242816, 26.531945798321384], [-111.6373801223405, 26.53194579827558], [-111.63738012224876, 26.53194579823866], [-111.63738012215381, 26.531945798210984], [-111.63673639299904, 26.531792215414196], [-111.6367363929755, 26.53179221540733], [-111.6367363929581, 26.531792215390112], [-111.63635015533835, 26.53136986150035], [-111.6363501552673, 26.531369861430058], [-111.63635015518958, 26.531369861367207], [-111.63635015510597, 26.531369861312427], [-111.63635015501733, 26.531369861266267], [-111.63635015492451, 26.531369861229187], [-111.63635015482846, 26.531369861201558], [-111.63635015473012, 26.531369861183656], [-111.63635015463049, 26.53136986117566], [-111.63635015453056, 26.531369861177645], [-111.63635015443134, 26.5313698611896], [-111.6363501543338, 26.5313698612114], [-111.63635015423891, 26.531369861242826], [-111.63570642473866, 26.53161943423569], [-111.63570642471292, 26.531619434244085], [-111.6357064246858, 26.531619434243705], [-111.6345906257877, 26.531542642535868], [-111.63459062576393, 26.531542642533037], [-111.63459062575777, 26.531542642509706], [-111.63420438767751, 26.529718824345412], [-111.63420438764486, 26.52971882422738], [-111.63411855710967, 26.52946924728986], [-111.6341185570736, 26.529469247199547], [-111.63411855702894, 26.529469247113163], [-111.6341185569761, 26.52946924703153], [-111.63411855691558, 26.529469246955408], [-111.63411855684795, 26.529469246885526], [-111.63411855677386, 26.529469246822543], [-111.634118556694, 26.529469246767057], [-111.63411855660912, 26.529469246719593], [-111.63392543794991, 26.529373255467604], [-111.63392543792848, 26.52937325545557], [-111.63392543792725, 26.529373255431196], [-111.63392543792725, 26.528970091387738], [-111.63392543792261, 26.52897009129164], [-111.63392543790877, 26.528970091196435], [-111.63392543788585, 26.528970091102998], [-111.63392543785405, 26.528970091012198], [-111.63392543781367, 26.528970090924876], [-111.63392543776509, 26.528970090841835], [-111.63392543770875, 26.52897009076385], [-111.63392543764519, 26.528970090691633], [-111.63392543757497, 26.528970090625865], [-111.63392543749876, 26.528970090567146], [-111.63392543741726, 26.528970090516026], [-111.63392543733123, 26.52897009047297], [-111.63392543724144, 26.52897009043838], [-111.63392543714876, 26.52897009041258], [-111.63392543705403, 26.528970090395806], [-111.63317441942753, 26.528874098647307], [-111.63317441940401, 26.528874098643108], [-111.63317441939684, 26.528874098620445], [-111.63308858891071, 26.528547726454285], [-111.63308858888011, 26.528547726358024], [-111.63308858883997, 26.528547726265337], [-111.63308858879068, 26.528547726177173], [-111.63308858873275, 26.528547726094434], [-111.63308858866677, 26.52854772601796], [-111.63308858859341, 26.528547725948528], [-111.63308858851342, 26.528547725886856], [-111.63308858842761, 26.528547725833565], [-111.63308858833688, 26.528547725789203], [-111.63308858824212, 26.52854772575422], [-111.63308858814432, 26.528547725728973], [-111.63308858804447, 26.52854772571372], [-111.63308858794359, 26.52854772570862], [-111.63253068926304, 26.52854772570862], [-111.6325306892401, 26.52854772570754], [-111.63253068922754, 26.5285477256884], [-111.63233757022738, 26.528221351907415], [-111.63233757014488, 26.52822135178855], [-111.63205862046621, 26.527875778523697], [-111.63205862045362, 26.52787577850667], [-111.6320586204426, 26.527875778488788], [-111.63197278977606, 26.527722190043953], [-111.63197278976551, 26.527722190022768], [-111.63197278976365, 26.527722189999473], [-111.63184404373244, 26.523709618081806], [-111.63184404373281, 26.523709618058714], [-111.63184404375193, 26.523709618045572], [-111.63212299326995, 26.52353682485122], [-111.6321229933459, 26.52353682479918], [-111.63212299341676, 26.523536824740376], [-111.6321229934819, 26.5235368246753], [-111.63212299354079, 26.52353682460451], [-111.6321229935929, 26.523536824528602], [-111.63223028181982, 26.523364031153463], [-111.63223028183042, 26.523364031137763], [-111.63223028184214, 26.523364031122938], [-111.63250923156009, 26.52303764254322], [-111.63250923157509, 26.52303764252645], [-111.63360357283187, 26.521866475806977], [-111.63360357286018, 26.521866475779014], [-111.63471937177512, 26.52084889500748], [-111.6347193717965, 26.520848894990053], [-111.63471937182123, 26.520848894977775], [-111.63628578183703, 26.52017690273105], [-111.63628578186062, 26.520176902722316], [-111.63628578188568, 26.520176902721047], [-111.63684368104983, 26.520176902721047], [-111.63684368114244, 26.52017690271675], [-111.63684368123424, 26.520176902703895], [-111.63684368132446, 26.520176902682593], [-111.63684368141233, 26.52017690265303], [-111.63684368149708, 26.520176902615454], [-111.63684368157799, 26.520176902570196], [-111.63860321012255, 26.519082507098602], [-111.63860321020859, 26.51908250703861], [-111.63860321028787, 26.519082506969937], [-111.63860321035952, 26.51908250689334], [-111.63860321042274, 26.51908250680966], [-111.63860321047686, 26.51908250671982], [-111.63860321052128, 26.5190825066248], [-111.63860321055549, 26.519082506525653], [-111.63879632949171, 26.518410504312516], [-111.63879632949929, 26.51841050429019], [-111.63879632951449, 26.518410504272342], [-111.63935422868585, 26.517815299004067], [-111.63935422875018, 26.51781529892821], [-111.63935422880664, 26.517815298846333], [-111.6393542288547, 26.517815298759253], [-111.63935422889388, 26.51781529866783], [-111.63935422892378, 26.51781529857297], [-111.6393542289441, 26.517815298475607], [-111.63935422895464, 26.517815298376707], [-111.63935422895533, 26.51781529827725], [-111.63933277130232, 26.51731609165232], [-111.63933277130245, 26.517316091628643], [-111.63933277132205, 26.517316091615342], [-111.64027690872207, 26.516740080867436], [-111.64027690879536, 26.516740080818156], [-111.64027690886402, 26.5167400807626], [-111.6402769089275, 26.5167400807012], [-111.64027690898533, 26.51674008063444], [-111.64100646953949, 26.51581845763525], [-111.64100646959622, 26.51581845755591], [-111.64100646964496, 26.515818457471422], [-111.64100646968524, 26.51581845738259], [-111.64100646971667, 26.515818457290255], [-111.64100646973895, 26.515818457195298], [-111.64100646975189, 26.51581845709862], [-111.64109230041281, 26.51480082302274], [-111.64109230041643, 26.514800822996555], [-111.64109230042553, 26.51480082297166], [-111.64137125013606, 26.514147996217346], [-111.6413712501658, 26.514147996138757], [-111.64154291152207, 26.513629572261387], [-111.64154291153055, 26.513629572239356], [-111.64154291153059, 26.513629572239264], [-111.64154291154303, 26.513629572219326], [-111.64182186125358, 26.513226352020617], [-111.6418218612677, 26.513226352002146], [-111.64182186129085, 26.51322635200071], [-111.64313077906053, 26.51320715100507], [-111.64313077916178, 26.513207150998436], [-111.64313077926184, 26.513207150981575], [-111.64313077935967, 26.513207150954663], [-111.64313077945427, 26.513207150917978], [-111.64368867871801, 26.51295753773324], [-111.64368867874153, 26.512957537724137], [-111.64368867876607, 26.512957537730372], [-111.64424657819268, 26.513130346966495], [-111.64424657821607, 26.51313034697504], [-111.6442465782371, 26.513130346987946], [-111.64461135862163, 26.51337995986326], [-111.64461135864148, 26.513379959878385], [-111.64461135864913, 26.51337995990218], [-111.64471864699775, 26.513783179555695], [-111.64471864700228, 26.5137831795762], [-111.64471864700329, 26.513783179597134], [-111.64474010467357, 26.51764249618669], [-111.64474010467913, 26.517642496286435], [-111.64474010469459, 26.517642496385132], [-111.64474010471983, 26.517642496481795], [-111.64474010475459, 26.517642496575455], [-111.64474010479852, 26.51764249666518], [-111.64474010485118, 26.517642496750074], [-111.64501905435371, 26.518045701142604], [-111.64501905441695, 26.518045701224587], [-111.64501905448833, 26.51804570129959], [-111.64538383472753, 26.518391304051907], [-111.64538383480458, 26.518391304117827], [-111.64538383488791, 26.518391304175605], [-111.64538383497667, 26.51839130422465], [-111.64585590360267, 26.518621705521245], [-111.64585590362437, 26.51862170553324], [-111.64585590363053, 26.518621705557223], [-111.64594173430937, 26.519044106829856], [-111.64594173431288, 26.51904410685246], [-111.64594173431003, 26.519044106875352], [-111.64577007296239, 26.52004250364794], [-111.64577007295046, 26.520042503746282], [-111.64577007294832, 26.52004250384532], [-111.64577007295598, 26.520042503944087], [-111.64585590362147, 26.52071449681838], [-111.64585590362549, 26.520714496881595], [-111.64585590362549, 26.521386485946138], [-111.64585590362427, 26.521386485970513], [-111.6458559036074, 26.521386485988597], [-111.64559841170374, 26.521636080789342], [-111.64559841163634, 26.52163608086146], [-111.64559841157639, 26.521636080939867], [-111.64559841152445, 26.521636081023807], [-111.64559841148103, 26.52163608111246], [-111.64549112320941, 26.521885675320416], [-111.64549112319855, 26.521885675342524], [-111.64549112317509, 26.521885675349978], [-111.64512634318451, 26.521981672942783], [-111.64512634308879, 26.521981672973194], [-111.64512634299659, 26.52198167301305], [-111.64512634290885, 26.52198167306196], [-111.64512634282647, 26.521981673119416], [-111.64512634275027, 26.521981673184854], [-111.64512634268101, 26.521981673257603], [-111.6451263426194, 26.52198167333693], [-111.64512634256607, 26.521981673422044], [-111.64504051221202, 26.522135268988496], [-111.64504051216691, 26.52213526907984], [-111.64504051213135, 26.5221352691753], [-111.64504051210567, 26.522135269273882], [-111.64504051209015, 26.52213526937457], [-111.64504051208496, 26.52213526947631], [-111.64504051208496, 26.522308064555233], [-111.64504051208998, 26.522308064655302], [-111.645040512105, 26.522308064754366], [-111.64512634276869, 26.52273045239057], [-111.64512634277227, 26.522730452413793], [-111.64512634276291, 26.522730452435123], [-111.64504051218937, 26.522903246747813], [-111.6450405121522, 26.52290324683216], [-111.64504051212297, 26.522903246919576], [-111.64504051210191, 26.52290324700931], [-111.64504051208921, 26.5229032471006], [-111.64504051208496, 26.522903247192676], [-111.64504051208496, 26.523056841672183], [-111.6450405120907, 26.523056841779187], [-111.64504051210787, 26.52305684188496], [-111.64504051213625, 26.523056841988293], [-111.64504051217551, 26.523056842087993], [-111.64523363112289, 26.523479226868826], [-111.64523363113261, 26.523479226893496], [-111.64523363113403, 26.52347922692001], [-111.64523363113403, 26.5239016100819], [-111.64523363113922, 26.523901610183643], [-111.64523363115474, 26.523901610284327], [-111.64523363118042, 26.52390161038291], [-111.64523363121599, 26.523901610478372], [-111.64523363126109, 26.523901610569716], [-111.64551258085909, 26.524400788756257], [-111.64551258087032, 26.524400788778994], [-111.64551258087158, 26.524400788803884], [-111.64551258087158, 26.525571929641565], [-111.64551258087035, 26.5255719296661], [-111.64551258086655, 26.525571929691118], [-111.64542675018802, 26.52599430539134], [-111.64542675018217, 26.525994305414365], [-111.64542675015865, 26.525994305415516], [-111.64534092026332, 26.525994305415516], [-111.64534092016267, 26.525994305420593], [-111.64534092006303, 26.525994305435777], [-111.64534091996543, 26.525994305460912], [-111.64534091987088, 26.525994305495743], [-111.64534091978028, 26.525994305539918], [-111.6453409196946, 26.52599430559298], [-111.6453409196147, 26.525994305654404], [-111.64534091954138, 26.525994305723554], [-111.6453409194754, 26.525994305799735], [-111.64534091941742, 26.52599430588217], [-111.64534091936804, 26.525994305970016], [-111.64534091932775, 26.525994306062394], [-111.64534091929696, 26.525994306158356], [-111.64523363114044, 26.526397480793023], [-111.64523363113298, 26.526397480816318], [-111.64523363111225, 26.526397480829313], [-111.6450619699351, 26.526493474652096], [-111.64506196984992, 26.52649347470552], [-111.64506196977052, 26.526493474767232], [-111.64506196969774, 26.526493474836606], [-111.64506196963228, 26.526493474912936], [-111.64486885091712, 26.526743058335423], [-111.64486885086313, 26.526743058412425], [-111.64486885081662, 26.52674305849416], [-111.64486885077798, 26.526743058579896], [-111.64486885074757, 26.526743058668888], [-111.64486885072566, 26.52674305876034], [-111.64486885071243, 26.526743058853448], [-111.64486885070801, 26.526743058947385], [-111.64486885070801, 26.52741501223252], [-111.64486885071315, 26.527415012333844], [-111.64486885072854, 26.527415012434123], [-111.64486885075401, 26.52741501253233], [-111.6448688507893, 26.52741501262745], [-111.64497613905903, 26.527664594266273], [-111.64497613906747, 26.527664594288897], [-111.6449761390714, 26.52766459431286], [-111.64506196972019, 26.528413336261174], [-111.64506196973747, 26.52841333636412], [-111.6450619697654, 26.528413336464705], [-111.64506196980365, 26.52841333656183], [-111.64506196985182, 26.528413336654438], [-111.64506196990939, 26.52841333674152], [-111.64506196997571, 26.52841333682213], [-111.64544820752975, 26.528835701520485], [-111.64544820760071, 26.528835701590694], [-111.64544820767831, 26.52883570165348], [-111.64544820776179, 26.528835701708218], [-111.64544820785031, 26.52883570175436], [-111.64544820794299, 26.528835701791447], [-111.6454482080389, 26.528835701819112], [-111.6454482081371, 26.528835701837075], [-111.64544820823659, 26.528835701845157], [-111.64544820833639, 26.528835701843285], [-111.64572715751005, 26.52881650349338], [-111.64572715759228, 26.52881650348429], [-111.64572715767346, 26.528816503468438], [-111.64637088773317, 26.528662916267965], [-111.64637088775585, 26.528662916263684], [-111.64637088776918, 26.528662916282663], [-111.64673566794184, 26.529238866917613], [-111.64673566799571, 26.529238866994454], [-111.64673566805656, 26.529238867065907], [-111.64673566812384, 26.529238867131337], [-111.64673566819695, 26.529238867190177], [-111.64673566827526, 26.5292388672419], [-111.64673566835808, 26.529238867286054], [-111.64673566844466, 26.529238867322253], [-111.64673566853426, 26.529238867350173], [-111.64673566862608, 26.529238867369575], [-111.64720773694418, 26.529315660546313], [-111.64720773696777, 26.52931566055138], [-111.647207736969, 26.529315660575424], [-111.647207736969, 26.529411651519908], [-111.64720773697366, 26.529411651616346], [-111.6472077369876, 26.529411651711886], [-111.64720773701069, 26.529411651805635], [-111.6472077370427, 26.529411651896723], [-111.64720773708336, 26.529411651984297], [-111.64720773713228, 26.52941165206754], [-111.64720773718899, 26.52941165214568], [-111.64720773725297, 26.529411652217984], [-111.64720773732364, 26.529411652283784], [-111.64720773740031, 26.529411652342464], [-111.64767980573829, 26.529738022511147], [-111.64767980575503, 26.529738022523794], [-111.64767980576937, 26.529738022539053], [-111.64804458616503, 26.53016038292234], [-111.64804458618038, 26.530160382942046], [-111.64804458618164, 26.530160382967022], [-111.64804458618164, 26.530909108015], [-111.6480445861867, 26.53090910811537], [-111.64804458620179, 26.530909108214725], [-111.64804458622679, 26.530909108312066], [-111.64804458626142, 26.530909108406405], [-111.64804458630536, 26.530909108496793], [-111.64804458635814, 26.530909108582314], [-111.64804458641925, 26.530909108662105], [-111.64804458648804, 26.530909108735358], [-111.64804458656384, 26.53090910880134], [-111.6480445866459, 26.530909108859376], [-111.64804458673335, 26.530909108908887], [-111.64804458682534, 26.530909108949366], [-111.64804458692092, 26.53090910898041], [-111.64804458701913, 26.530909109001705], [-111.64804458711899, 26.530909109013034], [-111.64926767346114, 26.53098590108758], [-111.6492676735238, 26.530985901089544], [-111.6497182841163, 26.530985901089544], [-111.64971828421749, 26.53098590108441], [-111.64971828431764, 26.530985901069066], [-111.64971828441571, 26.530985901043667], [-111.64971828451073, 26.530985901008474], [-111.64971828460169, 26.530985900963845], [-111.64971828468767, 26.530985900910245], [-111.64971828476777, 26.53098590084822], [-111.6497182848412, 26.530985900778404], [-111.64971828490718, 26.53098590070152], [-111.64991140363911, 26.53073632648358], [-111.64991140365707, 26.530736326462836], [-111.64991140367911, 26.53073632644658], [-111.65055513379897, 26.530313968176415], [-111.65055513381958, 26.530313968164307], [-111.65055513383989, 26.530313968176916], [-111.65102720234954, 26.53064033589833], [-111.65102720243522, 26.53064033595139], [-111.6510272025258, 26.530640335995553], [-111.65102720262036, 26.53064033603038], [-111.65102720271794, 26.530640336055512], [-111.65102720281757, 26.530640336070693], [-111.65102720291821, 26.53064033607577], [-111.65158510206415, 26.53064033607577], [-111.65158510209842, 26.530640336076946], [-111.65270090042692, 26.53071712834936], [-111.65270090052593, 26.530717128351256], [-111.65270090062462, 26.53071712834336], [-111.65270090072207, 26.530717128325737], [-111.65270090081728, 26.530717128298562], [-111.65270090090934, 26.530717128262108], [-111.65270090099735, 26.530717128216725], [-111.65270090108044, 26.530717128162863], [-111.65270090115779, 26.530717128101045], [-111.65270090122864, 26.530717128031885], [-111.65270090129232, 26.530717127956052], [-111.65270090134818, 26.530717127874297], [-111.65306568133234, 26.530121986808346], [-111.65306568137764, 26.530121986725973], [-111.653065681415, 26.530121986639713], [-111.6530656814441, 26.530121986550327], [-111.6530656814647, 26.5301219864586], [-111.65306568147658, 26.530121986365348], [-111.65315151214403, 26.52904688396473], [-111.6531515121471, 26.529046883941113], [-111.6531515121697, 26.52904688393287], [-111.65370941091693, 26.528874098862264], [-111.65370941100872, 26.52887409882884], [-111.65370941109681, 26.52887409878662], [-111.65370941118037, 26.528874098736004], [-111.65370941125859, 26.52887409867748], [-111.65370941133072, 26.528874098611603], [-111.65370941139608, 26.528874098539], [-111.65370941145405, 26.528874098460367], [-111.65370941150407, 26.528874098376452], [-111.65370941154565, 26.52887409828806], [-111.65370941157842, 26.52887409819603], [-111.65370941160205, 26.52887409810124], [-111.65370941161632, 26.5288740980046], [-111.6537094116211, 26.52887409790703], [-111.6537094116211, 26.528278947437204], [-111.65370941161697, 26.528278947346507], [-111.65370941160464, 26.528278947256556], [-111.6537094115842, 26.528278947168094], [-111.65343046193615, 26.527280622174782], [-111.65343046190573, 26.52728062208322], [-111.65343046186663, 26.527280621995022], [-111.65343046181923, 26.527280621910997], [-111.65343046176393, 26.52728062183193], [-111.65323734284883, 26.52703103931992], [-111.65323734283555, 26.527031039300994], [-111.65323734283447, 26.527031039277936], [-111.65323734283447, 26.52653187306488], [-111.65323734282946, 26.52653187296488], [-111.65323734281446, 26.526531872865885], [-111.65323734278967, 26.526531872768885], [-111.65323734275528, 26.526531872674852], [-111.65323734271166, 26.52653187258473], [-111.65323734265924, 26.52653187249942], [-111.65323734259857, 26.526531872419778], [-111.65323734253023, 26.526531872346602], [-111.65323734245491, 26.52653187228063], [-111.65323734237339, 26.526531872222517], [-111.65323734228645, 26.52653187217285], [-111.65323734219498, 26.526531872132125], [-111.6532373420999, 26.526531872100747], [-111.6529583931215, 26.52645507719423], [-111.65295839309803, 26.52645507718646], [-111.6529583930924, 26.52645507716243], [-111.65285110474098, 26.525859913326098], [-111.65285110473775, 26.52585991330051], [-111.65285110474788, 26.525859913276566], [-111.65321588515123, 26.525111154372222], [-111.65321588516314, 26.52511115435063], [-111.65321588518775, 26.52511115434938], [-111.65396690359474, 26.52511115434938], [-111.65396690368613, 26.525111154345193], [-111.65396690377676, 26.525111154332674], [-111.65583372087474, 26.524765571700797], [-111.65583372096661, 26.52476557167926], [-111.65583372105604, 26.524765571649162], [-111.65583372114224, 26.524765571610768], [-111.65583372122444, 26.52476557156442], [-111.6558337213019, 26.524765571510528], [-111.65583372137394, 26.524765571449578], [-111.65637016295382, 26.52426639480713], [-111.65637016297443, 26.524266394788988], [-111.65729284283249, 26.523498426201638], [-111.65729284289506, 26.523498426144922], [-111.65812969205994, 26.522672854192233], [-111.65812969207808, 26.522672854176058], [-111.65812969210235, 26.522672854177735], [-111.65877342221515, 26.52274965181746], [-111.65877342224067, 26.522749651821872], [-111.65877342226221, 26.522749651836335], [-111.65943860978713, 26.523248835048424], [-111.65943860986938, 26.523248835103995], [-111.65943860995675, 26.523248835151133], [-111.65943861004835, 26.52324883518938], [-111.6594386101433, 26.523248835218354], [-111.65943861024064, 26.523248835237773], [-111.65943861033945, 26.523248835247447], [-111.65943861043871, 26.523248835247276], [-111.66130542687665, 26.52315283865274], [-111.66130542697512, 26.523152838642773], [-111.66130542707214, 26.523152838623115], [-111.66130542716671, 26.52315283859397], [-111.66130542725796, 26.523152838555614], [-111.66130542734496, 26.523152838508427], [-111.66130542742688, 26.52315283845287], [-111.6613054275029, 26.52315283838949], [-111.66130542757227, 26.523152838318904], [-111.66130542763435, 26.523152838241803], [-111.66130542768848, 26.523152838158946], [-111.66130542773416, 26.52315283807114], [-111.66130542777094, 26.523152837979254], [-111.66139125823152, 26.522903246981926], [-111.66139125824078, 26.52290324695886], [-111.6613912582616, 26.522903246945216], [-111.66194915735431, 26.522576857256237], [-111.66194915743709, 26.522576857202147], [-111.66194915751412, 26.522576857140148], [-111.66194915758464, 26.522576857070845], [-111.66194915764798, 26.52257685699492], [-111.6619491577035, 26.522576856913105], [-111.66194915775068, 26.52257685682621], [-111.66194915778905, 26.52257685673508], [-111.66194915781823, 26.522576856640605], [-111.66212081908547, 26.521904874916228], [-111.66212081909278, 26.5219048748927], [-111.66212081911719, 26.52190487489146], [-111.66259288699553, 26.52190487489146], [-111.66259288709182, 26.521904874886815], [-111.6625928871872, 26.52190487487292], [-111.66259288728082, 26.521904874849902], [-111.66259288737179, 26.521904874817977], [-111.66259288745924, 26.521904874777444], [-111.6625928875424, 26.521904874728676], [-111.66259288762048, 26.521904874672128], [-111.66259288769274, 26.521904874608325], [-111.66259288775852, 26.52190487453786], [-111.66259288781723, 26.521904874461388], [-111.66259288786829, 26.521904874379622], [-111.66259288791123, 26.521904874293316], [-111.66259288794566, 26.521904874203276], [-111.66259288797127, 26.52190487411034], [-111.66259288798781, 26.52190487401537], [-111.66302204130416, 26.51846810480032], [-111.66302204131125, 26.518468104711655], [-111.66302204131043, 26.518468104622706], [-111.6630220413017, 26.518468104534186], [-111.66282892227514, 26.517124088354976], [-111.66282892227294, 26.51712408833191], [-111.66282892229394, 26.517124088322376], [-111.66302204069034, 26.517047287173305], [-111.66302204078069, 26.517047287132065], [-111.6630220408665, 26.517047287082068], [-111.66302204094693, 26.517047287023807], [-111.66302204102118, 26.51704728695785], [-111.66302204108852, 26.517047286884857], [-111.66302204114831, 26.517047286805543], [-111.66302204119992, 26.51704728672069], [-111.66302204124285, 26.517047286631136], [-111.6630220412767, 26.517047286537768], [-111.66302204130112, 26.5170472864415], [-111.66302204131587, 26.517047286343285], [-111.6630220413208, 26.51704728624409], [-111.6630220413208, 26.51595286129256], [-111.6630220413219, 26.515952861269863], [-111.66302204134466, 26.515952861272638], [-111.66403055153067, 26.516125665947552], [-111.66403055163497, 26.516125665959827], [-111.66403055173998, 26.5161256659611], [-111.66403055184455, 26.516125665951346], [-111.66403055194752, 26.516125665930684], [-111.66403055204775, 26.516125665899338], [-111.66403055214414, 26.51612566585765], [-111.66403055223563, 26.516125665806086], [-111.66469573962165, 26.515703254035973], [-111.66469573970133, 26.515703253979737], [-111.66469573977515, 26.515703253916005], [-111.66469573984243, 26.51570325384539], [-111.66506052009726, 26.515280840434198], [-111.66506052016673, 26.515280840343795], [-111.66506052022547, 26.51528084024607], [-111.66523218152227, 26.514954428817866], [-111.66523218156985, 26.514954428713192], [-111.66542530058983, 26.514455209282453], [-111.66542530059901, 26.514455209261616], [-111.66542530061655, 26.514455209247004], [-111.66598319987843, 26.514032791208436], [-111.66598319995197, 26.514032791146995], [-111.66598320001928, 26.514032791078797], [-111.66598320007976, 26.514032791004468], [-111.66598320013286, 26.514032790924695], [-111.66598320017808, 26.514032790840204], [-111.66634798048861, 26.513264754011903], [-111.66634798050023, 26.513264753990242], [-111.66634798051786, 26.513264753972816], [-111.66727066017363, 26.51243910861219], [-111.66727066024366, 26.512439108543035], [-111.66727066030654, 26.512439108467326], [-111.66727066036168, 26.512439108385802], [-111.66727066040855, 26.51243910829925], [-111.66727066044668, 26.512439108208515], [-111.6672706604757, 26.51243910811447], [-111.66744232177139, 26.51176706695078], [-111.66744232177835, 26.51176706692815], [-111.6674423217965, 26.51176706691298], [-111.66800022111596, 26.511344638943957], [-111.66800022120204, 26.51134463887078], [-111.6680002212793, 26.511344638788362], [-111.66800022134679, 26.511344638697754], [-111.66827917097649, 26.510922209220553], [-111.66827917099057, 26.510922209201347], [-111.66827917101442, 26.51092220920236], [-111.66911602017379, 26.5109990147022], [-111.66911602023099, 26.510999014710816], [-111.66948080060439, 26.511075820153106], [-111.66948080062754, 26.511075820159192], [-111.66948080063047, 26.511075820182977], [-111.66988849633148, 26.516682478602696], [-111.66988849634367, 26.51668247870179], [-111.6698884963657, 26.51668247879917], [-111.66988849639732, 26.516682478893866], [-111.66988849643823, 26.51668247898494], [-111.66988849648801, 26.51668247907148], [-111.66988849654618, 26.516682479152625], [-111.66988849661215, 26.516682479227562], [-111.66988849668526, 26.516682479295554], [-111.66988849676478, 26.51668247935591], [-111.66988849684994, 26.51668247940804], [-111.66988849693986, 26.51668247945142], [-111.66988849703367, 26.516682479485613], [-111.6698884971304, 26.516682479510287], [-111.66988849722912, 26.516682479525187], [-111.66988849732884, 26.51668247953017], [-111.67083263394814, 26.51668247953017], [-111.67083263397143, 26.516682479531294], [-111.67083263398195, 26.516682479552287], [-111.67119741438853, 26.517508094581938], [-111.67119741439706, 26.51750809460402], [-111.67119741439676, 26.517508094627487], [-111.67111158371124, 26.518928906621454], [-111.67111158370848, 26.51892890664627], [-111.67111158369866, 26.51892890666881], [-111.67093992234463, 26.519274506893677], [-111.67093992233168, 26.51927450691657], [-111.67093992231017, 26.519274506932167], [-111.67055368430383, 26.519524106421652], [-111.67055368423668, 26.519524106469056], [-111.67055368417367, 26.51952410652182], [-111.6692662241264, 26.520695296903718], [-111.66926622405865, 26.52069529697156], [-111.66926622399771, 26.520695297045584], [-111.66926622394413, 26.5206952971251], [-111.66926622389843, 26.520695297209386], [-111.669266223861, 26.52069529729766], [-111.6692662238322, 26.520695297389114], [-111.66918039322594, 26.521021692338294], [-111.6691803932176, 26.521021692364176], [-111.66918039320403, 26.521021692387368], [-111.66890144349323, 26.521444084837743], [-111.66890144348073, 26.521444084855005], [-111.66890144346547, 26.521444084869877], [-111.66842937485858, 26.521866475645915], [-111.66842937478204, 26.521866475722234], [-111.66842937471418, 26.521866475806373], [-111.6684293746558, 26.521866475897344], [-111.66842937460758, 26.521866475994084], [-111.66817188263916, 26.522461660361426], [-111.66817188262841, 26.52246166038325], [-111.66817188261015, 26.522461660399287], [-111.66797876388156, 26.522615255667144], [-111.66797876380298, 26.522615255736675], [-111.66797876373212, 26.522615255814056], [-111.66797876366975, 26.522615255898437], [-111.66797876361657, 26.52261525598889], [-111.66797876357316, 26.522615256084418], [-111.66797876354, 26.522615256183965], [-111.66797876351745, 26.52261525628644], [-111.66789293289577, 26.52313363925517], [-111.66789293289077, 26.523133639278402], [-111.66789293288124, 26.52313363930061], [-111.66752815256683, 26.52388241092103], [-111.66752815253086, 26.523882411004227], [-111.66752815250258, 26.523882411090334], [-111.66752815248222, 26.523882411178654], [-111.66752815246993, 26.523882411268453], [-111.66752815246582, 26.523882411358993], [-111.66752815246582, 26.525207148912504], [-111.66752815247018, 26.5252071490058], [-111.66752815248323, 26.525207149098286], [-111.66752815250486, 26.52520714918915], [-111.66752815253486, 26.5252071492776], [-111.66752815257297, 26.525207149362863], [-111.66752815261889, 26.5252071494442], [-111.66752815267219, 26.5252071495209], [-111.66752815273242, 26.525207149592287], [-111.66752815279904, 26.525207149657746], [-111.66827917087383, 26.52587911207959], [-111.66827917095405, 26.525879112144246], [-111.6682791710405, 26.525879112200304], [-111.66827917113226, 26.525879112247168], [-111.66883707040287, 26.526128697345555], [-111.66883707053049, 26.52612869739252], [-111.66995286938803, 26.52645507717949], [-111.66995286941464, 26.52645507718895], [-111.6699528694401, 26.526455077201415], [-111.67070388784077, 26.526877449631417], [-111.67070388794194, 26.526877449681034], [-111.67070388804805, 26.52687744971895], [-111.67265653595936, 26.527453409639246], [-111.67265653605517, 26.527453409662446], [-111.67265653615281, 26.52745340967609], [-111.67265653625131, 26.52745340968006], [-111.67478084551675, 26.527434211062626], [-111.67478084559976, 26.527434211058424], [-111.67478084568212, 26.527434211047343], [-111.67478084576328, 26.52743421102946], [-111.67572498319456, 26.527184628715787], [-111.67572498321545, 26.527184628711215], [-111.6757249832369, 26.527184628710295], [-111.67654037457292, 26.527184628710295], [-111.67654037466326, 26.527184628706205], [-111.67654037475288, 26.52718462869397], [-111.676540374841, 26.52718462867369], [-111.67654037492694, 26.527184628645532], [-111.67765617363308, 26.52676225736882], [-111.67765617370476, 26.526762257338447], [-111.67765617377385, 26.526762257302593], [-111.6781282423731, 26.52649347481972], [-111.67812824245016, 26.526493474771065], [-111.67812824252246, 26.526493474715604], [-111.67812824258942, 26.526493474653783], [-111.67960882164105, 26.524995960461567], [-111.67960882171049, 26.52499596038359], [-111.67960882177141, 26.524995960298792], [-111.67960882182317, 26.52499596020811], [-111.67960882186517, 26.52499596011252], [-111.67960882189699, 26.524995960013072], [-111.67960882191826, 26.52499595991085], [-111.67986631391223, 26.523325632669728], [-111.67986631392229, 26.523325632574277], [-111.67986631392314, 26.5233256324783], [-111.6798663139148, 26.523325632382683], [-111.67967319488979, 26.521904874924783], [-111.67967319488525, 26.521904874857814], [-111.67967319488525, 26.521309687466967], [-111.67967319487953, 26.52130968736012], [-111.67956590654322, 26.520311301661938], [-111.67956590653037, 26.520311301576942], [-111.67956590651026, 26.520311301493365], [-111.67956590648306, 26.520311301411823], [-111.67956590644896, 26.520311301332917], [-111.67928695679635, 26.519735305679877], [-111.67928695678793, 26.519735305660447], [-111.67928695678124, 26.51973530564046], [-111.67911529549538, 26.51914010723126], [-111.67911529546312, 26.519140107137225], [-111.67911529542168, 26.519140107046862], [-111.67911529537146, 26.519140106961057], [-111.67911529531298, 26.519140106880663], [-111.67911529524682, 26.519140106806475], [-111.6791152951736, 26.519140106739222], [-111.67881488802061, 26.518890506568933], [-111.67881488800153, 26.51889050655131], [-111.67881488798652, 26.518890506530138], [-111.67845010765197, 26.5183145037187], [-111.67845010759684, 26.518314503640255], [-111.67845010753447, 26.51831450356745], [-111.67845010746541, 26.51831450350095], [-111.67750597001772, 26.517488894335116], [-111.67750597000189, 26.51748889432], [-111.67750596998917, 26.517488894302726], [-111.67705535890092, 26.516816882409692], [-111.6770553588883, 26.51681688238864], [-111.67705535890379, 26.51681688236959], [-111.67759180067415, 26.51622166855309], [-111.67759180069018, 26.5162216685369], [-111.67759180071299, 26.516221668535838], [-111.6789007186661, 26.516221668535838], [-111.67890071871173, 26.516221668537927], [-111.67973756787599, 26.516298470494288], [-111.67973756790121, 26.516298470497915], [-111.67973756792412, 26.516298470509007], [-111.68096065519033, 26.51697048545046], [-111.68096065521156, 26.51697048546357], [-111.68096065522805, 26.51697048548258], [-111.68141126616848, 26.517546494957926], [-111.68141126623439, 26.517546495033958], [-111.6814112663076, 26.517546495102984], [-111.68141126638739, 26.517546495164304], [-111.68141126647292, 26.517546495217292], [-111.68141126656336, 26.517546495261417], [-111.6823554038777, 26.517949700220168], [-111.68235540389927, 26.51794970023066], [-111.68235540390931, 26.517949700252327], [-111.68252706526877, 26.518372104001436], [-111.68252706527612, 26.518372104022113], [-111.68252706527781, 26.518372104044175], [-111.6825485229444, 26.51904410670179], [-111.68254852295254, 26.51904410680118], [-111.68254852297056, 26.519044106899262], [-111.68254852299825, 26.51904410699506], [-111.68272018431028, 26.519543306362994], [-111.68272018434648, 26.51954330645361], [-111.68291330335593, 26.519965704296666], [-111.6829133033984, 26.519965704379185], [-111.68329954146107, 26.520637697821282], [-111.68329954147225, 26.520637697843156], [-111.68329954148126, 26.520637697866206], [-111.68349266051463, 26.52121368912077], [-111.68349266052108, 26.52121368914372], [-111.68349266050345, 26.521213689160188], [-111.68310642312284, 26.521540082341943], [-111.68310642305066, 26.521540082409317], [-111.68310642298549, 26.521540082483476], [-111.68310642292793, 26.521540082563703], [-111.68310642287858, 26.521540082649214], [-111.68310642283791, 26.521540082739172], [-111.68310642280629, 26.521540082832704], [-111.68310642278405, 26.5215400829289], [-111.68310642277142, 26.52154008302682], [-111.68310642276849, 26.521540083125508], [-111.68310642277531, 26.521540083224004], [-111.68310642279181, 26.521540083321344], [-111.68310642281783, 26.521540083416586], [-111.68310642285311, 26.521540083508796], [-111.68310642289732, 26.521540083597078], [-111.68310642295002, 26.521540083680573], [-111.68357849110683, 26.52221206707307], [-111.68357849116154, 26.52221206714397], [-111.68357849122238, 26.52221206720969], [-111.68357849128884, 26.522212067269706], [-111.68357849136041, 26.522212067323537], [-111.6839432716132, 26.522461660367732], [-111.6839432716359, 26.52246166038525], [-111.68394327165636, 26.5224616604052], [-111.68432950970131, 26.5228840475401], [-111.6843295097725, 26.52288404761051], [-111.68460845918352, 26.523133639020145], [-111.68460845925523, 26.523133639078566], [-111.68460845933203, 26.52313363913011], [-111.68460845941325, 26.52313363917434], [-111.68460845949822, 26.523133639210872], [-111.68460845958622, 26.5231336392394], [-111.68460845967645, 26.52313363925968], [-111.68460845976819, 26.52313363927153], [-111.68460845986061, 26.523133639274857], [-111.6864752768997, 26.523114439936926], [-111.6864752769941, 26.523114439931483], [-111.68720483706983, 26.523037642611456], [-111.687204837166, 26.523037642596574], [-111.68720483726024, 26.523037642572415], [-111.6872048373517, 26.52303764253921], [-111.68720483743951, 26.523037642497275], [-111.68720483752281, 26.523037642447008], [-111.68720483760085, 26.52303764238888], [-111.68720483767287, 26.52303764232344], [-111.68720483773818, 26.523037642251314], [-111.68720483779617, 26.52303764217318], [-111.6872048378463, 26.523037642089783], [-111.68720483788807, 26.523037642001906], [-111.68720483792112, 26.523037641910385], [-111.6872048379451, 26.523037641816085], [-111.68729066848279, 26.52261525593019], [-111.68729066848852, 26.522615255907574], [-111.68729066851022, 26.522615255899197], [-111.68804168698924, 26.522365663085406], [-111.68804168701197, 26.52236566307903], [-111.68804168703521, 26.522365663074833], [-111.68935060498427, 26.522192867728265], [-111.68935060503794, 26.5221928677241], [-111.69016599642028, 26.522173668228085], [-111.69016599650706, 26.52217366822226], [-111.69016599659302, 26.52217366820891], [-111.6901659966775, 26.52217366818814], [-111.6912817954678, 26.521847276248046], [-111.69128179553667, 26.521847276233082], [-111.69194698329731, 26.52175127842411], [-111.69194698337685, 26.521751278409326], [-111.69304132456264, 26.521501683723255], [-111.69304132466671, 26.52150168369351], [-111.69426441191017, 26.52107929143781], [-111.69426441194275, 26.521079291427792], [-111.69518709176579, 26.52082969528092], [-111.69518709188637, 26.5208296952399], [-111.69602394091795, 26.520484099724726], [-111.6960239409973, 26.520484099687813], [-111.69602394107312, 26.520484099644104], [-111.69602394114483, 26.52048409959394], [-111.69647455213732, 26.52013850305732], [-111.69647455215498, 26.520138503044958], [-111.69647455217527, 26.520138503037543], [-111.69750452033958, 26.519812105295838], [-111.69750452041505, 26.519812105268542], [-111.69750452048808, 26.519812105235285], [-111.69834136961643, 26.519389706783034], [-111.69834136964168, 26.519389706771157], [-111.7001008987194, 26.518621705542536], [-111.70010089874293, 26.518621705533658], [-111.7001008987681, 26.518621705532258], [-111.70409202554586, 26.51860250543647], [-111.70409202564962, 26.518602505430568], [-111.7040920257522, 26.518602505413934], [-111.7040920258525, 26.518602505386742], [-111.70409202594944, 26.51860250534929], [-111.70464992520994, 26.518352903893117], [-111.70464992523156, 26.518352903884665], [-111.70464992524634, 26.518352903902624], [-111.70520782460147, 26.519101706770407], [-111.70520782465671, 26.519101706838153], [-111.70520782471766, 26.519101706900816], [-111.70520782478384, 26.51910170695792], [-111.70520782485477, 26.519101707009025], [-111.70585155485158, 26.519524106453886], [-111.70585155486982, 26.51952410646709], [-111.70585155488226, 26.519524106486063], [-111.70604467368769, 26.519850504665534], [-111.70604467373987, 26.519850504744877], [-111.70604467379934, 26.51985050481891], [-111.70604467386556, 26.519850504886968], [-111.70604467393795, 26.519850504948437], [-111.70604467401584, 26.51985050500276], [-111.70604467409854, 26.519850505049455], [-111.70604467418528, 26.519850505088094], [-111.7060446742753, 26.519850505118328], [-111.70604467436779, 26.51985050513989], [-111.7068815230428, 26.52000410405723], [-111.7068815231327, 26.520004104069542], [-111.70688152322333, 26.52000410407366], [-111.70752525327211, 26.52000410407366], [-111.70752525329517, 26.52000410407476], [-111.70752525330587, 26.520004104095484], [-111.70771837229108, 26.520426500190332], [-111.70771837233012, 26.520426500266836], [-111.70771837237557, 26.52042650033971], [-111.70771837242711, 26.520426500408412], [-111.70819044106008, 26.521002492581868], [-111.708190441136, 26.52100249266456], [-111.70819044122071, 26.521002492738223], [-111.70883417127537, 26.52150168369586], [-111.70883417129417, 26.521501683712007], [-111.70883417130744, 26.52150168373317], [-111.70930624000023, 26.52234646346114], [-111.7093062400593, 26.52234646355438], [-111.7093062401283, 26.522346463640538], [-111.70930624020637, 26.522346463718566], [-111.7098641395349, 26.52284564878587], [-111.70986413955559, 26.5228456488067], [-111.70986413957365, 26.522845648829772], [-111.71014308925584, 26.52324883521009], [-111.71014308934022, 26.52324883531595], [-111.71052932737696, 26.523671219545662], [-111.71052932739153, 26.523671219563163], [-111.71052932739258, 26.52367121958584], [-111.71052932739258, 26.524496784356156], [-111.71052932739116, 26.524496784382723], [-111.71052932738422, 26.52449678440812], [-111.71035766604034, 26.52501515918423], [-111.71035766601862, 26.52501515925958], [-111.71035766600288, 26.52501515933641], [-111.71025037767166, 26.52566792419012], [-111.71025037766026, 26.525667924291575], [-111.71025037765926, 26.525667924393666], [-111.71027183531663, 26.526186293624498], [-111.71027183532571, 26.52618629372367], [-111.7102718353446, 26.526186293821443], [-111.7102718353731, 26.526186293916858], [-111.71027183541098, 26.526186294008962], [-111.71027183545782, 26.526186294096842], [-111.71091556539105, 26.527261423171232], [-111.71091556544413, 26.527261423250962], [-111.7109155655046, 26.527261423325246], [-111.7109155655719, 26.527261423393405], [-111.71091556564541, 26.527261423454814], [-111.711473464689, 26.527683792660415], [-111.71147346476776, 26.527683792714324], [-111.71147346485131, 26.527683792760484], [-111.71147346493886, 26.52768379279847], [-111.71147346502964, 26.527683792827933], [-111.71147346512282, 26.52768379284861], [-111.71147346521754, 26.52768379286031], [-111.71147346531295, 26.527683792862923], [-111.71241760194368, 26.5276645943007], [-111.71241760204107, 26.527664594293952], [-111.71241760213734, 26.52766459427774], [-111.71241760223155, 26.527664594252226], [-111.71241760232284, 26.527664594217644], [-111.71241760241031, 26.527664594174325], [-111.71241760249316, 26.527664594122683], [-111.71241760257057, 26.52766459406321], [-111.7124176026418, 26.527664593996477], [-111.7124176027062, 26.527664593923113], [-111.71241760276314, 26.52766459384382], [-111.71241760281207, 26.52766459375935], [-111.71267509459352, 26.527165430066688], [-111.71267509460533, 26.527165430046256], [-111.71267509462544, 26.52716543003347], [-111.71415567347627, 26.52632068589952], [-111.71415567355697, 26.526320685848216], [-111.7141556736324, 26.526320685789432], [-111.71415567370187, 26.526320685723718], [-111.71415567376475, 26.526320685651665], [-111.71415567382046, 26.526320685573936], [-111.71415567386848, 26.526320685491243], [-111.71415567390838, 26.52632068540434], [-111.71415567393981, 26.526320685314023], [-111.71415567396247, 26.526320685221116], [-111.71415567397614, 26.526320685126468], [-111.71415567398071, 26.52632068503095], [-111.71415567398071, 26.525495133933156], [-111.71415567398186, 26.525495133909523], [-111.71415567400408, 26.525495133901433], [-111.71471357324742, 26.525322343330476], [-111.7147135733481, 26.525322343293265], [-111.71471357344421, 26.525322343245474], [-111.71471357353465, 26.525322343187657], [-111.71471357361837, 26.525322343120486], [-111.71499252317524, 26.525072756339004], [-111.71499252319327, 26.5250727563244], [-111.71499252320973, 26.525072756340887], [-111.71535730349862, 26.52547593482773], [-111.71535730356123, 26.52547593489102], [-111.71535730362922, 26.525475934948492], [-111.71535730370205, 26.52547593499969], [-111.71535730377914, 26.525475935044206], [-111.71602249143372, 26.52582151551309], [-111.71602249145437, 26.52582151552511], [-111.71602249147068, 26.525821515542432], [-111.71630144117617, 26.52614789619242], [-111.71630144119138, 26.52614789621216], [-111.71630144119263, 26.526147896236917], [-111.71630144119263, 26.526570269394348], [-111.71630144119699, 26.526570269487646], [-111.71630144121004, 26.52657026958013], [-111.71630144123166, 26.526570269670994], [-111.71630144126166, 26.526570269759443], [-111.71630144129979, 26.526570269844708], [-111.71630144134569, 26.526570269926044], [-111.716301441399, 26.526570270002743], [-111.71630144145922, 26.526570270074135], [-111.71630144152584, 26.526570270139594], [-111.71658039079531, 26.526819853407847], [-111.71658039086459, 26.526819853464467], [-111.71658039093866, 26.526819853514667], [-111.71658039101692, 26.52681985355804], [-111.71658039109874, 26.526819853594255], [-111.71741724011932, 26.527146231368164], [-111.71741724014228, 26.527146231378484], [-111.71741724016393, 26.52714623139097], [-111.71780347821993, 26.527395813798414], [-111.71780347823996, 26.527395813812838], [-111.71780347825059, 26.527395813835167], [-111.7180824277184, 26.52806776319671], [-111.71808242776099, 26.528067763286426], [-111.71808242781226, 26.528067763371478], [-111.7180824278717, 26.528067763451023], [-111.71808242793877, 26.52806776352428], [-111.71808242801275, 26.528067763590524], [-111.71808242809296, 26.528067763649105], [-111.71808242817856, 26.52806776369944], [-111.71808242826874, 26.528067763741035], [-111.71808242836259, 26.528067763773482], [-111.71808242845921, 26.528067763796457], [-111.71808242855764, 26.528067763809737], [-111.71808242865688, 26.52806776381319], [-111.7193698876313, 26.528048565316205], [-111.71936988772995, 26.528048565309845], [-111.7193698878275, 26.52804856529378], [-111.71936988792297, 26.52804856526816], [-111.71936988801545, 26.52804856523324], [-111.71936988810403, 26.528048565189362], [-111.71936988818784, 26.52804856513695], [-111.71936988826609, 26.528048565076517], [-111.71936988833797, 26.528048565008657], [-111.7193698884028, 26.528048564934032], [-111.71936988845994, 26.52804856485337], [-111.71936988850885, 26.52804856476746], [-111.71936988854902, 26.52804856467714], [-111.71956300734601, 26.52754940275541], [-111.71956300735567, 26.52754940273362], [-111.71956300737538, 26.527549402720766], [-111.72012090680934, 26.527223026042414], [-111.7201209068302, 26.52722302603151], [-111.7201209068534, 26.527223026026913], [-111.72076463674087, 26.527127032743703], [-111.72076463683887, 26.527127032724035], [-111.72076463693442, 26.527127032694686], [-111.72076463702656, 26.527127032655944], [-111.72076463711437, 26.527127032608195], [-111.72076463719698, 26.527127032551924], [-111.72132253607211, 26.526704661425093], [-111.72132253615054, 26.526704661359123], [-111.7213225362218, 26.526704661285475], [-111.72132253628517, 26.52670466120492], [-111.72132253633994, 26.526704661118302], [-111.72132253638557, 26.526704661026532], [-111.72132253642157, 26.526704660930573], [-111.72132253644754, 26.526704660831435], [-111.72132253646325, 26.526704660730157], [-111.7213225364685, 26.526704660627807], [-111.7213225364685, 26.526128697436615], [-111.72132253646053, 26.52612869731062], [-111.72121524816451, 26.525283945755643], [-111.72121524814834, 26.525283945663258], [-111.7212152481236, 26.52528394557279], [-111.72121524809047, 26.525283945485043], [-111.72121524804928, 26.525283945400783], [-111.72121524800038, 26.525283945320755], [-111.72121524794419, 26.525283945245658], [-111.72121524788122, 26.525283945176156], [-111.721215247812, 26.52528394511286], [-111.72121524773716, 26.52528394505633], [-111.72085046770194, 26.525034358297095], [-111.72085046768305, 26.525034358282785], [-111.72085046768188, 26.525034358258985], [-111.72085046768188, 26.524285594582615], [-111.72085046767744, 26.52428559448845], [-111.72085046766415, 26.524285594395124], [-111.72085046764212, 26.524285594303464], [-111.72085046761157, 26.524285594214284], [-111.72085046757276, 26.524285594128376], [-111.72085046752603, 26.524285594046507], [-111.72085046747179, 26.5242855939694], [-111.72085046741054, 26.524285593897744], [-111.72085046734281, 26.52428559383217], [-111.72085046726922, 26.52428559377327], [-111.72085046719039, 26.52428559372156], [-111.72085046710706, 26.5242855936775], [-111.71999216081848, 26.523882411138402], [-111.71999216079818, 26.523882411127676], [-111.71999216079712, 26.523882411104953], [-111.71999216079712, 26.523210436648117], [-111.71999216080114, 26.52321043658491], [-111.7200779913687, 26.522538459086228], [-111.72007799137637, 26.52253845898721], [-111.72007799137418, 26.52253845888792], [-111.72007799136216, 26.522538458789334], [-111.72007799134042, 26.522538458692427], [-111.72007799130917, 26.522538458598156], [-111.72007799126872, 26.522538458507448], [-111.72007799121948, 26.522538458421202], [-111.72007799116193, 26.522538458340264], [-111.72007799109663, 26.522538458265434], [-111.72007799102424, 26.52253845819745], [-111.72007799094546, 26.52253845813698], [-111.72007799086106, 26.52253845808463], [-111.72007799077188, 26.522538458040902], [-111.72007799067882, 26.522538458006238], [-111.72007799058277, 26.52253845798098], [-111.71971321108337, 26.522461660389], [-111.71971321106071, 26.522461660383065], [-111.71971321105957, 26.522461660359678], [-111.71971321105957, 26.521866475819948], [-111.71971321106108, 26.521866475792716], [-111.71971321106858, 26.521866475766224], [-111.71988487238217, 26.521367286494527], [-111.71988487241224, 26.521367286388355], [-111.71988487243043, 26.521367286279517], [-111.71988487243652, 26.521367286169337], [-111.71988487243652, 26.521117690818464], [-111.71988487243763, 26.52111769079528], [-111.71988487245848, 26.521117690784727], [-111.72027111021897, 26.520944893704304], [-111.72027111030384, 26.520944893661383], [-111.72027111038423, 26.520944893610597], [-111.72027111045945, 26.520944893552404], [-111.7202711105288, 26.520944893487325], [-111.72027111059165, 26.520944893415958], [-111.72027111064743, 26.520944893338942], [-111.72027111069565, 26.52094489325697], [-111.72044277189886, 26.520618498107165], [-111.72044277191284, 26.52061849808379], [-111.72044277193149, 26.52061849806407], [-111.7208075520254, 26.520272902153053], [-111.72080755209545, 26.52027290207959], [-111.7208075521577, 26.520272901999405], [-111.72080755221148, 26.520272901913327], [-111.72080755225628, 26.520272901822235], [-111.72080755229159, 26.520272901727072], [-111.72080755231708, 26.52027290162882], [-111.72080755233249, 26.52027290152849], [-111.72080755233765, 26.520272901427116], [-111.72080755233765, 26.51994650448991], [-111.72080755233871, 26.51994650446691], [-111.72080755234595, 26.51994650444528], [-111.72100067137707, 26.51944730668792], [-111.721000671388, 26.519447306663654], [-111.72100067140144, 26.5194473066407], [-111.72127962110652, 26.51902490685305], [-111.72127962114536, 26.519024906801754], [-111.72200918190981, 26.518180102567857], [-111.72200918197207, 26.518180102487904], [-111.72200918202593, 26.51818010240206], [-111.72228813170179, 26.51768089702915], [-111.7222881317147, 26.517680897008482], [-111.72228813173687, 26.517680896998606], [-111.72293186185158, 26.517431293462046], [-111.72293186187784, 26.517431293453505], [-111.72293186190485, 26.517431293447935], [-111.72357559202273, 26.517335291942775], [-111.72357559204106, 26.517335291940736], [-111.72357559205952, 26.51733529194005], [-111.72413349149222, 26.51733529194005], [-111.72413349151579, 26.517335291941176], [-111.72413349153621, 26.51733529195303], [-111.72451972959261, 26.517584895690256], [-111.7245197296133, 26.5175848957052], [-111.72451972962853, 26.517584895725836], [-111.72479867934004, 26.518007300820546], [-111.72479867935097, 26.518007300838757], [-111.72479867935873, 26.518007300858876], [-111.72507762902757, 26.518832906203794], [-111.72507762906234, 26.518832906292527], [-111.7250776291054, 26.518832906377543], [-111.72507762915636, 26.518832906458073], [-111.72507762921475, 26.518832906533387], [-111.72535657881045, 26.519159306923545], [-111.72535657882565, 26.519159306943266], [-111.7253565788269, 26.519159306968035], [-111.7253565788269, 26.51983130497951], [-111.72535657883117, 26.51983130507166], [-111.72535657884389, 26.519831305163027], [-111.72535657886499, 26.519831305252833], [-111.72535657889426, 26.51983130534031], [-111.72554969786769, 26.520330501279], [-111.72554969787491, 26.520330501300602], [-111.72554969787598, 26.520330501323606], [-111.72554969787598, 26.520829694911036], [-111.72554969788068, 26.520829695007897], [-111.72554969789475, 26.520829695103846], [-111.72554969791804, 26.520829695197982], [-111.72554969795033, 26.52082969528942], [-111.72554969799134, 26.5208296953773], [-111.72554969804065, 26.520829695460797], [-111.72554969809784, 26.52082969553912], [-111.72582864657171, 26.521175288523196], [-111.72582864663686, 26.521175288596268], [-111.72582864670882, 26.521175288662622], [-111.72582864678694, 26.521175288721622], [-111.72582864687044, 26.5211752887727], [-111.72582864695855, 26.52117528881537], [-111.72582864705039, 26.52117528884922], [-111.72582864714512, 26.521175288873927], [-111.7258286472418, 26.521175288889257], [-111.72582864733953, 26.52117528889506], [-111.72582864743734, 26.52117528889128], [-111.72582864753431, 26.521175288877952], [-111.72582864762953, 26.521175288855208], [-111.72582864772207, 26.52117528882326], [-111.72582864781103, 26.521175288782423], [-111.72582864789557, 26.52117528873308], [-111.7258286479749, 26.52117528867571], [-111.72582864804822, 26.521175288610856], [-111.72582864811486, 26.521175288539148], [-111.72582864817416, 26.521175288461265], [-111.72582864822556, 26.521175288377957], [-111.72582864826857, 26.52117528829002], [-111.72593593596423, 26.520925693877622], [-111.72593593597448, 26.52092569385673], [-111.72593593599086, 26.520925693873114], [-111.72630071638255, 26.521328887038198], [-111.7263007163988, 26.521328887058157], [-111.72630071640015, 26.521328887083936], [-111.72630071640015, 26.52192407440864], [-111.72630071639864, 26.521924074435873], [-111.72630071639114, 26.521924074462365], [-111.72612905517943, 26.52242326101687], [-111.72612905515179, 26.522423261112444], [-111.7261290551338, 26.52242326121029], [-111.72612905512561, 26.52242326130944], [-111.72612905512732, 26.522423261408917], [-111.7261290551389, 26.52242326150773], [-111.72612905516024, 26.522423261604903], [-111.72612905519112, 26.522423261699476], [-111.72612905523127, 26.522423261790507], [-111.72612905528025, 26.5224232618771], [-111.72649383528793, 26.52299924355987], [-111.72649383534407, 26.522999243639646], [-111.72649383540774, 26.522999243713567], [-111.7264938354783, 26.522999243780934], [-111.72649383555509, 26.522999243841102], [-111.72649383563737, 26.522999243893505], [-111.72649383572437, 26.522999243937644], [-111.72705173490299, 26.523248835256343], [-111.7270517349236, 26.52324883526675], [-111.72705173493722, 26.52324883528524], [-111.72771692274651, 26.52424719562453], [-111.72771692275883, 26.524247195645138], [-111.72771692276001, 26.52424719566926], [-111.72771692276001, 26.52459277963322], [-111.72771692276572, 26.524592779739873], [-111.72771692278276, 26.52459277984531], [-111.72771692281096, 26.52459277994833], [-111.72771692284998, 26.52459278004775], [-111.72771692289938, 26.52459278014245], [-111.7279100417899, 26.524919164055643], [-111.72791004183074, 26.52491916411907], [-111.72855377178081, 26.525840714139207], [-111.72855377183711, 26.52584071421237], [-111.72855377189993, 26.525840714280033], [-111.72855377196872, 26.525840714341612], [-111.72855377204289, 26.525840714396587], [-111.72855377212181, 26.525840714444485], [-111.72855377220482, 26.525840714484897], [-111.7285537722912, 26.525840714517486], [-111.72902584049885, 26.525994305330784], [-111.7290258406021, 26.52599430535837], [-111.7290258407077, 26.525994305374784], [-111.72902584081446, 26.525994305379832], [-111.72902584092115, 26.525994305373455], [-111.72902584102654, 26.525994305355734], [-111.73014163968406, 26.525744719939116], [-111.73014163970943, 26.525744719934814], [-111.73014163973427, 26.525744719941112], [-111.73069953909668, 26.525917509913146], [-111.73069953918547, 26.525917509936235], [-111.73069953927599, 26.525917509951096], [-111.73200845638365, 26.5260711007454], [-111.73200845648027, 26.526071100752016], [-111.73200845657708, 26.526071100749256], [-111.73200845667317, 26.52607110073714], [-111.73200845676763, 26.526071100715793], [-111.73200845685959, 26.526071100685403], [-111.73200845694817, 26.526071100646263], [-111.73200845703255, 26.526071100598735], [-111.73200845711195, 26.52607110054327], [-111.7320084571856, 26.526071100480383], [-111.73200845725282, 26.526071100410668], [-111.73200845731299, 26.52607110033478], [-111.73200845736552, 26.52607110025342], [-111.73200845740995, 26.526071100167364], [-111.73200845744584, 26.526071100077417], [-111.73218011855302, 26.525571929688994], [-111.73218011856159, 26.525571929667496], [-111.73218011858464, 26.5255719296664], [-111.73254489894387, 26.5255719296664], [-111.73254489902959, 26.525571929662718], [-111.73366069791562, 26.52547593496305], [-111.73366069795848, 26.52547593496121], [-111.73449754712533, 26.52547593496121], [-111.73449754714939, 26.525475934962383], [-111.73449754717119, 26.525475934972594], [-111.73544168470211, 26.525975106540542], [-111.735441684722, 26.525975106552288], [-111.73544168473055, 26.52597510657378], [-111.73552751530832, 26.52622469123301], [-111.73552751534648, 26.52622469132788], [-111.73552751539411, 26.526224691418356], [-111.73552751545076, 26.526224691503497], [-111.73552751551578, 26.52622469158241], [-111.73552751558853, 26.526224691654267], [-111.73552751566824, 26.52622469171832], [-111.73608541486543, 26.526627866109894], [-111.73608541490584, 26.52662786614243], [-111.73647165268156, 26.526973442948876], [-111.7364716527565, 26.52697344300969], [-111.73647165283698, 26.526973443062992], [-111.7364716529222, 26.52697344310829], [-111.7364716530114, 26.52697344314516], [-111.73647165310375, 26.526973443173254], [-111.73647165319838, 26.52697344319232], [-111.73647165329439, 26.526973443202174], [-111.73647165339091, 26.526973443202724], [-111.73692226407503, 26.52695424452086], [-111.73692226409871, 26.526954244520994], [-111.73692226411714, 26.526954244535958], [-111.73711538313296, 26.527127032692412], [-111.7371153831476, 26.52712703270662], [-111.73711538316103, 26.527127032721967], [-111.73778057068368, 26.527952572299615], [-111.73778057074962, 26.527952572373632], [-111.73778057082258, 26.52795257244075], [-111.73778057090182, 26.52795257250032], [-111.73778057098656, 26.527952572551747], [-111.73778057107599, 26.527952572594533], [-111.73778057116921, 26.527952572628255], [-111.7377805712653, 26.52795257265258], [-111.73778057136334, 26.527952572667274], [-111.73778057146235, 26.527952572672188], [-111.73831701276296, 26.527952572672188], [-111.73831701278652, 26.527952572673314], [-111.738317012807, 26.5279525726852], [-111.73870325075315, 26.528202153268296], [-111.7387032508431, 26.52820215332002], [-111.73870325093795, 26.52820215336214], [-111.73870325103664, 26.528202153394204], [-111.73934698092121, 26.52837493962693], [-111.73934698100652, 26.528374939645875], [-111.73934698109315, 26.528374939657297], [-111.73934698118045, 26.528374939661116], [-111.73981904981805, 26.528374939661116], [-111.73981904985244, 26.528374939660523], [-111.7403769488872, 26.528355741209904], [-111.74037694898692, 26.528355741201462], [-111.7403769490853, 26.528355741183095], [-111.74037694918135, 26.52835574115499], [-111.74037694927411, 26.528355741117423], [-111.74037694936264, 26.528355741070772], [-111.74037694944607, 26.528355741015506], [-111.74037694952357, 26.52835574095218], [-111.74037694959434, 26.52835574088142], [-111.74074172971984, 26.527952572690406], [-111.74074172973604, 26.527952572674174], [-111.7407417297469, 26.527952572694257], [-111.74093484872817, 26.528355741075874], [-111.74093484876954, 26.528355741153298], [-111.74093484881753, 26.5283557412268], [-111.74093484887177, 26.528355741295808], [-111.74157857876139, 26.529104478762907], [-111.7415785788255, 26.529104478830778], [-111.74157857889564, 26.529104478892375], [-111.74157857897123, 26.52910447894716], [-111.74157857905159, 26.52910447899466], [-111.74157857913603, 26.52910447903446], [-111.74157857922383, 26.52910447906621], [-111.74213647787299, 26.52927726375962], [-111.74213647796508, 26.529277263783406], [-111.742136478059, 26.529277263798335], [-111.74213647815391, 26.529277263804275], [-111.74213647824897, 26.52927726380117], [-111.7421364783433, 26.529277263789048], [-111.74213647843605, 26.529277263768023], [-111.74213647852638, 26.52927726373828], [-111.74213647861347, 26.52927726370009], [-111.74213647869655, 26.5292772636538], [-111.74213647877487, 26.529277263599827], [-111.74213647884768, 26.529277263538656], [-111.7427802082665, 26.528682114973744], [-111.74278020833844, 26.5286821149], [-111.74278020840242, 26.528682114819244], [-111.74278020845776, 26.52868211473233], [-111.74278020850385, 26.528682114640187], [-111.74278020854021, 26.52868211454379], [-111.74278020856647, 26.528682114444166], [-111.74278020858233, 26.528682114342367], [-111.74278020858765, 26.528682114239473], [-111.74278020858765, 26.528259748843205], [-111.74278020858878, 26.528259748820528], [-111.74278020860781, 26.52825974883304], [-111.74325227678511, 26.528605320568698], [-111.74325227686606, 26.528605320622123], [-111.74325227695181, 26.528605320667456], [-111.74325227704153, 26.528605320704273], [-111.7432522771344, 26.528605320732222], [-111.74325227722954, 26.52860532075104], [-111.74325227732606, 26.52860532076056], [-111.74325227742305, 26.52860532076068], [-111.7432522775196, 26.528605320751403], [-111.7432522776148, 26.528605320732815], [-111.74325227770774, 26.528605320705097], [-111.74325227779755, 26.528605320668504], [-111.74325227788341, 26.528605320623385], [-111.74325227796449, 26.528605320570154], [-111.74417495702083, 26.52793337432114], [-111.74417495709986, 26.527933374257206], [-111.74417495717198, 26.52793337418558], [-111.74417495723645, 26.527933374107], [-111.74417495729261, 26.527933374022282], [-111.7441749573399, 26.5279333739323], [-111.7441749573778, 26.527933373837985], [-111.74426078795611, 26.527683792892553], [-111.74426078796465, 26.52768379287108], [-111.74426078798771, 26.527683792869983], [-111.74453973767594, 26.527683792869983], [-111.74453973770109, 26.527683792871265], [-111.7445397377236, 26.52768379288239], [-111.74539804442652, 26.528163756271653], [-111.74539804450737, 26.528163756312175], [-111.74539804459154, 26.528163756345226], [-111.74539804467835, 26.528163756370542], [-111.7453980447671, 26.52816375638791], [-111.7460417746593, 26.528259748804793], [-111.74604177475001, 26.528259748814115], [-111.74604177484119, 26.528259748815135], [-111.74659967420028, 26.528240550334083], [-111.74659967422454, 26.528240550334438], [-111.7465996742457, 26.528240550346148], [-111.74687862394157, 26.528413336570146], [-111.74687862396146, 26.528413336583863], [-111.74687862397262, 26.528413336605393], [-111.74707174300231, 26.52883570185636], [-111.74707174301057, 26.528835701876755], [-111.74707174301695, 26.528835701897627], [-111.74726486205427, 26.529584436506713], [-111.74726486205913, 26.529584436530357], [-111.74726486203767, 26.529584436541278], [-111.74687862530155, 26.52975722015862], [-111.74687862521485, 26.52975722020258], [-111.74687862513282, 26.52975722025475], [-111.74687862505625, 26.529757220314643], [-111.74687862498585, 26.529757220381686], [-111.7468786249223, 26.52975722045525], [-111.7468786248662, 26.52975722053463], [-111.74687862481805, 26.52975722061909], [-111.74687862477835, 26.529757220707822], [-111.74687862474744, 26.52975722079999], [-111.74687862472564, 26.529757220894723], [-111.74687862471313, 26.529757220991126], [-111.74687862471004, 26.52975722108829], [-111.7468786247164, 26.52975722118529], [-111.74687862473215, 26.52975722128122], [-111.74687862475713, 26.529757221375164], [-111.74687862479112, 26.529757221466237], [-111.7468786248338, 26.52975722155358], [-111.74687862488476, 26.52975722163637], [-111.7468786249435, 26.52975722171382], [-111.7468786250095, 26.529757221785196], [-111.74754381178039, 26.53040995880448], [-111.74754381179689, 26.530409958822375], [-111.7475438117981, 26.530409958846636], [-111.7475438117981, 26.530755524342613], [-111.74754381180236, 26.53075552443477], [-111.74754381181509, 26.530755524526146], [-111.74754381183618, 26.53075552461596], [-111.74754381186547, 26.530755524703444], [-111.74773693059987, 26.53125467251948], [-111.74773693064061, 26.531254672610906], [-111.7477369306903, 26.531254672697802], [-111.74773693074842, 26.531254672779298], [-111.74773693081438, 26.531254672854573], [-111.74773693088756, 26.531254672922877], [-111.74773693096718, 26.531254672983522], [-111.74773693105247, 26.531254673035903], [-111.74773693114258, 26.5312546730795], [-111.74773693123659, 26.531254673113864], [-111.74773693133356, 26.531254673138662], [-111.74773693143253, 26.53125467315364], [-111.7477369315325, 26.53125467315865], [-111.74782276151062, 26.53125467315865], [-111.74782276153482, 26.53125467315986], [-111.74782276154465, 26.531254673181927], [-111.74801588052314, 26.531753819457784], [-111.74801588056964, 26.531753819560368], [-111.74801588062736, 26.531753819657077], [-111.7480158806956, 26.531753819746676], [-111.74829483030587, 26.532080183415893], [-111.74829483032102, 26.53208018343554], [-111.74829483032227, 26.53208018346031], [-111.74829483032227, 26.53242574382315], [-111.7482948303267, 26.532425743917113], [-111.74829483033993, 26.53242574401024], [-111.74829483036186, 26.532425744101715], [-111.74829483039227, 26.532425744190725], [-111.74829483043092, 26.53242574427648], [-111.74829483047746, 26.53242574435823], [-111.74865961040929, 26.53300167572908], [-111.74865961046332, 26.533001675806105], [-111.74865961052434, 26.533001675877713], [-111.74865961059183, 26.53300167594327], [-111.74865961066519, 26.533001676002197], [-111.74865961074374, 26.533001676053967], [-111.74865961082682, 26.533001676098124], [-111.74865961091369, 26.533001676134276], [-111.74865961100356, 26.533001676162108], [-111.74865961109566, 26.533001676181367], [-111.74865961118915, 26.53300167619189], [-111.74865961128322, 26.533001676193578], [-111.74865961137704, 26.533001676186416], [-111.75005435940545, 26.53282889692627], [-111.75005435946686, 26.532828896922478], [-111.75071954724577, 26.532828896922478], [-111.75071954727159, 26.532828896923817], [-111.75071954729715, 26.53282889692783], [-111.75144910809998, 26.532982478567494], [-111.75144910812264, 26.532982478573427], [-111.75144910812378, 26.53298247859681], [-111.75144910812378, 26.533232047315398], [-111.7514491081286, 26.533232047413414], [-111.75144910814299, 26.533232047510488], [-111.75144910816684, 26.533232047605683], [-111.7514491081999, 26.533232047698082], [-111.75144910824186, 26.533232047786793], [-111.75144910829232, 26.533232047870968], [-111.75144910835077, 26.53323204794979], [-111.75144910841668, 26.533232048022505], [-111.7514491084894, 26.533232048088408], [-111.75144910856821, 26.533232048146868], [-111.75144910865238, 26.53323204819732], [-111.7514491087411, 26.533232048239277], [-111.7514491088335, 26.53323204827234], [-111.7514491089287, 26.533232048296185], [-111.75144910902577, 26.533232048310584], [-111.75144910912378, 26.533232048315398], [-111.75200700754789, 26.533232048315398], [-111.75200700764961, 26.53323204831021], [-111.75275802573614, 26.53315525772265], [-111.75275802582782, 26.53315525770896], [-111.75275802591784, 26.533155257686833], [-111.75275802600542, 26.533155257656468], [-111.75275802608982, 26.533155257618123], [-111.7527580261703, 26.53315525757213], [-111.75275802624618, 26.53315525751888], [-111.7527580263168, 26.533155257458834], [-111.75275802638156, 26.533155257392504], [-111.75359487508283, 26.53221456855112], [-111.75359487514771, 26.532214568470078], [-111.75359487520385, 26.532214568382745], [-111.75359487525063, 26.532214568290062], [-111.75359487528753, 26.532214568193027], [-111.75359487531419, 26.53221456809269], [-111.75359487533031, 26.53221456799013], [-111.7535948753357, 26.532214567886452], [-111.7535948753357, 26.531811413492477], [-111.75359487533115, 26.53181141339723], [-111.75359487531755, 26.53181141330285], [-111.75359487529502, 26.531811413210193], [-111.75359487526377, 26.531811413120103], [-111.75329446805276, 26.531062693489385], [-111.75329446801383, 26.53106269340416], [-111.7532944679671, 26.531062693322948], [-111.75329446791298, 26.53106269324647], [-111.75329446785193, 26.53106269317539], [-111.7532944677845, 26.531062693110336], [-111.75329446771127, 26.53106269305188], [-111.7532944676329, 26.531062693000536], [-111.75228595735716, 26.53046755319091], [-111.75228595733782, 26.530467553178216], [-111.75228595734583, 26.530467553156576], [-111.75245761865392, 26.53006439221351], [-111.75245761868857, 26.530064392119296], [-111.75245761871358, 26.53006439202208], [-111.75245761872873, 26.530064391922846], [-111.7525434494001, 26.529219668993466], [-111.7525434494048, 26.529219668959012], [-111.75262928007587, 26.528720511580115], [-111.75262928008671, 26.528720511495692], [-111.75262928009033, 26.52872051141065], [-111.75262928009033, 26.52804856533066], [-111.75262928009148, 26.528048565307294], [-111.75262928011486, 26.528048565306147], [-111.75310134825177, 26.528048565306147], [-111.75310134835318, 26.528048565300992], [-111.75310134845355, 26.528048565285577], [-111.75310134855184, 26.528048565260065], [-111.75310134864704, 26.52804856522472], [-111.75310134873814, 26.528048565179898], [-111.75310134882425, 26.52804856512607], [-111.75310134890445, 26.528048565063788], [-111.75310134897792, 26.528048564993693], [-111.7531013490439, 26.528048564916507], [-111.75310134910171, 26.52804856483303], [-111.75310134915077, 26.52804856474412], [-111.75346612920197, 26.52729982083947], [-111.75346612923792, 26.52729982075627], [-111.75346612926622, 26.52729982067016], [-111.75346612928658, 26.52729982058184], [-111.75346612929887, 26.52729982049204], [-111.75346612930298, 26.527299820401495], [-111.75346612930298, 26.526800654827454], [-111.75346612930421, 26.52680065480292], [-111.753466129308, 26.5268006547779], [-111.75355195998611, 26.526378282046917], [-111.75355195999279, 26.5263782820212], [-111.75355196000737, 26.52637828199881], [-111.75391674033352, 26.525879112298416], [-111.75391674038545, 26.525879112219837], [-111.75391674042976, 26.52587911213672], [-111.75391674046605, 26.525879112049807], [-111.75419569014664, 26.52511115437246], [-111.75419569015605, 26.525111154350054], [-111.75419569017333, 26.525111154333008], [-111.75428152071893, 26.525034358394844], [-111.754281520797, 26.525034358316812], [-111.754281520866, 26.525034358230656], [-111.75428152092508, 26.52503435813742], [-111.75456047052499, 26.52453518270246], [-111.75456047057497, 26.52453518259963], [-111.75456047061289, 26.524535182491768], [-111.75473213195008, 26.52394000878815], [-111.75473213195953, 26.523940008761272], [-111.75473213197196, 26.523940008735682], [-111.75501108166122, 26.523440828382185], [-111.75501108172092, 26.52344082825518], [-111.75520420073569, 26.52294164573335], [-111.75520420074558, 26.522941645711157], [-111.75520420076738, 26.522941645700435], [-111.75640583035987, 26.522423261481315], [-111.75640583038322, 26.52242326147262], [-111.75640583040563, 26.52242326148376], [-111.75715684888578, 26.52284564879335], [-111.75715684890662, 26.52284564880647], [-111.75715684892069, 26.52284564882648], [-111.75846576689167, 26.5249191640642], [-111.75846576690527, 26.524919164088686], [-111.758465766913, 26.524919164115477], [-111.75865888584465, 26.525763918349668], [-111.75865888587268, 26.52576391844855], [-111.7586588859107, 26.525763918544033], [-111.75865888595833, 26.525763918635107], [-111.75865888601504, 26.525763918720813], [-111.75865888608027, 26.525763918800248], [-111.75865888615328, 26.525763918872567], [-111.75865888623335, 26.525763918937006], [-111.75865888631961, 26.52576391899289], [-111.75865888641114, 26.525763919039626], [-111.75883054730956, 26.52584071440346], [-111.75883054733154, 26.525840714414674], [-111.75883054733357, 26.525840714439227], [-111.75885200500346, 26.526512673484525], [-111.75885200501021, 26.52651267357292], [-111.75904512405232, 26.528106160834476], [-111.75904512405486, 26.528106160861764], [-111.75925970077338, 26.531350663004197], [-111.75925970077374, 26.531350663030633], [-111.75925970076595, 26.53135066305544], [-111.759066581789, 26.531869006783964], [-111.75906658176164, 26.53186900686879], [-111.75906658174193, 26.531869006955713], [-111.75906658173005, 26.531869007044047], [-111.75906658172607, 26.53186900713309], [-111.75906658172607, 26.53319365298285], [-111.75906658172504, 26.533193653005423], [-111.7590665817178, 26.533193653027162], [-111.75861597068871, 26.534364703972443], [-111.758615970656, 26.534364704072996], [-111.7586159706341, 26.534364704176443], [-111.75861597062324, 26.534364704281625], [-111.75861597062355, 26.534364704387364], [-111.75872325897139, 26.53628443431548], [-111.75872325897217, 26.53628443434315], [-111.75872325897217, 26.536879543335193], [-111.75872325897699, 26.536879543433216], [-111.7587232589914, 26.536879543530297], [-111.75872325901524, 26.5368795436255], [-111.75872325904831, 26.536879543717905], [-111.75872325909027, 26.536879543806624], [-111.75872325914072, 26.5368795438908], [-111.7587232591992, 26.536879543969626], [-111.75872325926511, 26.536879544042343], [-111.75872325933783, 26.536879544108245], [-111.75872325941667, 26.536879544166705], [-111.75872325950085, 26.536879544217154], [-111.75872325958957, 26.536879544259108], [-111.75872325968199, 26.536879544292162], [-111.75872325977718, 26.536879544315997], [-111.7591094970469, 26.536956332291172], [-111.75910949706974, 26.53695633229686], [-111.75910949708573, 26.536956332313867], [-111.75938844679077, 26.537282681296972], [-111.75938844680674, 26.537282681317787], [-111.7593884468204, 26.537282681340077], [-111.75975322710724, 26.53795457320424], [-111.75975322716138, 26.53795457329271], [-111.75975322722441, 26.537954573375092], [-111.75975322729563, 26.537954573450502], [-111.75975322737428, 26.53795457351813], [-111.75975322745951, 26.53795457357725], [-111.7600321769498, 26.538127345047666], [-111.76003217697018, 26.538127345061767], [-111.76003217697144, 26.538127345086412], [-111.76003217697144, 26.538952805742337], [-111.76003217697644, 26.538952805842232], [-111.7600321769914, 26.53895280594113], [-111.76003217701616, 26.538952806038036], [-111.7604184150385, 26.540200584148703], [-111.76041841507465, 26.540200584246946], [-111.76041841512087, 26.540200584340873], [-111.76069736465787, 26.540699691524125], [-111.76069736471034, 26.540699691607983], [-111.76069736477085, 26.540699691686246], [-111.76069736483879, 26.54069969175815], [-111.7606973649135, 26.54069969182299], [-111.76069736499424, 26.54069969188013], [-111.76069736508025, 26.540699691929014], [-111.76153421399806, 26.54112201185046], [-111.76153421401843, 26.54112201186202], [-111.76153421401355, 26.54112201188507], [-111.76144838366122, 26.541448347778225], [-111.76144838364125, 26.5414483478723], [-111.76144838363042, 26.54144834796786], [-111.76144838362882, 26.541448348064023], [-111.76144838363646, 26.54144834815989], [-111.76144838365327, 26.54144834825458], [-111.76144838367911, 26.54144834834722], [-111.76144838371373, 26.541448348436948], [-111.7614483837568, 26.541448348522934], [-111.76144838380793, 26.541448348604387], [-111.76144838386665, 26.54144834868055], [-111.76144838393242, 26.54144834875072], [-111.76144838400462, 26.54144834881425], [-111.7614483840826, 26.541448348870546], [-111.76144838416562, 26.541448348919094], [-111.76144838425292, 26.541448348959445], [-111.76144838434368, 26.54144834899122], [-111.76144838443709, 26.54144834901413], [-111.76144838453226, 26.54144834902796], [-111.76144838462832, 26.541448349032585], [-111.76192045209534, 26.541448349032585], [-111.76192045211768, 26.541448349033594], [-111.76192045213828, 26.541448349042454], [-111.76295042017308, 26.541947451045615], [-111.76295042025596, 26.541947451081256], [-111.76295042034171, 26.54194745110928], [-111.76295042042965, 26.541947451129463], [-111.76295042051903, 26.54194745114164], [-111.76295042060916, 26.541947451145706], [-111.7638731002511, 26.541947451145706], [-111.7638731003102, 26.541947451149216], [-111.76451683041863, 26.54202423589037], [-111.76451683044367, 26.542024235894683], [-111.7645168304616, 26.542024235912866], [-111.7651820182595, 26.542772884467006], [-111.76518201829757, 26.542772884515607], [-111.76535367964101, 26.54302243291328], [-111.76535367967021, 26.543022432961333], [-111.76601886748166, 26.544270167003916], [-111.76601886749161, 26.544270167024916], [-111.76601886749538, 26.544270167047884], [-111.76621198653919, 26.54594018984732], [-111.76621198654074, 26.545940189869313]]], [[[-111.65285110473772, 26.525859913300327], [-111.6528511047377, 26.52585991330022], [-111.65285110473772, 26.52585991330032], [-111.65285110473772, 26.525859913300327]]]]}}, {"type": "Feature", "id": 1, "properties": {"actividad": "Pesca, Turismo Alternativo y Conservación", "conflictos_potenciales": "Uso de zona costera ", "fragilidad": "media", "localidad_referencia": "La Casa de Piedra, El Molino", "nombre": "UGA-2", "poblacion": 3, "politica_ambiental": "Aprovechamiento Sustentable", "presion": "alta", "superficie_total": 3784.15, "vulnerabilidad": "alta"}, "geometry": {"type": "Polygon", "coordinates": [[[-111.66956663131596, 26.51236230386639], [-111.66956663129308, 26.51236230386749], [-111.66729211809647, 26.51236230386749], [-111.66729211807392, 26.51236230386641], [-111.66729211807838, 26.512362303844274], [-111.6674423217714, 26.51176706695101], [-111.66744232177838, 26.511767066928122], [-111.66744232179668, 26.51176706691282], [-111.66800022111596, 26.511344638943918], [-111.66800022120204, 26.511344638870742], [-111.6680002212793, 26.511344638788323], [-111.66800022134679, 26.511344638697715], [-111.66827917097649, 26.510922209220528], [-111.66827917099057, 26.510922209201322], [-111.66827917101442, 26.510922209202334], [-111.66911602017379, 26.510999014702175], [-111.66911602023099, 26.51099901471079], [-111.6694808006042, 26.511075820153053], [-111.66948080062753, 26.511075820159196], [-111.66948080063031, 26.511075820182985], [-111.66956663131553, 26.51236230384349], [-111.66956663131596, 26.51236230386639]]]}}, {"type": "Feature", "id": 1, "properties": {"actividad": "Pesca y conservación", "conflictos_potenciales": "Uso de suelo  ", "fragilidad": "media", "localidad_referencia": "San Nicolás ", "nombre": "UGA-3a", "poblacion": 8, "politica_ambiental": "Aprovechamiento Sustentable", "presion": "media", "superficie_total": 236.03, "vulnerabilidad": "alta"}, "geometry": {"type": "Polygon", "coordinates": [[[-111.54543399810666, 26.51766169675284], [-111.54543399809162, 26.51766169677248], [-111.54326677322926, 26.520215302378805], [-111.54326677321842, 26.52021530239116], [-111.54242992422664, 26.52113689023369], [-111.54242992416124, 26.521136890313663], [-111.54242992410443, 26.52113689039995], [-111.54242992405683, 26.521136890491643], [-111.54242992401893, 26.521136890587755], [-111.54242992399116, 26.521136890687263], [-111.54242992397381, 26.521136890789105], [-111.54238700867029, 26.521501683683333], [-111.54238700866549, 26.521501683710735], [-111.54238700865461, 26.521501683736535], [-111.54193639759262, 26.522423261389115], [-111.54193639755637, 26.522423261472717], [-111.54193639752788, 26.522423261559272], [-111.541657447822, 26.523421629004464], [-111.54165744780529, 26.52342162905413], [-111.54129266745912, 26.52434319120017], [-111.5412926674286, 26.524343191289283], [-111.54129266740662, 26.524343191380876], [-111.54129266739335, 26.524343191474127], [-111.54129266738892, 26.524343191568214], [-111.54129266738892, 26.524727173395267], [-111.54129266739496, 26.524727173505003], [-111.541292667413, 26.52472717361341], [-111.54137849803834, 26.525111154174596], [-111.54137849806148, 26.52511115426009], [-111.54137849809207, 26.525111154343204], [-111.54137849812992, 26.525111154423282], [-111.54137849817468, 26.525111154499704], [-111.54161453245679, 26.52547593493972], [-111.54161453246952, 26.525475934961804], [-111.54161453247997, 26.525475934985153], [-111.54180765147053, 26.525975106424276], [-111.54180765150691, 26.525975106507005], [-111.54180765155061, 26.52597510658611], [-111.54180765160129, 26.525975106660944], [-111.5422797202868, 26.526608667340792], [-111.54227972032237, 26.526608667395692], [-111.54255866992443, 26.527107833817666], [-111.54255866997528, 26.52710783389918], [-111.5425586700337, 26.52710783397544], [-111.54255867009918, 26.527107834045744], [-111.54255867017109, 26.527107834109437], [-111.5425586702488, 26.527107834165935], [-111.54288053510498, 26.527319019260922], [-111.54288053512455, 26.527319019275186], [-111.54288053512573, 26.527319019299142], [-111.54288053512573, 26.52818295482527], [-111.54288053512123, 26.52818295489208], [-111.54270887375208, 26.529450048595148], [-111.54270887374763, 26.529450048619125], [-111.54270887374088, 26.529450048642484], [-111.5419793132629, 26.53158103732673], [-111.54197931323537, 26.53158103742241], [-111.54197931321751, 26.531581037520347], [-111.54197931320947, 26.531581037619578], [-111.54197931321133, 26.531581037719118], [-111.5419793132231, 26.53158103781798], [-111.54197931324461, 26.53158103791518], [-111.5419793132757, 26.531581038009758], [-111.54197931331603, 26.53158103810078], [-111.54197931336522, 26.531581038187337], [-111.54197931342277, 26.531581038268577], [-111.54197931348811, 26.531581038343692], [-111.54197931356059, 26.531581038411936], [-111.5419793136395, 26.531581038472634], [-111.54197931372406, 26.531581038525186], [-111.54197931381343, 26.53158103856907], [-111.54197931390671, 26.53158103860385], [-111.54197931400299, 26.531581038629184], [-111.5423440932989, 26.53165783007702], [-111.54234409332192, 26.531657830083052], [-111.54234409333195, 26.53165783010447], [-111.54258012769317, 26.532233766031275], [-111.54258012774555, 26.532233766139903], [-111.5430521964594, 26.533078466921925], [-111.54305219650593, 26.533078466997168], [-111.54305219655893, 26.533078467068005], [-111.54328823088059, 26.533366431779495], [-111.54328823089499, 26.533366431798925], [-111.54328823090532, 26.53336643182073], [-111.54356718062141, 26.53403834682289], [-111.54356718064764, 26.534038346880784], [-111.54403924940932, 26.534998218653264], [-111.5440392494186, 26.534998218674694], [-111.54403924939733, 26.534998218684162], [-111.54339551969159, 26.53524778386543], [-111.54339551960298, 26.53524778390482], [-111.54339551951861, 26.53524778395261], [-111.54339551943926, 26.535247784008344], [-111.54339551936569, 26.535247784071505], [-111.54339551929857, 26.535247784141493], [-111.54339551923854, 26.535247784217653], [-111.54339551918619, 26.53524778429927], [-111.54339551914198, 26.535247784385568], [-111.54339551910634, 26.53524778447575], [-111.5426445008078, 26.53745545373081], [-111.54264450078222, 26.5374554538191], [-111.54264450076487, 26.537455453909363], [-111.54264450075587, 26.53745545400084], [-111.5426445007553, 26.537455454092758], [-111.54264450076319, 26.537455454184336], [-111.54279470442894, 26.538588068055827], [-111.54279470445344, 26.5385880681798], [-111.54307365411778, 26.539643884597538], [-111.5430736541516, 26.539643884701988], [-111.54307365419668, 26.5396438848021], [-111.54307365425245, 26.539643884896666], [-111.54307365431826, 26.53964388498455], [-111.54365301130589, 26.540334959550968], [-111.5436530113206, 26.54033495957042], [-111.54365301131209, 26.54033495959331], [-111.5435457229719, 26.540584513296018], [-111.54354572296032, 26.54058451331946], [-111.54354572294008, 26.54058451333609], [-111.54318094268251, 26.54085326279733], [-111.54318094261228, 26.540853262854142], [-111.54318094254745, 26.540853262917064], [-111.54318094248858, 26.540853262985575], [-111.54318094243612, 26.540853263059123], [-111.54294490816073, 26.541217993449894], [-111.54294490811971, 26.541217993504674], [-111.54178619388715, 26.54256172764254], [-111.54178619381396, 26.542561727738573], [-111.54152870195172, 26.542945648604274], [-111.54152870190099, 26.54294564868862], [-111.5415287018588, 26.542945648777536], [-111.54152870182554, 26.542945648870173], [-111.54152870180155, 26.54294564896563], [-111.54152870178707, 26.542945649062982], [-111.54152870178223, 26.542945649161286], [-111.54152870178223, 26.54311841293616], [-111.54152870178072, 26.54311841296331], [-111.54152870177043, 26.54311841298859], [-111.54129266739685, 26.543617507793257], [-111.54129266738833, 26.54361750780963], [-111.54129266737849, 26.54361750782558], [-111.5410995483556, 26.543905446133095], [-111.54109954833869, 26.543905446155463], [-111.54109954831712, 26.543905446173532], [-111.54058456422915, 26.544289362812574], [-111.54058456420907, 26.54428936282603], [-111.54058456419092, 26.54428936281037], [-111.5402626991611, 26.54398222962595], [-111.54026269909032, 26.543982229564488], [-111.53989791872047, 26.543694291455022], [-111.53989791868345, 26.54369429142271], [-111.53934001941317, 26.54315680513226], [-111.5393400193365, 26.543156805065557], [-111.53934001925344, 26.543156805006983], [-111.53934001916488, 26.543156804957142], [-111.53934001907172, 26.54315680491655], [-111.53934001897491, 26.54315680488562], [-111.53839588166906, 26.542907256802245], [-111.5383958816369, 26.542907256792574], [-111.53743028642592, 26.542580923783536], [-111.5374302863896, 26.542580923769666], [-111.53599262244067, 26.541966647365296], [-111.53599262230696, 26.541966647319054], [-111.53491973889689, 26.541678704158056], [-111.5349197388116, 26.541678704139112], [-111.53491973872497, 26.54167870412769], [-111.53491973863768, 26.541678704123875], [-111.53356790546127, 26.541678704123875], [-111.53356790539112, 26.541678704118926], [-111.53180837633674, 26.54142915275757], [-111.53180837631255, 26.541429152752908], [-111.53180837628892, 26.54142915274588], [-111.53049945835461, 26.540968441121326], [-111.53049945827024, 26.54096844109575], [-111.52989864352475, 26.54081487015429], [-111.52989864346384, 26.540814870134486], [-111.52873992921961, 26.540354156039914], [-111.52873992919973, 26.540354156030986], [-111.52873992918279, 26.54035415601711], [-111.52822494508497, 26.539893440081826], [-111.52822494506917, 26.539893440066372], [-111.52822494505793, 26.539893440047134], [-111.52788162243, 26.5392407561691], [-111.52788162238059, 26.539240756085317], [-111.52788162232326, 26.539240756006727], [-111.52788162225858, 26.539240755934085], [-111.52788162218714, 26.539240755868068], [-111.52788162210962, 26.539240755809303], [-111.5271520615981, 26.53874164215273], [-111.52715206150529, 26.538741642096376], [-111.52715206140691, 26.538741642050418], [-111.52715206130414, 26.538741642015395], [-111.52640104302522, 26.53853047786201], [-111.52640104293751, 26.53853047784156], [-111.5264010428483, 26.538530477829088], [-111.52599334719366, 26.538492084303243], [-111.52599334716821, 26.538492084299513], [-111.5259933471434, 26.538492084293214], [-111.52543544771214, 26.5383193132325], [-111.52543544767413, 26.538319313219013], [-111.52481317522556, 26.538069754558475], [-111.52481317520244, 26.538069754547774], [-111.52481317519235, 26.53806975452447], [-111.52477025989506, 26.537954573539192], [-111.52477025985195, 26.537954573440174], [-111.52477025979842, 26.537954573346383], [-111.52444839482887, 26.53745545403529], [-111.52444839477157, 26.537455453955364], [-111.5244483947067, 26.537455453881453], [-111.52416944531852, 26.53716749970526], [-111.52416944524863, 26.537167499639708], [-111.52416944517277, 26.537167499581145], [-111.52416944509167, 26.537167499530113], [-111.52416944500607, 26.53716749948708], [-111.52416944491672, 26.537167499452437], [-111.52416944482447, 26.537167499426502], [-111.52416944473016, 26.53716749940952], [-111.52416944463467, 26.53716749940164], [-111.52305364611804, 26.53712910542371], [-111.52305364608793, 26.53712910542084], [-111.52305364605841, 26.537129105414344], [-111.52258157735916, 26.53699472636305], [-111.52258157724133, 26.536994726337078], [-111.52185201647622, 26.53687954416025], [-111.52185201642243, 26.53687954414869], [-111.52030706409292, 26.53645720847795], [-111.52030706401914, 26.53645720846076], [-111.51951313029122, 26.536303631488675], [-111.5195131301875, 26.536303631474198], [-111.51951313008286, 26.536303631470645], [-111.51743173606316, 26.536342025736488], [-111.51743173592261, 26.536342025749036], [-111.51635885241114, 26.53651479978571], [-111.51635885236153, 26.53651479979117], [-111.51539325716317, 26.536572391081187], [-111.51539325714128, 26.536572391081524], [-111.51539325712059, 26.53657239107424], [-111.514964103737, 26.536399617132744], [-111.51496410365937, 26.536399617105147], [-111.51440620424704, 26.53622684289923], [-111.51440620422517, 26.53622684289126], [-111.51440620423311, 26.536226842869368], [-111.51504993393063, 26.534691061654794], [-111.51504993396358, 26.534691061564164], [-111.51504993398764, 26.53469106147078], [-111.5150499340026, 26.534691061375515], [-111.5150499340083, 26.53469106127925], [-111.51504993400472, 26.534691061182883], [-111.51504993399188, 26.53469106108731], [-111.51504993396988, 26.53469106099342], [-111.51504993393893, 26.534691060902084], [-111.51504993389933, 26.534691060814154], [-111.51504993385146, 26.53469106073045], [-111.51504993379574, 26.534691060651742], [-111.5150499337327, 26.534691060578766], [-111.51504993366292, 26.534691060512205], [-111.51504993358705, 26.534691060452673], [-111.51504993350581, 26.534691060400725], [-111.51504993341995, 26.534691060356845], [-111.51504993333025, 26.53469106032144], [-111.51504993323755, 26.534691060294836], [-111.5146422386405, 26.534595073493108], [-111.51464223861986, 26.53459507348718], [-111.5146422386383, 26.5345950734761], [-111.51485681475977, 26.534479889198526], [-111.51485681484272, 26.53447988914868], [-111.51485681492046, 26.534479889091052], [-111.51485681499229, 26.534479889026176], [-111.51485681505748, 26.534479888954664], [-111.51485681511546, 26.534479888877183], [-111.5148568151657, 26.53447988879446], [-111.5148568152077, 26.53447988870727], [-111.51485681524106, 26.534479888616428], [-111.51485681526549, 26.534479888522785], [-111.51485681528075, 26.53447988842722], [-111.51485681528672, 26.534479888330626], [-111.51485681528331, 26.53447988823391], [-111.5146636962911, 26.532176172640995], [-111.51466369629026, 26.53217617261701], [-111.51466369630266, 26.532176172596646], [-111.51545763013767, 26.53100509914455], [-111.51545763017516, 26.531005099084823], [-111.51605844496652, 26.529968401143616], [-111.51605844497747, 26.529968401126403], [-111.51605844499122, 26.529968401111077], [-111.51721715925537, 26.52877810671695], [-111.51721715927196, 26.528778106701388], [-111.51721715928969, 26.52877810668755], [-111.51846170409378, 26.527894977167062], [-111.51846170417011, 26.527894977107124], [-111.51846170424027, 26.527894977040066], [-111.5184617043036, 26.52789497696653], [-111.5184617043595, 26.527894976887193], [-111.51891231535537, 26.527184628731234], [-111.5189123153683, 26.52718462871291], [-111.51891231537606, 26.527184628734126], [-111.51901960359126, 26.527530203684453], [-111.51901960362439, 26.527530203775374], [-111.51901960366615, 26.527530203862664], [-111.51901960371615, 26.527530203945513], [-111.51901960377393, 26.527530204023137], [-111.51901960383894, 26.527530204094816], [-111.51901960391056, 26.527530204159874], [-111.51901960398816, 26.527530204217705], [-111.51901960407096, 26.527530204267766], [-111.51901960415823, 26.52753020430959], [-111.51938438412598, 26.527683792857644], [-111.51938438418277, 26.527683792885938], [-111.52017831800477, 26.528144557848854], [-111.52017831802303, 26.528144557860553], [-111.52017831803774, 26.52814455787676], [-111.52073621747952, 26.528816503464483], [-111.52073621751512, 26.52881650351301], [-111.52105808256854, 26.529315660531715], [-111.52105808257963, 26.52931566055069], [-111.5210580825834, 26.529315660572305], [-111.52112245557856, 26.529814815299563], [-111.5211224555952, 26.529814815393223], [-111.52112245562067, 26.52981481548488], [-111.52112245565473, 26.5298148155737], [-111.52135848996394, 26.530352364376224], [-111.52135849002413, 26.53035236449208], [-111.52163743971329, 26.530813118688762], [-111.5216374397264, 26.530813118713457], [-111.52163743973654, 26.53081311873906], [-111.52187347406446, 26.531523444427833], [-111.5218734740962, 26.5315234445108], [-111.52187347413516, 26.531523444590626], [-111.52187347418105, 26.53152344466668], [-111.52187347423352, 26.53152344473836], [-111.52247428873328, 26.532272161459893], [-111.5224742887936, 26.532272161528415], [-111.52247428885994, 26.53227216159115], [-111.5224742889317, 26.532272161647573], [-111.52247428900833, 26.532272161697218], [-111.52247428908916, 26.532272161739666], [-111.52247428917352, 26.532272161774568], [-111.52247428926071, 26.53227216180163], [-111.52298927300922, 26.532406546308852], [-111.52298927313494, 26.532406546333185], [-111.52359008786726, 26.53248333745539], [-111.52359008789013, 26.532483337459414], [-111.52359008790727, 26.532483337475032], [-111.5246629714381, 26.533558407870824], [-111.5246629714988, 26.53355840792682], [-111.52466297156391, 26.533558407977612], [-111.52541398999895, 26.53409593937233], [-111.52541399001974, 26.534095939388962], [-111.52541399003653, 26.534095939409674], [-111.52620792367182, 26.535190191776817], [-111.52620792373534, 26.53519019185564], [-111.5262079238065, 26.535190191927637], [-111.52620792388458, 26.535190191992072], [-111.52620792396877, 26.53519019204828], [-111.52620792405821, 26.535190192095687], [-111.52620792415199, 26.53519019213381], [-111.52620792424915, 26.535190192162258], [-111.52652978894415, 26.53526698134048], [-111.52652978897034, 26.535266981348272], [-111.5265297889943, 26.535266981361673], [-111.52704477303242, 26.53559333512918], [-111.5270447731034, 26.53559333517019], [-111.52704477317751, 26.53559333520524], [-111.52745246871251, 26.535766110284847], [-111.52745246882016, 26.53576611032337], [-111.5274524689315, 26.53576611034935], [-111.52745246904507, 26.535766110362452], [-111.52811765661951, 26.535804504796324], [-111.52811765670766, 26.53580450479752], [-111.52811765679559, 26.535804504790946], [-111.52876138673305, 26.53572771590716], [-111.52876138682403, 26.535727715892026], [-111.52876138691322, 26.535727715868575], [-111.52876138699988, 26.535727715837005], [-111.52940511701303, 26.53545895430743], [-111.52940511703524, 26.53545895429937], [-111.52940511705843, 26.535458954295663], [-111.53043508524257, 26.53534377057203], [-111.53043508534971, 26.535343770554114], [-111.5323233601079, 26.534921429299914], [-111.53232336019904, 26.53492142927495], [-111.53232336028744, 26.534921429241493], [-111.53232336037226, 26.53492142919984], [-111.53232336045278, 26.53492142915037], [-111.53232336052828, 26.53492142909352], [-111.53232336059806, 26.53492142902979], [-111.53232336066152, 26.534921428959763], [-111.53292417524742, 26.534191926901666], [-111.53292417526303, 26.534191926884432], [-111.53292417528577, 26.534191926880357], [-111.5338039397957, 26.534076741882295], [-111.53380393981868, 26.53407674188039], [-111.53380393982998, 26.534076741900623], [-111.53431892374951, 26.535113402350515], [-111.53431892379531, 26.535113402432753], [-111.53431892384864, 26.535113402510323], [-111.53431892390904, 26.535113402582535], [-111.53431892397595, 26.535113402648747], [-111.53431892404879, 26.535113402708372], [-111.53431892412691, 26.535113402760885], [-111.53431892420963, 26.535113402805823], [-111.5343189242962, 26.53511340284278], [-111.53431892438587, 26.53511340287143], [-111.53474807736893, 26.535228586711703], [-111.53474807739205, 26.535228586719143], [-111.53474807741212, 26.535228586733023], [-111.53534889210496, 26.53568932133399], [-111.53534889217818, 26.535689321385107], [-111.53534889225566, 26.53568932142949], [-111.53534889233678, 26.535689321466787], [-111.53629302976451, 26.536073265575983], [-111.53629302978463, 26.53607326558523], [-111.53629302980286, 26.536073265597953], [-111.53689384368705, 26.53653399618697], [-111.53689384377009, 26.536533996244234], [-111.53689384385846, 26.53653399629284], [-111.53689384395129, 26.536533996332295], [-111.53689384404761, 26.536533996362202], [-111.53689384414646, 26.536533996382254], [-111.53689384424682, 26.536533996392244], [-111.53689384434769, 26.536533996392077], [-111.53689384444802, 26.536533996381745], [-111.5368938445468, 26.536533996361364], [-111.53689384464302, 26.536533996331137], [-111.53689384473572, 26.536533996291368], [-111.53689384482392, 26.536533996242465], [-111.53689384490676, 26.536533996184925], [-111.53689384498338, 26.53653399611933], [-111.536893845053, 26.536533996046355], [-111.53689384511492, 26.53653399596674], [-111.5368938451685, 26.53653399588129], [-111.53785943984073, 26.534806244969374], [-111.53785943985854, 26.534806244936036], [-111.53831005095284, 26.5339231617163], [-111.53831005096539, 26.533923161694513], [-111.53831005098031, 26.5339231616738], [-111.53934001880538, 26.53263692009627], [-111.53934001886319, 26.532636920016284], [-111.53934001891284, 26.532636919930983], [-111.53934001895384, 26.532636919841206], [-111.53934001898578, 26.532636919747823], [-111.53934001900836, 26.532636919651747], [-111.53934001902138, 26.532636919553912], [-111.53934001902468, 26.53263691945527], [-111.53934001901824, 26.532636919356786], [-111.53934001900211, 26.532636919259417], [-111.53934001897647, 26.53263691916411], [-111.53934001894157, 26.53263691907179], [-111.53934001889773, 26.532636918983368], [-111.53914690018897, 26.532291359550083], [-111.53914690017815, 26.532291359528294], [-111.53914690017174, 26.532291359504597], [-111.5388035774288, 26.530717128417113], [-111.53880357742452, 26.530717128390755], [-111.5388035774231, 26.530717128364323], [-111.5388035774231, 26.529334858877004], [-111.53880357742402, 26.52933485885565], [-111.53880357742679, 26.52933485883434], [-111.53916835784506, 26.527242224708957], [-111.53916835785017, 26.527242224686088], [-111.53916835786323, 26.527242224666868], [-111.54017686823855, 26.5258983113303], [-111.54017686829029, 26.525898311254313], [-111.54017686833484, 26.52589831117389], [-111.54017686837182, 26.525898311089716], [-111.54017686840089, 26.5258983110025], [-111.54017686842185, 26.525898310912982], [-111.54017686843449, 26.52589831082192], [-111.54017686843872, 26.52589831073008], [-111.54017686843872, 26.52501515928029], [-111.54017686844057, 26.525015159237437], [-111.54021978377035, 26.52451598364082], [-111.54021978377396, 26.524515983543484], [-111.54021978376808, 26.524515983446257], [-111.54021978375278, 26.524515983350064], [-111.54009103776325, 26.52390161040442], [-111.54009103772944, 26.523901610282284], [-111.53914690022762, 26.5211752899601], [-111.53914690018927, 26.521175289865294], [-111.5391469001414, 26.521175289774902], [-111.53914690008457, 26.52117528968987], [-111.53828859330766, 26.520023303956904], [-111.53828859329347, 26.520023303935666], [-111.53828859328644, 26.5200233039111], [-111.53815984726478, 26.51946650664141], [-111.53815984726069, 26.519466506618937], [-111.53815984727477, 26.519466506600928], [-111.53959751127593, 26.517796098483657], [-111.53959751129204, 26.517796098466647], [-111.53959751131539, 26.51779609846554], [-111.53996229169465, 26.51779609846554], [-111.53996229171736, 26.51779609846658], [-111.53996229173887, 26.517796098473717], [-111.54071330997347, 26.51808410150206], [-111.54071331006196, 26.51808410153134], [-111.5407133101528, 26.518084101552258], [-111.54071331024518, 26.518084101564625], [-111.54071331033832, 26.518084101568334], [-111.5407133104314, 26.51808410156336], [-111.54071331052361, 26.518084101549736], [-111.54139995561289, 26.5179497002565], [-111.54139995570243, 26.517949700234645], [-111.54139995578959, 26.517949700204635], [-111.54139995587362, 26.51794970016673], [-111.54219388943427, 26.517546495253704], [-111.54219388952234, 26.517546495203195], [-111.54219388960485, 26.517546495144014], [-111.5421938896809, 26.51754649507678], [-111.54219388974977, 26.517546495002172], [-111.5430736541571, 26.516490475195187], [-111.5430736541759, 26.516490475174997], [-111.54307365419669, 26.516490475157102], [-111.5445971488752, 26.515319241664354], [-111.54459714889526, 26.515319241650477], [-111.54459714891532, 26.515319241664418], [-111.54506921766122, 26.51568405335606], [-111.54506921768066, 26.515684053372773], [-111.54506921768666, 26.5156840533977], [-111.54543399810372, 26.517642496473307], [-111.54543399810686, 26.517642496495952], [-111.54543399810791, 26.51764249651871], [-111.54543399810791, 26.51766169672804], [-111.54543399810666, 26.51766169675284]]]}}, {"type": "Feature", "id": 1, "properties": {"actividad": "Conservación y Turismo Alternativo", "conflictos_potenciales": "Uso de suelo, afectación del balance hídrico por sobreexplotación de agua ", "fragilidad": "baja", "localidad_referencia": "El Cimarron, San Juan Londo, El Rincón, La Giganta ", "nombre": "UGA-17", "poblacion": 30, "politica_ambiental": "Aprovechamiento Sustentable", "presion": "media", "superficie_total": 12521.93, "vulnerabilidad": "media"}, "geometry": {"type": "Polygon", "coordinates": [[[-111.589100361, 26.350248184], [-111.590430736, 26.348767607], [-111.590430736, 26.348767606], [-111.589443684, 26.340402944], [-111.592104435, 26.33951837], [-111.595087051, 26.338614559], [-111.595752237, 26.338326108], [-111.595752238, 26.338326108], [-111.595752238, 26.338326107], [-111.595752238, 26.338326106], [-111.595752237, 26.338326106], [-111.593434811, 26.337133832], [-111.595087051, 26.334730013], [-111.595752239, 26.333537702], [-111.595752239, 26.333537701], [-111.594421864, 26.331460741], [-111.594099999, 26.329960691], [-111.594099998, 26.329960691], [-111.594099998, 26.32996069], [-111.592769623, 26.329364511], [-111.592769622, 26.329364511], [-111.589100361, 26.332345376], [-111.584765911, 26.334133859], [-111.579787731, 26.335326165], [-111.574788094, 26.337133832], [-111.569123268, 26.337422286], [-111.56247139, 26.335941544], [-111.555819511, 26.334133859], [-111.550819874, 26.330268395], [-111.550819874, 26.330268394], [-111.547493935, 26.327287476], [-111.543824673, 26.324287248], [-111.542172432, 26.321613902], [-111.540155411, 26.319517495], [-111.540155411, 26.319517494], [-111.54015541, 26.319517494], [-111.536164284, 26.319228995], [-111.534512043, 26.319228995], [-111.530842782, 26.317728787], [-111.530842781, 26.317728787], [-111.530456543, 26.318478893], [-111.530456543, 26.304649221], [-111.537172794, 26.30747684], [-111.537172795, 26.30747684], [-111.542515755, 26.301263681], [-111.547858714, 26.30437992], [-111.547858715, 26.30437992], [-111.547858716, 26.30437992], [-111.558802127, 26.29072171], [-111.558802127, 26.290721709], [-111.558802127, 26.290721708], [-111.558802126, 26.290721708], [-111.532902718, 26.28473852], [-111.535842419, 26.277312012], [-111.55693531, 26.286662408], [-111.556935311, 26.286662408], [-111.558544636, 26.284257543], [-111.562535763, 26.28473852], [-111.574015616, 26.303899023], [-111.574015617, 26.303899023], [-111.574015618, 26.303899023], [-111.578028202, 26.294550018], [-111.578028202, 26.294550017], [-111.566269398, 26.279236023], [-111.566269397, 26.279236023], [-111.559596062, 26.277562135], [-111.56226586, 26.273100653], [-111.563608646, 26.2708471], [-111.563608646, 26.270847099], [-111.560668945, 26.267980103], [-111.563608646, 26.262226656], [-111.563608646, 26.262226655], [-111.560668945, 26.258647444], [-111.55933857, 26.256011074], [-111.55933857, 26.256011073], [-111.559338569, 26.256011073], [-111.559338569, 26.256011074], [-111.557471752, 26.257435106], [-111.551055909, 26.253855747], [-111.551055908, 26.253855747], [-111.547322273, 26.257204183], [-111.547043324, 26.256954016], [-111.547043323, 26.256954016], [-111.547043323, 26.256954015], [-111.542773247, 26.256241998], [-111.542773247, 26.252893535], [-111.542773247, 26.252893534], [-111.542236805, 26.248582727], [-111.542236805, 26.248582726], [-111.542236804, 26.248582726], [-111.53637886, 26.246658207], [-111.539833545, 26.237805008], [-111.539833545, 26.237805007], [-111.539833545, 26.237805006], [-111.535949708, 26.236489643], [-111.535949707, 26.236489643], [-111.535949707, 26.236489644], [-111.535949707, 26.236496215], [-111.532839856, 26.23543641], [-111.530456543, 26.234629238], [-111.530456543, 26.234624201], [-111.530456543, 26.2346242], [-111.530456542, 26.2346242], [-111.529963017, 26.234456012], [-111.529963016, 26.234456012], [-111.527023315, 26.242597366], [-111.519556047, 26.237554798], [-111.519556046, 26.237554798], [-111.519556045, 26.237554798], [-111.519556045, 26.237554799], [-111.51794672, 26.243790613], [-111.51794672, 26.243790614], [-111.517946721, 26.243790614], [-111.519277096, 26.244983849], [-111.517152786, 26.246658207], [-111.508870125, 26.243790614], [-111.510457992, 26.238767345], [-111.510457992, 26.238767344], [-111.510457992, 26.238767343], [-111.505393983, 26.236842662], [-111.505393982, 26.236842662], [-111.501660347, 26.243559663], [-111.501660347, 26.243559664], [-111.498720647, 26.242828319], [-111.498720646, 26.242828319], [-111.498720646, 26.24282832], [-111.498978138, 26.249063851], [-111.494987012, 26.247870658], [-111.494987011, 26.247870658], [-111.494987011, 26.247870659], [-111.493635178, 26.253124465], [-111.493635178, 26.253124466], [-111.493635179, 26.253124466], [-111.500308514, 26.253124466], [-111.503248214, 26.255760902], [-111.503248215, 26.255760902], [-111.504600048, 26.252181492], [-111.516873836, 26.256011073], [-111.516873837, 26.256011073], [-111.516873837, 26.258647444], [-111.516873836, 26.258647444], [-111.512346268, 26.25839728], [-111.512346268, 26.258397281], [-111.512346267, 26.258397281], [-111.505930424, 26.273252242], [-111.505930424, 26.273252243], [-111.505930425, 26.273252243], [-111.512646675, 26.27617683], [-111.505608559, 26.27617683], [-111.505544186, 26.275945944], [-111.505544185, 26.275945944], [-111.503205299, 26.274753027], [-111.503205299, 26.272059298], [-111.503205299, 26.272059297], [-111.501874924, 26.269981235], [-111.501553059, 26.26609439], [-111.501553059, 26.266094389], [-111.501553058, 26.266094389], [-111.500887871, 26.265497882], [-111.50088787, 26.265497882], [-111.498892307, 26.266690894], [-111.495223045, 26.262803938], [-111.493549347, 26.259224744], [-111.491897106, 26.255953341], [-111.486575604, 26.246696698], [-111.486575603, 26.246696698], [-111.481897831, 26.243405696], [-111.475589275, 26.238632617], [-111.472585201, 26.233840094], [-111.467928886, 26.229374593], [-111.464924812, 26.22698779], [-111.462585926, 26.22579437], [-111.458938122, 26.224889673], [-111.453616619, 26.223099506], [-111.448059083, 26.222051688], [-111.448059083, 26.222051689], [-111.448059082, 26.222051689], [-111.448059082, 26.222060041], [-111.447286606, 26.221906046], [-111.445956231, 26.221309311], [-111.44595623, 26.221309311], [-111.44595623, 26.221309312], [-111.442565918, 26.2243507], [-111.442565918, 26.224342495], [-111.442565918, 26.224342494], [-111.442565917, 26.224342494], [-111.442565916, 26.224342494], [-111.437952518, 26.228469924], [-111.432309151, 26.231164664], [-111.423983574, 26.230567977], [-111.413984299, 26.229971287], [-111.413984299, 26.225486389], [-111.412997246, 26.222791517], [-111.412653923, 26.220115833], [-111.416323185, 26.222791517], [-111.417310237, 26.222791517], [-111.417310238, 26.222791517], [-111.417310238, 26.222791516], [-111.417975426, 26.220712574], [-111.417975426, 26.220712573], [-111.417975426, 26.219807836], [-111.419327259, 26.219211091], [-111.422309875, 26.221906046], [-111.422309876, 26.221906046], [-111.424970627, 26.222791517], [-111.4279747, 26.222791517], [-111.427974701, 26.222791517], [-111.427974701, 26.222791516], [-111.428639889, 26.221001318], [-111.427631378, 26.218922342], [-111.427631378, 26.216535325], [-111.427631378, 26.216535324], [-111.428296566, 26.214437018], [-111.430635452, 26.214437018], [-111.434626579, 26.212338674], [-111.44162178, 26.210856335], [-111.444625854, 26.210856335], [-111.444625855, 26.210856335], [-111.448059082, 26.210663822], [-111.448059082, 26.210668945], [-111.448059082, 26.210668946], [-111.448059083, 26.210668946], [-111.450269222, 26.210548314], [-111.452286243, 26.210259544], [-111.452608108, 26.212338674], [-111.452608109, 26.212338674], [-111.452608109, 26.212338675], [-111.454603672, 26.21324347], [-111.45627737, 26.214725778], [-111.456277371, 26.214725778], [-111.457607746, 26.215630555], [-111.458938122, 26.218017591], [-111.459925175, 26.219211091], [-111.46125555, 26.220404579], [-111.462264061, 26.221598054], [-111.463594437, 26.222791517], [-111.466920376, 26.224889672], [-111.466920376, 26.224889673], [-111.471576691, 26.224889673], [-111.475245952, 26.225178407], [-111.475245953, 26.225178407], [-111.475245953, 26.225178406], [-111.477906704, 26.224292953], [-111.478915214, 26.223696231], [-111.478915215, 26.223696231], [-111.479237079, 26.222194788], [-111.479237079, 26.222194787], [-111.476919651, 26.220712574], [-111.476919651, 26.220712573], [-111.474237442, 26.220115833], [-111.470246315, 26.218017591], [-111.467263699, 26.216535324], [-111.466255188, 26.214725779], [-111.466255188, 26.214725778], [-111.466255187, 26.214725778], [-111.463272572, 26.214437018], [-111.463272572, 26.208757927], [-111.466255188, 26.208757927], [-111.467928886, 26.20756432], [-111.470911503, 26.206967512], [-111.474580764, 26.207872348], [-111.474580765, 26.207872348], [-111.477241516, 26.20608192], [-111.477241516, 26.206081919], [-111.477241516, 26.20278977], [-111.477241516, 26.202789769], [-111.476254463, 26.201596101], [-111.472241879, 26.201596101], [-111.472241878, 26.201596101], [-111.469259262, 26.202789769], [-111.466920376, 26.203386599], [-111.463937759, 26.205485104], [-111.460590363, 26.206678732], [-111.460590362, 26.206678732], [-111.457607746, 26.208161125], [-111.454281807, 26.207275542], [-111.451599598, 26.206678732], [-111.452951431, 26.205177069], [-111.45526886, 26.204888285], [-111.457264423, 26.203675386], [-111.457264423, 26.202192937], [-111.457264423, 26.202192936], [-111.455612183, 26.200402421], [-111.45627737, 26.196224443], [-111.457264423, 26.192932013], [-111.459925175, 26.190236388], [-111.461598873, 26.188156863], [-111.463594436, 26.188156863], [-111.463594437, 26.188156863], [-111.465933323, 26.186963045], [-111.465933323, 26.186963044], [-111.467585564, 26.184575372], [-111.467585564, 26.184575371], [-111.468915939, 26.182168393], [-111.470589638, 26.180974514], [-111.474580765, 26.179491775], [-111.477906704, 26.178586718], [-111.480910778, 26.176795839], [-111.483571529, 26.175313048], [-111.489901542, 26.171423037], [-111.489901543, 26.171423037], [-111.491897106, 26.167532897], [-111.49554491, 26.166935884], [-111.50421381, 26.166338867], [-111.506874561, 26.167841032], [-111.508870125, 26.171711903], [-111.508870125, 26.171711904], [-111.512539387, 26.173502861], [-111.516187191, 26.175910018], [-111.518182754, 26.179183672], [-111.518182755, 26.179183672], [-111.521186829, 26.182476489], [-111.522839069, 26.184382815], [-111.526186466, 26.188753767], [-111.528503895, 26.192623945], [-111.530456541, 26.194724233], [-111.530456541, 26.194724234], [-111.530456542, 26.194724234], [-111.530456543, 26.194724234], [-111.530456543, 26.194724233], [-111.530456543, 26.194722644], [-111.531851292, 26.196224443], [-111.533181667, 26.200691215], [-111.535949707, 26.205311834], [-111.535949707, 26.205314965], [-111.535949707, 26.205314966], [-111.537837982, 26.208469152], [-111.540155411, 26.211741891], [-111.544489861, 26.21324347], [-111.548480988, 26.215341797], [-111.552493572, 26.218614343], [-111.555476189, 26.219807836], [-111.557149887, 26.222194787], [-111.559467316, 26.226083102], [-111.563136578, 26.232050065], [-111.565132141, 26.236842662], [-111.566462517, 26.241307875], [-111.568136215, 26.243694384], [-111.568136215, 26.243694385], [-111.571118832, 26.24550348], [-111.573114395, 26.247889903], [-111.57279253, 26.250564948], [-111.572449207, 26.252354691], [-111.572449207, 26.252354692], [-111.572449208, 26.252354692], [-111.576118469, 26.252951267], [-111.576118469, 26.252951268], [-111.57712698, 26.252951268], [-111.580774784, 26.263400459], [-111.58311367, 26.267287395], [-111.584587106, 26.271251166], [-111.584587106, 26.271251167], [-111.584587107, 26.271251167], [-111.58459425, 26.271251167], [-111.585109234, 26.272655771], [-111.585109234, 26.272655772], [-111.586595921, 26.274332888], [-111.587769985, 26.275657335], [-111.587769985, 26.275657336], [-111.588413715, 26.27617683], [-111.588409157, 26.27617683], [-111.588409156, 26.27617683], [-111.588409156, 26.276176831], [-111.588409156, 26.276176832], [-111.591439247, 26.278639583], [-111.594765186, 26.28310319], [-111.597425938, 26.286989466], [-111.600751877, 26.290567804], [-111.602425575, 26.294742391], [-111.605086327, 26.301013609], [-111.606738567, 26.306091893], [-111.609420776, 26.316844039], [-111.609742641, 26.321306175], [-111.610407829, 26.323094828], [-111.612403393, 26.325787371], [-111.612403393, 26.329364511], [-111.61306858, 26.332653073], [-111.61306858, 26.332653074], [-111.613068581, 26.332653074], [-111.614398956, 26.332653074], [-111.614398956, 26.334441552], [-111.612403393, 26.33892224], [-111.611738205, 26.343095085], [-111.609420776, 26.345479501], [-111.606738567, 26.349363685], [-111.606738567, 26.349363686], [-111.606084451, 26.350036673], [-111.606084451, 26.350036674], [-111.606084452, 26.350036674], [-111.606084452, 26.350036675], [-111.606094837, 26.350036675], [-111.604421139, 26.351747972], [-111.60274744, 26.353824568], [-111.601417065, 26.358016103], [-111.599764824, 26.356824031], [-111.597683437, 26.35495899], [-111.597683437, 26.354958989], [-111.59768343, 26.354958989], [-111.59676075, 26.354132209], [-111.594765186, 26.352940097], [-111.592104435, 26.351440325], [-111.589100361, 26.350248185], [-111.589100361, 26.350248184]], [[-111.486082077, 26.227699987], [-111.486682892, 26.227680738], [-111.486897468, 26.2292976], [-111.486897469, 26.2292976], [-111.486897469, 26.229297601], [-111.487798689, 26.229297601], [-111.48779869, 26.229297601], [-111.48779869, 26.2292976], [-111.48779869, 26.229297599], [-111.487541199, 26.228566166], [-111.487927437, 26.22816195], [-111.487927437, 26.228161949], [-111.488142014, 26.227796229], [-111.488206386, 26.227757732], [-111.488206387, 26.227757732], [-111.488206387, 26.227757731], [-111.488163471, 26.226737558], [-111.488099098, 26.226699061], [-111.486017704, 26.226294838], [-111.485009194, 26.226237092], [-111.485009193, 26.226237092], [-111.484451294, 26.226679811], [-111.484451294, 26.226679812], [-111.484451294, 26.226679813], [-111.484537125, 26.22698779], [-111.484107971, 26.227584495], [-111.484107971, 26.227584496], [-111.481168274, 26.228296687], [-111.481168274, 26.228296688], [-111.481168273, 26.228296688], [-111.481168273, 26.228296689], [-111.481168274, 26.228296689], [-111.482176781, 26.228546917], [-111.482541561, 26.228893387], [-111.482541562, 26.228893387], [-111.483206749, 26.228912635], [-111.483893394, 26.228200446], [-111.483979225, 26.229143614], [-111.483979225, 26.229143615], [-111.483979226, 26.229143615], [-111.484730244, 26.229316849], [-111.484816074, 26.230009782], [-111.484816075, 26.230009783], [-111.486082076, 26.229971287], [-111.486082077, 26.229971286], [-111.486082077, 26.227699987]], [[-111.498484612, 26.230683465], [-111.49895668, 26.230606473], [-111.49895668, 26.230606472], [-111.499128342, 26.230106023], [-111.499686241, 26.229855798], [-111.499836445, 26.229605572], [-111.500029564, 26.229567075], [-111.501317024, 26.228662407], [-111.502540111, 26.228816394], [-111.502540112, 26.228816394], [-111.502540112, 26.228816393], [-111.502840519, 26.22839293], [-111.503677367, 26.228546917], [-111.503677368, 26.228546917], [-111.503677368, 26.228546916], [-111.503827572, 26.228161949], [-111.504342555, 26.228200446], [-111.504342556, 26.228200446], [-111.504342556, 26.228200445], [-111.504342556, 26.227796229], [-111.50485754, 26.227584496], [-111.50485754, 26.227584495], [-111.505093575, 26.227238022], [-111.5055871, 26.227084033], [-111.505587101, 26.227084033], [-111.505587101, 26.227084032], [-111.505479813, 26.226795304], [-111.505479812, 26.226795304], [-111.505265236, 26.226622066], [-111.504642964, 26.226333336], [-111.504642963, 26.226333335], [-111.504085064, 26.226217843], [-111.503441335, 26.225524888], [-111.503441334, 26.225524888], [-111.503441334, 26.225524889], [-111.503376961, 26.226179346], [-111.502389908, 26.226679812], [-111.500759125, 26.226641315], [-111.500651837, 26.226237093], [-111.500651837, 26.226237092], [-111.500651836, 26.226237092], [-111.499021053, 26.226294838], [-111.497840882, 26.22669906], [-111.497840882, 26.226699061], [-111.497840881, 26.226699061], [-111.497819424, 26.226930044], [-111.496810913, 26.227680738], [-111.495845318, 26.227738483], [-111.495845318, 26.227738484], [-111.494836808, 26.228489172], [-111.494836807, 26.228489172], [-111.494836807, 26.228489173], [-111.494729519, 26.229316848], [-111.494729519, 26.229316849], [-111.495566367, 26.229817301], [-111.495566368, 26.229817301], [-111.495566368, 26.2298173], [-111.495695114, 26.228912635], [-111.496918201, 26.228450675], [-111.497948169, 26.228489172], [-111.49794817, 26.228489172], [-111.49794817, 26.228489171], [-111.498034, 26.227642241], [-111.498441696, 26.227699987], [-111.498484611, 26.228084954], [-111.498484611, 26.228084955], [-111.498484612, 26.228084955], [-111.498484613, 26.228084955], [-111.499300003, 26.227757732], [-111.499450207, 26.227180276], [-111.499857903, 26.227834726], [-111.498613358, 26.2287394], [-111.498613358, 26.228739401], [-111.498613358, 26.228893387], [-111.498484612, 26.229567075], [-111.498484611, 26.229567075], [-111.498119832, 26.229509331], [-111.498119831, 26.229509331], [-111.49794817, 26.229663316], [-111.49794817, 26.229663317], [-111.497926712, 26.230202264], [-111.497647763, 26.230221512], [-111.497647762, 26.230221512], [-111.497647762, 26.230221513], [-111.497497559, 26.231414885], [-111.497497559, 26.231414886], [-111.49749756, 26.231414886], [-111.498484611, 26.231241656], [-111.498484611, 26.231241655], [-111.498484612, 26.231241655], [-111.498484612, 26.230683465]], [[-111.501638889, 26.223869473], [-111.501810551, 26.223445992], [-111.501917839, 26.222695271], [-111.502518654, 26.22240653], [-111.502540112, 26.222387281], [-111.502647397, 26.222310285], [-111.502647398, 26.222310285], [-111.502647398, 26.222310284], [-111.502647397, 26.222310284], [-111.502647397, 26.222310283], [-111.502389908, 26.222310283], [-111.502261162, 26.221655803], [-111.502261161, 26.221655803], [-111.50135994, 26.22175205], [-111.50135994, 26.221752051], [-111.50135994, 26.222002293], [-111.500115395, 26.222907013], [-111.499471664, 26.222964761], [-111.499214173, 26.222560526], [-111.499214172, 26.222560525], [-111.498613358, 26.222656772], [-111.498613357, 26.222656772], [-111.498506069, 26.222849265], [-111.498055458, 26.223445992], [-111.497647763, 26.223696231], [-111.497647762, 26.223696231], [-111.497497559, 26.223946469], [-111.497497559, 26.22394647], [-111.497540474, 26.224985916], [-111.497540474, 26.224985917], [-111.497540475, 26.224985917], [-111.497926712, 26.224966668], [-111.498162746, 26.224812677], [-111.498548985, 26.224466195], [-111.499128342, 26.224273704], [-111.499793529, 26.224466195], [-111.49979353, 26.224466195], [-111.499900818, 26.224985917], [-111.500351428, 26.225216904], [-111.500351429, 26.225216904], [-111.501016617, 26.224677934], [-111.501381397, 26.224273704], [-111.501638889, 26.223869473]]]}}, {"type": "Feature", "id": 2, "properties": {"actividad": "Pesca, Turismo Alternativo y Conservación", "conflictos_potenciales": "Uso y acceso a la zona costera, afectación a la biodiversidad por el aprovechamiento de la fauna  silvestre", "fragilidad": "media", "localidad_referencia": "Jacobo", "nombre": "UGA-1b", "poblacion": 0, "politica_ambiental": "Aprovechamiento Sustentable", "presion": "media", "superficie_total": 350.75, "vulnerabilidad": "alta"}, "geometry": {"type": "Polygon", "coordinates": [[[-111.47342205047488, 26.530832316766944], [-111.47342205045939, 26.530832316785926], [-111.47116899535669, 26.5333280360316], [-111.47116899529404, 26.533328036108326], [-111.47116899523928, 26.533328036190873], [-111.47116899519297, 26.53332803627843], [-111.47116899515554, 26.533328036370143], [-111.47116899512736, 26.533328036465107], [-111.47116899510871, 26.53332803656239], [-111.47116899509979, 26.533328036661043], [-111.47116899510067, 26.533328036760096], [-111.47116899511136, 26.533328036858574], [-111.47116899513172, 26.533328036955513], [-111.47116899516158, 26.533328037049962], [-111.47116899520063, 26.533328037140993], [-111.47131919859939, 26.53363519827351], [-111.47131919860762, 26.533635198292266], [-111.47131919861428, 26.533635198311604], [-111.4718770980764, 26.535497348826294], [-111.47187709808178, 26.535497348848068], [-111.4718770980608, 26.53549734884016], [-111.47112608001616, 26.535170994949244], [-111.47112607992004, 26.535170994913216], [-111.47112607982073, 26.535170994887235], [-111.47112607971928, 26.53517099487157], [-111.47112607961677, 26.53517099486639], [-111.47112607951426, 26.53517099487175], [-111.47112607941284, 26.535170994887583], [-111.47112607931358, 26.535170994913734], [-111.47112607921751, 26.535170994949922], [-111.47112607912567, 26.535170994995767], [-111.47071838380924, 26.535401362435195], [-111.47071838378875, 26.53540136244555], [-111.47071838376594, 26.53540136244778], [-111.46921634715265, 26.53547815155471], [-111.46921634705538, 26.53547815156447], [-111.46921634695953, 26.53547815158368], [-111.469216346866, 26.535478151612157], [-111.46921634677571, 26.53547815164963], [-111.4692163466895, 26.53547815169574], [-111.4692163466082, 26.535478151750052], [-111.46921634653262, 26.53547815181204], [-111.46921634646343, 26.535478151881108], [-111.46893739701973, 26.535785307560317], [-111.46893739700263, 26.535785307577363], [-111.4689373969784, 26.535785307579555], [-111.46846532824173, 26.535804504800396], [-111.46846532821777, 26.53580450480016], [-111.46846532821657, 26.535804504776372], [-111.46846532821657, 26.53576611074077], [-111.46846532821228, 26.535766110648304], [-111.46846532819946, 26.535766110556633], [-111.46846532817823, 26.535766110466536], [-111.46846532814875, 26.53576611037879], [-111.46846532811128, 26.535766110294148], [-111.46846532806616, 26.53576611021333], [-111.46846532801375, 26.535766110137033], [-111.4684653279545, 26.535766110065907], [-111.46807909033404, 26.535343770801767], [-111.46807909026069, 26.535343770729412], [-111.46807909018027, 26.535343770664994], [-111.46807909009364, 26.535343770609188], [-111.46807909000174, 26.535343770562598], [-111.46807908990553, 26.535343770525706], [-111.46807908980604, 26.535343770498912], [-111.46754264845777, 26.53522858674862], [-111.4675426483627, 26.535228586732956], [-111.46754264826657, 26.53522858672651], [-111.46754264817027, 26.53522858672935], [-111.46704912216266, 26.535266981323073], [-111.46704912206425, 26.535266981335663], [-111.46704912196758, 26.535266981357946], [-111.46704912187359, 26.5352669813897], [-111.46704912178319, 26.53526698143061], [-111.46704912169731, 26.535266981480273], [-111.46704912161677, 26.535266981538204], [-111.46606206895565, 26.53605406839338], [-111.46606206893877, 26.536054068405715], [-111.46606206892, 26.536054068415076], [-111.46541833880222, 26.5363420257259], [-111.46541833877512, 26.53634202573617], [-111.46541833874703, 26.53634202574322], [-111.46471023634062, 26.53647640543705], [-111.46471023624366, 26.536476405460515], [-111.46471023614951, 26.536476405493527], [-111.46471023605912, 26.536476405535755], [-111.4647102359734, 26.53647640558678], [-111.46471023589318, 26.53647640564609], [-111.46471023581927, 26.536476405713103], [-111.4647102357524, 26.536476405787145], [-111.46471023569325, 26.53647640586748], [-111.46471023564239, 26.53647640595331], [-111.46471023560034, 26.53647640604378], [-111.46471023556751, 26.536476406137986], [-111.46471023554425, 26.536476406235], [-111.46471023553075, 26.536476406333847], [-111.46468877792562, 26.536725967698338], [-111.46468877792253, 26.536725967721374], [-111.4646887779033, 26.53672596773412], [-111.46423816693145, 26.536994726273527], [-111.46423816685281, 26.536994726325613], [-111.46423816677944, 26.536994726384872], [-111.46423816671197, 26.536994726450782], [-111.46402359011122, 26.537225090355644], [-111.46402359006136, 26.53722509040234], [-111.46329402925544, 26.537820195312207], [-111.46329402923588, 26.537820195326578], [-111.46329402921701, 26.53782019531134], [-111.4632511140953, 26.537781801735985], [-111.46325111401212, 26.537781801669205], [-111.4632511139223, 26.537781801611665], [-111.46325111382686, 26.537781801564016], [-111.4632511137269, 26.53778180152681], [-111.46325111362353, 26.537781801500458], [-111.46286487581705, 26.53770501397105], [-111.46286487579397, 26.537705013965294], [-111.4628648757747, 26.537705013951253], [-111.46265029909031, 26.53753224172132], [-111.46265029907305, 26.537532241706042], [-111.46265029905716, 26.537532241689114], [-111.46237134952639, 26.53720589361976], [-111.46237134946088, 26.53720589355015], [-111.46237134938903, 26.537205893487116], [-111.46237134931148, 26.53720589343123], [-111.46237134922896, 26.537205893383], [-111.4623713491422, 26.537205893342872], [-111.46237134905202, 26.53720589331121], [-111.46192073838752, 26.537071514459193], [-111.46192073830373, 26.5370715144381], [-111.46192073821845, 26.537071514424323], [-111.46192073813229, 26.537071514417953], [-111.4619207380459, 26.537071514419047], [-111.46157741565663, 26.537090711406325], [-111.46157741556299, 26.537090711416003], [-111.46157741547067, 26.53709071143444], [-111.46157741538049, 26.53709071146148], [-111.46157741529325, 26.53709071149688], [-111.46091222765203, 26.53739786309291], [-111.46091222763056, 26.537397863101624], [-111.46091222760819, 26.53739786309528], [-111.46056890489989, 26.537282681324758], [-111.46056890487814, 26.537282681316256], [-111.46056890488421, 26.537282681293885], [-111.46091222762288, 26.536226842915745], [-111.46091222763151, 26.536226842893146], [-111.46091222765561, 26.536226842890585], [-111.46159887263545, 26.53618844861248], [-111.46159887272826, 26.536188448602932], [-111.46159887281976, 26.536188448584777], [-111.46159887290919, 26.53618844855817], [-111.46159887299575, 26.536188448523347], [-111.46159887307867, 26.53618844848061], [-111.46159887315726, 26.536188448430327], [-111.46159887323083, 26.53618844837294], [-111.46159887329871, 26.53618844830895], [-111.46159887336034, 26.536188448238907], [-111.46159887341518, 26.53618844816343], [-111.46181344984923, 26.535862096466595], [-111.46181344987124, 26.535862096435718], [-111.4624357223032, 26.535055810791384], [-111.46243572234852, 26.535055810727673], [-111.4624357223887, 26.535055810660616], [-111.46295070645697, 26.534115136939075], [-111.46295070650207, 26.53411513684543], [-111.46346569053505, 26.532886490250817], [-111.46346569056881, 26.532886490157555], [-111.46346569059317, 26.532886490061408], [-111.46346569060788, 26.532886489963317], [-111.4634656906128, 26.532886489864254], [-111.4634656906128, 26.532118579269707], [-111.46346569060772, 26.532118579169094], [-111.46346569059254, 26.5321185790695], [-111.46346569056743, 26.532118578971936], [-111.46320819868573, 26.5312930695607], [-111.46320819865254, 26.53129306946996], [-111.46320819861074, 26.531293069382848], [-111.46320819856074, 26.531293069300173], [-111.46320819850298, 26.53129306922271], [-111.46320819843802, 26.531293069151186], [-111.46320819836646, 26.53129306908626], [-111.46320819828897, 26.531293069028546], [-111.46320819820627, 26.53129306897858], [-111.46320819811913, 26.53129306893683], [-111.46284341814338, 26.531139485215373], [-111.46284341812274, 26.531139485205497], [-111.46284341812971, 26.531139485183655], [-111.46297216404604, 26.530793920944724], [-111.4629721640762, 26.530793920849415], [-111.46297216409673, 26.530793920751567], [-111.46297216410736, 26.53079392065216], [-111.46297216410801, 26.530793920552192], [-111.46297216409869, 26.530793920452655], [-111.46297216407947, 26.530793920354547], [-111.46280050278264, 26.530102788452826], [-111.46280050277818, 26.530102788430487], [-111.46280050277575, 26.530102788407497], [-111.46277904512719, 26.52973802290081], [-111.46277904511581, 26.529738022798142], [-111.4627790450939, 26.5297380226972], [-111.4627790450617, 26.529738022599055], [-111.46277904501953, 26.529738022504755], [-111.46277904496786, 26.529738022415312], [-111.46277904490725, 26.52973802233167], [-111.46277904483833, 26.529738022254733], [-111.46260738380295, 26.529565238342993], [-111.46260738372447, 26.529565238271957], [-111.46260738363894, 26.529565238209614], [-111.46237134935708, 26.529411652058823], [-111.46237134933578, 26.52941165204329], [-111.46237134932284, 26.529411652020343], [-111.46219968796841, 26.529066082311783], [-111.46219968795886, 26.52906608229004], [-111.46219968795583, 26.529066082266866], [-111.46215677262808, 26.52854772588416], [-111.4621567726171, 26.5285477257977], [-111.46215677259865, 26.528547725712524], [-111.46215677257285, 26.52854772562928], [-111.4621567725399, 26.5285477255486], [-111.46200656901517, 26.528221352076347], [-111.46200656896902, 26.528221351987952], [-111.46200656891429, 26.528221351904595], [-111.46200656885154, 26.5282213518271], [-111.46200656878136, 26.52822135175624], [-111.4620065687045, 26.528221351692725], [-111.4612340929244, 26.527645395862063], [-111.46123409283845, 26.527645395804644], [-111.46123409274703, 26.527645395756405], [-111.46123409265114, 26.527645395717858], [-111.46123409255176, 26.52764539568942], [-111.46123409244998, 26.527645395671385], [-111.46046161654026, 26.527549402735843], [-111.4604616165167, 26.527549402731744], [-111.46046161649917, 26.527549402715238], [-111.45979642895533, 26.5268582512563], [-111.45979642888679, 26.5268582511915], [-111.45979642881245, 26.526858251133444], [-111.45979642873297, 26.52685825108265], [-111.45979642864906, 26.526858251039574], [-111.45979642856146, 26.526858251004594], [-111.45979642847097, 26.526858250978023], [-111.45979642837835, 26.5268582509601], [-111.45979642828448, 26.526858250950976], [-111.45941019060533, 26.52683905225234], [-111.45941019058247, 26.526839052250143], [-111.4594101905598, 26.526839052245826], [-111.45908832552459, 26.52676225734694], [-111.45908832550096, 26.526762257340053], [-111.45908832547919, 26.526762257328663], [-111.45833730699803, 26.52632068562447], [-111.45833730697794, 26.52632068561125], [-111.45833730698784, 26.526320685589237], [-111.45857334091957, 26.52585991417886], [-111.45857334095967, 26.525859914090177], [-111.45857334099097, 26.52585991399802], [-111.45857334101315, 26.525859913903254], [-111.45857334102602, 26.52585991380678], [-111.45857334102945, 26.525859913709514], [-111.45857334102341, 26.525859913612372], [-111.45857334100796, 26.525859913516282], [-111.45857334098324, 26.525859913422146], [-111.45857334094947, 26.52585991333086], [-111.45857334090701, 26.525859913243288], [-111.45857334085622, 26.52585991316026], [-111.4585733407976, 26.525859913082563], [-111.45857334073172, 26.52585991301093], [-111.45857334065917, 26.525859912946043], [-111.45857334058067, 26.525859912888514], [-111.45857334049694, 26.525859912838893], [-111.4571571350307, 26.52511115436044], [-111.45715713501095, 26.525111154348775], [-111.45715713501316, 26.525111154326044], [-111.45728588101453, 26.5242279966805], [-111.45728588102378, 26.52422799658521], [-111.45728588102389, 26.52422799648947], [-111.45728588101484, 26.52422799639416], [-111.45728588099671, 26.52422799630015], [-111.45707130439739, 26.523344832146684], [-111.45707130436766, 26.52334483204714], [-111.45707130432774, 26.523344831951217], [-111.4570713042781, 26.523344831859955], [-111.45707130421926, 26.523344831774335], [-111.45707130415185, 26.523344831695283], [-111.4570713040766, 26.523344831623646], [-111.45604133615515, 26.522461660465954], [-111.45604133608954, 26.522461660414297], [-111.45604133601987, 26.52246166036829], [-111.45604133594658, 26.522461660328258], [-111.45436763774994, 26.521636080985683], [-111.45436763767174, 26.52163608095118], [-111.45436763759088, 26.521636080923482], [-111.45436763750794, 26.52163608090279], [-111.45286560059327, 26.52132888705914], [-111.45286560057865, 26.521328887056264], [-111.45134210594792, 26.521040892072683], [-111.45134210586512, 26.521040892060597], [-111.45134210578162, 26.52104089205547], [-111.44838094714277, 26.520983292970882], [-111.44838094711328, 26.52098329296855], [-111.44838094708429, 26.520983292962736], [-111.44801616675771, 26.520887294446702], [-111.44801616661437, 26.52088729441997], [-111.44767284395795, 26.520848894991527], [-111.4476728439334, 26.52084889498753], [-111.44767284390922, 26.520848894981057], [-111.44659996034879, 26.520503299463556], [-111.44659996032762, 26.520503299455658], [-111.4465999603095, 26.520503299442456], [-111.44619226466745, 26.520176902809556], [-111.44619226459159, 26.52017690275446], [-111.44619226451091, 26.52017690270671], [-111.44619226442612, 26.52017690266672], [-111.4455914497708, 26.51992730460515], [-111.44559144970661, 26.51992730457288], [-111.44507646563781, 26.519620106166908], [-111.4450764655786, 26.519620106125494], [-111.44484043127842, 26.519428106757026], [-111.44484043121139, 26.51942810670701], [-111.44484043114042, 26.519428106662772], [-111.44355297091361, 26.51869850590349], [-111.44355297085791, 26.518698505874198], [-111.44256591799167, 26.518218502833893], [-111.44256591797001, 26.518218502821963], [-111.44256591796876, 26.518218502797488], [-111.44256591796876, 26.51695128511402], [-111.44256591796996, 26.51695128508994], [-111.44256591798246, 26.516951285069137], [-111.44263029093469, 26.51685528325151], [-111.44263029098154, 26.516855283174298], [-111.44263029102125, 26.516855283093175], [-111.44293069838506, 26.51616406705394], [-111.44293069839576, 26.51616406703226], [-111.44293069841368, 26.516164067016422], [-111.44333839414651, 26.51583765797621], [-111.44333839416564, 26.515837657962347], [-111.44333839418718, 26.515837657952293], [-111.44385337826735, 26.515626451609773], [-111.44385337832566, 26.51562645158996], [-111.44484043118405, 26.515357642945492], [-111.44484043121366, 26.515357642939332], [-111.44484043124373, 26.51535764293681], [-111.44567728040155, 26.515338442295384], [-111.44567728042583, 26.515338442296017], [-111.44567728044888, 26.515338442303666], [-111.44647121423284, 26.51564565216876], [-111.44647121435865, 26.515645652208125], [-111.44805908200765, 26.516029663403422], [-111.44805908203087, 26.516029663410244], [-111.44805908205332, 26.51602966341929], [-111.4488101004934, 26.51637527237753], [-111.44881010062068, 26.5163752724259], [-111.44994735695973, 26.516720880296635], [-111.44994735704653, 26.516720880318818], [-111.44994735713496, 26.516720880333143], [-111.44994735722432, 26.5167208803395], [-111.4499473573139, 26.51672088033783], [-111.44994735740296, 26.516720880328148], [-111.45056962949695, 26.51662487828357], [-111.45056962958154, 26.516624878266757], [-111.45056962966437, 26.516624878242716], [-111.45056962974482, 26.516624878211633], [-111.45056962982228, 26.51662487817373], [-111.45166397091096, 26.516029663428885], [-111.45166397098178, 26.516029663386487], [-111.4523077009579, 26.515607251100672], [-111.45230770103119, 26.51560725104769], [-111.45230770109939, 26.515607250988307], [-111.45230770116194, 26.515607250923004], [-111.45230770121834, 26.515607250852316], [-111.45258665054689, 26.515223238786334], [-111.45258665059889, 26.51522323870711], [-111.45258665064316, 26.51522323862332], [-111.4525866506793, 26.515223238535718], [-111.45258665070698, 26.51522323844509], [-111.45258665072595, 26.515223238352245], [-111.45258665073605, 26.51522323825802], [-111.4525866507372, 26.515223238163262], [-111.45258665072936, 26.515223238068824], [-111.45258665071263, 26.51522323797555], [-111.45258665068714, 26.51522323788428], [-111.45241498947807, 26.51470481930518], [-111.45241498947235, 26.514704819285075], [-111.45241498947006, 26.51470481926408], [-111.452372074138, 26.51405199208603], [-111.452372074125, 26.514051991978192], [-111.45237207410038, 26.5140519918724], [-111.45237207406443, 26.5140519917699], [-111.45200729371012, 26.51316874901602], [-111.45200729370241, 26.513168748994527], [-111.45200729371513, 26.513168748975676], [-111.45222187040574, 26.51288073355], [-111.45222187042347, 26.51288073352878], [-111.45222187044362, 26.512880733509526], [-111.4526939390453, 26.512477510800714], [-111.45269393912213, 26.512477510727713], [-111.4526939391908, 26.512477510646992], [-111.45269393925052, 26.512477510559457], [-111.45269393930066, 26.51247751046609], [-111.45355224608123, 26.510653389555713], [-111.45355224609524, 26.510653389529963], [-111.453552246112, 26.510653389506235], [-111.45387411116249, 26.51025015885932], [-111.45387411117622, 26.510250158843526], [-111.45387411119106, 26.510250158829084], [-111.45391702650252, 26.510211755862095], [-111.45391702652022, 26.51021175584768], [-111.45391702654283, 26.510211755844782], [-111.45533323285764, 26.510096546782474], [-111.45533323287948, 26.510096546781664], [-111.4553332329004, 26.510096546788517], [-111.45945310589845, 26.511651859410918], [-111.45945310595313, 26.511651859435407], [-111.46177053449522, 26.51286153246035], [-111.46177053451477, 26.512861532471707], [-111.4617705345305, 26.51286153248785], [-111.46370172498841, 26.51503123155534], [-111.46370172500478, 26.515031231575822], [-111.46370172500855, 26.515031231601462], [-111.46374464034277, 26.51549204726513], [-111.46374464035362, 26.515492047345862], [-111.463744640371, 26.515492047425447], [-111.4642167091311, 26.517296891290282], [-111.46421670914077, 26.51729689133585], [-111.46443128573061, 26.51860250465941], [-111.46443128575049, 26.518602504752476], [-111.46443128577914, 26.518602504843233], [-111.46443128581627, 26.518602504930854], [-111.46443128586158, 26.51860250501455], [-111.46443128591463, 26.518602505093558], [-111.46443128597495, 26.518602505167166], [-111.464431286042, 26.518602505234707], [-111.46443128611516, 26.51860250529557], [-111.46443128619377, 26.5186025053492], [-111.46443128627713, 26.518602505395116], [-111.46443128636449, 26.5186025054329], [-111.46443128645502, 26.51860250546221], [-111.46443128654793, 26.518602505482775], [-111.4644312866424, 26.51860250549442], [-111.46698474881643, 26.518794506258434], [-111.46698474883993, 26.51879450626134], [-111.46698474885942, 26.518794506274734], [-111.46784305570789, 26.5194473066499], [-111.46784305574268, 26.519447306675204], [-111.46966695783433, 26.52071449683534], [-111.46966695785432, 26.520714496850793], [-111.46966695787086, 26.520714496870088], [-111.47086858748892, 26.522269665685148], [-111.4708685874986, 26.522269665698076], [-111.4723706245279, 26.524343191357737], [-111.47237062454117, 26.524343191378076], [-111.47237062455251, 26.524343191399865], [-111.47282123564682, 26.52532234324439], [-111.47282123565566, 26.52532234326626], [-111.47282123566022, 26.52532234328946], [-111.47346496581696, 26.52968042777744], [-111.47346496581925, 26.529680427800194], [-111.47346496581946, 26.52968042782317], [-111.473422050477, 26.530832316742647], [-111.47342205047488, 26.530832316766944]]]}}, {"type": "Feature", "id": 1, "properties": {"actividad": "Pesca, Turismo Alternativo y Conservación", "conflictos_potenciales": "Uso y acceso a la zona costera, afectación a la biodiversidad por el aprovechamiento de la fauna  silvestre", "fragilidad": "media", "localidad_referencia": "Jacobo", "nombre": "UGA-1b", "poblacion": 0, "politica_ambiental": "Aprovechamiento Sustentable", "presion": "media", "superficie_total": 350.75, "vulnerabilidad": "alta"}, "geometry": {"type": "MultiPolygon", "coordinates": [[[[-111.44805908203016, 26.516029663409995], [-111.44805908203125, 26.516029663432892], [-111.44805908203125, 26.520906494118194], [-111.4480590820301, 26.52090649414119], [-111.44805908200857, 26.52090649413281], [-111.44801616682932, 26.52088729449176], [-111.44801616673321, 26.520887294454578], [-111.44801616663378, 26.52088729442749], [-111.4480161665321, 26.52088729441077], [-111.44767284395795, 26.520848894991527], [-111.4476728439334, 26.52084889498753], [-111.44767284390922, 26.520848894981057], [-111.44659996034879, 26.520503299463556], [-111.44659996032762, 26.520503299455658], [-111.4465999603095, 26.520503299442456], [-111.44619226466745, 26.520176902809556], [-111.44619226459159, 26.52017690275446], [-111.44619226451091, 26.52017690270671], [-111.44619226442612, 26.52017690266672], [-111.4455914497708, 26.51992730460515], [-111.44559144970661, 26.51992730457288], [-111.44507646563781, 26.519620106166908], [-111.4450764655786, 26.519620106125494], [-111.44484043127842, 26.519428106757026], [-111.44484043121139, 26.51942810670701], [-111.44484043114042, 26.519428106662772], [-111.44355297091245, 26.51869850590283], [-111.44355297085914, 26.51869850587471], [-111.44241571428626, 26.518141702157042], [-111.44241571426508, 26.518141702145336], [-111.44241571426333, 26.518141702121394], [-111.44239425659237, 26.517239290371716], [-111.44239425659293, 26.517239290348144], [-111.44239425660436, 26.517239290327396], [-111.44263029094809, 26.516855283236534], [-111.44263029101329, 26.51685528311147], [-111.44293069838506, 26.51616406705394], [-111.44293069839576, 26.51616406703226], [-111.44293069841368, 26.516164067016422], [-111.44333839414651, 26.51583765797621], [-111.44333839416564, 26.515837657962347], [-111.44333839418718, 26.515837657952293], [-111.44385337826735, 26.515626451609773], [-111.44385337832566, 26.51562645158996], [-111.44484043118405, 26.515357642945492], [-111.44484043121366, 26.515357642939332], [-111.44484043124373, 26.51535764293681], [-111.44567728040155, 26.515338442295384], [-111.44567728042583, 26.515338442296017], [-111.44567728044888, 26.515338442303666], [-111.44647121423284, 26.51564565216876], [-111.44647121435865, 26.515645652208125], [-111.44805908200811, 26.516029663403536], [-111.44805908203016, 26.516029663409995]]], [[[-111.46080493926594, 26.512362303866485], [-111.4608049392454, 26.51236230386749], [-111.4527583122504, 26.51236230386749], [-111.45275831222717, 26.512362303866325], [-111.45275831223593, 26.512362303844732], [-111.45355224608119, 26.510653389556108], [-111.45355224609527, 26.51065338953001], [-111.45355224611234, 26.510653389505794], [-111.45387411116249, 26.510250158859293], [-111.45387411117622, 26.510250158843498], [-111.45387411119106, 26.510250158829056], [-111.45391702650252, 26.51021175586207], [-111.45391702652022, 26.510211755847656], [-111.45391702654283, 26.510211755844757], [-111.45533323285764, 26.51009654678245], [-111.45533323287948, 26.51009654678164], [-111.4553332329004, 26.510096546788493], [-111.45945310589775, 26.51165185941062], [-111.45945310595373, 26.511651859435776], [-111.46080493924826, 26.51236230385605], [-111.46080493926594, 26.512362303866485]]]]}}, {"type": "Feature", "id": 1, "properties": {"actividad": "Conservación, Pesca y Turismo", "conflictos_potenciales": "Modificación de los ecosistemas costeros", "fragilidad": "baja", "localidad_referencia": "San Juaniquito", "nombre": "UGA-14", "poblacion": 0, "politica_ambiental": "Aprovechamiento Sustentable", "presion": "alta", "superficie_total": 2297.88, "vulnerabilidad": "alta"}, "geometry": {"type": "Polygon", "coordinates": [[[-111.429777145, 26.354958989], [-111.429777145, 26.354689806], [-111.429777145, 26.354689805], [-111.428508513, 26.353219197], [-111.427073479, 26.351555692], [-111.42318964, 26.347402381], [-111.421065331, 26.346883206], [-111.42106533, 26.346883206], [-111.417009831, 26.345671791], [-111.41700983, 26.345671791], [-111.416623592, 26.347248552], [-111.416430473, 26.344633424], [-111.416430473, 26.344633423], [-111.41563654, 26.342556662], [-111.415636539, 26.342556662], [-111.414091587, 26.340287565], [-111.413125992, 26.33907608], [-111.41544342, 26.33907608], [-111.416409016, 26.340633702], [-111.418147086, 26.341672103], [-111.418147086, 26.341672104], [-111.418147087, 26.341672103], [-111.418147087, 26.340633702], [-111.418340206, 26.339749129], [-111.418726444, 26.339056851], [-111.418726444, 26.33905685], [-111.418147087, 26.338018424], [-111.418533325, 26.338018424], [-111.419112682, 26.33905685], [-111.419112683, 26.33905685], [-111.419692039, 26.33905685], [-111.41969204, 26.33905685], [-111.422202587, 26.33940299], [-111.422009468, 26.340268336], [-111.422009468, 26.340960607], [-111.422009469, 26.340960608], [-111.423361301, 26.341825941], [-111.423361302, 26.341825941], [-111.424520016, 26.341306742], [-111.426064968, 26.341306742], [-111.426258087, 26.341825941], [-111.426451206, 26.342518203], [-111.426451207, 26.342518203], [-111.428017616, 26.343210461], [-111.428575516, 26.343210461], [-111.42973423, 26.343037397], [-111.430506706, 26.342672039], [-111.43166542, 26.341633645], [-111.431665421, 26.341633645], [-111.431665421, 26.33901839], [-111.43166542, 26.33901839], [-111.431086063, 26.337979964], [-111.430871487, 26.337287674], [-111.43029213, 26.336076158], [-111.43009901, 26.33519155], [-111.433382034, 26.33519155], [-111.433382034, 26.336230001], [-111.433382035, 26.336230001], [-111.433382035, 26.336230002], [-111.433961391, 26.336230002], [-111.433961392, 26.336230002], [-111.435120104, 26.335883853], [-111.435120105, 26.335883853], [-111.435120105, 26.335883852], [-111.435120105, 26.335883851], [-111.435120104, 26.335883851], [-111.434733868, 26.335537702], [-111.436471939, 26.33517232], [-111.438210011, 26.33517232], [-111.437437534, 26.335691547], [-111.436858177, 26.336230002], [-111.43627882, 26.337095371], [-111.435120106, 26.337095371], [-111.433768273, 26.337268444], [-111.433768272, 26.337268444], [-111.433768272, 26.337268445], [-111.433596611, 26.337806892], [-111.433403492, 26.33919146], [-111.433017254, 26.341114445], [-111.433017254, 26.342152843], [-111.434369087, 26.343191232], [-111.434969902, 26.344056549], [-111.435163021, 26.345787163], [-111.435163021, 26.345787164], [-111.435742378, 26.346325572], [-111.437094212, 26.348056153], [-111.43748045, 26.348921433], [-111.43748045, 26.348921434], [-111.438832282, 26.349440598], [-111.438832283, 26.349440599], [-111.438832283, 26.349440598], [-111.440570354, 26.34769081], [-111.440956593, 26.347517753], [-111.440570354, 26.349094489], [-111.439819336, 26.350132815], [-111.439819336, 26.350132816], [-111.439626217, 26.350825028], [-111.438660622, 26.351882567], [-111.438660622, 26.351882568], [-111.438660622, 26.353786113], [-111.438939571, 26.354958989], [-111.438936951, 26.354958989], [-111.43893695, 26.354958989], [-111.43893695, 26.35495899], [-111.43893695, 26.354958991], [-111.439068317, 26.355516582], [-111.439068318, 26.355516582], [-111.439840792, 26.355689627], [-111.439840793, 26.355689627], [-111.439840794, 26.355689627], [-111.439840794, 26.355689626], [-111.439819336, 26.35517049], [-111.440806389, 26.356747122], [-111.44254446, 26.35778538], [-111.442565917, 26.357792857], [-111.442565918, 26.357792857], [-111.442565918, 26.357792856], [-111.442565918, 26.35778538], [-111.444475651, 26.35845832], [-111.446213722, 26.35845832], [-111.447951793, 26.358285279], [-111.447951794, 26.358285279], [-111.449303627, 26.357054755], [-111.449496746, 26.356189536], [-111.449496746, 26.356189535], [-111.449496746, 26.355843446], [-111.449974, 26.354958991], [-111.449974, 26.35495899], [-111.449973999, 26.35495899], [-111.449973999, 26.354958989], [-111.449968815, 26.354958989], [-111.450440884, 26.354093754], [-111.45314455, 26.354958989], [-111.453144551, 26.354958989], [-111.454303264, 26.354612896], [-111.454303265, 26.354612896], [-111.454689503, 26.353382333], [-111.454689503, 26.352517086], [-111.45526886, 26.351824883], [-111.455665108, 26.35146981], [-111.456041336, 26.351132677], [-111.456041336, 26.351132676], [-111.456019878, 26.350036675], [-111.456022224, 26.350036675], [-111.456022225, 26.350036674], [-111.456022225, 26.350036673], [-111.456019878, 26.349902077], [-111.456212997, 26.34834458], [-111.456792355, 26.347652353], [-111.45775795, 26.346767834], [-111.458144188, 26.345729477], [-111.459474564, 26.34449882], [-111.460826397, 26.343114315], [-111.46217823, 26.34188363], [-111.462950706, 26.342056696], [-111.462950706, 26.343095085], [-111.460440159, 26.345018005], [-111.459496022, 26.345537187], [-111.459496022, 26.345537188], [-111.459496021, 26.345537188], [-111.459496021, 26.346248657], [-111.460268497, 26.349363685], [-111.460268497, 26.349363686], [-111.460499581, 26.350036674], [-111.460499582, 26.350036674], [-111.460499582, 26.350036675], [-111.460504532, 26.350036675], [-111.460869312, 26.351113449], [-111.460869312, 26.351978706], [-111.460869313, 26.351978706], [-111.460869313, 26.351978707], [-111.46125555, 26.351978707], [-111.462221145, 26.352324808], [-111.462221146, 26.352324808], [-111.463186741, 26.352324808], [-111.464924812, 26.35265168], [-111.465117931, 26.353017007], [-111.465117931, 26.355785763], [-111.465117931, 26.355785764], [-111.465117932, 26.355785764], [-111.466298103, 26.356304898], [-111.467263699, 26.356824031], [-111.468229294, 26.357689245], [-111.468229294, 26.357689246], [-111.46900177, 26.357862288], [-111.470546722, 26.357862288], [-111.470546722, 26.357862287], [-111.470546723, 26.357862287], [-111.470911503, 26.356285672], [-111.470911502, 26.356285672], [-111.470911502, 26.356285671], [-111.469752789, 26.356131854], [-111.469173431, 26.354036071], [-111.469173431, 26.35317083], [-111.469173431, 26.353170829], [-111.468787193, 26.35299778], [-111.468980312, 26.35265168], [-111.469752789, 26.351959479], [-111.470332146, 26.3517672], [-111.470525264, 26.3517672], [-111.470525265, 26.351767199], [-111.470696926, 26.350382782], [-111.471083164, 26.350209728], [-111.472821235, 26.3501905], [-111.472821236, 26.350190499], [-111.472821236, 26.348633007], [-111.473014355, 26.347075494], [-111.476297379, 26.346883206], [-111.477842331, 26.350017446], [-111.477862321, 26.350036674], [-111.477862322, 26.350036674], [-111.477862322, 26.350036675], [-111.477863789, 26.350036675], [-111.480181217, 26.352267124], [-111.481919289, 26.35365152], [-111.482112408, 26.354516758], [-111.482112408, 26.354516759], [-111.483657359, 26.354516759], [-111.48365736, 26.354516759], [-111.48365736, 26.354516758], [-111.484236717, 26.353286195], [-111.48421526, 26.350171273], [-111.484215259, 26.350171272], [-111.483056545, 26.350171272], [-111.48402214, 26.349459827], [-111.484022141, 26.349459827], [-111.484794617, 26.349459827], [-111.485953329, 26.350152043], [-111.485953331, 26.350152044], [-111.48807764, 26.351190361], [-111.488077641, 26.351190361], [-111.48981571, 26.351536464], [-111.489815711, 26.351536464], [-111.489815712, 26.351536464], [-111.489815712, 26.351536463], [-111.489622593, 26.350671204], [-111.489622593, 26.350671203], [-111.489236355, 26.349805936], [-111.488850117, 26.349094489], [-111.489429474, 26.347017807], [-111.489987373, 26.344229612], [-111.489794254, 26.343191232], [-111.490373611, 26.342133614], [-111.492304802, 26.341960548], [-111.495394707, 26.341941318], [-111.494622231, 26.343864257], [-111.495201588, 26.345421814], [-111.495201588, 26.346114054], [-111.495201588, 26.346114055], [-111.495780945, 26.34682552], [-111.496961117, 26.347152408], [-111.499278545, 26.347152408], [-111.498892307, 26.348729149], [-111.498892307, 26.34872915], [-111.498892307, 26.349940533], [-111.498892307, 26.349940534], [-111.498946945, 26.350036674], [-111.498946946, 26.350036674], [-111.498946946, 26.350036675], [-111.49895668, 26.350036675], [-111.500072479, 26.352017162], [-111.499106884, 26.352190213], [-111.496961117, 26.350978853], [-111.495802403, 26.350825028], [-111.495802402, 26.350825028], [-111.492133141, 26.350478922], [-111.492133141, 26.350478923], [-111.49213314, 26.350478923], [-111.491360664, 26.351709516], [-111.490223408, 26.352055618], [-111.489064693, 26.352747819], [-111.488099099, 26.352940096], [-111.488099099, 26.352940097], [-111.488099099, 26.352940098], [-111.489472389, 26.356920166], [-111.489472389, 26.361457662], [-111.489107609, 26.363880151], [-111.487755775, 26.365456664], [-111.485631466, 26.365648921], [-111.484279633, 26.365302859], [-111.481189728, 26.3628804], [-111.481189727, 26.3628804], [-111.479837895, 26.3628804], [-111.479837894, 26.3628804], [-111.478679181, 26.363399503], [-111.47867918, 26.363399503], [-111.478099823, 26.365495116], [-111.477327347, 26.366879353], [-111.475417614, 26.366898578], [-111.471168995, 26.368128997], [-111.467692852, 26.369532428], [-111.465761662, 26.370224524], [-111.465761662, 26.370224525], [-111.466963291, 26.379452081], [-111.465997696, 26.382585438], [-111.465826035, 26.384315476], [-111.461963654, 26.384334699], [-111.461963653, 26.384334699], [-111.461770535, 26.385199708], [-111.461770534, 26.385199708], [-111.458487511, 26.38521893], [-111.456341744, 26.383123675], [-111.456341743, 26.383123675], [-111.451127529, 26.383142898], [-111.448059083, 26.384619658], [-111.448059082, 26.384619659], [-111.448059082, 26.384623036], [-111.447093487, 26.385084374], [-111.445548535, 26.386122377], [-111.445548534, 26.386122377], [-111.444776058, 26.387698587], [-111.444196701, 26.388736566], [-111.444196701, 26.388736567], [-111.444604397, 26.389255553], [-111.441707611, 26.390485734], [-111.438982487, 26.3882368], [-111.438016892, 26.3859686], [-111.438016891, 26.385968599], [-111.437051296, 26.384757593], [-111.439754962, 26.384757593], [-111.439754963, 26.384757593], [-111.439754963, 26.384757592], [-111.440505981, 26.383181343], [-111.441471576, 26.382143313], [-111.441471577, 26.382143313], [-111.442222595, 26.376741563], [-111.441836357, 26.373088991], [-111.441836357, 26.37308899], [-111.438918114, 26.37101274], [-111.435828209, 26.368763427], [-111.433897018, 26.368071321], [-111.434454918, 26.365802725], [-111.433875561, 26.362668913], [-111.433081627, 26.360765513], [-111.432695389, 26.359015897], [-111.432695389, 26.359015896], [-111.432695388, 26.359015896], [-111.429798603, 26.357650792], [-111.429779096, 26.35495899], [-111.429779095, 26.35495899], [-111.429779095, 26.354958989], [-111.429777145, 26.354958989]]]}}, {"type": "Feature", "id": 2, "properties": {"actividad": "Conservación, Pesca y Turismo", "conflictos_potenciales": "Uso de suelo y acceso a la costa, modificación de los ecosistemas costeros, acceso a playa ", "fragilidad": "media", "localidad_referencia": "San Juaniquito", "nombre": "UGA-90", "poblacion": 1, "politica_ambiental": "Aprovechamiento Sustentable", "presion": "media", "superficie_total": 191.11, "vulnerabilidad": "alta"}, "geometry": {"type": "Polygon", "coordinates": [[[-111.46357297897205, 26.389582321205594], [-111.46357297897138, 26.389582321231167], [-111.46344423294485, 26.391235368956494], [-111.46344423294227, 26.3912353690639], [-111.4634871482843, 26.39267696112873], [-111.46348714828405, 26.392676961149476], [-111.463487148282, 26.392676961170597], [-111.46327257156648, 26.394214639572873], [-111.46327257156294, 26.3942146395926], [-111.4632725715581, 26.3942146396111], [-111.46275758744054, 26.39590606220026], [-111.4627575874316, 26.39590606222485], [-111.46275758741771, 26.39590606224706], [-111.46159887314708, 26.397559019479164], [-111.46159887312906, 26.397559019503312], [-111.45996809007276, 26.399615572793515], [-111.45996809005719, 26.399615572811268], [-111.45996809003817, 26.39961557279738], [-111.45930290229045, 26.399077412922185], [-111.45930290221949, 26.399077412869786], [-111.4593029021442, 26.399077412823846], [-111.45846605317419, 26.39861613100652], [-111.45846605309059, 26.398616130965394], [-111.45846605300353, 26.39861613093223], [-111.45846605291376, 26.39861613090731], [-111.45846605282206, 26.398616130890854], [-111.45773649218134, 26.398520030280178], [-111.45773649215737, 26.398520030275815], [-111.45773649213578, 26.398520030264734], [-111.45647048952844, 26.39778966282497], [-111.45647048950306, 26.39778966280819], [-111.45647048947997, 26.397789662788504], [-111.45449638368503, 26.395886841670283], [-111.4544963836682, 26.395886841652338], [-111.45449638366448, 26.39588684162797], [-111.45447492604026, 26.395675415590926], [-111.45447492602642, 26.395675415498133], [-111.45447492600395, 26.395675415407048], [-111.45447492597303, 26.39567541531847], [-111.45447492593395, 26.395675415233175], [-111.45447492588706, 26.39567541515192], [-111.45447492583274, 26.395675415075416], [-111.4544749257715, 26.39567541500434], [-111.45447492570388, 26.39567541493932], [-111.45447492563045, 26.39567541488092], [-111.4505052567466, 26.392811508898603], [-111.45050525664958, 26.392811508836772], [-111.45050525654611, 26.392811508786494], [-111.44958257680675, 26.39242708649125], [-111.44958257669435, 26.392427086452095], [-111.44917488100451, 26.39231175951646], [-111.44917488098201, 26.392311759508914], [-111.44917488096405, 26.392311759493577], [-111.44874572755418, 26.391908114262684], [-111.44874572753979, 26.39190811424796], [-111.44874572752786, 26.391908114230787], [-111.44829511654441, 26.391196926495933], [-111.44829511648045, 26.391196926406316], [-111.44829511640702, 26.391196926324273], [-111.44829511632503, 26.391196926250796], [-111.44829511623546, 26.39119692618678], [-111.4477801325266, 26.390870162958606], [-111.44778013243277, 26.39087016290593], [-111.44778013233383, 26.39087016286364], [-111.44778013223092, 26.390870162832222], [-111.44778013212522, 26.390870162812046], [-111.44778013201797, 26.390870162803346], [-111.44707202913483, 26.390850941400497], [-111.4470720291139, 26.390850941399048], [-111.44707202909356, 26.390850941394135], [-111.44599914560412, 26.390543398417776], [-111.44599914550692, 26.390543398395096], [-111.44599914540794, 26.390543398382217], [-111.44503355036741, 26.390466512518113], [-111.44503355026261, 26.39046651251528], [-111.44503355015807, 26.390466512523442], [-111.44415378572937, 26.390581841308066], [-111.44415378570658, 26.390581841309945], [-111.44415378570389, 26.390581841287492], [-111.44406795501895, 26.389370883177246], [-111.44406795501848, 26.389370883151408], [-111.44406795502861, 26.389370883127604], [-111.44505500792599, 26.387352591348595], [-111.44505500793524, 26.387352591331418], [-111.44505500794584, 26.387352591314983], [-111.44599914549086, 26.386007043878628], [-111.4459991455091, 26.38600704385565], [-111.44599914553, 26.38600704383489], [-111.44741535184926, 26.384757592891315], [-111.44741535186839, 26.384757592876035], [-111.44741535188875, 26.384757592862808], [-111.44949674603974, 26.38354657365572], [-111.44949674606379, 26.383546573643432], [-111.44949674608979, 26.383546573636632], [-111.45241498944677, 26.382950670633278], [-111.4524149894716, 26.382950670629498], [-111.4524149894966, 26.382950670628237], [-111.45466804501672, 26.382950670628237], [-111.45466804504368, 26.382950670629704], [-111.4546680450698, 26.382950670636998], [-111.45704984662564, 26.383758022351614], [-111.45704984664866, 26.38375802236072], [-111.45704984667069, 26.383758022372074], [-111.45930290220255, 26.38506515128222], [-111.45930290223971, 26.38506515130603], [-111.46091222761517, 26.386199265871458], [-111.46091222763012, 26.38619926588287], [-111.46091222764431, 26.386199265895502], [-111.4623928069911, 26.387621698929973], [-111.46239280700607, 26.387621698945672], [-111.4623928070182, 26.387621698963986], [-111.46357297896007, 26.38958232118314], [-111.46357297897205, 26.389582321205594]]]}}, {"type": "Feature", "id": 2, "properties": {"actividad": "Conservación y Turismo Alternativo", "conflictos_potenciales": "Uso de suelo, afectación del balance hídrico por sobreexplotación de agua ", "fragilidad": "baja", "localidad_referencia": "El Cimarron, San Juan Londo, El Rincón, La Giganta ", "nombre": "UGA-17", "poblacion": 30, "politica_ambiental": "Aprovechamiento Sustentable", "presion": "media", "superficie_total": 12521.93, "vulnerabilidad": "media"}, "geometry": {"type": "MultiPolygon", "coordinates": [[[[-111.5359497070301, 26.306957486828118], [-111.53594970703125, 26.306957486851704], [-111.53594970703125, 26.319228994906886], [-111.5359497070301, 26.319228994930253], [-111.53594970700672, 26.3192289949314], [-111.53451204302355, 26.3192289949314], [-111.53451204299948, 26.31922899493023], [-111.5345120429769, 26.319228994922252], [-111.53084278191905, 26.317728786599563], [-111.5308427818255, 26.317728786566633], [-111.53084278172916, 26.317728786543125], [-111.53084278163097, 26.31772878652928], [-111.53084278153187, 26.317728786525226], [-111.53084278143287, 26.317728786531006], [-111.53084278133493, 26.317728786546567], [-111.530842781239, 26.31772878657175], [-111.53084278114605, 26.317728786606313], [-111.53084278105698, 26.31772878664991], [-111.53084278097266, 26.317728786702116], [-111.53084278089393, 26.31772878676242], [-111.53084278082156, 26.31772878683022], [-111.53084278075626, 26.31772878690486], [-111.53084278069868, 26.317728786985597], [-111.53084278064937, 26.317728787071644], [-111.52916908265259, 26.321017679865264], [-111.52916908264154, 26.32101767988458], [-111.52916908262914, 26.3210176798659], [-111.52685165413074, 26.317132544203314], [-111.52685165407487, 26.317132544119556], [-111.52685165401088, 26.31713254404184], [-111.52685165393939, 26.31713254397095], [-111.52485609056515, 26.31534379914104], [-111.52485609054679, 26.31534379912275], [-111.5248560905349, 26.315343799099463], [-111.52352571499019, 26.312362496427408], [-111.5235257149487, 26.312362496344914], [-111.52352571489979, 26.312362496266594], [-111.52352571484386, 26.31236249619312], [-111.52352571478139, 26.31236249612512], [-111.52352571471292, 26.312362496063173], [-111.52352571463902, 26.312362496007804], [-111.52219533940271, 26.31145847315277], [-111.52219533932188, 26.31145847310327], [-111.52219533923672, 26.31145847306165], [-111.522195339148, 26.311458473028274], [-111.52219533905652, 26.31145847300345], [-111.5221953389631, 26.311458472987404], [-111.51985645351945, 26.311169953576687], [-111.51985645342393, 26.311169953569525], [-111.51985645332817, 26.311169953571536], [-111.51985645323303, 26.311169953582702], [-111.5198564531394, 26.311169953602917], [-111.51985645304813, 26.311169953632], [-111.51985645296007, 26.31116995366968], [-111.51985645287601, 26.31116995371561], [-111.51985645279674, 26.311169953769376], [-111.51985645272298, 26.311169953830476], [-111.51985645265539, 26.311169953898357], [-111.51985645259461, 26.31116995397239], [-111.5171957019376, 26.31474754421458], [-111.51719570188523, 26.314747544292366], [-111.51719570184038, 26.314747544374715], [-111.51719570180343, 26.314747544460904], [-111.51719570177472, 26.314747544550173], [-111.5171957017545, 26.314747544641737], [-111.51719570174295, 26.314747544734796], [-111.51719570174016, 26.314747544828528], [-111.51719570174616, 26.314747544922106], [-111.51719570176091, 26.31474754501471], [-111.51719570178426, 26.31474754510553], [-111.51719570181602, 26.314747545193757], [-111.51818275450749, 26.31713254405056], [-111.51818275451544, 26.317132544072635], [-111.51818275451029, 26.317132544095436], [-111.51719570160405, 26.320709951091235], [-111.51719570159848, 26.320709951108856], [-111.51719570159158, 26.320709951126144], [-111.51653051377322, 26.32221012115573], [-111.51653051376272, 26.322210121176663], [-111.51653051373943, 26.322210121177786], [-111.51253938677479, 26.322210121177786], [-111.51253938675006, 26.322210121176525], [-111.51253938673824, 26.32221012115486], [-111.51153087616238, 26.32011372428135], [-111.51153087615704, 26.320113724269845], [-111.51086568871081, 26.31863276133598], [-111.51086568866491, 26.31863276124619], [-111.51086568861018, 26.318632761161474], [-111.51086568854721, 26.318632761082704], [-111.51086568847663, 26.318632761010676], [-111.51086568839915, 26.318632760946123], [-111.51086568831558, 26.318632760889702], [-111.51086568822673, 26.31863276084199], [-111.51086568813352, 26.318632760803464], [-111.51086568803693, 26.318632760774523], [-111.5108656879379, 26.318632760755456], [-111.51086568783745, 26.318632760746464], [-111.51086568773661, 26.31863276074763], [-111.5108656876364, 26.31863276075895], [-111.51086568753784, 26.318632760780304], [-111.51086568744194, 26.318632760811475], [-111.50854825983153, 26.319517494336353], [-111.50854825973754, 26.31951749437789], [-111.5085482596483, 26.31951749442885], [-111.50620937349403, 26.321017679874036], [-111.50620937347381, 26.321017679885696], [-111.50620937345035, 26.32101767988681], [-111.50487899782883, 26.32101767988681], [-111.50487899780326, 26.321017679885472], [-111.50487899778325, 26.321017679869342], [-111.50187492372464, 26.31832502537748], [-111.50187492370753, 26.318325025360537], [-111.50187492371697, 26.31832502533837], [-111.5028834342844, 26.316247791981585], [-111.50288343429665, 26.31624779195936], [-111.5028834343183, 26.316247791946015], [-111.5045356750285, 26.315343799134677], [-111.50453567504918, 26.315343799124577], [-111.50453567507174, 26.315343799120548], [-111.50687456044027, 26.315036055386912], [-111.5068745605347, 26.31503605536984], [-111.50687456062705, 26.3150360553438], [-111.5068745607165, 26.315036055309026], [-111.50687456080219, 26.31503605526584], [-111.50687456088335, 26.315036055214634], [-111.50687456095923, 26.31503605515589], [-111.50687456102912, 26.315036055090143], [-111.5068745610924, 26.315036055018], [-111.50687456114846, 26.31503605494012], [-111.50687456119681, 26.315036054857227], [-111.50687456123698, 26.31503605477008], [-111.50687456126863, 26.315036054679485], [-111.50687456129144, 26.315036054586276], [-111.50687456130521, 26.31503605449131], [-111.50687456130981, 26.315036054395456], [-111.50687456130981, 26.31295876315608], [-111.50687456130464, 26.312958763054493], [-111.50687456128917, 26.312958762953958], [-111.50687456126357, 26.312958762855516], [-111.5068745612281, 26.312958762760182], [-111.50687456118314, 26.312958762668945], [-111.50554418565282, 26.310573677597517], [-111.50554418564005, 26.310573677571018], [-111.5055441856305, 26.310573677543253], [-111.50487899780589, 26.30818854316498], [-111.50487899780013, 26.308188543142293], [-111.50453567508906, 26.30668819168865], [-111.5045356750653, 26.306688191602667], [-111.50453567503398, 26.306688191519147], [-111.50453567499532, 26.306688191438745], [-111.50453567494968, 26.30668819136211], [-111.50354862214475, 26.305187820468856], [-111.50354862213273, 26.30518782044849], [-111.50354862214495, 26.305187820428078], [-111.50453567478264, 26.303706666259316], [-111.50453567483359, 26.30370666617396], [-111.50453567487581, 26.303706666083965], [-111.5045356749089, 26.30370666599022], [-111.5045356749325, 26.303706665893657], [-111.5045356749464, 26.30370666579523], [-111.50453567495046, 26.303706665695902], [-111.50453567494463, 26.303706665596668], [-111.504535674929, 26.3037066654985], [-111.50453567490368, 26.30370666540237], [-111.50387048722068, 26.301609934170855], [-111.50387048721439, 26.301609934146917], [-111.50387048721043, 26.30160993412204], [-111.50354862213383, 26.298628277892284], [-111.50354862213243, 26.298628277869312], [-111.5035486221393, 26.298628277847644], [-111.50453567489141, 26.29595434067207], [-111.50453567491998, 26.295954340581705], [-111.50453567493986, 26.29595434048904], [-111.50453567495089, 26.295954340394914], [-111.50453567495296, 26.295954340300163], [-111.50453567494604, 26.295954340205643], [-111.50453567493021, 26.295954340112203], [-111.50453567490561, 26.295954340020682], [-111.50453567487244, 26.2959543399319], [-111.50453567483103, 26.295954339846656], [-111.50354862214343, 26.294146030951836], [-111.503548622133, 26.29414603093024], [-111.50354862215394, 26.294146030918487], [-111.50653123820317, 26.29266473544131], [-111.50653123828509, 26.292664735395718], [-111.5065312383624, 26.292664735342647], [-111.50653123843439, 26.29266473528257], [-111.50653123850043, 26.292664735216015], [-111.50653123855996, 26.292664735143564], [-111.50653123861242, 26.29266473506586], [-111.50653123865739, 26.292664734983582], [-111.50653123869445, 26.292664734897453], [-111.5085482596712, 26.287297284873013], [-111.508548259699, 26.287297284787588], [-111.508548259719, 26.28729728470001], [-111.50854825973109, 26.28729728461099], [-111.50854825973512, 26.287297284521244], [-111.50854825973512, 26.284603846982844], [-111.50854825973069, 26.28460384688886], [-111.50854825971746, 26.284603846795708], [-111.50854825969552, 26.284603846704215], [-111.50854825966508, 26.284603846615187], [-111.50854825962641, 26.284603846529414], [-111.50687456131931, 26.281313919841338], [-111.50687456131064, 26.28131391982236], [-111.50687456130527, 26.281313919802294], [-111.5062093734798, 26.278331741741887], [-111.50620937346704, 26.278331741691023], [-111.50554418575632, 26.275945944471058], [-111.50554418572347, 26.27594594437306], [-111.50554418568065, 26.275945944278984], [-111.50554418562837, 26.275945944189825], [-111.50554418556715, 26.275945944106542], [-111.50554418549767, 26.27594594403002], [-111.50554418542066, 26.27594594396108], [-111.50554418533694, 26.27594594390046], [-111.50554418524742, 26.275945943848804], [-111.50320529939968, 26.27475302683217], [-111.50320529937865, 26.27475302682008], [-111.50320529937744, 26.274753026795896], [-111.50320529937744, 26.272059297946935], [-111.50320529937296, 26.272059297852515], [-111.5032052993596, 26.27205929775894], [-111.50320529933747, 26.27205929766704], [-111.50320529930676, 26.27205929757765], [-111.50320529926773, 26.272059297491552], [-111.50320529922075, 26.272059297409527], [-111.5026903152597, 26.271251166735524], [-111.50269031524856, 26.27125116671603], [-111.5026903152709, 26.271251166714947], [-111.50678873059667, 26.271251166714947], [-111.50678873061963, 26.271251166716084], [-111.50678873061162, 26.271251166737656], [-111.5059304241288, 26.273252241655467], [-111.50593042409469, 26.273252241747148], [-111.50593042406969, 26.27325224184173], [-111.50593042405406, 26.273252241938295], [-111.50593042404793, 26.273252242035927], [-111.50593042405137, 26.27325224213369], [-111.50593042406435, 26.27325224223065], [-111.50593042408674, 26.27325224232588], [-111.50593042411833, 26.273252242418465], [-111.50593042415882, 26.27325224250752], [-111.5059304242078, 26.273252242592193], [-111.50593042426483, 26.273252242671674], [-111.50593042432935, 26.273252242745205], [-111.50593042440076, 26.273252242812077], [-111.50593042447835, 26.273252242871656], [-111.50593042456138, 26.273252242923366], [-111.50593042464908, 26.273252242966716], [-111.52301073072023, 26.280679010895884], [-111.52301073074165, 26.280679010906518], [-111.52301073073005, 26.280679010927425], [-111.51794672077533, 26.28881712461557], [-111.51794672072732, 26.288817124701957], [-111.51794672068809, 26.288817124792658], [-111.51794672065799, 26.288817124886794], [-111.51794672063733, 26.28881712498344], [-111.51794672062631, 26.28881712508165], [-111.51794672062503, 26.288817125180472], [-111.51794672063353, 26.288817125278932], [-111.5179467206517, 26.288817125376077], [-111.51794672067936, 26.288817125470953], [-111.51794672071627, 26.288817125562634], [-111.51794672076203, 26.288817125650226], [-111.51794672081623, 26.288817125732873], [-111.5179467208783, 26.288817125809768], [-111.51794672094768, 26.288817125880158], [-111.51794672102366, 26.288817125943357], [-111.5179467211055, 26.288817125998747], [-111.51794672119242, 26.28881712604579], [-111.51794672128355, 26.288817126084023], [-111.52781724927574, 26.29239540674082], [-111.52781724929719, 26.292395406749772], [-111.52781724930442, 26.292395406771618], [-111.52835369109434, 26.294319168124666], [-111.52835369109943, 26.294319168147172], [-111.52835369107687, 26.29431916814235], [-111.52114391370895, 26.292395406866298], [-111.5211439136162, 26.29239540684621], [-111.52114391352195, 26.292395406835006], [-111.52114391342707, 26.292395406832785], [-111.52114391333241, 26.292395406839567], [-111.52114391323882, 26.292395406855295], [-111.52114391314713, 26.292395406879827], [-111.52114391305818, 26.292395406912934], [-111.52114391297279, 26.29239540695433], [-111.52114391289169, 26.292395407003635], [-111.5136766433921, 26.297435593872173], [-111.51367664337121, 26.297435593884813], [-111.51367664334681, 26.29743559388602], [-111.51339769857337, 26.29743559388602], [-111.5133976984756, 26.297435593890814], [-111.51339769837875, 26.297435593905142], [-111.51339769828378, 26.29743559392887], [-111.51339769819158, 26.29743559396177], [-111.51339769810305, 26.297435594003527], [-111.51339769801902, 26.29743559405374], [-111.51339769794029, 26.29743559411193], [-111.51339769786765, 26.29743559417754], [-111.51339769780175, 26.297435594249936], [-111.51339769774326, 26.29743559432843], [-111.51339769769271, 26.297435594412267], [-111.51339769765062, 26.297435594500644], [-111.51339769761735, 26.297435594592713], [-111.51339769759326, 26.29743559468759], [-111.51339769757855, 26.297435594784375], [-111.51339769757338, 26.29743559488213], [-111.51339769757779, 26.297435594979923], [-111.51339769759174, 26.297435595076816], [-111.5133976976151, 26.29743559517188], [-111.51339769764765, 26.297435595264208], [-111.51339769768906, 26.29743559535291], [-111.51339769773894, 26.297435595437136], [-111.51339769779682, 26.29743559551608], [-111.51339769786215, 26.29743559558899], [-111.5133976979343, 26.29743559565516], [-111.51339769801255, 26.29743559571396], [-111.5133976980962, 26.297435595764828], [-111.5133976981844, 26.297435595807272], [-111.53594970700871, 26.30695748681783], [-111.5359497070301, 26.306957486828118]], [[-111.52646541511768, 26.310246686746066], [-111.52646541519798, 26.310246686692132], [-111.52646541527267, 26.310246686630695], [-111.5264654153411, 26.31024668656233], [-111.52646541540258, 26.310246686487673], [-111.52646541545657, 26.310246686407424], [-111.52646541550256, 26.310246686322337], [-111.52646541554012, 26.310246686233207], [-111.52646541556888, 26.31024668614086], [-111.52646541558859, 26.31024668604617], [-111.52646541559906, 26.31024668595002], [-111.52646541560019, 26.310246685853304], [-111.52646541559197, 26.310246685756933], [-111.52646541557449, 26.31024668566181], [-111.52646541554789, 26.310246685568817], [-111.52646541551243, 26.310246685478827], [-111.52646541546845, 26.310246685392688], [-111.52446985289781, 26.306765133880702], [-111.52446985284493, 26.30676513379811], [-111.52446985278421, 26.30676513372109], [-111.52446985271624, 26.306765133650394], [-111.52446985264166, 26.306765133586694], [-111.52446985256121, 26.306765133530604], [-111.52446985247565, 26.306765133482667], [-111.5244698523858, 26.306765133443342], [-111.52446985229254, 26.306765133413005], [-111.52446985219675, 26.30676513339195], [-111.52446985209936, 26.30676513338038], [-111.5244698520013, 26.306765133378406], [-111.52446985190353, 26.306765133386044], [-111.52446985180697, 26.306765133403225], [-111.52446985171257, 26.30676513342978], [-111.5244698516212, 26.306765133465458], [-111.52442693718126, 26.30678436844773], [-111.52442693710503, 26.30678436848588], [-111.52442693703233, 26.30678436853038], [-111.52228117069855, 26.30822701291045], [-111.52228117062123, 26.308227012968032], [-111.52228117054982, 26.308227013032795], [-111.52228117048497, 26.30822701310413], [-111.52228117042729, 26.30822701318138], [-111.52228117037733, 26.308227013263824], [-111.52228117033552, 26.308227013350695], [-111.52228117030228, 26.30822701344119], [-111.52228117027792, 26.308227013534463], [-111.52228117026264, 26.30822701362965], [-111.5222811702566, 26.308227013725865], [-111.52228117025986, 26.308227013822215], [-111.52228117027236, 26.308227013917804], [-111.52228117029404, 26.308227014011745], [-111.52228117032465, 26.308227014103164], [-111.52228117036391, 26.308227014191207], [-111.52228117041147, 26.30822701427506], [-111.52436256356333, 26.31151617600567], [-111.52436256361901, 26.311516176084886], [-111.52436256368208, 26.311516176158342], [-111.52436256375195, 26.311516176225357], [-111.52436256382799, 26.3115161762853], [-111.52436256390946, 26.311516176337605], [-111.52436256399561, 26.31151617638179], [-111.52436256408564, 26.311516176417435], [-111.52436256417869, 26.311516176444208], [-111.52436256427389, 26.311516176461858], [-111.52436256437034, 26.311516176470217], [-111.52436256446715, 26.31151617646921], [-111.52436256456342, 26.31151617645884], [-111.52436256465823, 26.311516176439216], [-111.5243625647507, 26.31151617641051], [-111.52436256483996, 26.311516176373], [-111.52436256492517, 26.311516176327032], [-111.52646541511768, 26.310246686746066]]], [[[-111.53594970703007, 26.2854503625536], [-111.53594970700688, 26.28545036254939], [-111.5329027176136, 26.28473852013182], [-111.5329027175918, 26.28473852012562], [-111.5329027175991, 26.28473852010422], [-111.53584241866176, 26.27731201164083], [-111.5358424186713, 26.277312011619752], [-111.53584241869328, 26.27731201162647], [-111.53594970700723, 26.2773504921535], [-111.53594970703, 26.277350492163], [-111.53594970703125, 26.277350492187587], [-111.53594970703125, 26.28545036253001], [-111.53594970703007, 26.2854503625536]]]]}}, {"type": "Feature", "id": 4, "properties": {"actividad": "Pesca, Turismo Alternativo y Conservación", "conflictos_potenciales": "Uso y acceso a la zona costera, afectación a la biodiversidad por el aprovechamiento de la fauna  silvestre ", "fragilidad": "media", "localidad_referencia": "San Juaniquito", "nombre": "UGA-1c", "poblacion": 0, "politica_ambiental": "Aprovechamiento Sustentable", "presion": "media", "superficie_total": 221.28, "vulnerabilidad": "alta"}, "geometry": {"type": "Polygon", "coordinates": [[[-111.44175052642704, 26.37310821490735], [-111.4417505264315, 26.37310821493197], [-111.44198656081866, 26.37493451514059], [-111.44198656082241, 26.37493451518523], [-111.44207239150917, 26.377145261041967], [-111.44207239150909, 26.3771452610633], [-111.44207239150714, 26.37714526108479], [-111.44140720367774, 26.382104867498242], [-111.4414072036731, 26.38210486752309], [-111.44140720365483, 26.382104867540665], [-111.44072055825623, 26.38270077482317], [-111.4407205581717, 26.382700774905782], [-111.44072055809751, 26.38270077499778], [-111.4402270317767, 26.383392792416807], [-111.44022703171393, 26.383392792516844], [-111.44022703166338, 26.383392792623578], [-111.43966913224175, 26.384776815277686], [-111.43966913223191, 26.384776815299006], [-111.43966913220851, 26.384776815298416], [-111.43758773806185, 26.384623035811373], [-111.43758773803863, 26.38462303580849], [-111.43758773804423, 26.384623035785626], [-111.43767356867626, 26.38433469887844], [-111.43767356870252, 26.38433469876742], [-111.43767356871597, 26.384334698654136], [-111.43767356871642, 26.384334698540055], [-111.43765211107917, 26.38393102605152], [-111.43765211106884, 26.38393102595186], [-111.43765211104859, 26.383931025853734], [-111.43765211101864, 26.383931025758127], [-111.43765211097926, 26.383931025665998], [-111.43765211093086, 26.38393102557827], [-111.43765211087391, 26.383931025495826], [-111.43765211080903, 26.383931025419493], [-111.4376521107368, 26.38393102535004], [-111.43765211065801, 26.383931025288156], [-111.43724441555172, 26.383642686933374], [-111.43724441546217, 26.38364268687691], [-111.43724441536715, 26.383642686830225], [-111.43724441526774, 26.383642686793845], [-111.43724441516503, 26.38364268676818], [-111.43724441506018, 26.383642686753515], [-111.43724441495438, 26.38364268675002], [-111.43627882005947, 26.383661909353727], [-111.43627882003793, 26.383661909353222], [-111.43627882001681, 26.383661909349016], [-111.43604278566856, 26.383604241518377], [-111.43604278564524, 26.383604241511446], [-111.43604278562971, 26.38360424149258], [-111.4358711245863, 26.38337357028627], [-111.43587112452398, 26.383373570210583], [-111.43587112445456, 26.383373570141366], [-111.43587112437869, 26.383373570079275], [-111.43587112429711, 26.383373570024915], [-111.43587112421059, 26.383373569978804], [-111.43587112411998, 26.383373569941387], [-111.43587112402614, 26.38337356991302], [-111.43587112392997, 26.38337356989398], [-111.4358711238324, 26.383373569884448], [-111.43587112373436, 26.383373569884515], [-111.43548488635707, 26.383392792504115], [-111.43548488626469, 26.383392792513025], [-111.43548488617353, 26.383392792530465], [-111.43548488608437, 26.38339279255628], [-111.435484885998, 26.383392792590247], [-111.43522739415755, 26.383508128355118], [-111.4352273940536, 26.383508128409208], [-111.43477678305749, 26.383777244910487], [-111.43477678299132, 26.38377724495363], [-111.43477678292878, 26.38377724500186], [-111.43445491792595, 26.3840463608808], [-111.43445491790754, 26.384046360894747], [-111.43445491788624, 26.384046360885687], [-111.4338970184556, 26.383777244962168], [-111.4338970184339, 26.383777244950302], [-111.43389701843263, 26.38377724492563], [-111.43389701843263, 26.383700354588328], [-111.43389701843363, 26.383700354566226], [-111.43389701844431, 26.38370035454651], [-111.43419742561166, 26.383200566198493], [-111.43419742565604, 26.383200566116184], [-111.43419742569252, 26.38320056603009], [-111.43419742572081, 26.383200565940964], [-111.43419742574065, 26.383200565849585], [-111.43419742575188, 26.383200565756752], [-111.43419742575438, 26.38320056566328], [-111.43419742574812, 26.38320056556998], [-111.4341974257332, 26.383200565477672], [-111.43419742570971, 26.38320056538716], [-111.43409013748787, 26.382854556970933], [-111.43409013748254, 26.38285455695082], [-111.43409013748062, 26.38285455692996], [-111.43406867982102, 26.382431656046737], [-111.43406867981258, 26.38243165595826], [-111.43406867979633, 26.382431655870885], [-111.43406867977237, 26.3824316557853], [-111.43406867974089, 26.382431655702177], [-111.43406867970218, 26.382431655622177], [-111.43374681489749, 26.381835747369554], [-111.43374681484677, 26.381835747285752], [-111.4337468147881, 26.38183574720731], [-111.43374681472203, 26.38183574713499], [-111.43374681464921, 26.381835747069477], [-111.43374681457033, 26.381835747011404], [-111.43374681448614, 26.38183574696133], [-111.43374681439745, 26.38183574691973], [-111.43323183062024, 26.3816242948285], [-111.43323183059798, 26.38162429481801], [-111.43323183059013, 26.381624294794513], [-111.43297433854126, 26.38070158965612], [-111.43297433851932, 26.380701589587197], [-111.43278121954036, 26.38016334168032], [-111.43278121949616, 26.38016334157611], [-111.43278121944047, 26.380163341477562], [-111.432781219374, 26.38016334138594], [-111.43237352384295, 26.379663537624435], [-111.43237352377456, 26.3796635375488], [-111.4323735236988, 26.379663537480532], [-111.43237352361649, 26.37966353742033], [-111.43237352352848, 26.379663537368824], [-111.43196582826532, 26.379452081419227], [-111.43196582817455, 26.37945208137776], [-111.43196582808011, 26.379452081345548], [-111.43196582798294, 26.379452081322906], [-111.43196582788397, 26.37945208131006], [-111.43196582778423, 26.379452081307143], [-111.43196582768469, 26.37945208131418], [-111.43196582758635, 26.379452081331106], [-111.43162250520776, 26.379528974460055], [-111.43162250518786, 26.37952897446367], [-111.4316225051678, 26.37952897446566], [-111.43063545243061, 26.379586644331297], [-111.4306354523253, 26.379586644343075], [-111.43063545222184, 26.379586644365926], [-111.43063545212136, 26.3795866443996], [-111.42990589158487, 26.379874993223858], [-111.42990589150408, 26.37987499326], [-111.4299058914268, 26.379874993303144], [-111.42990589135364, 26.37987499335295], [-111.42990589128517, 26.379874993409032], [-111.42919778841747, 26.380509358283653], [-111.4291977883503, 26.380509358349798], [-111.42919778828964, 26.380509358421975], [-111.42919778823607, 26.380509358499545], [-111.42919778819002, 26.38050935858181], [-111.42919778815194, 26.380509358668053], [-111.42900466923031, 26.381009158733615], [-111.42900466919565, 26.381009158840936], [-111.42900466917331, 26.38100915895148], [-111.42891883852847, 26.381605071678226], [-111.42891883851941, 26.381605071773034], [-111.4289188385194, 26.381605071868275], [-111.42891883852843, 26.381605071963087], [-111.42891883854647, 26.381605072056605], [-111.42902612678573, 26.382047198592108], [-111.42902612681537, 26.382047198691478], [-111.42902612685515, 26.38204719878724], [-111.42902612690463, 26.382047198878368], [-111.42902612696328, 26.382047198963885], [-111.42902612703047, 26.382047199042866], [-111.42902612710547, 26.38204719911447], [-111.4295625686482, 26.38250854703665], [-111.42956256866385, 26.382508547051334], [-111.4295625686768, 26.382508547068543], [-111.42973423002735, 26.38275844317315], [-111.42973423004032, 26.382758443194213], [-111.42973423004405, 26.382758443218698], [-111.4297771453833, 26.38318134310305], [-111.42977714538455, 26.383181343127017], [-111.42977714537231, 26.383181343147772], [-111.42956256867696, 26.383508128360205], [-111.42956256866383, 26.383508128378356], [-111.42956256864514, 26.38350812839069], [-111.42930507662209, 26.383661909340447], [-111.42930507659855, 26.383661909352845], [-111.42930507657375, 26.38366190936268], [-111.42896175387109, 26.383777244942404], [-111.42896175384506, 26.3837772449496], [-111.4289617538182, 26.383777244948064], [-111.42861843111349, 26.383738799767382], [-111.42861843109156, 26.38373879976393], [-111.42861843106988, 26.383738799758493], [-111.42842531206863, 26.383681131969514], [-111.428425312043, 26.383681131960294], [-111.4284253120217, 26.383681131943245], [-111.42821073534074, 26.38348890576048], [-111.42821073532215, 26.38348890574195], [-111.4282107353054, 26.38348890572127], [-111.42765283590862, 26.382719997754855], [-111.42765283584174, 26.382719997672297], [-111.42765283576648, 26.382719997597295], [-111.4274597168136, 26.382546992661368], [-111.42745971679771, 26.382546992645807], [-111.42745971678832, 26.382546992625585], [-111.42730951310233, 26.382181758995962], [-111.42730951309348, 26.38218175897066], [-111.4273095130903, 26.382181758944075], [-111.42726659776044, 26.381528180230276], [-111.42726659774969, 26.38152818013576], [-111.42726659773001, 26.381528180042693], [-111.42726659770159, 26.381528179951914], [-111.42726659766467, 26.381528179864247], [-111.42707347886028, 26.381124497422707], [-111.42707347881147, 26.381124497332806], [-111.42707347875373, 26.38112449724836], [-111.42707347868767, 26.381124497170255], [-111.42707347861398, 26.381124497099307], [-111.42707347853342, 26.38112449703626], [-111.42707347844683, 26.381124496981776], [-111.42707347835514, 26.38112449693642], [-111.42645120627422, 26.380855374361563], [-111.42645120613682, 26.380855374313672], [-111.42580747620065, 26.380682366560013], [-111.42580747609563, 26.380682366537755], [-111.42580747598883, 26.380682366526884], [-111.42580747588148, 26.380682366527523], [-111.42516374630316, 26.38072081269602], [-111.4251637462036, 26.38072081270699], [-111.42516374610562, 26.380720812727866], [-111.42516374601024, 26.380720812758437], [-111.4251637459184, 26.380720812798398], [-111.425163745831, 26.380720812847347], [-111.42516374574895, 26.38072081290479], [-111.42516374567306, 26.380720812970157], [-111.42516374560408, 26.38072081304279], [-111.42494916917525, 26.38097071271285], [-111.42494916915899, 26.38097071272996], [-111.42494916914407, 26.38097071271186], [-111.42443418504135, 26.380278680626887], [-111.42443418502899, 26.38027868060864], [-111.4244341850238, 26.380278680587445], [-111.42426252365618, 26.37941363465128], [-111.42426252365253, 26.379413634626065], [-111.42426252366447, 26.379413634603225], [-111.4244556426878, 26.379086837811805], [-111.42445564270082, 26.379086837792034], [-111.42445564272424, 26.37908683779385], [-111.4261293410368, 26.379298294660735], [-111.42612934112563, 26.379298294667954], [-111.42612934121476, 26.379298294667237], [-111.42685890193795, 26.379259847997158], [-111.42685890201689, 26.37925984798985], [-111.42743825877425, 26.379182954649472], [-111.42743825886973, 26.37918295463205], [-111.42743825896308, 26.379182954605447], [-111.42743825905342, 26.379182954569924], [-111.42743825913988, 26.379182954525806], [-111.42743825922165, 26.379182954473517], [-111.42743825929797, 26.379182954413544], [-111.42743825936812, 26.379182954346454], [-111.42780303927621, 26.37879848716401], [-111.42780303933816, 26.37879848709218], [-111.42780303939303, 26.3787984870148], [-111.42780303944032, 26.378798486932574], [-111.4278030394796, 26.378798486846236], [-111.42780303951054, 26.378798486756562], [-111.42780303953282, 26.378798486664365], [-111.42780303954628, 26.378798486570467], [-111.42780303955078, 26.37879848647572], [-111.42780303955078, 26.37777964139404], [-111.42780303954649, 26.377779641301586], [-111.42780303953369, 26.377779641209926], [-111.42780303951245, 26.377779641119847], [-111.42780303948298, 26.377779641032113], [-111.4274597169019, 26.37689535304834], [-111.42745971686375, 26.37689535296232], [-111.42745971681768, 26.37689535288026], [-111.4274597167641, 26.3768953528029], [-111.42745971670351, 26.376895352730916], [-111.42745971663639, 26.376895352664945], [-111.42745971656339, 26.376895352605576], [-111.4267301560621, 26.37635708702874], [-111.42673015598182, 26.376357086975286], [-111.42673015589675, 26.37635708692981], [-111.42673015580769, 26.37635708689275], [-111.42507791528377, 26.37576114687529], [-111.4250779151905, 26.375761146846706], [-111.42507791509489, 26.375761146827347], [-111.42394065859288, 26.375588131402157], [-111.42394065856978, 26.375588131397503], [-111.42394065854998, 26.375588131384546], [-111.42248153688271, 26.374530809182914], [-111.42248153686592, 26.374530809169602], [-111.42248153685148, 26.374530809153374], [-111.42166614534104, 26.373531150185737], [-111.42166614532599, 26.373531150165213], [-111.42166614532304, 26.373531150140103], [-111.42162322998217, 26.37287752232045], [-111.42162322998183, 26.372877522295063], [-111.42162322999641, 26.37287752227426], [-111.42207384108012, 26.372300788768946], [-111.42207384109533, 26.372300788751332], [-111.42207384111674, 26.372300788760324], [-111.42239570590351, 26.372454584512717], [-111.42239570599388, 26.372454584550578], [-111.42239570608753, 26.372454584579415], [-111.42239570618355, 26.372454584598948], [-111.42239570628101, 26.37245458460899], [-111.42239570637899, 26.372454584609446], [-111.42239570647655, 26.372454584600312], [-111.42293214745031, 26.372377686798092], [-111.4229321475467, 26.372377686779405], [-111.4229321476408, 26.372377686751356], [-111.42293214773169, 26.372377686714216], [-111.42293214781849, 26.37237768666834], [-111.42293214790038, 26.372377686614172], [-111.42293214797657, 26.372377686552237], [-111.42293214804631, 26.372377686483127], [-111.42293214810894, 26.37237768640751], [-111.42293214816385, 26.372377686326118], [-111.42293214821052, 26.372377686239734], [-111.42357587813024, 26.371031964847234], [-111.42357587815472, 26.371031964791786], [-111.4238333701993, 26.37039754765419], [-111.42383337020976, 26.370397547631747], [-111.42383337022976, 26.37039754761711], [-111.42415523527036, 26.370186074473928], [-111.4241552352906, 26.370186074461984], [-111.42415523531196, 26.370186074471857], [-111.42441272733431, 26.37032064832972], [-111.42441272735473, 26.370320648341703], [-111.42441272735387, 26.37032064836554], [-111.42439126968596, 26.370570570821418], [-111.42439126968276, 26.37057057084485], [-111.42439126965907, 26.37057057084602], [-111.42421960947262, 26.37057057084602], [-111.424219609377, 26.3705705708506], [-111.42421960928228, 26.370570570864302], [-111.4242196091893, 26.370570570886997], [-111.4242196090989, 26.370570570918478], [-111.42421960901193, 26.370570570958456], [-111.42421960892919, 26.370570571006564], [-111.42421960885142, 26.370570571062366], [-111.42421960877934, 26.370570571125345], [-111.42421960871361, 26.37057057119493], [-111.42421960865484, 26.370570571270477], [-111.42421960860356, 26.370570571351298], [-111.42421960856025, 26.37057057143665], [-111.42421960852529, 26.370570571525754], [-111.424219608499, 26.37057057161779], [-111.42421960848165, 26.37057057171192], [-111.42421960847336, 26.370570571807278], [-111.42421960847425, 26.37057057190299], [-111.42421960848426, 26.37057057199818], [-111.42430543894089, 26.37112808797883], [-111.42430543896057, 26.371128088075007], [-111.42430543898959, 26.371128088168792], [-111.42430543902766, 26.371128088259283], [-111.42430543907443, 26.3711280883456], [-111.42430543912943, 26.371128088426918], [-111.42430543919214, 26.371128088502452], [-111.42430543926196, 26.371128088571467], [-111.42467021904629, 26.37145490734172], [-111.42467021911858, 26.371454907400658], [-111.42467021919606, 26.371454907452595], [-111.42467021927803, 26.371454907497093], [-111.4246702193638, 26.371454907533757], [-111.42467021945261, 26.37145490756227], [-111.42467021954369, 26.371454907582386], [-111.42467021963624, 26.37145490759393], [-111.42467021972946, 26.371454907596796], [-111.42467021982256, 26.371454907590966], [-111.4246702199147, 26.37145490757649], [-111.42570018761363, 26.371243436456584], [-111.42570018774987, 26.371243436418393], [-111.42698764798547, 26.37078204332159], [-111.42698764801045, 26.370782043314097], [-111.42698764803654, 26.37078204331475], [-111.42748117394572, 26.370820492769766], [-111.42748117404231, 26.37082049277261], [-111.42748117413872, 26.370820492766114], [-111.42748117423406, 26.370820492750344], [-111.42748117432743, 26.37082049272545], [-111.42748117441796, 26.370820492691657], [-111.4274811745048, 26.370820492649283], [-111.42748117458716, 26.370820492598728], [-111.42748117466424, 26.370820492540457], [-111.42748117473535, 26.370820492475023], [-111.4274811747998, 26.370820492403023], [-111.4276528358304, 26.370609020433356], [-111.42765283584637, 26.370609020415536], [-111.42765283586954, 26.370609020421227], [-111.42816781995386, 26.370762818552148], [-111.42816781997637, 26.370762818560063], [-111.4281678199969, 26.37076281857209], [-111.42840385416842, 26.3709166163677], [-111.42840385424991, 26.370916616415474], [-111.42840385433554, 26.370916616455347], [-111.42840385442456, 26.37091661648696], [-111.42840385451616, 26.370916616510033], [-111.42840385460953, 26.370916616524358], [-111.42876863439322, 26.370955065909715], [-111.42876863448926, 26.370955065915187], [-111.4287686345854, 26.370955065911403], [-111.42876863468071, 26.3709550658984], [-111.42876863477433, 26.3709550658763], [-111.4287686348654, 26.370955065845305], [-111.42876863495307, 26.370955065805703], [-111.42876863503653, 26.370955065757858], [-111.428768635115, 26.37095506570222], [-111.42894029592516, 26.37082049300491], [-111.4289402960019, 26.37082049293818], [-111.42894029607146, 26.370820492864002], [-111.42894029613313, 26.370820492783142], [-111.42894029618627, 26.370820492696435], [-111.42894029623034, 26.370820492604782], [-111.42894029626486, 26.37082049250913], [-111.42900466909107, 26.37060902073742], [-111.429004669114, 26.370609020647226], [-111.42900466912845, 26.37060902055529], [-111.42900466913429, 26.37060902046241], [-111.42900466913146, 26.37060902036939], [-111.42900466912, 26.370609020277037], [-111.42900466910001, 26.370609020186148], [-111.42900466907165, 26.37060902009751], [-111.42881155014855, 26.370089950186415], [-111.42881155014163, 26.37008995016472], [-111.42881155015692, 26.370089950147516], [-111.42896175382779, 26.369936151142074], [-111.42896175384503, 26.369936151126105], [-111.42896175385872, 26.369936151145357], [-111.42913341521006, 26.370205299291314], [-111.42913341522122, 26.370205299310697], [-111.42913341522478, 26.370205299332596], [-111.4292192458805, 26.370935840970773], [-111.42921924589734, 26.370935841070402], [-111.42921924592416, 26.370935841167825], [-111.42921924596067, 26.370935841262042], [-111.4292192460065, 26.370935841352097], [-111.42921924606118, 26.370935841437067], [-111.4296054838591, 26.371474132107746], [-111.42960548392172, 26.371474132186343], [-111.4296054839919, 26.37147413225826], [-111.42960548406894, 26.371474132322774], [-111.42960548415208, 26.371474132379227], [-111.42960548424045, 26.371474132427053], [-111.43024921387564, 26.371781725956925], [-111.43024921397344, 26.371781725997444], [-111.43024921407496, 26.371781726027397], [-111.43024921417909, 26.371781726046454], [-111.43024921428464, 26.371781726054394], [-111.43024921439046, 26.371781726051132], [-111.43024921449532, 26.371781726036705], [-111.43085002893501, 26.371666378537153], [-111.43085002904674, 26.371666378508944], [-111.43164396269522, 26.371416458442926], [-111.43164396280187, 26.371416458402532], [-111.43164396290324, 26.37141645835026], [-111.431643962998, 26.371416458286788], [-111.43233060834854, 26.370897391782467], [-111.43233060836855, 26.37089739176882], [-111.43233060839061, 26.370897391759385], [-111.43383264518363, 26.370339873254654], [-111.43383264527306, 26.370339873216412], [-111.43383264535835, 26.370339873169666], [-111.43383264543868, 26.370339873114858], [-111.43383264551333, 26.3703398730525], [-111.43383264558156, 26.370339872983187], [-111.43409013746314, 26.370051500444358], [-111.43409013750238, 26.37005150040505], [-111.43524885118045, 26.36901335311856], [-111.43524885124901, 26.369013353050892], [-111.43524885131076, 26.369013352976943], [-111.4352488513651, 26.369013352897394], [-111.43524885141153, 26.369013352812985], [-111.43524885144963, 26.3690133527245], [-111.43524885147903, 26.36901335263276], [-111.43524885149947, 26.369013352538616], [-111.43524885151075, 26.369013352442945], [-111.43524885151278, 26.369013352346627], [-111.43524885150553, 26.369013352250565], [-111.43524885148906, 26.369013352155644], [-111.43524885146356, 26.369013352062748], [-111.43524885142921, 26.36901335197274], [-111.43524885138638, 26.36901335188645], [-111.43496990205054, 26.368513500321125], [-111.43496990204093, 26.36851350030173], [-111.4349699020614, 26.368513500308538], [-111.43576383588736, 26.36882110195417], [-111.43576383590657, 26.368821101962556], [-111.435763835924, 26.368821101973968], [-111.4417505264073, 26.373108214891626], [-111.44175052642704, 26.37310821490735]]]}}, {"type": "Feature", "id": 3, "properties": {"actividad": "Conservación, Pesca y Turismo", "conflictos_potenciales": "Modificación de los ecosistemas costeros", "fragilidad": "baja", "localidad_referencia": "San Juaniquito", "nombre": "UGA-14", "poblacion": 0, "politica_ambiental": "Aprovechamiento Sustentable", "presion": "alta", "superficie_total": 2297.88, "vulnerabilidad": "alta"}, "geometry": {"type": "Polygon", "coordinates": [[[-111.4038562774635, 26.337537668209276], [-111.4038562774465, 26.337537668224012], [-111.40095949174842, 26.339806818871725], [-111.40095949172934, 26.33980681888526], [-111.40095949170602, 26.33980681888636], [-111.39980077745989, 26.33980681888636], [-111.3998007774354, 26.339806818885155], [-111.39980077741123, 26.339806818881566], [-111.39806270609036, 26.339460680152612], [-111.39806270599317, 26.33946068013818], [-111.39806270589504, 26.339460680133353], [-111.39709711077467, 26.339460680133353], [-111.39709711074858, 26.339460680131975], [-111.3970971107243, 26.339460680122606], [-111.39632463457383, 26.33911454035484], [-111.39632463455312, 26.339114540344344], [-111.396324634552, 26.339114540321106], [-111.396324634552, 26.337037679953877], [-111.39632463454888, 26.33703767987492], [-111.39632463453952, 26.337037679796463], [-111.39613151554651, 26.335826160996458], [-111.39613151552837, 26.335826160908297], [-111.39613151550236, 26.335826160822126], [-111.39613151546871, 26.33582616073864], [-111.39613151542768, 26.335826160658524], [-111.39613151537962, 26.335826160582418], [-111.39613151532491, 26.335826160510944], [-111.39437198640545, 26.333730010355385], [-111.39437198639037, 26.333730010335458], [-111.39437198638684, 26.33373001031101], [-111.39417886736754, 26.33165305354431], [-111.39417886735407, 26.331653053449244], [-111.39417886733155, 26.331653053355904], [-111.39417886730017, 26.331653053265157], [-111.39417886726024, 26.33165305317784], [-111.39417886721212, 26.331653053094747], [-111.39417886715624, 26.331653053016662], [-111.3922476768609, 26.32921065790606], [-111.39224767683757, 26.329210657877628], [-111.39106750490019, 26.327825969941777], [-111.39106750488418, 26.32782596992081], [-111.39106750487827, 26.32782596989484], [-111.39068126681717, 26.325575816841305], [-111.39068126679672, 26.32557581674872], [-111.39068126676759, 26.32557581665849], [-111.39068126673004, 26.325575816571423], [-111.39068126668442, 26.325575816488307], [-111.38971567160176, 26.32399876019632], [-111.38971567153372, 26.323998760098743], [-111.38971567145458, 26.323998760009935], [-111.38797760011349, 26.322267819654304], [-111.38797760009848, 26.32226781963796], [-111.38797760008835, 26.322267819618226], [-111.38718366624049, 26.32053685333684], [-111.38718366623071, 26.320536853312102], [-111.38718366622926, 26.320536853285443], [-111.38718366622926, 26.31915206165078], [-111.38718366623053, 26.31915206162588], [-111.3871836662413, 26.319152061603685], [-111.3879561424147, 26.317748019838447], [-111.38795614242633, 26.317748019819383], [-111.38795614244141, 26.31774801980248], [-111.38930797561675, 26.316363194947314], [-111.38930797568747, 26.316363194866632], [-111.38930797574913, 26.316363194778837], [-111.38930797580105, 26.316363194684943], [-111.38930797584258, 26.31636319458602], [-111.39005899428678, 26.314266692086346], [-111.39005899429883, 26.314266692050623], [-111.39083147048213, 26.31182393005694], [-111.39083147048964, 26.311823930036663], [-111.39083147049894, 26.311823930056157], [-111.39141082762688, 26.313208809297], [-111.3914108276354, 26.31320880932066], [-111.3914108276313, 26.313208809345404], [-111.3912177086589, 26.314093584316915], [-111.39121770864342, 26.314093584407704], [-111.39121770863636, 26.31409358449953], [-111.39121770863778, 26.314093584591618], [-111.39121770864767, 26.314093584683185], [-111.39121770866595, 26.314093584773453], [-111.39121770869244, 26.314093584861656], [-111.39121770872694, 26.31409358494705], [-111.39201164239633, 26.315824647124057], [-111.39201164243991, 26.315824647208306], [-111.39201164249128, 26.315824647288043], [-111.39201164254999, 26.31582464736255], [-111.39336347578244, 26.317382581469076], [-111.39336347579828, 26.317382581489394], [-111.39336347580186, 26.317382581514636], [-111.39374971389468, 26.321729299519472], [-111.39374971389603, 26.32172929958816], [-111.39357805252742, 26.325210402884764], [-111.393578052527, 26.32521040297434], [-111.39357805253462, 26.32521040306359], [-111.3935780525502, 26.3252104031518], [-111.39377117152442, 26.326075854287147], [-111.39377117155193, 26.326075854386158], [-111.39377117158945, 26.326075854481825], [-111.39377117163659, 26.326075854573137], [-111.39377117169285, 26.326075854659127], [-111.39454364762241, 26.327133619529747], [-111.3945436476824, 26.327133619604147], [-111.39454364774922, 26.32713361967248], [-111.39454364782226, 26.327133619734123], [-111.39454364790085, 26.327133619788512], [-111.39454364798426, 26.32713361983515], [-111.39628171918525, 26.327999056812057], [-111.39628171920602, 26.327999056823725], [-111.39628171919358, 26.327999056844085], [-111.39533758164818, 26.329383742703317], [-111.39533758163391, 26.329383742722197], [-111.39533758161022, 26.32938374272335], [-111.39379263105022, 26.32938374272335], [-111.3937926309535, 26.32938374272804], [-111.39379263085767, 26.329383742742063], [-111.39379263076367, 26.329383742765287], [-111.39379263067234, 26.329383742797496], [-111.39379263058456, 26.329383742838388], [-111.39379263050114, 26.329383742887575], [-111.39379263042288, 26.329383742944604], [-111.3937926303505, 26.329383743008936], [-111.39379263028468, 26.329383743079966], [-111.39379263022603, 26.329383743157027], [-111.39379263017513, 26.3293837432394], [-111.39379263013241, 26.329383743326314], [-111.39379263009832, 26.32938374341695], [-111.39379263007314, 26.32938374351046], [-111.39379263005713, 26.329383743605963], [-111.39379263005043, 26.329383743702568], [-111.39379263005311, 26.32938374379937], [-111.39379263006514, 26.32938374389546], [-111.39379263008641, 26.329383743989933], [-111.3937926301167, 26.329383744081905], [-111.39379263015577, 26.329383744170517], [-111.39379263020321, 26.32938374425494], [-111.3945651054259, 26.330614560712494], [-111.39456510543717, 26.330614560732446], [-111.39456510543825, 26.3306145607555], [-111.39456510543825, 26.331826133896946], [-111.39456510544304, 26.33182613399469], [-111.39456510545736, 26.331826134091497], [-111.39456510548106, 26.33182613418644], [-111.39456510551395, 26.33182613427861], [-111.39456510555569, 26.331826134367127], [-111.39456510560586, 26.331826134451138], [-111.39456510566401, 26.331826134529845], [-111.39456510572958, 26.33182613460249], [-111.39456510580195, 26.33182613466838], [-111.39456510588039, 26.331826134726878], [-111.39533758161423, 26.33234537640488], [-111.39533758163336, 26.332345376419138], [-111.39533758163452, 26.332345376442806], [-111.39533758163452, 26.333383852823225], [-111.39533758163917, 26.333383852919457], [-111.39533758165305, 26.333383853014798], [-111.39533758167603, 26.33338385310836], [-111.39533758170792, 26.333383853199273], [-111.39533758174841, 26.333383853286698], [-111.39533758179712, 26.33338385336982], [-111.39533758185361, 26.333383853447867], [-111.39533758191735, 26.333383853520118], [-111.39533758198775, 26.3333838535859], [-111.39533758206414, 26.3333838536446], [-111.39533758214583, 26.33338385369568], [-111.39688253400524, 26.334249243772902], [-111.3968825340258, 26.334249243785806], [-111.39688253402362, 26.334249243809825], [-111.39671087266004, 26.335460779372486], [-111.39671087265015, 26.335460779512776], [-111.39671087265015, 26.336172310223994], [-111.39671087265752, 26.336172310345223], [-111.39671087267955, 26.336172310464665], [-111.39709711034571, 26.33772996921563], [-111.397097110374, 26.33772996930971], [-111.39709711041141, 26.33772996940056], [-111.39709711045754, 26.3377299694873], [-111.39709711051195, 26.337729969569093], [-111.39709711057412, 26.337729969645153], [-111.39709711064347, 26.337729969714747], [-111.39709711071932, 26.3377299697772], [-111.39709711080091, 26.33772996983191], [-111.39709711088749, 26.337729969878346], [-111.39709711097821, 26.337729969916065], [-111.39709711107218, 26.3377299699447], [-111.39709711116852, 26.337729969963977], [-111.39709711126628, 26.337729969973704], [-111.39709711136452, 26.337729969973797], [-111.3970971114623, 26.337729969964247], [-111.39709711155867, 26.337729969945148], [-111.3970971116527, 26.337729969916683], [-111.39709711174348, 26.33772996987913], [-111.39709711183013, 26.337729969832854], [-111.39709711191183, 26.337729969778295], [-111.39709711198779, 26.33772996971598], [-111.39902830122135, 26.33598000514376], [-111.39902830123931, 26.33598000512898], [-111.3990283012617, 26.33598000513505], [-111.40385627744247, 26.33753766820132], [-111.4038562774635, 26.337537668209276]]]}}, {"type": "Feature", "id": 4, "properties": {"actividad": "Conservación, Pesca y Turismo", "conflictos_potenciales": "Modificación de los ecosistemas costeros", "fragilidad": "baja", "localidad_referencia": "San Juaniquito", "nombre": "UGA-14", "poblacion": 0, "politica_ambiental": "Aprovechamiento Sustentable", "presion": "alta", "superficie_total": 2297.88, "vulnerabilidad": "alta"}, "geometry": {"type": "MultiPolygon", "coordinates": [[[[-111.394093037, 26.304341449], [-111.393299103, 26.301032846], [-111.393299103, 26.301032845], [-111.393299102, 26.301032845], [-111.392526627, 26.300686591], [-111.392526626, 26.300686591], [-111.39175415, 26.301032845], [-111.390981674, 26.301032845], [-111.390981674, 26.301032846], [-111.390402317, 26.301398335], [-111.389629841, 26.301398335], [-111.389608383, 26.294780866], [-111.386497021, 26.284007434], [-111.386497021, 26.282429812], [-111.386282444, 26.280178777], [-111.388599872, 26.280871408], [-111.388599873, 26.280871408], [-111.38917923, 26.280525093], [-111.39111042, 26.280159537], [-111.392869949, 26.285719707], [-111.392869949, 26.287989873], [-111.392698288, 26.290779422], [-111.392698288, 26.290779423], [-111.392698288, 26.292857112], [-111.392698288, 26.292857113], [-111.393470764, 26.29547341], [-111.393492222, 26.298416673], [-111.393492222, 26.298416674], [-111.395058632, 26.303648958], [-111.394093037, 26.304341449]]], [[[-111.395337582, 26.27617683], [-111.395337582, 26.275638096], [-111.395337581, 26.275638095], [-111.394951344, 26.2751186], [-111.394951344, 26.27319452], [-111.395337582, 26.272155503], [-111.395702362, 26.270924065], [-111.395702362, 26.270924064], [-111.396281719, 26.269192332], [-111.396281719, 26.269192331], [-111.396281719, 26.267980103], [-111.395509243, 26.26674862], [-111.395123005, 26.265709546], [-111.394135952, 26.264670463], [-111.394135952, 26.264670462], [-111.394715309, 26.263285004], [-111.395487785, 26.262399841], [-111.396839619, 26.261360728], [-111.400315762, 26.260648737], [-111.403577328, 26.26047555], [-111.403019428, 26.261687857], [-111.402246953, 26.262034228], [-111.402246952, 26.262034228], [-111.402246952, 26.263612127], [-111.402440071, 26.265170763], [-111.402440071, 26.266209842], [-111.401860714, 26.266921798], [-111.400530339, 26.26674862], [-111.400530338, 26.26674862], [-111.400530338, 26.266748621], [-111.400530338, 26.269346264], [-111.4001441, 26.271443579], [-111.400165558, 26.274753026], [-111.400165558, 26.274753027], [-111.400938034, 26.27544569], [-111.401324272, 26.27544569], [-111.402676105, 26.275253284], [-111.402676106, 26.275253284], [-111.404435635, 26.27617683], [-111.395337582, 26.27617683]]]]}}, {"type": "Feature", "id": 5, "properties": {"actividad": "Pesca y conservación", "conflictos_potenciales": "Modificación de los ecosistemas costeros", "fragilidad": "media", "localidad_referencia": "El rincón", "nombre": "UGA-15", "poblacion": 0, "politica_ambiental": "Aprovechamiento Sustentable", "presion": "media", "superficie_total": 154.96, "vulnerabilidad": "alta"}, "geometry": {"type": "Polygon", "coordinates": [[[-111.39100313186553, 26.303475834868944], [-111.39100313186904, 26.303475834890673], [-111.39138936996193, 26.306784368459645], [-111.39138936996353, 26.306784368482656], [-111.3913893699609, 26.30678436850546], [-111.39072418213321, 26.3108621985416], [-111.39072418212604, 26.310862198594396], [-111.39063835144273, 26.311650818937803], [-111.39063835143956, 26.311650818958668], [-111.39063835143288, 26.31165081897869], [-111.38900756836809, 26.31592081661814], [-111.38900756835987, 26.315920816636844], [-111.38900756835636, 26.31592081661662], [-111.38892173767454, 26.31522839530444], [-111.38892173767074, 26.31522839524585], [-111.3889002800006, 26.31147770794124], [-111.38890027999481, 26.31147770783951], [-111.38890027997873, 26.311477707738895], [-111.38890027995248, 26.311477707640442], [-111.38890027991634, 26.31147770754517], [-111.3889002798707, 26.31147770745407], [-111.38890027981603, 26.311477707368088], [-111.38754844668348, 26.309573465929123], [-111.38754844662338, 26.309573465852637], [-111.38724803926107, 26.30922723677496], [-111.38724803924663, 26.309227236756648], [-111.38724803923999, 26.30922723673436], [-111.38656139379317, 26.306438131242526], [-111.38656139376741, 26.306438131155222], [-111.38656139373381, 26.306438131070617], [-111.38656139369266, 26.30643813098942], [-111.3865613936443, 26.3064381309123], [-111.38656139358913, 26.306438130839897], [-111.3859820366065, 26.305745653003296], [-111.3859820365918, 26.305745652983827], [-111.38598203659058, 26.30574565295939], [-111.38598203659058, 26.30314882465242], [-111.38598203658556, 26.303148824552423], [-111.38598203657057, 26.303148824453427], [-111.38598203654576, 26.303148824356423], [-111.38598203651138, 26.30314882426239], [-111.38598203646775, 26.303148824172265], [-111.38598203641534, 26.303148824086954], [-111.38598203635466, 26.303148824007312], [-111.38598203628632, 26.303148823934137], [-111.385982036211, 26.303148823868163], [-111.38598203612948, 26.30314882381005], [-111.38598203604253, 26.303148823760385], [-111.38598203595107, 26.30314882371966], [-111.38598203585599, 26.303148823688286], [-111.38598203575825, 26.30314882366658], [-111.38598203565881, 26.30314882365475], [-111.38598203555871, 26.30314882365293], [-111.38598203545892, 26.303148823661125], [-111.38540267946775, 26.303225767439493], [-111.38540267944437, 26.303225767441432], [-111.38540267944019, 26.303225767418315], [-111.38520956042198, 26.30174458799443], [-111.38520956040286, 26.30174458789072], [-111.38520956037291, 26.3017445877896], [-111.38520956033248, 26.301744587692195], [-111.38520956028202, 26.30174458759959], [-111.38452291496253, 26.300628881637955], [-111.38452291490832, 26.300628881558673], [-111.38452291484676, 26.300628881484958], [-111.3845229147784, 26.300628881417488], [-111.383836269393, 26.300013314852006], [-111.38383626937919, 26.30001331483862], [-111.3838362693665, 26.300013314824305], [-111.38306379319792, 26.299070722052193], [-111.38306379318355, 26.29907072203279], [-111.38306379318237, 26.299070722008846], [-111.38306379318237, 26.29801270059419], [-111.38306379318342, 26.29801270057163], [-111.38306379319798, 26.298012700554132], [-111.38345003126096, 26.297589489304393], [-111.38345003129892, 26.297589489260282], [-111.38430833788226, 26.296531454652623], [-111.38430833793787, 26.296531454577092], [-111.38430833798616, 26.29653145449668], [-111.3843083380267, 26.2965314544121], [-111.38430833805914, 26.296531454324093], [-111.38430833808319, 26.29653145423343], [-111.38430833809865, 26.29653145414092], [-111.38430833810536, 26.29653145404736], [-111.38430833810328, 26.29653145395359], [-111.38430833809242, 26.296531453860425], [-111.38400793076056, 26.294703916629054], [-111.38400793075748, 26.294703916598976], [-111.38400793075806, 26.294703916568704], [-111.38428688049181, 26.291221896640845], [-111.3842868804957, 26.29122189660704], [-111.3844799995312, 26.289932945663104], [-111.38447999953947, 26.28993294558922], [-111.38447999954224, 26.28993294551493], [-111.38447999954224, 26.28618144000978], [-111.38447999953756, 26.286181439913253], [-111.38447999952359, 26.28618143981763], [-111.38447999950047, 26.2861814397238], [-111.38447999946838, 26.286181439632642], [-111.38447999942765, 26.286181439545004], [-111.38447999937867, 26.286181439461707], [-111.38447999932185, 26.28618143938353], [-111.38447999925776, 26.2861814393112], [-111.384479999187, 26.286181439245397], [-111.3844799991102, 26.286181439186727], [-111.3844799990281, 26.286181439135746], [-111.38340711595737, 26.285585034967358], [-111.38340711593742, 26.285585034954963], [-111.38340711593628, 26.285585034931607], [-111.38340711593628, 26.28314166855309], [-111.38340711594105, 26.28314166848426], [-111.38360023498225, 26.281756430065688], [-111.38360023498636, 26.28175643004359], [-111.38360023499244, 26.28175643002194], [-111.3837718963118, 26.281236961503993], [-111.38377189633975, 26.281236961401394], [-111.38377189635665, 26.28123696129641], [-111.3837718963623, 26.281236961190224], [-111.3837718963623, 26.280351935285875], [-111.38377189636365, 26.280351935260025], [-111.38377189637545, 26.28035193523691], [-111.38407230375988, 26.279832460300206], [-111.3840723037726, 26.279832460280467], [-111.38407230379592, 26.27983246028195], [-111.38561725614208, 26.280005618861964], [-111.38561725616428, 26.280005618865477], [-111.3856172561856, 26.280005618872973], [-111.38647556302685, 26.28035193525057], [-111.38647556304817, 26.280351935260395], [-111.38647556304764, 26.280351935283672], [-111.38630390167388, 26.282795360428647], [-111.38630390167144, 26.282795360450162], [-111.38630390166713, 26.282795360471404], [-111.38600349432923, 26.284007433897976], [-111.38600349430897, 26.284007434003925], [-111.38600349430023, 26.28400743411144], [-111.38600349430313, 26.284007434219273], [-111.38600349431762, 26.284007434326163], [-111.38600349434354, 26.284007434430873], [-111.38679742812806, 26.28660469233356], [-111.38679742813379, 26.286604692353816], [-111.38756990432667, 26.289567419551716], [-111.38756990432802, 26.289567419557056], [-111.38855695723984, 26.29356890497859], [-111.38855695724402, 26.29356890499923], [-111.38855695724644, 26.293568905019942], [-111.38875007628526, 26.296185186095965], [-111.38875007630075, 26.29618518621229], [-111.38875007632977, 26.296185186326], [-111.38943672179407, 26.298339726393593], [-111.38943672180046, 26.298339726417833], [-111.38943672179683, 26.298339726442535], [-111.38915777209793, 26.29974400322119], [-111.38915777208211, 26.299744003334247], [-111.38915777207929, 26.29974400344837], [-111.38915777208949, 26.299744003562076], [-111.38935089108152, 26.30105208149245], [-111.38935089110278, 26.30105208159731], [-111.38935089113514, 26.301052081699297], [-111.3893508911782, 26.301052081797245], [-111.38935089123147, 26.301052081890028], [-111.38973712907908, 26.301648406425823], [-111.38973712913476, 26.301648406503396], [-111.38973712919757, 26.301648406575307], [-111.38973712926696, 26.301648406640897], [-111.3897371293423, 26.30164840669957], [-111.38973712942288, 26.30164840675079], [-111.39020919797699, 26.301917713642204], [-111.3902091979972, 26.301917713655058], [-111.3902091980091, 26.3019177136759], [-111.39100313185641, 26.303475834848882], [-111.39100313186553, 26.303475834868944]]]}}, {"type": "Feature", "id": 6, "properties": {"actividad": "Conservación, Pesca y Turismo", "conflictos_potenciales": "Modificación de los ecosistemas costeros", "fragilidad": "baja", "localidad_referencia": "San Juaniquito", "nombre": "UGA-14", "poblacion": 0, "politica_ambiental": "Aprovechamiento Sustentable", "presion": "alta", "superficie_total": 2297.88, "vulnerabilidad": "alta"}, "geometry": {"type": "Polygon", "coordinates": [[[-111.40518665313583, 26.277869978252674], [-111.40518665311208, 26.277869978253868], [-111.40441417732359, 26.277869978253868], [-111.40441417721935, 26.277869978259314], [-111.40441417711625, 26.277869978275596], [-111.40441417701541, 26.277869978302537], [-111.40441417691794, 26.27786997833984], [-111.40441417682487, 26.277869978387102], [-111.40441417673725, 26.277869978443807], [-111.404414176656, 26.277869978509337], [-111.40364170076246, 26.27856262274264], [-111.40364170074398, 26.278562622757683], [-111.40364170072402, 26.278562622770952], [-111.40248298695997, 26.279255262824247], [-111.4024829868789, 26.279255262878234], [-111.40248298680346, 26.279255262939852], [-111.40248298673438, 26.279255263008515], [-111.40248298667231, 26.279255263083574], [-111.40248298661783, 26.279255263164316], [-111.40248298657147, 26.279255263249976], [-111.40248298653366, 26.27925526333974], [-111.40248298650476, 26.279255263432752], [-111.40248298648505, 26.27925526352814], [-111.40248298647471, 26.27925526362499], [-111.40248298647384, 26.279255263722387], [-111.4025044441177, 26.27979398044211], [-111.40250444412902, 26.279793980557542], [-111.40250444415365, 26.279793980670885], [-111.4028906822144, 26.28117924244223], [-111.40289068221945, 26.28117924246411], [-111.40289068222047, 26.281179242486466], [-111.40289068222047, 26.28239133229765], [-111.40289068222553, 26.282391332398095], [-111.40289068224065, 26.28239133249753], [-111.40289068226569, 26.282391332594937], [-111.40289068230038, 26.28239133268934], [-111.40289068234438, 26.28239133277978], [-111.40289068239724, 26.282391332865345], [-111.40289068245842, 26.282391332945163], [-111.40289068252731, 26.282391333018435], [-111.40289068260323, 26.282391333084416], [-111.40289068268538, 26.28239133314244], [-111.40289068277293, 26.282391333191914], [-111.40289068286503, 26.282391333232347], [-111.40289068296072, 26.282391333263323], [-111.40482187268697, 26.28291079658138], [-111.40482187270999, 26.28291079658883], [-111.40482187271132, 26.282910796612825], [-111.40484333038081, 26.286739362960862], [-111.40484333038684, 26.286739363064925], [-111.40484333040365, 26.286739363167797], [-111.40484333043108, 26.286739363268357], [-111.40484333046884, 26.286739363365516], [-111.4048433305165, 26.286739363458217], [-111.40484333057354, 26.286739363545458], [-111.40484333063937, 26.286739363626282], [-111.40484333071325, 26.286739363699812], [-111.40503644941435, 26.286912511664323], [-111.40503644943088, 26.28691251168066], [-111.40503644941856, 26.286912511700304], [-111.40407085419757, 26.288297688572705], [-111.40407085417542, 26.288297688602107], [-111.40349149705429, 26.289009509157328], [-111.40349149703925, 26.289009509174146], [-111.40349149701696, 26.289009509178534], [-111.40233278298417, 26.289182654027154], [-111.40233278289125, 26.28918265404558], [-111.40233278280047, 26.289182654072714], [-111.40233278271268, 26.28918265410832], [-111.40233278262865, 26.28918265415207], [-111.40233278254914, 26.289182654203582], [-111.40136718791717, 26.289875230729702], [-111.40136718784282, 26.289875230788557], [-111.40136718777438, 26.289875230854193], [-111.40136718771248, 26.28987523092601], [-111.40136718765764, 26.289875231003375], [-111.40136718761039, 26.28987523108558], [-111.40136718757113, 26.289875231171898], [-111.40136718754022, 26.289875231261544], [-111.40136718751795, 26.28987523135371], [-111.4013671875045, 26.289875231447578], [-111.4013671875, 26.289875231542293], [-111.4013671875, 26.29056780383496], [-111.40136718749883, 26.290567803858917], [-111.40136718748461, 26.290567803878247], [-111.40078783040802, 26.291279610446363], [-111.40078783035598, 26.291279610516327], [-111.40078783031022, 26.291279610590554], [-111.40059471131536, 26.291625893232247], [-111.40059471130292, 26.29162589325226], [-111.40059471128149, 26.291625893262303], [-111.39849185945812, 26.292491595567775], [-111.39849185943578, 26.29249159557575], [-111.39849185941222, 26.29249159557708], [-111.39636754992085, 26.292510833332667], [-111.39636754989738, 26.29251083333173], [-111.39636754989604, 26.292510833308175], [-111.39634609222432, 26.28989446924249], [-111.39634609222522, 26.28989446921942], [-111.3963460922416, 26.289894469203254], [-111.39673233016349, 26.28954818145265], [-111.39673233023788, 26.28954818137854], [-111.3967323303041, 26.289548181297036], [-111.3967323303614, 26.289548181209042], [-111.39673233040917, 26.28954818111552], [-111.39711856833364, 26.28868245720983], [-111.39711856837128, 26.288682457111957], [-111.39711856839847, 26.28868245701068], [-111.39711856841491, 26.288682456907114], [-111.39711856842041, 26.288682456802395], [-111.39711856842041, 26.287624341214933], [-111.39711856841606, 26.28762434112175], [-111.39711856840304, 26.287624341029375], [-111.39711856838147, 26.287624340938617], [-111.39711856835154, 26.287624340850265], [-111.39711856831352, 26.287624340765085], [-111.3971185682677, 26.287624340683816], [-111.39711856821452, 26.287624340607174], [-111.39711856815444, 26.28762434053582], [-111.39711856808796, 26.287624340470376], [-111.3967323303419, 26.28727804609972], [-111.3967323303234, 26.287278046081276], [-111.39673233031152, 26.287278046058017], [-111.39634609223486, 26.286412304867252], [-111.39634609222547, 26.286412304842855], [-111.39634609222412, 26.286412304816984], [-111.39634609222412, 26.285200256322028], [-111.39634609221478, 26.28520025618571], [-111.39593839650387, 26.28223741786277], [-111.3959383964852, 26.28223741776412], [-111.39593839645674, 26.282237417667833], [-111.39593839641877, 26.28223741757489], [-111.39593839637166, 26.282237417486222], [-111.39593839631591, 26.282237417402722], [-111.39593839625206, 26.282237417325238], [-111.39593839618077, 26.282237417254546], [-111.395359039324, 26.2817179509763], [-111.3953590393077, 26.281717950960264], [-111.39535903930664, 26.281717950937566], [-111.39535903930664, 26.2805058533529], [-111.39535903930812, 26.280505853325796], [-111.39535903931247, 26.280505853299292], [-111.39574527737861, 26.27875502339488], [-111.39574527739747, 26.27875502327548], [-111.39574527740177, 26.27875502315468], [-111.39572381973464, 26.277889218514503], [-111.39572381972951, 26.27788921843519], [-111.39572381971811, 26.277889218356535], [-111.39553070069938, 26.27685024418288], [-111.39553070068003, 26.276850244099045], [-111.39553070065355, 26.276850244017176], [-111.39533758164225, 26.27633075346216], [-111.39533758163552, 26.27633075344124], [-111.39533758163452, 26.276330753419074], [-111.39533758163452, 26.275638095946036], [-111.39533758163034, 26.27563809585483], [-111.39533758161788, 26.275638095764386], [-111.39533758159722, 26.275638095675458], [-111.39533758156853, 26.275638095588782], [-111.39533758153205, 26.275638095505084], [-111.39533758148809, 26.275638095425066], [-111.39533758143702, 26.275638095349386], [-111.39495134355006, 26.275118599550684], [-111.3949513435374, 26.275118599531925], [-111.39495134353638, 26.275118599509483], [-111.39495134353638, 26.273194519733494], [-111.39495134353736, 26.273194519711364], [-111.39495134354405, 26.273194519690556], [-111.39533758162084, 26.272155503381807], [-111.39533758164528, 26.272155503307214], [-111.39559507369316, 26.271251166738836], [-111.39559507370086, 26.27125116671614], [-111.39559507372485, 26.271251166714947], [-111.40018701550858, 26.271251166714947], [-111.400187015532, 26.271251166716112], [-111.40018701552803, 26.271251166739216], [-111.40014410021392, 26.271443579243243], [-111.4001441001956, 26.271443579354653], [-111.40014410018996, 26.271443579467416], [-111.40016555785846, 26.27475302637825], [-111.40016555786455, 26.27475302648219], [-111.40016555788142, 26.274753026584936], [-111.40016555790888, 26.274753026685367], [-111.40016555794664, 26.274753026782403], [-111.40016555799427, 26.274753026874983], [-111.40016555805128, 26.27475302696211], [-111.40016555811704, 26.274753027042834], [-111.40016555819084, 26.274753027116287], [-111.4009380337727, 26.27544568967413], [-111.40093803385395, 26.275445689739662], [-111.40093803394157, 26.275445689796367], [-111.40093803403464, 26.275445689843632], [-111.40093803413212, 26.275445689880936], [-111.40093803423296, 26.275445689907876], [-111.40093803433606, 26.27544568992416], [-111.4009380344403, 26.275445689929608], [-111.40132427208493, 26.275445689929608], [-111.40132427222585, 26.275445689919632], [-111.40267610547353, 26.275253283928844], [-111.40267610549905, 26.275253283926556], [-111.40267610552222, 26.27525328393719], [-111.40499353406705, 26.27646543641646], [-111.40499353408713, 26.276465436428207], [-111.40499353409139, 26.27646543645103], [-111.4051866531338, 26.277869978229024], [-111.40518665313583, 26.277869978252674]]]}}, {"type": "Feature", "id": 2, "properties": {"actividad": "Conservación, Pesca y Turismo", "conflictos_potenciales": "Uso de suelo, modificación de los ecosistemas costeros", "fragilidad": "baja", "localidad_referencia": "San Bruno", "nombre": "UGA-23", "poblacion": 0, "politica_ambiental": "Aprovechamiento sustentable", "presion": "alta", "superficie_total": 64.45, "vulnerabilidad": "media"}, "geometry": {"type": "Polygon", "coordinates": [[[-111.41649484634243, 26.2178635904317], [-111.41649484632008, 26.21786359043902], [-111.41276121157401, 26.218883842337892], [-111.41276121148687, 26.21888384236605], [-111.41276121140267, 26.21888384240206], [-111.41276121132212, 26.218883842445624], [-111.4127612112459, 26.218883842496375], [-111.41016483309545, 26.220789572053068], [-111.41016483303996, 26.220789572088425], [-111.40630245211022, 26.222907012874643], [-111.40630245208689, 26.222907012885905], [-111.40630245206252, 26.22290701289467], [-111.39533758166189, 26.226217843081315], [-111.39533758163424, 26.22621784308797], [-111.395337581606, 26.22621784309142], [-111.38729095640683, 26.22673755775982], [-111.38729095631035, 26.226737557770775], [-111.38729095621538, 26.22673755779104], [-111.38729095612283, 26.226737557820417], [-111.38729095603357, 26.226737557858634], [-111.38729095594842, 26.226737557905327], [-111.38729095586821, 26.226737557960057], [-111.38729095579369, 26.22673755802231], [-111.38729095572556, 26.226737558091497], [-111.38729095566445, 26.226737558166963], [-111.38729095561096, 26.226737558248004], [-111.38729095556558, 26.22673755833385], [-111.38729095552874, 26.226737558423693], [-111.38729095550077, 26.22673755851668], [-111.38729095548197, 26.226737558611948], [-111.3872909554725, 26.22673755870859], [-111.38729095547244, 26.22673755880569], [-111.3872909554818, 26.226737558902343], [-111.38729095550049, 26.22673755899763], [-111.38729095552833, 26.226737559090655], [-111.38729095556506, 26.226737559180542], [-111.38729095561034, 26.226737559266443], [-111.38729095566374, 26.226737559347544], [-111.38810634611572, 26.22785397436283], [-111.38810634612818, 26.2278539743818], [-111.38810634610552, 26.227853974383304], [-111.38463020327245, 26.2279117197723], [-111.38463020324812, 26.227911719771473], [-111.38463020324282, 26.22791171974767], [-111.38439416885731, 26.22652582252407], [-111.38439416885466, 26.226525822503163], [-111.38439416885377, 26.226525822482404], [-111.38439416885377, 26.22535164682894], [-111.38439416884827, 26.225351646724274], [-111.38439416883186, 26.225351646620755], [-111.3843941688047, 26.225351646519528], [-111.38439416876709, 26.225351646421696], [-111.38366460800853, 26.223715480136686], [-111.38366460799446, 26.223715480106492], [-111.37887954712993, 26.213878747116837], [-111.3788795471216, 26.213878747097333], [-111.37887954714027, 26.213878747107287], [-111.38171195969565, 26.21557280336439], [-111.38171195979318, 26.21557280341565], [-111.38171195989575, 26.21557280345587], [-111.38171196000214, 26.215572803484562], [-111.38954401011797, 26.217228334686816], [-111.38954401020742, 26.217228334701524], [-111.39671087261685, 26.218075341569886], [-111.39671087268364, 26.218075341575517], [-111.4020323752533, 26.21834484246487], [-111.4020323753356, 26.218344842465644], [-111.40203237541766, 26.218344842459654], [-111.40707492827795, 26.21776733978695], [-111.4070749282894, 26.21776733978557], [-111.41134500497544, 26.217228334703766], [-111.41134500509399, 26.21722833468147], [-111.41578674314094, 26.216111816215115], [-111.41578674316341, 26.216111816210596], [-111.41578674317311, 26.216111816231656], [-111.41649484633466, 26.217863590409344], [-111.41649484634243, 26.2178635904317]]]}}, {"type": "Feature", "id": 3, "properties": {"actividad": "Turismo y Conservación", "conflictos_potenciales": "Uso de suelo, acceso a costa, modificación de los ecosistemas costeros", "fragilidad": "media", "localidad_referencia": "San Bruno", "nombre": "UGA-21", "poblacion": 0, "politica_ambiental": "Aprovechamiento sustentable", "presion": "alta", "superficie_total": 216.62, "vulnerabilidad": "alta"}, "geometry": {"type": "Polygon", "coordinates": [[[-111.40621662139775, 26.24944874986411], [-111.40621662139355, 26.249448749887588], [-111.40604496006063, 26.250199298079497], [-111.40604496004154, 26.25019929819224], [-111.40604496003546, 26.250199298306423], [-111.40604496004245, 26.250199298420554], [-111.40621662139607, 26.251642646874483], [-111.40621662139775, 26.251642646898343], [-111.40621662139027, 26.251642646921134], [-111.40544414521132, 26.253663304860464], [-111.40544414519518, 26.253663304905928], [-111.4042639732424, 26.25726191347216], [-111.4042639732306, 26.257261913510735], [-111.4039635658337, 26.25832030654435], [-111.40396356582515, 26.258320306569342], [-111.4039635658093, 26.25832030659024], [-111.40301942884471, 26.25943641903244], [-111.40301942878469, 26.25943641911096], [-111.40301942873272, 26.25943641919502], [-111.40301942868929, 26.259436419283798], [-111.40301942865483, 26.25943641937643], [-111.40301942862969, 26.259436419472014], [-111.40301942861412, 26.25943641956961], [-111.40301942860825, 26.259436419668265], [-111.40301942861214, 26.259436419767024], [-111.40301942862577, 26.25943641986491], [-111.40301942864899, 26.259436419960977], [-111.40301942868157, 26.259436420054282], [-111.40301942872321, 26.259436420143913], [-111.4030194287735, 26.259436420228994], [-111.40301942883194, 26.2594364203087], [-111.40301942889796, 26.259436420382244], [-111.40319108961559, 26.259609608729093], [-111.40319108962943, 26.259609608744277], [-111.40319108964215, 26.259609608760776], [-111.40359878538656, 26.260186903565696], [-111.40359878539911, 26.26018690358542], [-111.40359878539016, 26.26018690360711], [-111.40342712403421, 26.260552522144355], [-111.40342712402264, 26.260552522166066], [-111.40342712399811, 26.260552522167742], [-111.40012264258675, 26.260610251310645], [-111.40012264244831, 26.26061025132272], [-111.39744043352658, 26.261033597491295], [-111.39744043350355, 26.261033597493775], [-111.39744043350576, 26.26103359747084], [-111.39797687528501, 26.257377375160655], [-111.39797687529418, 26.257377375069105], [-111.39797687529487, 26.2573773749771], [-111.39797687528711, 26.25737737488542], [-111.39767646792535, 26.255087366766528], [-111.3976764679096, 26.255087366677767], [-111.39767646788593, 26.255087366590782], [-111.39767646785452, 26.255087366506284], [-111.39767646781564, 26.25508736642496], [-111.39767646776959, 26.255087366347464], [-111.39555215836904, 26.251854336546252], [-111.39555215835688, 26.251854336525625], [-111.39555215835573, 26.251854336501903], [-111.39555215835573, 26.250834374714877], [-111.39555215835065, 26.2508343746143], [-111.39555215833549, 26.250834374514746], [-111.3955521583104, 26.250834374417217], [-111.39555215827562, 26.25083437432271], [-111.39555215823151, 26.25083437423218], [-111.39555215817852, 26.250834374146542], [-111.39555215811718, 26.25083437406667], [-111.39555215804813, 26.250834373993374], [-111.39555215797206, 26.250834373927393], [-111.39555215788972, 26.250834373869395], [-111.39555215780199, 26.250834373819973], [-111.39555215770972, 26.25083437377963], [-111.39555215761386, 26.25083437374877], [-111.39555215751538, 26.250834373727706], [-111.3942432403813, 26.250622682381632], [-111.39424324035765, 26.250622682376576], [-111.39424324035645, 26.250622682352592], [-111.39424324035645, 26.250103074688024], [-111.3942432403511, 26.250103074584832], [-111.39424324033514, 26.250103074482745], [-111.39424324030874, 26.250103074382846], [-111.39424324027216, 26.250103074286205], [-111.3942432402258, 26.250103074193856], [-111.39424324017017, 26.250103074106786], [-111.3933634760606, 26.24887140201921], [-111.39336347600259, 26.248871401945546], [-111.39336347593793, 26.248871401877647], [-111.39336347586719, 26.2488714018161], [-111.393363475791, 26.24887140176145], [-111.39336347571003, 26.248871401714172], [-111.393363475625, 26.248871401674688], [-111.39336347553662, 26.248871401643342], [-111.39336347544571, 26.248871401620413], [-111.39336347535304, 26.2488714016061], [-111.39246225359393, 26.24877517667564], [-111.39246225357124, 26.248775176672133], [-111.39246225355876, 26.248775176652657], [-111.39181852341683, 26.247658961091144], [-111.39181852340771, 26.24765896107378], [-111.3918185233999, 26.24765896105559], [-111.3913464546529, 26.2464272625366], [-111.39134645461668, 26.24642726245356], [-111.3913464545731, 26.24642726237414], [-111.39033794411996, 26.244772147015663], [-111.39033794405574, 26.24477214692256], [-111.39033794398142, 26.244772146837303], [-111.39033794389795, 26.244772146760983], [-111.38844966890306, 26.243232483318852], [-111.38844966888547, 26.24323248330302], [-111.38844966888627, 26.243232483279453], [-111.38849258413914, 26.242712843328537], [-111.38849258414243, 26.242712843231384], [-111.38849258413626, 26.24271284313437], [-111.3884925841207, 26.242712843038415], [-111.3884925840959, 26.242712842944425], [-111.38849258406209, 26.242712842853283], [-111.3884925840196, 26.242712842765858], [-111.38849258396881, 26.24271284268297], [-111.38849258391022, 26.242712842605403], [-111.38849258384437, 26.242712842533894], [-111.38849258377189, 26.242712842469118], [-111.38849258369346, 26.24271284241168], [-111.38849258360983, 26.24271284236213], [-111.38849258352178, 26.242712842320937], [-111.38849258343015, 26.242712842288487], [-111.3884925833358, 26.242712842265085], [-111.38849258323962, 26.242712842250956], [-111.38849258314254, 26.24271284224623], [-111.38832092287686, 26.24271284224623], [-111.38832092285223, 26.242712842244984], [-111.3883209228382, 26.242712842224837], [-111.38802051545531, 26.242231691068984], [-111.38802051544329, 26.242231691047348], [-111.38802051545075, 26.24223169102366], [-111.38825654969773, 26.241596568785095], [-111.38825654972628, 26.241596568695595], [-111.38825654974632, 26.241596568603814], [-111.38825654975764, 26.241596568510555], [-111.38825654976017, 26.241596568416647], [-111.38825654975386, 26.241596568322915], [-111.3882565497388, 26.24159656823019], [-111.38825654971511, 26.241596568139283], [-111.38825654968298, 26.241596568051005], [-111.38774156571327, 26.240364805560183], [-111.38774156569744, 26.240364805516766], [-111.38701200485941, 26.238035968204617], [-111.38701200485356, 26.238035968182214], [-111.38701200487002, 26.23803596816598], [-111.3873124119434, 26.237766513199958], [-111.38731241201512, 26.237766513128776], [-111.38731241207928, 26.23776651305072], [-111.38731241213524, 26.237766512966584], [-111.38731241218242, 26.237766512877233], [-111.38731241222035, 26.237766512783576], [-111.38731241224863, 26.23776651268657], [-111.38731241226698, 26.237766512587203], [-111.38731241227521, 26.237766512486495], [-111.38737678527008, 26.235687837265207], [-111.38737678526788, 26.235687837161116], [-111.38737678525487, 26.23568783705782], [-111.3873767852312, 26.235687836956437], [-111.3873767851971, 26.235687836858062], [-111.38737678515297, 26.235687836763766], [-111.38596057893022, 26.233031697041888], [-111.38596057891964, 26.233031697019396], [-111.38596057891374, 26.233031696995177], [-111.38559579849601, 26.231126167934523], [-111.38559579848807, 26.231126167896978], [-111.38501644138705, 26.22862391073706], [-111.38501644136231, 26.22862391064883], [-111.38501644132961, 26.228623910563236], [-111.3850164412892, 26.228623910480994], [-111.38501644124143, 26.2286239104028], [-111.38458728792057, 26.22798871360746], [-111.38458728788362, 26.227988713556314], [-111.3840079307712, 26.22723802179418], [-111.38400793075706, 26.227238021773765], [-111.38400793076467, 26.227238021750296], [-111.3842868803795, 26.226506574111895], [-111.38428688041117, 26.226506574014007], [-111.38428688043261, 26.226506573913383], [-111.3842868804436, 26.22650657381109], [-111.38428688044402, 26.226506573708207], [-111.38428688043386, 26.22650657360583], [-111.38428688041326, 26.22650657350503], [-111.38400793082786, 26.225428642398573], [-111.38400793080021, 26.22542864230921], [-111.38400793076434, 26.22542864222282], [-111.38400793072054, 26.22542864214016], [-111.38400793066923, 26.225428642061953], [-111.38400793061082, 26.225428641988884], [-111.38400793054585, 26.22542864192159], [-111.38317108156063, 26.224639435810886], [-111.38317108154449, 26.224639435794106], [-111.38317108155773, 26.224639435774712], [-111.38357877714738, 26.22410046276297], [-111.3835787772074, 26.224100462674077], [-111.38357877725757, 26.224100462579262], [-111.38357877729729, 26.22410046247962], [-111.38357877732611, 26.224100462376295], [-111.3835787773437, 26.22410046227048], [-111.38370752331991, 26.222945511687975], [-111.3837075233259, 26.22294551159582], [-111.38370752332334, 26.22294551150351], [-111.3837075233123, 26.222945511411826], [-111.38370752329284, 26.222945511321555], [-111.38370752326513, 26.222945511233462], [-111.38323545457416, 26.22165580255938], [-111.38323545454118, 26.22165580247999], [-111.38257026681669, 26.220231331455366], [-111.38257026676567, 26.220231331359965], [-111.38257026670465, 26.22023133127063], [-111.38257026663435, 26.22023133118841], [-111.38257026655556, 26.220231331114263], [-111.37967348113203, 26.217786590043836], [-111.37967348105792, 26.217786589986996], [-111.37967348097882, 26.217786589937322], [-111.37967348089545, 26.21778658989524], [-111.3796734808085, 26.217786589861124], [-111.37808561327338, 26.21724758492868], [-111.37808561325191, 26.21724758492023], [-111.37808561325296, 26.217247584897166], [-111.37812852859255, 26.216785578673257], [-111.37812852859633, 26.216785578647425], [-111.37812852860547, 26.2167855786229], [-111.37842893599334, 26.21609256582272], [-111.37842893601889, 26.216092565771905], [-111.37907266615599, 26.214976036432507], [-111.37907266616892, 26.21497603641239], [-111.37907266619256, 26.214976036409528], [-111.38068199154438, 26.214860532762287], [-111.38068199160995, 26.214860532761897], [-111.38518810269892, 26.21513004109998], [-111.3851881027218, 26.215130041102416], [-111.3851881027412, 26.215130041114893], [-111.38684034346625, 26.21630432015459], [-111.38684034348407, 26.216304320167854], [-111.38832092283387, 26.217459337169615], [-111.38832092285072, 26.217459337184035], [-111.38832092285966, 26.21745933720453], [-111.38922214505241, 26.219807836362648], [-111.38922214508338, 26.21980783643473], [-111.38922214511989, 26.219807836504167], [-111.3901662825152, 26.221444057654093], [-111.39016628256373, 26.221444057730068], [-111.3901662826189, 26.221444057801364], [-111.39016628268028, 26.2214440578674], [-111.39016628274736, 26.221444057927645], [-111.39016628281958, 26.2214440579816], [-111.39016628289637, 26.22144405802883], [-111.39134645448587, 26.222098539959266], [-111.39134645457719, 26.222098540004], [-111.39134645467259, 26.222098540039227], [-111.39134645477107, 26.222098540064582], [-111.3941788673148, 26.222676021211566], [-111.39417886733965, 26.222676021217982], [-111.39417886736264, 26.222676021229347], [-111.3972043990842, 26.224369949467306], [-111.39720439913191, 26.22436994949768], [-111.3995862006912, 26.22608310182313], [-111.39958620071296, 26.226083101840725], [-111.39958620073025, 26.22608310186278], [-111.4008736610276, 26.227930968210018], [-111.40087366104022, 26.227930968230122], [-111.40087366104883, 26.227930968252455], [-111.4014744758533, 26.22974030893173], [-111.40147447585953, 26.229740308953875], [-111.40147447586156, 26.229740308977064], [-111.40160322189128, 26.232877715980226], [-111.40160322190029, 26.23287771607915], [-111.40237569807658, 26.23834391620225], [-111.4023756980938, 26.238343916293392], [-111.4023756981194, 26.23834391638254], [-111.4050364494284, 26.24621556292443], [-111.40503644943635, 26.246215562947103], [-111.40621662139078, 26.24944874984178], [-111.40621662139775, 26.24944874986411]]]}}, {"type": "Feature", "id": 2, "properties": {"actividad": "Conservación, Pesca y Turismo", "conflictos_potenciales": "Uso de suelo y acceso a la costa, modificación de los ecosistemas costeros ", "fragilidad": "alta", "localidad_referencia": "Las Piedras Rodadas ", "nombre": "UGA-88a", "poblacion": 26, "politica_ambiental": "Aprovechamiento Sustentable", "presion": "alta", "superficie_total": 201.79, "vulnerabilidad": "alta"}, "geometry": {"type": "Polygon", "coordinates": [[[-111.377978325, 26.187945057], [-111.37617588, 26.184151747], [-111.37460947, 26.182206906], [-111.37460947, 26.182206905], [-111.372528076, 26.179087389], [-111.371905804, 26.178047532], [-111.371905803, 26.178047531], [-111.369953156, 26.176718811], [-111.369953155, 26.176718811], [-111.366584301, 26.175313048], [-111.365833283, 26.175139733], [-111.365833282, 26.175139733], [-111.365275383, 26.175101219], [-111.364717484, 26.174927904], [-111.364438534, 26.174504244], [-111.364331245, 26.173136969], [-111.364331245, 26.173136968], [-111.362657547, 26.169997951], [-111.362314224, 26.168495815], [-111.361198425, 26.167398088], [-111.36115551, 26.166897367], [-111.360940933, 26.165895918], [-111.360898018, 26.16539519], [-111.360747814, 26.1645478], [-111.360640526, 26.16418188], [-111.361091137, 26.162564113], [-111.361627578, 26.162255965], [-111.361627579, 26.162255965], [-111.361627579, 26.162255964], [-111.361498833, 26.160522614], [-111.360125542, 26.15597726], [-111.359825134, 26.15507202], [-111.359460354, 26.154513464], [-111.358795166, 26.153974166], [-111.358430386, 26.153338562], [-111.358687878, 26.15260665], [-111.358902454, 26.151065767], [-111.358752251, 26.149139635], [-111.359224319, 26.147868371], [-111.359117031, 26.14636595], [-111.358087063, 26.141954883], [-111.35654211, 26.139431447], [-111.356477737, 26.138795764], [-111.356477737, 26.138795763], [-111.3555336, 26.137697757], [-111.355233192, 26.136850166], [-111.355340481, 26.135174229], [-111.355340481, 26.135174228], [-111.354675293, 26.133825756], [-111.354675293, 26.130493036], [-111.354932785, 26.129491275], [-111.354932785, 26.129491274], [-111.354675293, 26.129202303], [-111.354675293, 26.120783297], [-111.355640888, 26.12035944], [-111.35617733, 26.121342013], [-111.35617733, 26.121342014], [-111.356177331, 26.121342014], [-111.357228756, 26.121496142], [-111.356949806, 26.122016324], [-111.356778145, 26.122883289], [-111.356778145, 26.124039231], [-111.356778145, 26.124039232], [-111.356885433, 26.124328215], [-111.356971264, 26.125484144], [-111.356434822, 26.126004308], [-111.355640888, 26.127063894], [-111.355640888, 26.127063895], [-111.355190277, 26.128682153], [-111.355190277, 26.128682154], [-111.356048584, 26.130435242], [-111.356134415, 26.131668167], [-111.356134415, 26.131668168], [-111.356627941, 26.132939608], [-111.356735229, 26.134365147], [-111.35673523, 26.134365147], [-111.357443333, 26.135559504], [-111.357314587, 26.136869429], [-111.357979774, 26.138410499], [-111.357979775, 26.138410499], [-111.358559132, 26.138680184], [-111.359395981, 26.14022123], [-111.359374523, 26.14108806], [-111.360018253, 26.143206949], [-111.360018254, 26.143206949], [-111.36152029, 26.143110637], [-111.361777782, 26.144324166], [-111.361777783, 26.144324166], [-111.361777783, 26.144324167], [-111.362593174, 26.144709411], [-111.361026764, 26.14719421], [-111.360318661, 26.147444613], [-111.359632016, 26.148060987], [-111.359632016, 26.148060988], [-111.359739304, 26.148272866], [-111.360769272, 26.149447819], [-111.361091137, 26.151585817], [-111.361091137, 26.151585818], [-111.362249851, 26.152028821], [-111.36235714, 26.152452563], [-111.362936497, 26.15380082], [-111.363387108, 26.154494203], [-111.363472939, 26.155784656], [-111.36437416, 26.157113614], [-111.364374161, 26.157113614], [-111.364374161, 26.157113615], [-111.364374162, 26.157113614], [-111.366240978, 26.156343206], [-111.366605759, 26.159078135], [-111.364953518, 26.15952111], [-111.364953518, 26.159521111], [-111.363837719, 26.161967074], [-111.363837719, 26.161967075], [-111.363730431, 26.162487076], [-111.36227131, 26.162352261], [-111.362271309, 26.162352261], [-111.362271309, 26.162352262], [-111.362142563, 26.162872261], [-111.362528801, 26.16356559], [-111.362528801, 26.163565591], [-111.363236904, 26.1645478], [-111.363236904, 26.165626295], [-111.363236904, 26.165626296], [-111.363623142, 26.166608488], [-111.363623143, 26.166608488], [-111.36484623, 26.166897367], [-111.365747452, 26.167282537], [-111.367356777, 26.168476557], [-111.367356777, 26.169574274], [-111.366734505, 26.170903074], [-111.366734505, 26.170903075], [-111.366734506, 26.170903075], [-111.366734506, 26.170903076], [-111.367635727, 26.171076396], [-111.368429661, 26.172039285], [-111.368751526, 26.173175483], [-111.368751526, 26.173175484], [-111.36926651, 26.173868752], [-111.369867325, 26.174407958], [-111.370811462, 26.175139733], [-111.370811463, 26.175139733], [-111.371712685, 26.175447848], [-111.372849941, 26.175736704], [-111.373665333, 26.176988408], [-111.374180317, 26.178702258], [-111.374931335, 26.180107981], [-111.377592087, 26.183631842], [-111.378879547, 26.187232618], [-111.377978325, 26.187945057]]]}}, {"type": "Feature", "id": 2, "properties": {"actividad": "Conservación, Pesca y Turismo", "conflictos_potenciales": "Modificación de los ecosistemas costeros, aprovechamiento de agua, afectación a la biodiversidad  por el aprovechamiento de fauna o flora silvestre, cambiode uso de suelo", "fragilidad": "media", "localidad_referencia": "Las Cuevas, Loreto", "nombre": "UGA-33a", "poblacion": 45, "politica_ambiental": "Aprovechamiento Sustentable", "presion": "alta", "superficie_total": 5298.83, "vulnerabilidad": "alta"}, "geometry": {"type": "MultiPolygon", "coordinates": [[[[-111.354675293, 26.053293752], [-111.354675293, 26.053290628], [-111.354675293, 26.053290627], [-111.354675292, 26.053290627], [-111.354675291, 26.053290627], [-111.351542473, 26.055876877], [-111.351542473, 26.055876878], [-111.351821422, 26.056879269], [-111.351821423, 26.056879269], [-111.354675291, 26.058968479], [-111.354675292, 26.058968479], [-111.354675293, 26.058968479], [-111.354675293, 26.058968478], [-111.354675293, 26.058961132], [-111.361563206, 26.064011424], [-111.361691952, 26.065630555], [-111.360168458, 26.065723653], [-111.360168457, 26.065723653], [-111.360168457, 26.065723654], [-111.360168457, 26.065726931], [-111.358537674, 26.065823308], [-111.357464791, 26.066497937], [-111.357464791, 26.066497938], [-111.357464791, 26.066497939], [-111.358237266, 26.067654438], [-111.358237267, 26.067654438], [-111.359846592, 26.068386882], [-111.360168457, 26.068444707], [-111.360168457, 26.068448561], [-111.360168458, 26.068448562], [-111.361455917, 26.068695278], [-111.361477375, 26.069100047], [-111.360211372, 26.070179424], [-111.357400417, 26.071567179], [-111.351349354, 26.072126131], [-111.349096298, 26.071856293], [-111.34594202, 26.071837018], [-111.344032289, 26.07033362], [-111.344032288, 26.07033362], [-111.344032287, 26.07033362], [-111.344032287, 26.070333621], [-111.343495846, 26.072183953], [-111.343495846, 26.072183954], [-111.344032287, 26.073378945], [-111.344032288, 26.073378946], [-111.346178055, 26.075075042], [-111.34437561, 26.075190684], [-111.342315674, 26.074689568], [-111.3393116, 26.073456042], [-111.339311599, 26.073456042], [-111.335964203, 26.07384152], [-111.331930161, 26.07409208], [-111.329677106, 26.073822246], [-111.329677105, 26.073822246], [-111.329677105, 26.073822247], [-111.329162121, 26.07607727], [-111.329247951, 26.077291495], [-111.329247952, 26.077291495], [-111.329247952, 26.077291496], [-111.330471039, 26.07864062], [-111.3306427, 26.081069005], [-111.329827309, 26.082340996], [-111.329827309, 26.082340997], [-111.33036375, 26.083516612], [-111.329376698, 26.085212562], [-111.329376698, 26.085212563], [-111.329419613, 26.086021984], [-111.328883171, 26.08787207], [-111.327595711, 26.088758559], [-111.327595711, 26.08875856], [-111.327552795, 26.091206006], [-111.328217983, 26.094212248], [-111.329205036, 26.095561178], [-111.330170631, 26.096331988], [-111.329183579, 26.098220451], [-111.329183578, 26.098220451], [-111.328368187, 26.099472986], [-111.327466965, 26.099530795], [-111.32566452, 26.09922248], [-111.325278282, 26.097218413], [-111.326179504, 26.09392319], [-111.326179504, 26.093923189], [-111.324484348, 26.092400804], [-111.325514316, 26.091109651], [-111.325514316, 26.09110965], [-111.325170994, 26.08931743], [-111.32529974, 26.088084058], [-111.32529974, 26.088084057], [-111.325192451, 26.086677227], [-111.325192451, 26.086677226], [-111.324634552, 26.085077658], [-111.325170994, 26.083227528], [-111.325170994, 26.083227527], [-111.324119568, 26.081049733], [-111.324119568, 26.081049732], [-111.321330071, 26.079797], [-111.32133007, 26.079797], [-111.319742203, 26.076424193], [-111.319141388, 26.074226997], [-111.320300102, 26.071721373], [-111.320879459, 26.067423139], [-111.321480274, 26.066170261], [-111.323947906, 26.062989818], [-111.323947907, 26.062989818], [-111.326372623, 26.062430822], [-111.326372623, 26.062430821], [-111.326372624, 26.062430821], [-111.327552795, 26.060136983], [-111.328990459, 26.058209353], [-111.328990459, 26.058209352], [-111.328969002, 26.058016588], [-111.327896118, 26.055433509], [-111.328732967, 26.051539507], [-111.328990459, 26.048667116], [-111.329333782, 26.047433315], [-111.330771446, 26.045524754], [-111.33441925, 26.043076353], [-111.334419251, 26.043076353], [-111.337273121, 26.042093123], [-111.337273121, 26.042093122], [-111.340148449, 26.038275796], [-111.341822147, 26.036540607], [-111.343066692, 26.034574028], [-111.365661621, 26.034574028], [-111.365983486, 26.034921074], [-111.365983486, 26.038160118], [-111.367721558, 26.040300152], [-111.367506981, 26.043558326], [-111.368021965, 26.044541544], [-111.368021965, 26.044541545], [-111.372892857, 26.04670074], [-111.372807026, 26.048532169], [-111.370511055, 26.047857436], [-111.368923187, 26.047741767], [-111.3671422, 26.047838157], [-111.366841793, 26.046854968], [-111.366841793, 26.046854967], [-111.366841792, 26.046854967], [-111.364653111, 26.047780323], [-111.36465311, 26.047780323], [-111.361627579, 26.049380401], [-111.360168458, 26.049255553], [-111.360168457, 26.049255553], [-111.360168457, 26.049255554], [-111.360168457, 26.049264733], [-111.358923912, 26.049149065], [-111.355340482, 26.049553902], [-111.355340481, 26.049553902], [-111.355340481, 26.049553903], [-111.3555336, 26.05198289], [-111.354718208, 26.053255197], [-111.354675293, 26.053293752]]], [[[-111.371433734, 25.936299554], [-111.371433735, 25.936299554], [-111.371433735, 25.936299553], [-111.371283531, 25.934485672], [-111.370704174, 25.932691059], [-111.370382309, 25.931282365], [-111.369373799, 25.929719274], [-111.369373798, 25.929719274], [-111.368515492, 25.930375388], [-111.368515492, 25.930375389], [-111.368515491, 25.930375389], [-111.368408203, 25.931803391], [-111.36806488, 25.933443642], [-111.366069317, 25.933559424], [-111.36557579, 25.933192782], [-111.364610195, 25.932227929], [-111.363773346, 25.929854356], [-111.363236904, 25.925608824], [-111.363236904, 25.925608823], [-111.362485886, 25.924431626], [-111.362485885, 25.924431626], [-111.361756325, 25.92387197], [-111.360318661, 25.922540366], [-111.359159947, 25.922], [-111.359159946, 25.922], [-111.35838747, 25.920610477], [-111.358516216, 25.919182339], [-111.359052658, 25.917329594], [-111.359868049, 25.916268113], [-111.35986805, 25.916268113], [-111.35986805, 25.916268112], [-111.359460354, 25.913855619], [-111.359331608, 25.912022091], [-111.359331608, 25.91202209], [-111.359331607, 25.91202209], [-111.35746479, 25.910921959], [-111.357443333, 25.910728953], [-111.358494758, 25.909648111], [-111.358494759, 25.909648111], [-111.358602047, 25.908007529], [-111.358602047, 25.908007528], [-111.359610558, 25.906540635], [-111.36235714, 25.907177578], [-111.3630867, 25.907949625], [-111.363086701, 25.907949625], [-111.364696026, 25.908470754], [-111.366369724, 25.909995525], [-111.366369725, 25.909995525], [-111.367228031, 25.909339297], [-111.368472576, 25.908046131], [-111.369180679, 25.90839355], [-111.369481087, 25.9093972], [-111.370532513, 25.911578179], [-111.370489597, 25.91401002], [-111.37055397, 25.914820622], [-111.370553971, 25.914820622], [-111.371734141, 25.915766317], [-111.371734142, 25.915766317], [-111.371734143, 25.915766317], [-111.371734143, 25.915766316], [-111.372785568, 25.911636081], [-111.37396574, 25.912581802], [-111.375339031, 25.912909907], [-111.377592087, 25.912774805], [-111.378343105, 25.913952119], [-111.380059719, 25.916094415], [-111.380724907, 25.918892849], [-111.380724907, 25.91889285], [-111.382870674, 25.920784168], [-111.382613182, 25.923254416], [-111.382849216, 25.926689519], [-111.382849217, 25.926689519], [-111.383879185, 25.92825265], [-111.383879185, 25.928252651], [-111.384608746, 25.92902456], [-111.385617256, 25.930780634], [-111.385617257, 25.930780634], [-111.385853291, 25.930780634], [-111.386175156, 25.932170037], [-111.386325359, 25.93419622], [-111.38632536, 25.934196221], [-111.387741566, 25.935122464], [-111.387805939, 25.936145183], [-111.388556957, 25.937110004], [-111.389951706, 25.937843263], [-111.390037537, 25.938846661], [-111.390037537, 25.938846662], [-111.392869949, 25.940911322], [-111.393191814, 25.942126946], [-111.393449306, 25.94270581], [-111.393449307, 25.94270581], [-111.393942833, 25.943284671], [-111.394865513, 25.943651282], [-111.39737606, 25.944095072], [-111.397376061, 25.944095072], [-111.399435997, 25.944789697], [-111.400401592, 25.945542203], [-111.397161484, 25.94737521], [-111.394929886, 25.947490978], [-111.393213272, 25.948610062], [-111.392376423, 25.949478309], [-111.392376423, 25.94947831], [-111.392419338, 25.950076431], [-111.392419339, 25.950076432], [-111.393556595, 25.950423727], [-111.395981312, 25.949671252], [-111.398363113, 25.948320645], [-111.401560306, 25.949131011], [-111.401560307, 25.949131011], [-111.403577328, 25.949015245], [-111.403877735, 25.950211491], [-111.403126717, 25.952295245], [-111.403126717, 25.952295246], [-111.398813725, 25.954571898], [-111.398813724, 25.954571898], [-111.397504807, 25.955073528], [-111.396818161, 25.955112114], [-111.396818161, 25.955112115], [-111.396002769, 25.956173246], [-111.395380497, 25.956809921], [-111.393814087, 25.956906386], [-111.39222622, 25.956790627], [-111.392226219, 25.956790627], [-111.392226219, 25.956790628], [-111.391603947, 25.957446591], [-111.391603947, 25.957446592], [-111.391196251, 25.958083259], [-111.390573979, 25.958719923], [-111.390573978, 25.958719923], [-111.389973164, 25.959781022], [-111.389973164, 25.959781023], [-111.389780045, 25.960186166], [-111.389780045, 25.960186167], [-111.390058994, 25.96051414], [-111.360597611, 25.96051414], [-111.36059761, 25.96051414], [-111.36059761, 25.960494847], [-111.360425949, 25.951986543], [-111.359996796, 25.939811461], [-111.361048222, 25.938943142], [-111.364889145, 25.939116806], [-111.365897655, 25.940486815], [-111.365897656, 25.940486815], [-111.367850303, 25.939753573], [-111.367850304, 25.939753573], [-111.369137764, 25.935624176], [-111.371433733, 25.936299554], [-111.371433734, 25.936299554]]]]}}, {"type": "Feature", "id": 3, "properties": {"actividad": "Turismo y Conservación", "conflictos_potenciales": "Afectación a la biodiversidad por el aprovechamiento de fauna o flora silvestre, uso de suelo ", "fragilidad": "baja", "localidad_referencia": "Lomas Altas ", "nombre": "UGA-31", "poblacion": 0, "politica_ambiental": "Aprovechamiento sustentable", "presion": "alta", "superficie_total": 1311.55, "vulnerabilidad": "alta"}, "geometry": {"type": "Polygon", "coordinates": [[[-111.39456510543666, 26.034574027895818], [-111.39456510542954, 26.034574027917166], [-111.39340639115338, 26.037562443787106], [-111.3934063911426, 26.037562443811026], [-111.39340639112501, 26.03756244383029], [-111.3891792297395, 26.041726818993496], [-111.38553142549432, 26.045254854451535], [-111.38553142545611, 26.04525485448491], [-111.3820552826997, 26.047992382529955], [-111.38205528263146, 26.047992382588866], [-111.3820552825688, 26.047992382653682], [-111.38205528251224, 26.04799238272388], [-111.38010263443287, 26.050652736034465], [-111.38010263442696, 26.050652736042373], [-111.37870788575742, 26.052484103647547], [-111.3787078857425, 26.05248410366524], [-111.37870788573274, 26.052484103644378], [-111.377935409596, 26.05059490303294], [-111.37793540955929, 26.050594902953286], [-111.37793540951571, 26.050594902877155], [-111.37793540946565, 26.050594902805134], [-111.37578964250707, 26.047780323085995], [-111.37578964244753, 26.047780323014987], [-111.37578964238169, 26.047780322949794], [-111.37578964231008, 26.047780322890976], [-111.37578964223334, 26.047780322839035], [-111.37578964215211, 26.047780322794427], [-111.37578964206712, 26.047780322757525], [-111.37355804444663, 26.046932080007007], [-111.37355804442092, 26.046932079996402], [-111.37087583543351, 26.045736818292717], [-111.37087583540432, 26.045736818278556], [-111.36885881426038, 26.044676495284467], [-111.36885881424027, 26.044676495272654], [-111.36885881422782, 26.0446764952531], [-111.3681077957266, 26.043365537220247], [-111.36810779571633, 26.043365537200273], [-111.36810779571381, 26.043365537178104], [-111.36793613435377, 26.04083997393818], [-111.36793613434375, 26.040839973849558], [-111.36793613432589, 26.04083997376218], [-111.36793613430031, 26.04083997367674], [-111.36793613426721, 26.04083997359392], [-111.36793613422688, 26.040839973514373], [-111.3671851158245, 26.039509693226993], [-111.367185115815, 26.039509693208412], [-111.3671851158088, 26.039509693188688], [-111.36630535128276, 26.03625140629793], [-111.3663053512529, 26.03625140620548], [-111.36630535121424, 26.036251406116364], [-111.36555433274339, 26.03472827060053], [-111.36555433273419, 26.034728270579432], [-111.36555433272696, 26.034728270557505], [-111.36551141739538, 26.034574027917895], [-111.36551141739038, 26.03457402789582], [-111.36551141741315, 26.034574027894717], [-111.39456510541396, 26.034574027894717], [-111.39456510543666, 26.034574027895818]]]}}, {"type": "Feature", "id": 4, "properties": {"actividad": "Conservación y Turismo Alternativo", "conflictos_potenciales": "Uso de suelo para desarrollo urbano ", "fragilidad": "baja", "localidad_referencia": "Lomas Lindas", "nombre": "UGA-32", "poblacion": 0, "politica_ambiental": "Aprovechamiento Sustentable", "presion": "alta", "superficie_total": 334.09, "vulnerabilidad": "alta"}, "geometry": {"type": "Polygon", "coordinates": [[[-111.3777208328234, 26.052426271442954], [-111.37772083280852, 26.05242627146033], [-111.37724876419702, 26.052927482937896], [-111.37724876413765, 26.05292748300698], [-111.37724876408481, 26.052927483081177], [-111.37724876403895, 26.052927483159873], [-111.37724876400044, 26.052927483242417], [-111.3772487639696, 26.052927483328126], [-111.37714147568545, 26.05327447451538], [-111.37714147567624, 26.05327447454032], [-111.37714147565741, 26.05327447455916], [-111.37583255775003, 26.054450382253254], [-111.37583255768163, 26.05445038232091], [-111.37583255762007, 26.05445038239483], [-111.37366533281035, 26.057322632009488], [-111.37366533277586, 26.057322632050457], [-111.37010335923704, 26.061120062148436], [-111.37010335920658, 26.061120062178244], [-111.36812925341836, 26.062893439123336], [-111.36812925335886, 26.062893439181444], [-111.36398792268432, 26.067288214223083], [-111.36398792266775, 26.067288214239106], [-111.3639879226498, 26.067288214253526], [-111.36295795525311, 26.068039934951596], [-111.36295795517461, 26.068039935015218], [-111.36295795510291, 26.06803993508644], [-111.36295795503878, 26.068039935164528], [-111.36295795498286, 26.06803993524869], [-111.36295795493571, 26.06803993533807], [-111.36295795489782, 26.068039935431752], [-111.36295795486959, 26.068039935528777], [-111.36295795485128, 26.068039935628157], [-111.36295795484311, 26.068039935728876], [-111.36295795484514, 26.068039935829905], [-111.36295795485735, 26.068039935930216], [-111.36295795487963, 26.06803993602878], [-111.36295795491174, 26.068039936124592], [-111.36295795495336, 26.068039936216678], [-111.36295795500405, 26.06803993630409], [-111.36295795506331, 26.06803993638594], [-111.36323690412925, 26.068386882229195], [-111.36323690414277, 26.068386882247765], [-111.36323690412613, 26.068386882263617], [-111.36265754701617, 26.06888802561936], [-111.36265754699717, 26.06888802563419], [-111.36265754697958, 26.068888025617714], [-111.3620996478169, 26.068309783380492], [-111.36209964774368, 26.06830978331185], [-111.36209964766394, 26.068309783250893], [-111.36209964757849, 26.068309783198234], [-111.3620996474882, 26.06830978315441], [-111.36209964739396, 26.068309783119858], [-111.36209964729673, 26.068309783094925], [-111.3620996471975, 26.068309783079865], [-111.36209964709725, 26.068309783074827], [-111.35928869250138, 26.068309783074827], [-111.35928869247478, 26.068309783073392], [-111.35928869245127, 26.068309783060986], [-111.3587093355644, 26.067962836309913], [-111.35870933546902, 26.067962836259568], [-111.35870933536874, 26.067962836219788], [-111.35870933526479, 26.06796283619104], [-111.35870933515834, 26.067962836173656], [-111.35870933505063, 26.06796283616784], [-111.35795831682812, 26.06796283616784], [-111.35795831680313, 26.067962836166583], [-111.35795831677899, 26.067962836160383], [-111.35740041735221, 26.067789362336494], [-111.3574004173291, 26.067789362327996], [-111.35740041732672, 26.06778936230354], [-111.35731458664054, 26.06593895875149], [-111.3573145866406, 26.06593895872935], [-111.35731458665754, 26.065938958743125], [-111.35759353623826, 26.066189535801307], [-111.35759353630957, 26.066189535859653], [-111.35759353638593, 26.066189535911192], [-111.35759353646674, 26.06618953595548], [-111.35759353655126, 26.066189535992148], [-111.35870933519847, 26.06661358837731], [-111.35870933528508, 26.06661358840578], [-111.35870933537392, 26.066613588426243], [-111.35870933546425, 26.066613588438532], [-111.35956764190186, 26.066690688688016], [-111.35956764200235, 26.066690688691967], [-111.3595676421027, 26.066690688685807], [-111.35956764220195, 26.066690688669595], [-111.35956764229907, 26.0666906886435], [-111.35956764239306, 26.066690688607785], [-111.359567642483, 26.066690688562808], [-111.36031866071619, 26.066266636505944], [-111.3603186607363, 26.066266636495772], [-111.3603186607588, 26.066266636497616], [-111.36106967908565, 26.066363012111918], [-111.36106967917245, 26.06636301211923], [-111.36106967925956, 26.066363012118963], [-111.3610696793463, 26.066363012111115], [-111.36106967943205, 26.06636301209575], [-111.36218547733539, 26.06611243550288], [-111.3621854774293, 26.066112435476924], [-111.36218547752024, 26.066112435441948], [-111.36218547760735, 26.066112435398292], [-111.3621854776898, 26.066112435346362], [-111.3621854777668, 26.066112435286655], [-111.36218547783763, 26.06611243521974], [-111.3621854779016, 26.06611243514625], [-111.36218547795814, 26.066112435066877], [-111.36218547800665, 26.066112434982387], [-111.36218547804673, 26.06611243489357], [-111.36218547807798, 26.066112434801276], [-111.36218547810009, 26.06611243470638], [-111.36218547811285, 26.06611243460978], [-111.36218547811616, 26.0661124345124], [-111.36218547810998, 26.06611243441516], [-111.36201381705102, 26.064589689600762], [-111.36201381703496, 26.064589689502544], [-111.36201381700923, 26.064589689406407], [-111.36201381697406, 26.064589689313305], [-111.3620138169298, 26.064589689224157], [-111.36201381687691, 26.06458968913985], [-111.3620138168159, 26.064589689061222], [-111.36201381674739, 26.06458968898904], [-111.36201381667203, 26.064589688924034], [-111.36201381659059, 26.06458968886684], [-111.36201381650386, 26.06458968881802], [-111.3620138164127, 26.064589688778064], [-111.36201381631804, 26.06458968874737], [-111.36201381622078, 26.064589688726233], [-111.3620138161219, 26.06458968871487], [-111.3620138160224, 26.064589688713394], [-111.36201381592323, 26.064589688721814], [-111.36201381582539, 26.06458968874005], [-111.36201381572985, 26.064589688767917], [-111.36201381563755, 26.064589688805146], [-111.36201381554942, 26.064589688851367], [-111.3620138154663, 26.064589688906118], [-111.36201381538905, 26.06458968896886], [-111.36173486711462, 26.06484026774002], [-111.36173486709608, 26.06484026775507], [-111.36173486707982, 26.064840267737573], [-111.36087656026822, 26.06381866872943], [-111.36087656020844, 26.063818668664336], [-111.36087656014314, 26.063818668604778], [-111.35937452316897, 26.062565751952224], [-111.35937452315659, 26.062565751942067], [-111.35767936708554, 26.061197166085716], [-111.35767936704437, 26.06119716605421], [-111.35467529298793, 26.059018961222687], [-111.35467529296984, 26.059018961208228], [-111.35467529296876, 26.059018961185405], [-111.35467529296876, 26.05364074218665], [-111.35467529296987, 26.05364074216346], [-111.35467529298661, 26.053640742147323], [-111.3564562790403, 26.052079278123685], [-111.35645627911296, 26.052079278053164], [-111.35645627917812, 26.05207927797565], [-111.3564562792351, 26.052079277891945], [-111.35645627928334, 26.05207927780291], [-111.35645627932232, 26.05207927770945], [-111.35645627935165, 26.05207927761253], [-111.35645627937102, 26.05207927751314], [-111.35645627938024, 26.0520792774123], [-111.35645627937922, 26.052079277311044], [-111.35645627936796, 26.052079277210414], [-111.35645627934659, 26.052079277111435], [-111.35645627931531, 26.052079277015125], [-111.35645627927445, 26.052079276922473], [-111.35645627922443, 26.052079276834426], [-111.35645627916577, 26.05207927675189], [-111.35598421098241, 26.051481674423094], [-111.35598421096901, 26.0514816744044], [-111.35598421096334, 26.051481674382266], [-111.35570526123533, 26.05013223688206], [-111.35570526123175, 26.050132236859348], [-111.35570526125296, 26.050132236850605], [-111.3575935363542, 26.049457512267697], [-111.35759353637721, 26.04945751226071], [-111.35759353640108, 26.049457512258275], [-111.3622927656243, 26.049206899326908], [-111.36229276572489, 26.049206899316424], [-111.3622927658239, 26.049206899295836], [-111.36229276592032, 26.049206899265354], [-111.36229276601316, 26.049206899225286], [-111.36229276610149, 26.04920689917605], [-111.3622927661844, 26.049206899118143], [-111.36229276626102, 26.049206899052162], [-111.3622927663306, 26.049206898978778], [-111.36229276639241, 26.04920689889874], [-111.36229276644582, 26.04920689881287], [-111.36229276649028, 26.049206898722044], [-111.36229276652536, 26.04920689862719], [-111.36229276655065, 26.049206898529285], [-111.36229276656594, 26.049206898429322], [-111.36229276657106, 26.049206898328325], [-111.36229276657106, 26.04878278380108], [-111.36229276657222, 26.04878278377724], [-111.3622927665915, 26.048782783762974], [-111.36304378507575, 26.048281554402386], [-111.36304378509563, 26.048281554390424], [-111.36304378511838, 26.048281554386552], [-111.36445999125918, 26.04810805143386], [-111.36445999135516, 26.048108051417323], [-111.36445999144908, 26.048108051391527], [-111.36445999154004, 26.048108051356717], [-111.36445999162719, 26.048108051313225], [-111.3654899596933, 26.04752970630326], [-111.36548995971731, 26.04752970629143], [-111.36548995974326, 26.04752970628502], [-111.3669061660532, 26.047259810928846], [-111.36690616607638, 26.047259810925564], [-111.36690616609536, 26.047259810939245], [-111.36765718447761, 26.047857435443536], [-111.36765718456232, 26.047857435504024], [-111.36765718465287, 26.04785743555538], [-111.36765718474825, 26.04785743559704], [-111.36857986433178, 26.048204441921744], [-111.36857986441726, 26.048204441949576], [-111.3685798645049, 26.048204441969617], [-111.36857986459398, 26.04820444198171], [-111.3685798646838, 26.04820444198575], [-111.36915922162586, 26.04820444198575], [-111.36915922164899, 26.04820444198683], [-111.36915922167091, 26.048204441994265], [-111.36999607082592, 26.04853216933684], [-111.36999607089874, 26.048532169362165], [-111.37113332727229, 26.04887917373303], [-111.37113332737805, 26.0488791737591], [-111.37113332748602, 26.04887917377351], [-111.37113332759493, 26.04887917377609], [-111.37113332770346, 26.04887917376681], [-111.3729143134852, 26.04862855968848], [-111.37291431357922, 26.048628559670625], [-111.3729143136711, 26.048628559643866], [-111.37291431376002, 26.048628559608442], [-111.37291431384513, 26.04862855956468], [-111.37291431392568, 26.048628559512984], [-111.37291431400091, 26.048628559453824], [-111.37291431407014, 26.048628559387744], [-111.37291431413274, 26.048628559315347], [-111.37291431418812, 26.048628559237297], [-111.3729143142358, 26.048628559154313], [-111.37291431427532, 26.04862855906715], [-111.37291431430633, 26.048628558976606], [-111.37291431432854, 26.048628558883514], [-111.37291431434176, 26.048628558788725], [-111.37300014495626, 26.047683931958964], [-111.37300014495956, 26.047683931935403], [-111.37300014498305, 26.047683931931882], [-111.37377262113002, 26.04760681914004], [-111.37377262117968, 26.047606819137567], [-111.37413740155465, 26.047606819137567], [-111.3741374015803, 26.047606819138906], [-111.37413740160025, 26.047606819155035], [-111.37488841994029, 26.048281554241413], [-111.37488842002514, 26.048281554309668], [-111.3748884201169, 26.048281554368298], [-111.3748884202145, 26.0482815544166], [-111.37488842031676, 26.048281554454004], [-111.37602567670406, 26.048628559570947], [-111.37602567672602, 26.04862855957883], [-111.37602567672288, 26.048628559601962], [-111.37591838853162, 26.049206898387496], [-111.37591838851849, 26.04920689848458], [-111.37591838851492, 26.049206898582487], [-111.37591838852094, 26.04920689868027], [-111.37591838853652, 26.049206898776994], [-111.37591838856147, 26.04920689887173], [-111.3759183885956, 26.049206898963572], [-111.37591838863852, 26.049206899051633], [-111.37591838868987, 26.049206899135072], [-111.37591838874913, 26.049206899213083], [-111.37591838881575, 26.049206899284922], [-111.37591838888906, 26.0492068993499], [-111.37591838896839, 26.04920689940739], [-111.37591838905297, 26.04920689945684], [-111.37591838914197, 26.04920689949778], [-111.37591838923456, 26.049206899529814], [-111.3767766952285, 26.04945751225285], [-111.37677669524996, 26.04945751226025], [-111.37677669524133, 26.04945751228131], [-111.37649774572162, 26.050055125227487], [-111.37649774568344, 26.05005512532142], [-111.37649774565497, 26.050055125418737], [-111.37649774563651, 26.050055125518437], [-111.37649774562824, 26.050055125619494], [-111.37649774563025, 26.050055125720867], [-111.37649774564251, 26.05005512582152], [-111.37649774566489, 26.05005512592041], [-111.37649774569718, 26.050055126016527], [-111.37649774573903, 26.05005512610888], [-111.37772083281386, 26.052426271422075], [-111.3777208328234, 26.052426271442954]]]}}, {"type": "Feature", "id": 1, "properties": {"actividad": "Conservación, Pesca y Turismo", "conflictos_potenciales": "Uso de suelo, alteración de zonas de alta biodiversidad, modificación de los ecosistemas costeros ", "fragilidad": "alta", "localidad_referencia": "Loreto", "nombre": "UGA-38", "poblacion": 0, "politica_ambiental": "Aprovechamiento Sustentable", "presion": "alta", "superficie_total": 322.69, "vulnerabilidad": "alta"}, "geometry": {"type": "Polygon", "coordinates": [[[-111.36285066604498, 25.97251346674793], [-111.36285066604347, 25.972513466771066], [-111.36274337768823, 25.973458699301247], [-111.36274337768452, 25.973458699324162], [-111.36274337766581, 25.973458699338288], [-111.36149883275797, 25.97430747308715], [-111.36149883265286, 25.97430747316964], [-111.36044740678491, 25.97525269126943], [-111.3604474067683, 25.975252691283124], [-111.3604474067488, 25.975252691292063], [-111.360168457654, 25.975366321440443], [-111.36016845756461, 25.97536632148211], [-111.36016845747976, 25.975366321532377], [-111.36016845740026, 25.97536632159076], [-111.36016845732692, 25.975366321656686], [-111.36016845726041, 25.975366321729517], [-111.36016845720141, 25.975366321808547], [-111.3601684571505, 25.975366321893002], [-111.36016845710813, 25.975366321982065], [-111.36016845707474, 25.975366322074866], [-111.36016845705066, 25.975366322170505], [-111.36016845703611, 25.97536632226805], [-111.36016845703125, 25.975366322366554], [-111.36016845703125, 25.97536843173629], [-111.36016845703007, 25.975368431760124], [-111.36016845700833, 25.975368431770207], [-111.35907411600381, 25.975812102432528], [-111.35907411590817, 25.975812102477317], [-111.35907411581779, 25.975812102531943], [-111.35907411573368, 25.9758121025958], [-111.35907411565677, 25.975812102668165], [-111.35907411558792, 25.975812102748243], [-111.35761499408804, 25.977702507017742], [-111.35761499401687, 25.977702507123176], [-111.35634899139991, 25.979862932170402], [-111.35634899138776, 25.97986293219007], [-111.35456800469325, 25.982601985390612], [-111.35456800464154, 25.982601985479892], [-111.35456800459932, 25.982601985574025], [-111.354568004567, 25.98260198567201], [-111.35394573212521, 25.984878051691656], [-111.35394573210428, 25.98487805175244], [-111.35300159455402, 25.987134785692152], [-111.35300159454219, 25.98713478571657], [-111.35300159452545, 25.987134785737744], [-111.3518428802657, 25.9884463718723], [-111.35184288024841, 25.988446371890003], [-111.35184288022418, 25.988446371894767], [-111.34984731675483, 25.988735690398464], [-111.34984731672893, 25.988735690401523], [-111.34669303929789, 25.98902500816452], [-111.34669303920045, 25.98902500817832], [-111.34669303910482, 25.989025008201633], [-111.34669303901195, 25.989025008234233], [-111.34669303892275, 25.989025008275803], [-111.34669303883805, 25.989025008325942], [-111.3466930387587, 25.989025008384164], [-111.34669303868546, 25.9890250084499], [-111.34564161302319, 25.990066546353034], [-111.34564161300602, 25.990066546368503], [-111.34564161298427, 25.990066546376653], [-111.34450435643478, 25.990433011292644], [-111.34450435633588, 25.9904330113304], [-111.34280920088128, 25.991185224972362], [-111.34280920079544, 25.9911852250155], [-111.34280920071416, 25.99118522506667], [-111.34280920063814, 25.991185225125403], [-111.34280920056811, 25.99118522519116], [-111.34280920050472, 25.991185225263333], [-111.34280920044856, 25.991185225341255], [-111.34280920040011, 25.991185225424207], [-111.34280920035985, 25.991185225511423], [-111.34280920032815, 25.9911852256021], [-111.3428092003053, 25.9911852256954], [-111.3428092002915, 25.991185225790463], [-111.34280920028688, 25.99118522588641], [-111.34280920028688, 25.991937434324107], [-111.34280920028573, 25.991937434347474], [-111.34280920026235, 25.99193743434862], [-111.33978366869461, 25.99193743434862], [-111.33978366860735, 25.991937434352433], [-111.33978366852077, 25.991937434363848], [-111.33978366843552, 25.99193743438277], [-111.33978366835223, 25.99193743440906], [-111.33819580080369, 25.992516053458356], [-111.33819580078219, 25.99251605346505], [-111.33819580077879, 25.99251605344262], [-111.33808851242256, 25.991474537021464], [-111.33808851242013, 25.991474536984548], [-111.33804559707706, 25.989970108059307], [-111.33804559707737, 25.989970108037646], [-111.33804559708142, 25.9899701080165], [-111.338260173764, 25.98906358399183], [-111.33826017378168, 25.989063583896865], [-111.33826017379012, 25.989063583800636], [-111.33826017378924, 25.989063583704045], [-111.33819580078256, 25.987944884810886], [-111.33819580078229, 25.987944884788384], [-111.3381958007901, 25.98794488476717], [-111.33873224257951, 25.986671869467017], [-111.33873224258943, 25.986671869444983], [-111.33913993834949, 25.98582318491836], [-111.33913993836003, 25.985823184897697], [-111.33950471876658, 25.98514809057685], [-111.33950471878192, 25.985148090552048], [-111.33950471880006, 25.98514809052923], [-111.3402986525137, 25.984260817936836], [-111.34029865257656, 25.984260817859077], [-111.34029865263135, 25.98426081777543], [-111.34029865267752, 25.984260817686728], [-111.3402986527146, 25.98426081759386], [-111.3405561447062, 25.98350855956703], [-111.34055614471548, 25.983508559543854], [-111.34055614473135, 25.983508559524434], [-111.34102821349003, 25.982987762567507], [-111.34102821351271, 25.982987762544063], [-111.34214401241718, 25.981907583703258], [-111.3421440124819, 25.981907583634396], [-111.34328126905827, 25.980576635342818], [-111.34328126907417, 25.98057663532589], [-111.34328126909526, 25.980576635315998], [-111.34407520278297, 25.98024871826757], [-111.34407520288521, 25.98024871821838], [-111.34407520298122, 25.980248718157927], [-111.34407520306976, 25.980248718086987], [-111.34454727171335, 25.979824353522286], [-111.3445472717448, 25.97982435349626], [-111.34665012357719, 25.978223327481977], [-111.34665012359686, 25.978223327468434], [-111.34665012361751, 25.978223327456952], [-111.34770154942775, 25.977702507118902], [-111.34770154952655, 25.977702507062762], [-111.34770154961832, 25.977702506995776], [-111.35016918177011, 25.975677072520018], [-111.35016918187078, 25.97567707242499], [-111.35225057597481, 25.97342011860024], [-111.35225057605706, 25.973420118498424], [-111.3536238670195, 25.971471773089522], [-111.35362386703586, 25.971471773068746], [-111.35362386705927, 25.971471773056678], [-111.35435342771198, 25.971143830634006], [-111.35435342779647, 25.971143830591107], [-111.3543534278765, 25.97114383054041], [-111.3543534279514, 25.97114383048236], [-111.35435342802045, 25.971143830417486], [-111.35536193831892, 25.970102124908447], [-111.355361938378, 25.970102124841716], [-111.3553619384309, 25.97010212476999], [-111.3553619384772, 25.97010212469384], [-111.35536193851655, 25.97010212461387], [-111.35536193854861, 25.970102124530715], [-111.35583400725505, 25.96869387817681], [-111.35583400726432, 25.968693878153275], [-111.35583400728245, 25.9686938781352], [-111.3564562795821, 25.968134433201318], [-111.35645627964706, 25.96813443313734], [-111.35645627970591, 25.968134433067707], [-111.35645627975818, 25.968134432993008], [-111.35645627980342, 25.968134432913857], [-111.35645627984127, 25.96813443283091], [-111.35682106016641, 25.967227740535254], [-111.35682106019215, 25.967227740463528], [-111.35744333266682, 25.965260000739015], [-111.35744333267681, 25.965260000705396], [-111.35819435118964, 25.962559127858604], [-111.3581943511974, 25.96255912783527], [-111.35819435121192, 25.96255912781499], [-111.35830163954132, 25.962424082582437], [-111.35830163955748, 25.962424082564073], [-111.35830163958188, 25.962424082562855], [-111.358859539013, 25.962424082562855], [-111.35885953905097, 25.9624240825643], [-111.3601255416631, 25.962520543485272], [-111.36012554168578, 25.962520543488097], [-111.36012554168381, 25.96252054351098], [-111.35969638825047, 25.965723001234238], [-111.35969638824264, 25.965723001321706], [-111.35961055756079, 25.967613567867655], [-111.35961055756133, 25.967613567969085], [-111.35961055757214, 25.96761356806994], [-111.35991096493149, 25.969504104063134], [-111.35991096493262, 25.969504104062953], [-111.35991096493828, 25.969504104101123], [-111.35991096496208, 25.969504104196233], [-111.35991096499508, 25.969504104288557], [-111.35991096503696, 25.969504104377204], [-111.35991096508732, 25.969504104461326], [-111.36016845701769, 25.96988992426265], [-111.36016845703007, 25.96988992428332], [-111.36016845703125, 25.969889924307328], [-111.36016845703125, 25.969897639933183], [-111.36016845703591, 25.9698976400296], [-111.36016845704985, 25.96989764012512], [-111.36016845707293, 25.969897640218846], [-111.36016845710493, 25.969897640309913], [-111.36016845714558, 25.969897640397473], [-111.36016845719446, 25.969897640480703], [-111.36034011838689, 25.97015999750002], [-111.36034011843205, 25.970159997563496], [-111.36106967917661, 25.9711052489148], [-111.36106967923521, 25.971105248984], [-111.36106967929983, 25.971105249047604], [-111.36106967936996, 25.971105249105097], [-111.36233568189714, 25.972050492904074], [-111.36233568193222, 25.972050492932844], [-111.3628506660284, 25.97251346673153], [-111.36285066604498, 25.97251346674793]]]}}, {"type": "Feature", "id": 2, "properties": {"actividad": "Turismo y Conservación", "conflictos_potenciales": "Afectación a la biodiversidad por el aprovechamiento de fauna o flora silvestre, uso de suelo ", "fragilidad": "baja", "localidad_referencia": "Lomas Altas ", "nombre": "UGA-31", "poblacion": 0, "politica_ambiental": "Aprovechamiento sustentable", "presion": "alta", "superficie_total": 1311.55, "vulnerabilidad": "alta"}, "geometry": {"type": "Polygon", "coordinates": [[[-111.42333984374872, 25.955575154840318], [-111.42333984374886, 25.955575154864405], [-111.42299652100047, 25.963215059709956], [-111.42299652100083, 25.96321505980702], [-111.42299652101059, 25.96321505990359], [-111.4238119125338, 25.968636004625314], [-111.42381191253591, 25.968636004644264], [-111.42381191253656, 25.96863600466329], [-111.42379045486462, 25.974288182852412], [-111.42379045486308, 25.974288182879125], [-111.42379045485596, 25.974288182904647], [-111.42271757126558, 25.977471030573952], [-111.4227175712577, 25.977471030594323], [-111.42271757124475, 25.977471030611966], [-111.41975641269485, 25.98115531013509], [-111.41975641263755, 25.98115531021398], [-111.4197564125882, 25.98115531029807], [-111.41975641254727, 25.981155310386573], [-111.41975641251516, 25.981155310478638], [-111.41975641249216, 25.981155310573392], [-111.4197564124785, 25.981155310669937], [-111.41952037811505, 25.98372073540796], [-111.41952037811164, 25.983720735431973], [-111.4195203781015, 25.983720735453876], [-111.41666650772389, 25.98916002291989], [-111.41666650771761, 25.98916002293208], [-111.41422033311409, 25.99398187578504], [-111.41422033308103, 25.993981875840852], [-111.41226768493863, 25.996836319485713], [-111.4122676849343, 25.9968363194919], [-111.4095211029574, 26.000712851467988], [-111.40952110290878, 26.000712851543604], [-111.40952110286715, 26.00071285162328], [-111.40896320344069, 26.001908571910047], [-111.40896320342937, 26.001908571931484], [-111.40896320340545, 26.00190857193603], [-111.40660285998605, 26.002236428555356], [-111.40660285988601, 26.002236428574488], [-111.40660285978842, 26.002236428603698], [-111.40660285969432, 26.002236428642686], [-111.40660285960467, 26.00223642869104], [-111.4066028595204, 26.00223642874827], [-111.4066028594424, 26.00223642881377], [-111.40660285937146, 26.002236428886867], [-111.40660285930834, 26.0022364289668], [-111.40660285925365, 26.00223642905274], [-111.4060235023621, 26.0032585641753], [-111.40602350234916, 26.00325856419572], [-111.40602350232504, 26.003258564198372], [-111.40280485155809, 26.003451418966485], [-111.40280485153242, 26.00345141896668], [-111.40280485151156, 26.00345141895182], [-111.40188217186842, 26.002718569341745], [-111.40188217178867, 26.00271856928455], [-111.40188217170369, 26.00271856923545], [-111.40188217161432, 26.002718569194915], [-111.4018821715214, 26.002718569163335], [-111.40188217142583, 26.002718569141017], [-111.40188217132852, 26.002718569128174], [-111.39907121666012, 26.002487141952077], [-111.39907121658325, 26.00248714194872], [-111.39907121650634, 26.00248714195128], [-111.39799833311721, 26.002564284388786], [-111.39799833302499, 26.002564284399742], [-111.39799833293418, 26.002564284419208], [-111.39799833284556, 26.00256428444701], [-111.39673233034101, 26.003027138046672], [-111.39673233032205, 26.003027138052754], [-111.39673233030268, 26.0030271380573], [-111.39523029329656, 26.003316420657136], [-111.3952302932739, 26.003316420660425], [-111.39523029325129, 26.00331642065742], [-111.39437198641552, 26.003162136697302], [-111.3943719863896, 26.003162136691188], [-111.39437198636435, 26.003162136682285], [-111.39190435410754, 26.00214000028484], [-111.39190435408302, 26.002140000275066], [-111.39014482499375, 26.001464999663888], [-111.39014482496997, 26.00146499965406], [-111.38857841497716, 26.000770709286694], [-111.38857841485385, 26.000770709241475], [-111.38746261598472, 26.000442848483694], [-111.38746261594937, 26.00044284847186], [-111.38613224031765, 25.99994141258027], [-111.38613224029648, 25.99994141257112], [-111.38613224029376, 25.999941412548004], [-111.38576745992303, 25.994695494005004], [-111.38576745991091, 25.994695493904526], [-111.3857674598887, 25.994695493805786], [-111.38576745985662, 25.9946954937098], [-111.385767459815, 25.994695493617545], [-111.38576745976427, 25.99469549352997], [-111.38576745970494, 25.994695493447974], [-111.38576745963763, 25.99469549337239], [-111.38576745956303, 25.994695493304], [-111.3857674594819, 25.994695493243498], [-111.38576745939507, 25.994695493191507], [-111.38576745930342, 25.994695493148562], [-111.38576745920791, 25.9946954931151], [-111.3857674591095, 25.99469549309146], [-111.3842225075005, 25.9944061894012], [-111.38422250747828, 25.994406189395924], [-111.38422250748505, 25.99440618937409], [-111.38458728785461, 25.993403264046375], [-111.38458728788241, 25.993403263957216], [-111.38458728790175, 25.99340326386585], [-111.3845872879125, 25.99340326377308], [-111.38469457624198, 25.9918409978645], [-111.3846945762438, 25.991840997763372], [-111.3846945762354, 25.99184099766258], [-111.38469457621686, 25.991840997563152], [-111.38469457618837, 25.991840997466106], [-111.38469457615021, 25.99184099737243], [-111.38469457610279, 25.991840997283095], [-111.38345003159324, 25.989757943952277], [-111.38345003153802, 25.989757943869495], [-111.38345003147484, 25.98975794379261], [-111.38345003140432, 25.98975794372239], [-111.38345003132719, 25.989757943659523], [-111.38345003124418, 25.989757943604634], [-111.38345003115613, 25.989757943558267], [-111.38345003106392, 25.989757943520882], [-111.38345003096843, 25.989757943492844], [-111.38345003087063, 25.989757943474437], [-111.3834500307715, 25.989757943465843], [-111.383450030672, 25.989757943467144], [-111.38130426445343, 25.98989295729087], [-111.38130426434904, 25.98989295730297], [-111.38130426424648, 25.989892957325964], [-111.38130426414692, 25.98989295735959], [-111.38130426405142, 25.989892957403484], [-111.38130426396107, 25.989892957457155], [-111.38130426387684, 25.989892957520013], [-111.38130426379968, 25.989892957591366], [-111.38070344926474, 25.99051016166097], [-111.38070344924873, 25.990510161676042], [-111.38070344922846, 25.99051016168461], [-111.3800811767834, 25.990741612467357], [-111.38008117673135, 25.990741612483546], [-111.37709856035447, 25.991493824423497], [-111.37709856033314, 25.99149382442789], [-111.37709856031141, 25.991493824430414], [-111.37602567675216, 25.991570974098614], [-111.37602567672869, 25.99157097409913], [-111.37602567673109, 25.991570974075643], [-111.37632608404982, 25.989603642225457], [-111.3763260840597, 25.989603642130803], [-111.37632608406054, 25.98960364203564], [-111.37632608405231, 25.98960364194083], [-111.37632608403511, 25.98960364184723], [-111.3763260840091, 25.989603641755686], [-111.3763260839745, 25.989603641667028], [-111.37632608393163, 25.989603641582065], [-111.37632608388088, 25.98960364150156], [-111.3763260838227, 25.989603641426243], [-111.37632608375763, 25.9896036413568], [-111.37632608368625, 25.989603641293854], [-111.37495279314095, 25.988504235665655], [-111.37495279312255, 25.988504235649327], [-111.37495279311912, 25.98850423562497], [-111.37486696243498, 25.98753983597427], [-111.37486696243403, 25.987539835951306], [-111.37486696245351, 25.987539835938907], [-111.3771629333271, 25.986228239673906], [-111.37716293334995, 25.98622823966238], [-111.37716293337557, 25.98622823966105], [-111.38061761808001, 25.98622823966105], [-111.38061761817943, 25.986228239656093], [-111.38061761827788, 25.986228239641278], [-111.38061761837436, 25.986228239616747], [-111.38061761846792, 25.986228239582747], [-111.38061761855764, 25.986228239539614], [-111.38061761864262, 25.986228239487772], [-111.38061761872203, 25.986228239427735], [-111.38061761879507, 25.986228239360106], [-111.38061761886104, 25.986228239285545], [-111.38160467145664, 25.98499378275219], [-111.38160467150348, 25.984993782701263], [-111.38402938840812, 25.982698429917217], [-111.38402938842846, 25.982698429899948], [-111.38402938845408, 25.98269842989277], [-111.38636827439343, 25.982177629387795], [-111.38636827448782, 25.98217762936187], [-111.38636827457923, 25.98217762932684], [-111.38636827466676, 25.982177629283044], [-111.38636827474961, 25.982177629230897], [-111.38636827482695, 25.982177629170902], [-111.38636827489806, 25.98217762910363], [-111.38756990419033, 25.98092384083676], [-111.38756990425443, 25.980923840762955], [-111.38756990431104, 25.980923840683243], [-111.3875699043596, 25.980923840598386], [-111.38756990439961, 25.980923840509192], [-111.38866424556534, 25.978126879521998], [-111.38866424559963, 25.97812687941788], [-111.38866424562231, 25.97812687931063], [-111.38924360273603, 25.97438463418341], [-111.38924360274679, 25.97438463407546], [-111.3892436027458, 25.97438463396698], [-111.38915777206577, 25.97303431015203], [-111.3891577720654, 25.973034310127968], [-111.38915777207419, 25.973034310105607], [-111.3895225524816, 25.972224108336622], [-111.38952255249104, 25.972224108317793], [-111.3895225525034, 25.972224108300953], [-111.39050960533305, 25.970989504444244], [-111.39050960540166, 25.970989504347113], [-111.39050960545825, 25.97098950424252], [-111.39106750487215, 25.969793469423553], [-111.39106750488376, 25.969793469401637], [-111.39106750490582, 25.9697934693902], [-111.39254808423777, 25.969118283019824], [-111.39254808425929, 25.969118283011206], [-111.39254808428244, 25.969118283008868], [-111.39362096729532, 25.969060409741346], [-111.39362096738907, 25.969060409731846], [-111.3936209674815, 25.96906040971356], [-111.3936209675718, 25.96906040968666], [-111.39362096765917, 25.969060409651373], [-111.39362096774285, 25.969060409608023], [-111.39362096782206, 25.96906040955699], [-111.39362096789611, 25.96906040949873], [-111.39362096796435, 25.96906040943376], [-111.39362096802618, 25.96906040936265], [-111.39362096808104, 25.969060409286037], [-111.39362096812845, 25.969060409204605], [-111.3945651053059, 25.9672470321575], [-111.39456510534497, 25.9672470320731], [-111.39456510537602, 25.967247031985437], [-111.3945651053988, 25.967247031895273], [-111.39456510541311, 25.967247031803378], [-111.3945651054188, 25.967247031710553], [-111.39456510541586, 25.9672470316176], [-111.39445781711171, 25.965877334826352], [-111.39445781709843, 25.965877334724414], [-111.39445781707475, 25.965877334624377], [-111.39445781704092, 25.965877334527303], [-111.3944578169973, 25.96587733443421], [-111.39445781694437, 25.96587733434609], [-111.39445781688266, 25.96587733426387], [-111.39445781681283, 25.965877334188416], [-111.39445781673564, 25.965877334120535], [-111.39355659503742, 25.96516354219332], [-111.39355659496066, 25.965163542138214], [-111.39355659487903, 25.9651635420906], [-111.39355659479328, 25.965163542050906], [-111.39355659470417, 25.965163542019482], [-111.39355659461248, 25.96516354199661], [-111.3920116424796, 25.96485487374613], [-111.39201164245733, 25.96485487374056], [-111.39201164245996, 25.964854873717627], [-111.39246225346355, 25.962096115484215], [-111.39246225347458, 25.962096115387194], [-111.39246225347607, 25.96209611528956], [-111.39246225346805, 25.96209611519225], [-111.39246225345057, 25.96209611509618], [-111.3924622534238, 25.96209611500228], [-111.392462253388, 25.962096114911432], [-111.39246225334352, 25.962096114824508], [-111.39246225329077, 25.96209611474234], [-111.39246225323026, 25.96209611466571], [-111.39246225316256, 25.96209611459534], [-111.39246225308833, 25.962096114531914], [-111.39246225300825, 25.962096114476033], [-111.39132499696926, 25.961382299555705], [-111.39132499694931, 25.96138229954176], [-111.39132499694291, 25.96138229951848], [-111.39102458954363, 25.960031826367395], [-111.39102458953971, 25.960031826344895], [-111.3910245895484, 25.96003182632349], [-111.39138936995033, 25.95924082773431], [-111.39138936997675, 25.959240827671476], [-111.39192581175841, 25.957832451132738], [-111.3919258117686, 25.957832451109603], [-111.39192581179037, 25.957832451096586], [-111.39359951017012, 25.95694497228169], [-111.39359951019284, 25.956944972271103], [-111.39359951021494, 25.956944972282855], [-111.39540195373091, 25.9580253798541], [-111.39540195381596, 25.958025379899656], [-111.39540195390501, 25.9580253799368], [-111.39540195399721, 25.958025379965193], [-111.39540195409172, 25.958025379984566], [-111.39540195418766, 25.95802537999474], [-111.39540195428414, 25.95802537999562], [-111.39540195438026, 25.958025379987202], [-111.3954019544751, 25.958025379969556], [-111.39540195456782, 25.958025379942857], [-111.39540195465753, 25.958025379907344], [-111.39540195474339, 25.95802537986335], [-111.39540195482462, 25.95802537981129], [-111.39540195490046, 25.958025379751643], [-111.3954019549702, 25.958025379684965], [-111.39540195503318, 25.95802537961188], [-111.39540195508881, 25.958025379533062], [-111.3954019551366, 25.958025379449246], [-111.3966464996224, 25.95557515486154], [-111.39664649963456, 25.95557515484032], [-111.39664649965883, 25.955575154839106], [-111.42333984372476, 25.955575154839106], [-111.42333984374872, 25.955575154840318]]]}}, {"type": "Feature", "id": 3, "properties": {"actividad": "Conservación, Pesca y Turismo", "conflictos_potenciales": "Modificación de los ecosistemas costeros, aprovechamiento de agua, afectación a la biodiversidad  por el aprovechamiento de fauna o flora silvestre, cambiode uso de suelo", "fragilidad": "media", "localidad_referencia": "Las Cuevas, Loreto", "nombre": "UGA-33a", "poblacion": 45, "politica_ambiental": "Aprovechamiento Sustentable", "presion": "alta", "superficie_total": 5298.83, "vulnerabilidad": "alta"}, "geometry": {"type": "Polygon", "coordinates": [[[-111.360168457, 25.97064227], [-111.359739304, 25.970295034], [-111.358687878, 25.968327345], [-111.359267235, 25.964025324], [-111.360168457, 25.961440177], [-111.360168457, 25.961447185], [-111.360168457, 25.961447186], [-111.360168458, 25.961447186], [-111.360168459, 25.961447186], [-111.360168459, 25.961447185], [-111.360211372, 25.961324422], [-111.36059761, 25.960494848], [-111.36059761, 25.960494847], [-111.360490322, 25.955575155], [-111.396453381, 25.955575155], [-111.396002769, 25.956173246], [-111.395380497, 25.956809921], [-111.393814087, 25.956906386], [-111.39222622, 25.956790627], [-111.392226219, 25.956790627], [-111.392226219, 25.956790628], [-111.391603947, 25.957446591], [-111.391603947, 25.957446592], [-111.391196251, 25.958083259], [-111.390573979, 25.958719923], [-111.390573978, 25.958719923], [-111.389973164, 25.959781022], [-111.389973164, 25.959781023], [-111.389780045, 25.960186166], [-111.389780045, 25.960186167], [-111.390767097, 25.961343715], [-111.39083147, 25.962153991], [-111.390831471, 25.962153991], [-111.390831471, 25.962153992], [-111.39175415, 25.962520543], [-111.39175415, 25.962520544], [-111.390960217, 25.964179659], [-111.391067505, 25.96560725], [-111.391067505, 25.965607251], [-111.391067506, 25.965607251], [-111.393299103, 25.96547221], [-111.394479275, 25.966012376], [-111.394608021, 25.967825773], [-111.39351368, 25.968288763], [-111.393513679, 25.968288763], [-111.392462254, 25.969176156], [-111.390423777, 25.969098992], [-111.390423776, 25.969098992], [-111.390423776, 25.969098993], [-111.390423776, 25.969098994], [-111.391153336, 25.969851342], [-111.39010191, 25.970738724], [-111.389694214, 25.971375319], [-111.388578415, 25.971645389], [-111.388578415, 25.97164539], [-111.387999058, 25.972687081], [-111.387999058, 25.972687082], [-111.388063431, 25.976738019], [-111.387805939, 25.979399987], [-111.387462616, 25.980846684], [-111.386818886, 25.981290334], [-111.386196613, 25.982139051], [-111.384458542, 25.982852741], [-111.382892132, 25.982949185], [-111.382677555, 25.983161362], [-111.382570267, 25.984588724], [-111.381690502, 25.984839475], [-111.380209923, 25.986151086], [-111.375939846, 25.986401834], [-111.374287606, 25.988118476], [-111.374287605, 25.988118477], [-111.37460947, 25.989526491], [-111.374716759, 25.99114665], [-111.374716759, 25.991146651], [-111.374952793, 25.991339525], [-111.376347542, 25.991860285], [-111.377677917, 25.991570974], [-111.377677918, 25.991570974], [-111.38078928, 25.991185225], [-111.382248402, 25.989680793], [-111.383621693, 25.990008683], [-111.38420105, 25.991802423], [-111.382870675, 25.992072446], [-111.382870674, 25.992072446], [-111.382870674, 25.992072447], [-111.383042335, 25.994309754], [-111.383042336, 25.994309754], [-111.383042336, 25.994309755], [-111.383535862, 25.99508123], [-111.383535862, 25.995081231], [-111.383535863, 25.995081231], [-111.385102272, 25.995004083], [-111.384952068, 25.996026281], [-111.384952068, 25.996026282], [-111.385788918, 25.998205656], [-111.385016442, 25.999883554], [-111.385016442, 25.999883555], [-111.386647224, 26.000597136], [-111.387140751, 26.001175712], [-111.387140751, 26.001175713], [-111.389200687, 26.001657857], [-111.392204761, 26.002911425], [-111.392204762, 26.002911425], [-111.39295578, 26.003875698], [-111.394329071, 26.00420355], [-111.395895481, 26.004107123], [-111.396925449, 26.003027138], [-111.398277283, 26.002949996], [-111.39986515, 26.003065709], [-111.402375698, 26.003721415], [-111.403534412, 26.004261405], [-111.403534413, 26.004261405], [-111.405293941, 26.003547846], [-111.405293942, 26.003547846], [-111.407847404, 26.001773572], [-111.407847405, 26.001773572], [-111.409027576, 26.002506428], [-111.405079365, 26.010066146], [-111.403448582, 26.009352622], [-111.402010918, 26.0080027], [-111.402010917, 26.0080027], [-111.398169994, 26.007617005], [-111.395251751, 26.007790568], [-111.39102459, 26.008253401], [-111.391024589, 26.008253401], [-111.389050484, 26.008986216], [-111.387526989, 26.009680458], [-111.385939121, 26.009564751], [-111.384758949, 26.008619809], [-111.384630203, 26.006999891], [-111.384630203, 26.00699989], [-111.381304265, 26.004569971], [-111.381304264, 26.004569971], [-111.381304263, 26.004569971], [-111.379244328, 26.007115599], [-111.376583576, 26.007482011], [-111.375703812, 26.007732713], [-111.375703812, 26.007732714], [-111.375703811, 26.007732714], [-111.375317574, 26.00858124], [-111.374480724, 26.009641889], [-111.373472214, 26.011126781], [-111.373472214, 26.011126782], [-111.37360096, 26.012939483], [-111.373429298, 26.013768687], [-111.373429298, 26.013768688], [-111.373622417, 26.016179134], [-111.371712685, 26.017933907], [-111.368751526, 26.020537095], [-111.366198063, 26.022311085], [-111.364331246, 26.021616918], [-111.364331245, 26.021616918], [-111.362550259, 26.021713331], [-111.362550258, 26.021713331], [-111.361691952, 26.022368932], [-111.361691952, 26.022368933], [-111.361541748, 26.023198071], [-111.361005306, 26.02526125], [-111.36087656, 26.026495284], [-111.361134052, 26.027073732], [-111.361134052, 26.027073733], [-111.361134053, 26.027073733], [-111.363172531, 26.02717014], [-111.363172531, 26.027170141], [-111.364331245, 26.027710023], [-111.364331246, 26.027710023], [-111.365919113, 26.02780643], [-111.365597248, 26.029657436], [-111.364438534, 26.032163959], [-111.364438534, 26.03216396], [-111.364524364, 26.03337864], [-111.364524365, 26.03337864], [-111.365983486, 26.034921074], [-111.365983486, 26.038160118], [-111.367077827, 26.039509693], [-111.339225769, 26.039509693], [-111.340148449, 26.038275796], [-111.341822147, 26.036540607], [-111.343431473, 26.034014897], [-111.343431473, 26.034014896], [-111.344504356, 26.030100902], [-111.345083714, 26.025589042], [-111.345083714, 26.025589041], [-111.345770359, 26.022716014], [-111.346414089, 26.022272521], [-111.349654198, 26.020440681], [-111.353387833, 26.019206584], [-111.354353428, 26.020170723], [-111.354353428, 26.020170724], [-111.354675292, 26.020307888], [-111.354675293, 26.020307888], [-111.354675293, 26.020307887], [-111.354675293, 26.020305703], [-111.356434822, 26.021057725], [-111.358215808, 26.020961312], [-111.358215809, 26.020961312], [-111.359846592, 26.018415984], [-111.359846592, 26.018415983], [-111.35931015, 26.017432546], [-111.354267597, 26.015909166], [-111.352658272, 26.015388513], [-111.360168457, 26.010278274], [-111.360168457, 26.010283706], [-111.360168457, 26.010283707], [-111.360168458, 26.010283707], [-111.360168459, 26.010283707], [-111.365082263, 26.006942036], [-111.365082264, 26.006942036], [-111.365082264, 26.006942035], [-111.365082263, 26.006942035], [-111.363322735, 26.004415688], [-111.362915039, 26.001792858], [-111.362915038, 26.001792858], [-111.360211372, 26.001947143], [-111.354675293, 26.002467856], [-111.354675293, 26.002459021], [-111.354675293, 26.00245902], [-111.354675292, 26.00245902], [-111.353752613, 26.002544999], [-111.348817349, 26.002834283], [-111.348817348, 26.002834283], [-111.346113682, 26.002776426], [-111.345191002, 26.002429285], [-111.345813274, 26.001580714], [-111.347830295, 26.001465], [-111.347830296, 26.001465], [-111.347830296, 26.001464999], [-111.349310874, 26.000153559], [-111.349310874, 26.000153558], [-111.348581314, 25.999382116], [-111.345448494, 25.996527734], [-111.344182491, 25.994579772], [-111.344096661, 25.993364691], [-111.344096661, 25.99336469], [-111.34409666, 25.99336469], [-111.341414452, 25.993518987], [-111.340920925, 25.992940373], [-111.340920925, 25.992940372], [-111.339547634, 25.99261249], [-111.340363026, 25.991551687], [-111.342144012, 25.991243088], [-111.346285342, 25.992612489], [-111.346285343, 25.992612489], [-111.346285343, 25.992612488], [-111.346542835, 25.989970108], [-111.348495483, 25.989044296], [-111.3509202, 25.988292068], [-111.350920201, 25.988292068], [-111.35304451, 25.986536852], [-111.354675293, 25.982222332], [-111.354675293, 25.982216207], [-111.354932785, 25.981541092], [-111.357142925, 25.977972562], [-111.361734867, 25.973227215], [-111.361734867, 25.973227214], [-111.361627579, 25.971819006], [-111.361627579, 25.971819005], [-111.361627578, 25.971819005], [-111.360168459, 25.970641392], [-111.360168458, 25.970641392], [-111.360168457, 25.970641392], [-111.360168457, 25.970641393], [-111.360168457, 25.97064227]]]}}, {"type": "Feature", "id": 4, "properties": {"actividad": "Turismo y Conservación", "conflictos_potenciales": "Afectación a la biodiversidad por el aprovechamiento de fauna o flora silvestre, uso de suelo ", "fragilidad": "baja", "localidad_referencia": "Lomas Altas ", "nombre": "UGA-31", "poblacion": 0, "politica_ambiental": "Aprovechamiento sustentable", "presion": "alta", "superficie_total": 1311.55, "vulnerabilidad": "alta"}, "geometry": {"type": "Polygon", "coordinates": [[[-111.40621662139556, 26.008909077708964], [-111.40621662139056, 26.008909077725036], [-111.40387773515542, 26.015292095196646], [-111.4038777351254, 26.015292095293493], [-111.40286922455492, 26.019245149583465], [-111.40286922454705, 26.0192451496086], [-111.40286922453643, 26.019245149633058], [-111.4015603065604, 26.02186759024515], [-111.401560306548, 26.02186759026711], [-111.40156030653334, 26.02186759028787], [-111.39898538599105, 26.025145558564983], [-111.39898538593167, 26.025145558649164], [-111.39898538588126, 26.025145558739013], [-111.39898538584038, 26.02514555883357], [-111.39735460282363, 26.02952246784092], [-111.39735460280093, 26.0295224678927], [-111.39602422715306, 26.032144678829393], [-111.39602422714162, 26.032144678849487], [-111.3960242271187, 26.03214467885195], [-111.39473676783604, 26.032221801754506], [-111.3947367677371, 26.032221801765395], [-111.39473676763973, 26.032221801786065], [-111.39473676754491, 26.032221801816313], [-111.39473676745355, 26.032221801855837], [-111.39473676736658, 26.03222180190425], [-111.39473676728487, 26.032221801961065], [-111.3947367672092, 26.032221802025724], [-111.39473676714032, 26.032221802097585], [-111.39473676707894, 26.03222180217594], [-111.39473676702565, 26.032221802260004], [-111.39473676698097, 26.032221802348953], [-111.39473676694537, 26.0322218024419], [-111.39473676691918, 26.032221802537926], [-111.39473676690267, 26.032221802636084], [-111.39473676689599, 26.032221802735393], [-111.39473676689921, 26.032221802834876], [-111.39486551284607, 26.033783530927785], [-111.3948655128469, 26.033783530949982], [-111.39486551283981, 26.03378353097114], [-111.39340639115333, 26.037562443787124], [-111.39340639114265, 26.037562443810952], [-111.39340639112486, 26.03756244383047], [-111.39143228532613, 26.039509693191746], [-111.39143228530837, 26.039509693207638], [-111.39143228528448, 26.039509693208803], [-111.36718511583936, 26.039509693208803], [-111.36718511581516, 26.039509693207584], [-111.3671851158077, 26.039509693184645], [-111.36630535128276, 26.03625140629793], [-111.3663053512529, 26.03625140620548], [-111.36630535121424, 26.036251406116364], [-111.36555433274552, 26.034728270604834], [-111.36555433273465, 26.034728270579265], [-111.36555433272669, 26.03472827055263], [-111.3652324676559, 26.033378640227056], [-111.36523246765212, 26.033378640207964], [-111.36523246764985, 26.033378640188825], [-111.36512517929283, 26.03202899433341], [-111.36512517929211, 26.03202899430806], [-111.36512517930396, 26.032028994285653], [-111.36609077437599, 26.0304093989988], [-111.36609077442326, 26.03040939890955], [-111.36609077446128, 26.030409398815994], [-111.36609077448969, 26.030409398719076], [-111.36609077450817, 26.030409398619792], [-111.36609077451654, 26.030409398519147], [-111.3660907745147, 26.030409398418172], [-111.36598348618905, 26.028847624872586], [-111.36598348617767, 26.028847624775924], [-111.36598348615694, 26.028847624680825], [-111.36598348612706, 26.028847624588195], [-111.36598348608831, 26.02884762449891], [-111.3652324678951, 26.027324393411686], [-111.36523246784608, 26.027324393323724], [-111.36523246778846, 26.027324393241138], [-111.36523246772283, 26.02732439316477], [-111.36523246764985, 26.027324393095387], [-111.36523246757027, 26.027324393033695], [-111.36523246748487, 26.02732439298032], [-111.36523246739455, 26.027324392935803], [-111.36523246730022, 26.027324392900596], [-111.3652324672028, 26.027324392875055], [-111.36523246710333, 26.02732439285944], [-111.36413812640005, 26.027208703624204], [-111.364138126347, 26.02720870361569], [-111.36128425600644, 26.02659169212167], [-111.3612842559825, 26.0265916921152], [-111.36128425597553, 26.026591692091426], [-111.36096239090499, 26.025241968159538], [-111.36096239090071, 26.02524196813713], [-111.36096239090257, 26.025241968114806], [-111.36124134063395, 26.023082377503837], [-111.3612413406384, 26.023082377479266], [-111.36124134065938, 26.02308237746567], [-111.36310815809024, 26.022002567257896], [-111.36310815811177, 26.02200256724682], [-111.3631081581353, 26.02200256725188], [-111.36664867338563, 26.022947401575763], [-111.3666486734792, 26.02294740159599], [-111.36664867357428, 26.022947401607176], [-111.36664867366999, 26.022947401609223], [-111.36664867376545, 26.022947401602107], [-111.36664867385981, 26.022947401585892], [-111.36664867395217, 26.02294740156073], [-111.36664867404171, 26.022947401526853], [-111.3666486741276, 26.022947401484565], [-111.36664867420906, 26.022947401434262], [-111.36664867428533, 26.0229474013764], [-111.36664867435572, 26.02294740131151], [-111.36664867441957, 26.02294740124018], [-111.36763572691301, 26.021732613154235], [-111.36763572692952, 26.02173261313587], [-111.36763572695074, 26.021732613123156], [-111.37096166584836, 26.01995861366979], [-111.37096166593003, 26.01995861362111], [-111.37096166600669, 26.019958613564892], [-111.37096166607769, 26.019958613501647], [-111.37096166614235, 26.019958613431946], [-111.3709616662001, 26.01995861335642], [-111.37096166625041, 26.019958613275747], [-111.37287139891309, 26.016545517161653], [-111.3728713989268, 26.016545517139885], [-111.37287139894794, 26.016545517125593], [-111.37430906243299, 26.015677765261778], [-111.37430906251586, 26.015677765205922], [-111.37430906259274, 26.015677765142073], [-111.37430906266287, 26.015677765070865], [-111.37430906272554, 26.015677764993015], [-111.37430906278014, 26.0156777649093], [-111.3743090628261, 26.015677764820552], [-111.37430906286296, 26.01567776472766], [-111.37430906289039, 26.01567776463155], [-111.37430906290807, 26.015677764533184], [-111.37430906291584, 26.015677764433544], [-111.37430906291364, 26.015677764333628], [-111.37394428253361, 26.010625391477234], [-111.37394428253309, 26.01062539145189], [-111.37394428254719, 26.01062539143103], [-111.37533903120367, 26.00877408569], [-111.37533903122049, 26.00877408566996], [-111.37533903123942, 26.008774085651723], [-111.37654066084067, 26.00773271335502], [-111.37654066085858, 26.0077327133409], [-111.37654066088135, 26.0077327133384], [-111.3780641555201, 26.00763628951264], [-111.37806415563632, 26.007636289498414], [-111.37954473453956, 26.007366302436854], [-111.37954473463675, 26.007366302414066], [-111.37954473473117, 26.007366302381705], [-111.3795447348219, 26.007366302340092], [-111.37954473490804, 26.00736630228964], [-111.37954473498871, 26.007366302230853], [-111.37954473506312, 26.007366302164318], [-111.37954473513052, 26.007366302090695], [-111.37954473519025, 26.00736630201072], [-111.38091802595714, 26.005322093835094], [-111.38091802597104, 26.00532209381639], [-111.38091802599425, 26.005322093816908], [-111.3839435577147, 26.005534230317263], [-111.38394355773832, 26.005534230320098], [-111.3839435577446, 26.005534230342953], [-111.38458728780007, 26.008426962123593], [-111.38458728782608, 26.00842696221824], [-111.38458728786124, 26.008426962309887], [-111.38458728790519, 26.008426962397646], [-111.38458728795756, 26.008426962480673], [-111.3845872880178, 26.008426962558165], [-111.38458728808536, 26.008426962629375], [-111.38458728815957, 26.008426962693623], [-111.38458728823971, 26.00842696275028], [-111.38458728832504, 26.008426962798815], [-111.38527393338904, 26.008774085658068], [-111.38527393340998, 26.008774085669955], [-111.38527393342822, 26.00877408568566], [-111.3864326475106, 26.00987330181308], [-111.38643264759024, 26.009873301881075], [-111.38643264767656, 26.009873301940367], [-111.3864326477686, 26.009873301990307], [-111.38643264786536, 26.00987330203035], [-111.38643264796578, 26.009873302060054], [-111.38707637757544, 26.01002757707981], [-111.38707637767133, 26.010027577097894], [-111.38707637776852, 26.01002757710655], [-111.38707637786611, 26.01002757710569], [-111.38707637796313, 26.010027577095318], [-111.38707637805868, 26.010027577075544], [-111.38707637815186, 26.010027577046554], [-111.3896083830831, 26.009101923229622], [-111.38960838317648, 26.009101923190002], [-111.38960838326537, 26.009101923141127], [-111.39063835141964, 26.008465531880425], [-111.3906383514408, 26.00846553186874], [-111.39063835146493, 26.008465531866023], [-111.394307613308, 26.00823411598852], [-111.39430761343652, 26.008234115972005], [-111.39707565304431, 26.0076941438232], [-111.39707565310857, 26.00769414381495], [-111.39922142026364, 26.007559150388712], [-111.3992214202879, 26.007559150388374], [-111.39922142031132, 26.00755915039512], [-111.40164613721119, 26.008388393281518], [-111.40164613723681, 26.008388393291906], [-111.40164613725946, 26.00838839330767], [-111.40280485151284, 26.009294768355463], [-111.40280485153104, 26.00929476837119], [-111.40280485154192, 26.009294768392735], [-111.40306234343736, 26.00987330163796], [-111.40306234347943, 26.009873301721697], [-111.40306234352917, 26.00987330180113], [-111.40306234358611, 26.009873301875558], [-111.40306234364978, 26.009873301944328], [-111.40306234371961, 26.009873302006838], [-111.40306234379497, 26.009873302062534], [-111.40306234387523, 26.009873302110933], [-111.40306234395966, 26.009873302151604], [-111.40505790632615, 26.01072181249703], [-111.40505790642025, 26.010721812531585], [-111.40505790651736, 26.010721812556543], [-111.40505790661645, 26.010721812571653], [-111.40505790671658, 26.010721812576765], [-111.40505790681671, 26.010721812571827], [-111.40505790691583, 26.010721812556888], [-111.40505790701297, 26.0107218125321], [-111.40505790710714, 26.01072181249771], [-111.40505790719739, 26.010721812454065], [-111.40505790728281, 26.010721812401606], [-111.40505790736256, 26.010721812340854], [-111.40505790743582, 26.010721812272422], [-111.40505790750186, 26.010721812197], [-111.40505790756002, 26.010721812115346], [-111.40621662138582, 26.00890907772268], [-111.40621662139556, 26.008909077708964]]]}}, {"type": "Feature", "id": 5, "properties": {"actividad": "Conservación, Pesca y Turismo", "conflictos_potenciales": "Uso de agua, modificación de los ecosistemas costeros vulnerables ", "fragilidad": "baja", "localidad_referencia": "Loreto", "nombre": "UGA-35", "poblacion": 10283, "politica_ambiental": "Aprovechamiento Sustentable", "presion": "alta", "superficie_total": 509.37, "vulnerabilidad": "alta"}, "geometry": {"type": "MultiPolygon", "coordinates": [[[[-111.36501789092895, 26.006112782472535], [-111.36501789091962, 26.006112782493876], [-111.36493206025202, 26.006286347541966], [-111.36493206024083, 26.00628634756217], [-111.36493206022325, 26.006286347576793], [-111.36100530625845, 26.00925619934963], [-111.3610053062286, 26.009256199370526], [-111.35778665548055, 26.0113389077272], [-111.35778665537656, 26.01133890780449], [-111.35467529298762, 26.01398080876862], [-111.35467529296987, 26.01398080878224], [-111.35467529296876, 26.01398080875987], [-111.35467529296876, 26.001561428580896], [-111.35467529296987, 26.00156142855771], [-111.35467529299225, 26.00156142855154], [-111.35476112363293, 26.001542142789102], [-111.35476112365737, 26.001542142784874], [-111.3547611236822, 26.001542142783098], [-111.35832309712046, 26.001464999661614], [-111.35832309722824, 26.001464999653436], [-111.3583230973345, 26.001464999633676], [-111.35967493055081, 26.001137140820703], [-111.35967493057267, 26.00113714081643], [-111.35967493059486, 26.00113714081412], [-111.36360168454638, 26.000905710493793], [-111.36360168456959, 26.000905710493537], [-111.36360168457928, 26.000905710514544], [-111.36385917662646, 26.001542142760663], [-111.36385917663459, 26.001542142784018], [-111.36385917663792, 26.00154214280814], [-111.36396646498861, 26.00275714022235], [-111.36396646500013, 26.00275714030925], [-111.36396646501923, 26.00275714039481], [-111.36413812636745, 26.003393562548236], [-111.3641381263723, 26.003393562570047], [-111.36413812637115, 26.003393562592308], [-111.36405229571365, 26.00428069057789], [-111.364052295709, 26.004280690674655], [-111.36405229571375, 26.00428069077142], [-111.36405229572782, 26.00428069086727], [-111.36405229575111, 26.004280690961306], [-111.36405229578338, 26.00428069105265], [-111.36405229582435, 26.00428069114044], [-111.3650178909192, 26.006112782451716], [-111.36501789092895, 26.006112782472535]]], [[[-111.36064052581672, 26.017914624222477], [-111.36064052580579, 26.017914624242778], [-111.35948181153385, 26.01984291695672], [-111.35948181152276, 26.0198429169736], [-111.35948181151039, 26.01984291698946], [-111.35797977449046, 26.02161691830784], [-111.35797977447476, 26.021616918324696], [-111.35797977445291, 26.021616918317537], [-111.35671377184303, 26.021134855403183], [-111.3567137717981, 26.021134855383497], [-111.35493278505743, 26.020247854438598], [-111.35493278503507, 26.02024785442597], [-111.35493278501973, 26.02024785440538], [-111.35467529298244, 26.019862199762056], [-111.35467529296996, 26.019862199741222], [-111.35467529296876, 26.019862199717025], [-111.35467529296876, 26.015793465632303], [-111.35467529296987, 26.015793465609608], [-111.35467529299208, 26.015793465614582], [-111.35600566857589, 26.016159850271425], [-111.35600566870615, 26.01615985029813], [-111.35770082471312, 26.016391250547738], [-111.35770082473708, 26.016391250552218], [-111.35770082475747, 26.01639125056556], [-111.35815143566445, 26.01671906667153], [-111.35815143574054, 26.01671906672174], [-111.35815143582087, 26.016719066764818], [-111.3581514359048, 26.016719066800395], [-111.35815143599162, 26.016719066828184], [-111.3581514360806, 26.016719066847955], [-111.3604688644166, 26.01712401503372], [-111.36046886443992, 26.01712401503899], [-111.36046886444618, 26.017124015062162], [-111.36064052581284, 26.01791462419944], [-111.36064052581672, 26.017914624222477]]]]}}, {"type": "Feature", "id": 1, "properties": {"actividad": "Turismo y Conservación", "conflictos_potenciales": "Afectación a la biodiversidad por el aprovechamiento de fauna o flora silvestre, uso de suelo ", "fragilidad": "baja", "localidad_referencia": "Lomas Altas ", "nombre": "UGA-31", "poblacion": 0, "politica_ambiental": "Aprovechamiento sustentable", "presion": "alta", "superficie_total": 1311.55, "vulnerabilidad": "alta"}, "geometry": {"type": "Polygon", "coordinates": [[[-111.42349004745346, 25.95225665779406], [-111.42349004745368, 25.952256657820243], [-111.42312526702987, 25.960514139956274], [-111.42312526702779, 25.960514139979114], [-111.42312526700496, 25.960514139980205], [-111.39113187792329, 25.960514139980205], [-111.39113187790007, 25.960514139979086], [-111.39113187789393, 25.960514139956654], [-111.39102458954363, 25.960031826367395], [-111.39102458953971, 25.960031826344895], [-111.3910245895484, 25.96003182632349], [-111.39138936995033, 25.95924082773431], [-111.39138936997675, 25.959240827671476], [-111.39192581175841, 25.957832451132738], [-111.3919258117686, 25.957832451109603], [-111.39192581179037, 25.957832451096586], [-111.39359951017012, 25.956944972281704], [-111.39359951019284, 25.956944972271117], [-111.39359951021494, 25.95694497228287], [-111.39540195373026, 25.958025379853716], [-111.39540195381534, 25.95802537989929], [-111.39540195390443, 25.958025379936444], [-111.39540195399668, 25.958025379964837], [-111.39540195409124, 25.958025379984207], [-111.39540195418722, 25.958025379994368], [-111.39540195428374, 25.958025379995227], [-111.39540195437989, 25.958025379986776], [-111.39540195447479, 25.958025379969097], [-111.39540195456753, 25.95802537994235], [-111.39540195465726, 25.958025379906786], [-111.39540195474315, 25.958025379862736], [-111.39540195482438, 25.95802537981061], [-111.39540195490022, 25.9580253797509], [-111.39540195496994, 25.958025379684152], [-111.39540195503291, 25.958025379610994], [-111.39540195508853, 25.958025379532106], [-111.39540195513628, 25.958025379448223], [-111.39673233031084, 25.95540151489394], [-111.39673233032313, 25.95540151487246], [-111.39673233034651, 25.955401514864143], [-111.39756917946028, 25.955150701154903], [-111.39756917953382, 25.955150701129714], [-111.39756917960517, 25.955150701098884], [-111.3998651504317, 25.95405097305495], [-111.39986515045194, 25.954050973046336], [-111.39986515047349, 25.95405097304141], [-111.40156030627828, 25.953742275644505], [-111.40156030638275, 25.95374227561962], [-111.40156030648393, 25.953742275583682], [-111.40156030658069, 25.9537422755371], [-111.40156030667188, 25.95374227548041], [-111.40156030675648, 25.953742275414264], [-111.4029979704609, 25.952488183984084], [-111.40299797053653, 25.952488183910752], [-111.40299797060402, 25.95248818382987], [-111.40299797066264, 25.95248818374234], [-111.40396356554803, 25.9508674921866], [-111.40396356559468, 25.950867492098602], [-111.40396356563234, 25.950867492006402], [-111.40396356566065, 25.950867491910916], [-111.40396356567932, 25.950867491813085], [-111.40396356568817, 25.950867491713883], [-111.4039635656871, 25.95086749161429], [-111.40396356567614, 25.9508674915153], [-111.40396356565539, 25.95086749141789], [-111.40396356562503, 25.950867491323027], [-111.4039635655854, 25.95086749123166], [-111.40293359779523, 25.94878371233941], [-111.40293359774866, 25.94878371225557], [-111.40293359769427, 25.948783712176578], [-111.40293359763257, 25.94878371210316], [-111.40293359756411, 25.94878371203599], [-111.40293359748955, 25.948783711975686], [-111.40293359740954, 25.948783711922804], [-111.40293359732485, 25.948783711877827], [-111.40293359723621, 25.948783711841173], [-111.4029335971445, 25.948783711813174], [-111.4029335970505, 25.948783711794093], [-111.40205383303352, 25.948648650799477], [-111.40205383300817, 25.948648650794222], [-111.40205383298346, 25.948648650786343], [-111.40072345753477, 25.94814699408317], [-111.4007234574353, 25.948146994051488], [-111.40072345733307, 25.948146994030346], [-111.4007234572292, 25.94814699401998], [-111.40072345712481, 25.948146994020494], [-111.39836311352072, 25.948282055654605], [-111.39836311340454, 25.948282055668102], [-111.39836311329073, 25.948282055695074], [-111.3975262642178, 25.94853288402623], [-111.3975262641628, 25.94853288403937], [-111.39602422734248, 25.94880300626404], [-111.39602422724481, 25.94880300628671], [-111.39602422714991, 25.948803006319046], [-111.39602422705872, 25.948803006360723], [-111.39602422697216, 25.94880300641132], [-111.39437198641012, 25.94988348915181], [-111.39437198638886, 25.949883489164232], [-111.39437198636423, 25.949883489162378], [-111.39329910280694, 25.949748429352574], [-111.39329910278461, 25.949748429348666], [-111.39329910278985, 25.949748429326394], [-111.39364242553042, 25.94855217852578], [-111.39364242553808, 25.948552178503277], [-111.39364242555922, 25.948552178492594], [-111.3961529731446, 25.94743309413984], [-111.39615297320464, 25.947433094110632], [-111.39823436735381, 25.94633329395467], [-111.3982343673709, 25.946333293946456], [-111.3982343673886, 25.946333293939553], [-111.40095949015658, 25.94538784402047], [-111.40095949024753, 25.945387843983827], [-111.40095949033446, 25.945387843938455], [-111.40095949041651, 25.945387843884788], [-111.40095949049292, 25.94538784382334], [-111.40095949056295, 25.945387843754705], [-111.40095949062592, 25.945387843679544], [-111.40095949068123, 25.945387843598574], [-111.40095949072834, 25.94538784351258], [-111.4009594907668, 25.945387843422385], [-111.40095949079624, 25.945387843328856], [-111.40095949081638, 25.945387843232893], [-111.40095949082702, 25.94538784313542], [-111.40095949082807, 25.945387843037373], [-111.40095949081952, 25.945387842939695], [-111.40095949080143, 25.945387842843324], [-111.400959490774, 25.945387842749188], [-111.40095949073748, 25.94538784265819], [-111.40095949069222, 25.945387842571208], [-111.40095949063866, 25.945387842489072], [-111.4009594905773, 25.945387842412583], [-111.40095949050877, 25.945387842342463], [-111.39958620084307, 25.944114367696464], [-111.39958620077675, 25.944114367640132], [-111.3995862007058, 25.944114367589776], [-111.39958620063072, 25.94411436754578], [-111.39958620055211, 25.944114367508472], [-111.39711856847995, 25.943072422533536], [-111.3971185683581, 25.94307242249112], [-111.39426469805169, 25.942281309917227], [-111.39426469802929, 25.942281309909845], [-111.39426469801641, 25.94228130989012], [-111.39304161079431, 25.940197378251415], [-111.39304161073946, 25.94019737816783], [-111.39304161067655, 25.94019737809014], [-111.39304161060618, 25.94019737801912], [-111.39164686204626, 25.9389238461133], [-111.39164686203083, 25.938923846097914], [-111.39164686201991, 25.93892384607908], [-111.39115333568456, 25.937978336362416], [-111.3911533356361, 25.937978336279546], [-111.39115333557993, 25.9379783362017], [-111.39115333551655, 25.9379783361296], [-111.39115333544655, 25.937978336063914], [-111.39115333537056, 25.93797833600524], [-111.38932943346352, 25.936704780147025], [-111.38932943344226, 25.93670478013038], [-111.38932943342755, 25.93670478010799], [-111.38834238064763, 25.93500668424206], [-111.38834238059505, 25.935006684160914], [-111.38834238053488, 25.935006684085224], [-111.38834238046769, 25.935006684015697], [-111.38834238039409, 25.935006683952984], [-111.38834238031478, 25.935006683897672], [-111.386067867299, 25.93357872064656], [-111.38606786728012, 25.933578720633413], [-111.3860678672775, 25.93357872061064], [-111.38593912125386, 25.931649012987336], [-111.38593912124007, 25.93164901287572], [-111.38593912121384, 25.93164901276636], [-111.38535976419004, 25.929719273814616], [-111.38535976415575, 25.929719273718526], [-111.38535976411187, 25.929719273626425], [-111.3853597640588, 25.92971927353928], [-111.38535976399716, 25.92971927345799], [-111.38535976392754, 25.92971927338341], [-111.38535976385069, 25.929719273316305], [-111.38329982759572, 25.92809826804096], [-111.38329982757655, 25.92809826802423], [-111.38329982755934, 25.928098268005822], [-111.38235569001773, 25.926978989337137], [-111.38235569000373, 25.92697898931885], [-111.38235569001235, 25.926978989297638], [-111.38347148882633, 25.924566714859893], [-111.38347148886287, 25.924566714769636], [-111.38347148889044, 25.924566714676253], [-111.3834714889088, 25.92456671458063], [-111.38347148891778, 25.924566714483678], [-111.38347148891728, 25.92456671438631], [-111.38347148890732, 25.92456671428945], [-111.38267755518011, 25.919356033306652], [-111.3826775551615, 25.919356033214072], [-111.38267755513422, 25.919356033123663], [-111.38267755509855, 25.919356033036227], [-111.3826775550548, 25.919356032952546], [-111.38267755500333, 25.919356032873367], [-111.38267755494464, 25.919356032799392], [-111.38267755487922, 25.919356032731287], [-111.38267755480767, 25.919356032669654], [-111.38267755473063, 25.91935603261505], [-111.38267755464878, 25.91935603256795], [-111.38267755456286, 25.919356032528782], [-111.38267755447362, 25.919356032497895], [-111.38156175615671, 25.919027945004647], [-111.38156175613508, 25.919027944997158], [-111.38156175613273, 25.919027944974317], [-111.38154029847324, 25.918641958527353], [-111.38154029846262, 25.91864195842742], [-111.38154029844203, 25.91864195832905], [-111.38154029841168, 25.91864195823325], [-111.38154029837186, 25.918641958140977], [-111.38078927998146, 25.917117298695622], [-111.3807892799336, 25.917117298609462], [-111.38078927987749, 25.91711729852843], [-111.379351615921, 25.915245221122504], [-111.37935161590696, 25.9152452211022], [-111.37935161590438, 25.915245221077754], [-111.37933015825456, 25.91485922242139], [-111.37933015824356, 25.91485922231902], [-111.3793301582221, 25.914859222218322], [-111.37933015819038, 25.914859222120363], [-111.37933015814878, 25.914859222026188], [-111.3793301580977, 25.914859221936787], [-111.3793301580377, 25.914859221853114], [-111.37933015796942, 25.914859221776055], [-111.37769937547152, 25.913199412023534], [-111.3776993754019, 25.91319941195909], [-111.37769937532649, 25.91319941190154], [-111.37769937524597, 25.913199411851394], [-111.37769937516104, 25.913199411809103], [-111.3776993750725, 25.91319941177505], [-111.37769937498113, 25.913199411749538], [-111.37769937488775, 25.9131994117328], [-111.37769937479321, 25.913199411724985], [-111.37769937469835, 25.91319941172617], [-111.37576818469265, 25.913315213177018], [-111.3757681846311, 25.913315213176915], [-111.37424468996657, 25.913218711955075], [-111.37424468994205, 25.913218711952275], [-111.37424468992512, 25.913218711934157], [-111.3737726216654, 25.91265900389447], [-111.3737726216003, 25.91265900382438], [-111.3737726215288, 25.912659003760833], [-111.37377262145156, 25.91265900370441], [-111.37377262136928, 25.912659003655623], [-111.37377262128273, 25.912659003614923], [-111.37377262119267, 25.912659003582675], [-111.37377262109995, 25.912659003559185], [-111.3737726210054, 25.912659003544658], [-111.3737726209099, 25.91265900353923], [-111.37377262081432, 25.912659003542952], [-111.37377262071952, 25.91265900355579], [-111.3737726206264, 25.912659003577627], [-111.37377262053577, 25.912659003608262], [-111.3737726204485, 25.912659003647413], [-111.37293577222852, 25.913083609959994], [-111.37293577213875, 25.91308361001155], [-111.37293577205479, 25.913083610072114], [-111.37293577197754, 25.91308361014103], [-111.37293577190782, 25.913083610217566], [-111.3729357718464, 25.913083610300898], [-111.37293577179392, 25.91308361039013], [-111.37199163438028, 25.914897821985747], [-111.37199163436821, 25.91489782200637], [-111.37199163434441, 25.91489782200544], [-111.37068271639471, 25.91478202208404], [-111.37068271637078, 25.914782022080704], [-111.37068271636778, 25.914782022056585], [-111.37051105499434, 25.91244669933033], [-111.37051105499371, 25.912446699307726], [-111.37051105499516, 25.912446699284928], [-111.37063980098696, 25.911269370643836], [-111.37063980099282, 25.911269370546975], [-111.37063980098925, 25.91126937045], [-111.37063980097632, 25.91126937035383], [-111.37063980095411, 25.911269370259365], [-111.37063980092286, 25.911269370167496], [-111.37063980088284, 25.91126937007909], [-111.37063980083445, 25.91126936999498], [-111.36943817149694, 25.909397200121337], [-111.36943817143842, 25.909397200039525], [-111.36943817137197, 25.909397199964005], [-111.36943817129827, 25.909397199895544], [-111.36943817121808, 25.909397199834828], [-111.36785030454024, 25.90831634641466], [-111.36785030445775, 25.908316346364167], [-111.36785030437076, 25.90831634632188], [-111.36785030428008, 25.90831634628819], [-111.36785030418659, 25.90831634626342], [-111.36785030409114, 25.908316346247794], [-111.36785030399463, 25.908316346241467], [-111.36785030389795, 25.908316346244494], [-111.36785030380202, 25.908316346256843], [-111.36785030370773, 25.908316346278408], [-111.36785030361597, 25.908316346308975], [-111.36785030352758, 25.90831634634827], [-111.3678503034434, 25.908316346395914], [-111.36785030336424, 25.90831634645147], [-111.3678503032908, 25.908316346514418], [-111.36785030322378, 25.90831634658416], [-111.36785030316382, 25.908316346660058], [-111.36785030311147, 25.908316346741387], [-111.36727094651494, 25.909319996389698], [-111.367270946502, 25.909319996409746], [-111.36727094647816, 25.90931999641246], [-111.36576890948056, 25.909416500824737], [-111.3657689094548, 25.909416500825035], [-111.36576890943371, 25.90941650081002], [-111.36484622962179, 25.908683065342547], [-111.36484622955115, 25.908683065291253], [-111.36484622947629, 25.90868306524632], [-111.36192798639833, 25.907100373198425], [-111.36192798631416, 25.907100373157746], [-111.36192798622656, 25.907100373125104], [-111.3619279861363, 25.90710037310079], [-111.36192798604415, 25.907100373085004], [-111.36192798595093, 25.907100373077895], [-111.36192798585746, 25.907100373079523], [-111.36042594924068, 25.90719687928337], [-111.36042594914578, 25.907196879294037], [-111.36042594905233, 25.90719687931371], [-111.36042594896118, 25.9071968793422], [-111.36016845768764, 25.9072910950821], [-111.3601684575941, 25.907291095121828], [-111.36016845750507, 25.90729109517084], [-111.36016845742148, 25.907291095228636], [-111.36016845734419, 25.907291095294617], [-111.36016845727399, 25.9072910953681], [-111.36016845721161, 25.907291095448333], [-111.3601684571577, 25.90729109553448], [-111.3601684571128, 25.907291095625652], [-111.3601684570774, 25.90729109572091], [-111.36016845705186, 25.90729109581927], [-111.36016845703642, 25.907291095919717], [-111.36016845703125, 25.90729109602121], [-111.36016845703125, 25.907293385419884], [-111.36016845703001, 25.907293385444333], [-111.36016845700739, 25.90729338545389], [-111.35915994664872, 25.907660108029766], [-111.35915994654903, 25.907660108072267], [-111.35915994645451, 25.90766010812531], [-111.3591599463663, 25.907660108188264], [-111.35915994628542, 25.907660108260394], [-111.35875225089103, 25.908065431605284], [-111.35875225082367, 25.90806543167931], [-111.35875225076406, 25.908065431759695], [-111.35875225071277, 25.90806543184564], [-111.35875225067034, 25.908065431936276], [-111.35875225063717, 25.908065432030703], [-111.35875225061362, 25.908065432127973], [-111.3584518432705, 25.909648111055358], [-111.35845184325734, 25.909648111148297], [-111.35832309723138, 25.91101846256442], [-111.35832309722787, 25.91101846258846], [-111.35832309720374, 25.91101846259113], [-111.35510444643499, 25.911211468560843], [-111.35510444641173, 25.911211468561127], [-111.35510444639799, 25.91121146854216], [-111.35467529298202, 25.91055524698687], [-111.35467529296992, 25.910555246966254], [-111.35467529296876, 25.910555246942383], [-111.35467529296876, 25.9105529753076], [-111.35467529296413, 25.910552975211484], [-111.35467529295029, 25.910552975116257], [-111.35467529292735, 25.910552975022807], [-111.35467529289554, 25.91055297493199], [-111.35467529285515, 25.91055297484465], [-111.35467529280655, 25.910552974761597], [-111.3543748855724, 25.910092029544675], [-111.35437488556073, 25.91009202952469], [-111.35437488558082, 25.9100920295128], [-111.35561943036373, 25.909435801794043], [-111.35561943044924, 25.909435801743374], [-111.35561943052929, 25.90943580168447], [-111.3556194306031, 25.90943580161791], [-111.35561943066993, 25.90943580154435], [-111.35780811308196, 25.90677225130288], [-111.35780811309894, 25.906772251284224], [-111.35780811312185, 25.90677225127386], [-111.3601684570086, 25.90584578487479], [-111.36016845703014, 25.905845784867523], [-111.36016845703125, 25.90584578489009], [-111.36016845703125, 25.90585014551201], [-111.36016845703597, 25.90585014560902], [-111.36016845705008, 25.90585014570511], [-111.36016845707344, 25.905850145799384], [-111.36016845710583, 25.905850145890945], [-111.36016845714695, 25.90585014597893], [-111.36016845719642, 25.905850146062512], [-111.36016845725376, 25.905850146140903], [-111.36016845731844, 25.90585014621336], [-111.36016845738983, 25.905850146279203], [-111.36016845746728, 25.905850146337805], [-111.36016845755006, 25.90585014638862], [-111.36016845763737, 25.905850146431167], [-111.36016845772839, 25.905850146465042], [-111.36016845782227, 25.90585014648993], [-111.36016845791812, 25.90585014650559], [-111.36016845801504, 25.905850146511877], [-111.36016845811211, 25.905850146508733], [-111.36016845820842, 25.90585014649619], [-111.36016845830306, 25.90585014647436], [-111.36016845839514, 25.905850146443452], [-111.36368751523362, 25.904475373292204], [-111.36368751525902, 25.904475373283827], [-111.36368751528578, 25.904475373283972], [-111.36692762371558, 25.904668389959586], [-111.36692762378148, 25.904668389967938], [-111.36999607078323, 25.9052667396448], [-111.36999607086219, 25.90526673965695], [-111.36999607094185, 25.905266739662753], [-111.37411594382975, 25.905401850459782], [-111.37411594390855, 25.90540185045926], [-111.37411594398706, 25.905401850452535], [-111.3768839835546, 25.90505442237975], [-111.37688398366832, 25.905054422358734], [-111.38113260259479, 25.904012131987646], [-111.38113260269002, 25.9040121319592], [-111.38113260278195, 25.90401213192144], [-111.38445854186772, 25.90244867908605], [-111.3844585418725, 25.902448679083825], [-111.38885736460625, 25.90044125243998], [-111.38885736470026, 25.9004412523909], [-111.39362096784612, 25.897623076597185], [-111.39362096788348, 25.897623076573954], [-111.39690399163179, 25.89548044585918], [-111.39690399169723, 25.895480445812627], [-111.39690399175872, 25.89548044576097], [-111.40196800230211, 25.890866901583596], [-111.40196800231983, 25.890866901568913], [-111.40196800234239, 25.890866901563776], [-111.41005754468402, 25.889419099468704], [-111.41005754470721, 25.889419099465723], [-111.41005754471009, 25.88941909948882], [-111.41037940978588, 25.893704542125192], [-111.41037940980031, 25.89370454223526], [-111.41106605529389, 25.897352836989963], [-111.41106605529691, 25.897352837010946], [-111.41106605529814, 25.89735283703271], [-111.4111089706417, 25.900672880285722], [-111.41110897064415, 25.90067288034388], [-111.41153812407798, 25.90669504593499], [-111.41153812408862, 25.906695046025668], [-111.4115381241075, 25.906695046115], [-111.4124393462777, 25.9101692324197], [-111.41243934630566, 25.9101692325098], [-111.412439346342, 25.910169232596864], [-111.41243934638638, 25.910169232680115], [-111.41389846800381, 25.912620402570465], [-111.41389846801624, 25.91262040259416], [-111.41389846802328, 25.91262040261984], [-111.4155292510934, 25.920128000062263], [-111.41552925109713, 25.92012800008471], [-111.41552925107497, 25.920128000079174], [-111.41177415872076, 25.91898934646111], [-111.4117741586243, 25.918989346437026], [-111.41177415852593, 25.91898934642264], [-111.41177415842661, 25.91898934641809], [-111.41177415832733, 25.918989346423427], [-111.41177415822908, 25.918989346438593], [-111.40774011637096, 25.91981921367762], [-111.40774011627364, 25.919819213702798], [-111.40774011617935, 25.919819213737618], [-111.40774011608903, 25.919819213781725], [-111.4077401160036, 25.919819213834682], [-111.4077401159239, 25.91981921389595], [-111.4065170288271, 25.920861364426912], [-111.40651702880955, 25.920861364440466], [-111.40651702880724, 25.92086136441841], [-111.40649557118414, 25.920475384628567], [-111.4064955711734, 25.92047538452782], [-111.40649557115252, 25.920475384428677], [-111.40649557112171, 25.920475384332157], [-111.4064955710813, 25.920475384239246], [-111.4064955710317, 25.920475384150905], [-111.4064955709734, 25.920475384068034], [-111.40649557090703, 25.92047538399149], [-111.40649557083323, 25.920475383922053], [-111.40649557075281, 25.920475383860442], [-111.40649557066655, 25.920475383807283], [-111.40649557057536, 25.920475383763126], [-111.40649557048017, 25.92047538372842], [-111.40649557038196, 25.920475383703526], [-111.40649557028173, 25.9204753836887], [-111.40149593361058, 25.919992906162193], [-111.40149593353267, 25.91999290615773], [-111.40149593345467, 25.91999290615936], [-111.39634609529183, 25.920301691872783], [-111.39634609519581, 25.920301691883214], [-111.39634609510122, 25.92030169190286], [-111.396346095009, 25.92030169193154], [-111.39634609491995, 25.92030169196899], [-111.39634609483494, 25.920301692014853], [-111.39634609475475, 25.9203016920687], [-111.39634609468013, 25.92030169213004], [-111.39634609461177, 25.920301692198287], [-111.39634609455032, 25.920301692272815], [-111.39634609449635, 25.920301692352922], [-111.39634609445035, 25.92030169243786], [-111.39634609441278, 25.920301692526845], [-111.39634609438394, 25.920301692619038], [-111.39634609436415, 25.920301692713583], [-111.39634609435358, 25.920301692809595], [-111.39634609435231, 25.92030169290618], [-111.39634609436037, 25.920301693002436], [-111.39634609437768, 25.920301693097468], [-111.39634609440407, 25.920301693190385], [-111.39634609443931, 25.920301693280322], [-111.39634609448305, 25.92030169336644], [-111.3963460945349, 25.920301693447936], [-111.39634609459438, 25.92030169352405], [-111.39634609466093, 25.920301693594066], [-111.39634609473391, 25.92030169365734], [-111.39634609481266, 25.920301693713277], [-111.397461891154, 25.921015756344406], [-111.39746189117308, 25.921015756357974], [-111.39746189117044, 25.92101575638121], [-111.39701128006409, 25.92377547769575], [-111.39701128005694, 25.923775477748176], [-111.39662504199153, 25.927307054595765], [-111.3966250419856, 25.92730705470272], [-111.39662504199116, 25.927307054809692], [-111.39662504200811, 25.927307054915456], [-111.39662504203629, 25.9273070550188], [-111.39662504207536, 25.92730705511854], [-111.39739751812829, 25.929005261872813], [-111.39739751819656, 25.929005261998277], [-111.39812707899726, 25.930143818863193], [-111.39812707900882, 25.930143818883266], [-111.39812707900346, 25.930143818905698], [-111.3976120949643, 25.931919173569987], [-111.3976120949415, 25.931919173666138], [-111.39761209492829, 25.93191917376407], [-111.39761209492481, 25.931919173862827], [-111.3976120949311, 25.931919173961443], [-111.39761209494709, 25.931919174058958], [-111.39761209497263, 25.93191917415442], [-111.39816999434792, 25.933655908267358], [-111.3981699943534, 25.93365590828718], [-111.39816999435726, 25.933655908307642], [-111.3986206054549, 25.93674337284514], [-111.39862060547323, 25.936743372939066], [-111.39862060550045, 25.93674337303081], [-111.39969348897841, 25.93981146050502], [-111.39969348901383, 25.939811460592725], [-111.39969348905737, 25.939811460676697], [-111.39969348910864, 25.93981146075618], [-111.3996934891672, 25.93981146083046], [-111.39969348923252, 25.939811460898877], [-111.399693489304, 25.93981146096082], [-111.40175342551827, 25.941432305051197], [-111.40175342560094, 25.941432305109718], [-111.40175342568911, 25.941432305159577], [-111.40422105776565, 25.942667219095714], [-111.40422105785106, 25.94266721913358], [-111.40422105793964, 25.942667219163305], [-111.40422105803059, 25.942667219184635], [-111.40816926937448, 25.943400443211644], [-111.40816926946769, 25.94340044322445], [-111.4081692695617, 25.943400443228445], [-111.40816926965566, 25.943400443223585], [-111.40816926974874, 25.943400443209914], [-111.41241788842031, 25.942570742008574], [-111.41241788850641, 25.942570741987765], [-111.41241788859033, 25.942570741959415], [-111.41241788867141, 25.942570741923753], [-111.41241788874902, 25.942570741881052], [-111.41241788882255, 25.942570741831656], [-111.41385555265302, 25.941509487636207], [-111.41385555267398, 25.941509487622312], [-111.41385555269629, 25.94150948761058], [-111.4167737959827, 25.940158786489626], [-111.4167737960785, 25.94015878643882], [-111.41677379616821, 25.940158786377932], [-111.4198422431747, 25.93782396646791], [-111.41984224319384, 25.937823966454797], [-111.41984224320008, 25.937823966477193], [-111.42145156859793, 25.944963353014128], [-111.42145156861037, 25.94496335306341], [-111.42349004744769, 25.95225665776824], [-111.42349004745346, 25.95225665779406]]]}}, {"type": "Feature", "id": 1, "properties": {"actividad": "Conservación, Pesca y Turismo", "conflictos_potenciales": "Uso de suelo y acceso a la costa, modificación de los ecosistemas costeros ", "fragilidad": "alta", "localidad_referencia": "Las Piedras Rodadas ", "nombre": "UGA-88a", "poblacion": 26, "politica_ambiental": "Aprovechamiento Sustentable", "presion": "alta", "superficie_total": 201.79, "vulnerabilidad": "alta"}, "geometry": {"type": "Polygon", "coordinates": [[[-111.359632016, 26.148060988], [-111.359739304, 26.148272866], [-111.360168457, 26.148754405], [-111.360168457, 26.156112082], [-111.360125542, 26.15597726], [-111.359825134, 26.15507202], [-111.359460354, 26.154513464], [-111.358795166, 26.153974166], [-111.358430386, 26.153338562], [-111.358687878, 26.15260665], [-111.358902454, 26.151065767], [-111.358752251, 26.149139635], [-111.359224319, 26.147868371], [-111.359117031, 26.14636595], [-111.358087063, 26.141954883], [-111.35654211, 26.139431447], [-111.356477737, 26.138795764], [-111.356477737, 26.138795763], [-111.3555336, 26.137697757], [-111.355233192, 26.136850166], [-111.355340481, 26.135174229], [-111.355340481, 26.135174228], [-111.354310513, 26.133074457], [-111.354439259, 26.131398466], [-111.354932785, 26.129491275], [-111.354932785, 26.129491274], [-111.353452206, 26.127776702], [-111.353452205, 26.127776702], [-111.352465153, 26.127410666], [-111.350469589, 26.126428144], [-111.350319386, 26.12550341], [-111.350319386, 26.125503409], [-111.350319385, 26.125503409], [-111.349589825, 26.124328215], [-111.349825859, 26.124019966], [-111.349825859, 26.124019965], [-111.349203587, 26.123114478], [-111.348409653, 26.122363111], [-111.349117755, 26.12203559], [-111.349117756, 26.12203559], [-111.349117756, 26.122035589], [-111.348602772, 26.120629167], [-111.34806633, 26.119858517], [-111.347851753, 26.119010797], [-111.347229481, 26.118028204], [-111.346628666, 26.117411671], [-111.346092224, 26.116660267], [-111.345362663, 26.115465717], [-111.345148087, 26.114829903], [-111.345126629, 26.11351973], [-111.345130291, 26.11351973], [-111.345130292, 26.11351973], [-111.345130292, 26.113519729], [-111.345126629, 26.113249987], [-111.345488137, 26.11351973], [-111.345488138, 26.11351973], [-111.345491409, 26.11351973], [-111.346650124, 26.114386758], [-111.347765923, 26.115542785], [-111.348881721, 26.116563932], [-111.348881722, 26.116563932], [-111.349375248, 26.118452068], [-111.349370129, 26.118452068], [-111.349370129, 26.118452069], [-111.349370128, 26.118452069], [-111.349370128, 26.11845207], [-111.349654198, 26.119550256], [-111.350083351, 26.119954849], [-111.351006031, 26.120475038], [-111.351306438, 26.121399812], [-111.351177692, 26.122998883], [-111.351177693, 26.122998883], [-111.351177693, 26.122998884], [-111.352250575, 26.123364933], [-111.352250576, 26.123364933], [-111.353087425, 26.122671365], [-111.353087425, 26.122671364], [-111.353580952, 26.121708068], [-111.354310513, 26.120937426], [-111.355640888, 26.12035944], [-111.35617733, 26.121342013], [-111.35617733, 26.121342014], [-111.356177331, 26.121342014], [-111.357228756, 26.121496142], [-111.356949806, 26.122016324], [-111.356778145, 26.122883289], [-111.356778145, 26.124039231], [-111.356778145, 26.124039232], [-111.356885433, 26.124328215], [-111.356971264, 26.125484144], [-111.356434822, 26.126004308], [-111.355640888, 26.127063894], [-111.355640888, 26.127063895], [-111.355190277, 26.128682153], [-111.355190277, 26.128682154], [-111.356048584, 26.130435242], [-111.356134415, 26.131668167], [-111.356134415, 26.131668168], [-111.356627941, 26.132939608], [-111.356735229, 26.134365147], [-111.35673523, 26.134365147], [-111.357443333, 26.135559504], [-111.357314587, 26.136869429], [-111.357979774, 26.138410499], [-111.357979775, 26.138410499], [-111.358559132, 26.138680184], [-111.359395981, 26.14022123], [-111.359374523, 26.14108806], [-111.360018253, 26.143206949], [-111.360018254, 26.143206949], [-111.360168457, 26.143187687], [-111.360168457, 26.147579445], [-111.359632016, 26.148060987], [-111.359632016, 26.148060988]]]}}, {"type": "Feature", "id": 3, "properties": {"actividad": "Conservación y Turismo Alternativo", "conflictos_potenciales": "Uso de suelo para desarrollo urbano ", "fragilidad": "baja", "localidad_referencia": "Lomas Lindas", "nombre": "UGA-32", "poblacion": 0, "politica_ambiental": "Aprovechamiento Sustentable", "presion": "alta", "superficie_total": 334.09, "vulnerabilidad": "alta"}, "geometry": {"type": "MultiPolygon", "coordinates": [[[[-111.36016845703016, 26.049322566874825], [-111.36016845703125, 26.04932256689742], [-111.36016845703125, 26.063221125413815], [-111.36016845703016, 26.06322112543613], [-111.36016845701236, 26.063221125422857], [-111.35937452316695, 26.06256575195051], [-111.35937452315852, 26.06256575194363], [-111.35767936708488, 26.061197166085186], [-111.35767936704525, 26.06119716605479], [-111.3527011871525, 26.057573227673604], [-111.35270118713457, 26.05757322765922], [-111.35270118711783, 26.057573227643026], [-111.3522291183634, 26.057072035883134], [-111.35222911834836, 26.057072035865573], [-111.35222911835157, 26.05707203584271], [-111.35242223739122, 26.05605036905802], [-111.3524222373976, 26.056050369032015], [-111.35242223741183, 26.056050369009558], [-111.35325908659196, 26.05487447733319], [-111.35325908661014, 26.054874477310566], [-111.35325908663097, 26.054874477290085], [-111.35645627903841, 26.052079278123557], [-111.35645627911124, 26.052079278053068], [-111.35645627917656, 26.05207927797557], [-111.3564562792337, 26.052079277891853], [-111.35645627928206, 26.052079277802786], [-111.35645627932116, 26.05207927770928], [-111.3564562793506, 26.052079277612297], [-111.35645627937006, 26.052079277512828], [-111.35645627937937, 26.052079277411902], [-111.3564562793784, 26.052079277310554], [-111.3564562793672, 26.052079277209824], [-111.35645627934584, 26.052079277110746], [-111.35645627931457, 26.05207927701434], [-111.3564562792737, 26.052079276921592], [-111.35645627922365, 26.052079276833457], [-111.35645627916493, 26.052079276750842], [-111.35598421098241, 26.051481674423094], [-111.35598421096901, 26.0514816744044], [-111.35598421096334, 26.051481674382266], [-111.35570526123533, 26.05013223688206], [-111.35570526123175, 26.050132236859348], [-111.35570526125296, 26.050132236850605], [-111.35759353635416, 26.04945751226771], [-111.35759353637724, 26.049457512260705], [-111.35759353640118, 26.049457512258293], [-111.36016845700739, 26.04932256687493], [-111.36016845703016, 26.049322566874825]]], [[[-111.3601684570301, 26.066343737014734], [-111.36016845703125, 26.066343737037602], [-111.36016845703125, 26.068309783050314], [-111.3601684570301, 26.06830978307368], [-111.36016845700672, 26.068309783074827], [-111.35928869250138, 26.068309783074827], [-111.35928869247478, 26.068309783073392], [-111.35928869245127, 26.068309783060986], [-111.3587093355644, 26.067962836309913], [-111.35870933546902, 26.067962836259568], [-111.35870933536874, 26.067962836219788], [-111.35870933526479, 26.06796283619104], [-111.35870933515834, 26.067962836173656], [-111.35870933505063, 26.06796283616784], [-111.35795831682812, 26.06796283616784], [-111.35795831680313, 26.067962836166583], [-111.35795831677899, 26.067962836160383], [-111.35740041735221, 26.067789362336494], [-111.3574004173291, 26.067789362327996], [-111.35740041732672, 26.06778936230354], [-111.35731458664054, 26.06593895875149], [-111.3573145866406, 26.06593895872935], [-111.35731458665754, 26.065938958743125], [-111.35759353623826, 26.066189535801307], [-111.35759353630957, 26.066189535859653], [-111.35759353638593, 26.066189535911192], [-111.35759353646674, 26.06618953595548], [-111.35759353655126, 26.066189535992148], [-111.35870933519847, 26.06661358837731], [-111.35870933528508, 26.06661358840578], [-111.35870933537392, 26.066613588426243], [-111.35870933546425, 26.066613588438532], [-111.35956764189656, 26.06669068868754], [-111.35956764199865, 26.066690688691473], [-111.35956764210061, 26.066690688684965], [-111.35956764220138, 26.06669068866809], [-111.3595676422999, 26.066690688641017], [-111.35956764239513, 26.066690688604037], [-111.35956764248611, 26.066690688557532], [-111.36016845700969, 26.0663437370252], [-111.3601684570301, 26.066343737014734]]]]}}, {"type": "Feature", "id": 4, "properties": {"actividad": "Conservación, Pesca y Turismo", "conflictos_potenciales": "Uso de agua, modificación de los ecosistemas costeros vulnerables ", "fragilidad": "baja", "localidad_referencia": "Loreto", "nombre": "UGA-35", "poblacion": 10283, "politica_ambiental": "Aprovechamiento Sustentable", "presion": "alta", "superficie_total": 509.37, "vulnerabilidad": "alta"}, "geometry": {"type": "Polygon", "coordinates": [[[-111.345019341, 26.022658167], [-111.34493351, 26.022330368], [-111.34493351, 26.020402116], [-111.344311237, 26.019052321], [-111.342616081, 26.016719067], [-111.341457367, 26.015349946], [-111.341006756, 26.014462901], [-111.340019703, 26.013903674], [-111.3393116, 26.013980809], [-111.338582039, 26.014154362], [-111.338131428, 26.013421579], [-111.339740752, 26.01263094], [-111.339740753, 26.01263094], [-111.339740753, 26.012630939], [-111.3393116, 26.011493181], [-111.33866787, 26.009005501], [-111.33866787, 26.0090055], [-111.33866787, 26.006922751], [-111.338582039, 26.004839964], [-111.338582038, 26.004839964], [-111.337080002, 26.003721415], [-111.33617878, 26.003624988], [-111.33617878, 26.002911425], [-111.33589983, 26.001465], [-111.336350441, 26.000828567], [-111.337788105, 26.000269275], [-111.338324547, 25.999690694], [-111.338324547, 25.999690693], [-111.338238716, 25.997935648], [-111.338238716, 25.992631777], [-111.339654922, 25.992786075], [-111.339654923, 25.992786075], [-111.341264248, 25.993441838], [-111.342165469, 25.993846866], [-111.34216547, 25.993846866], [-111.34216547, 25.993846865], [-111.342337131, 25.993191106], [-111.342337132, 25.993191106], [-111.342337132, 25.993191105], [-111.342873573, 25.992708926], [-111.343688965, 25.992554628], [-111.344482899, 25.993036808], [-111.344847679, 25.993673283], [-111.345469952, 25.994001163], [-111.34529829, 25.994637632], [-111.34529829, 25.994637633], [-111.345641613, 25.995196952], [-111.345813274, 25.996971325], [-111.345813275, 25.996971325], [-111.347336769, 25.997684924], [-111.347336769, 25.997684925], [-111.348602772, 25.998572096], [-111.349847317, 25.998572096], [-111.350297928, 25.998899962], [-111.350641251, 25.999690694], [-111.35083437, 26.000828567], [-111.350104809, 26.001137141], [-111.348237991, 26.001619286], [-111.346092225, 26.001310713], [-111.346092225, 26.001310714], [-111.346092224, 26.001310714], [-111.346092224, 26.001310715], [-111.346349716, 26.003065708], [-111.346349716, 26.003065709], [-111.346349717, 26.003065709], [-111.350104809, 26.002660712], [-111.352615356, 26.001947143], [-111.354761124, 26.001542143], [-111.358323097, 26.001465], [-111.359674931, 26.001137141], [-111.360168457, 26.001098569], [-111.360168457, 26.009796164], [-111.357786655, 26.011338908], [-111.354675293, 26.013980809], [-111.353495121, 26.014559319], [-111.353495121, 26.01455932], [-111.353065968, 26.015118543], [-111.352787018, 26.015427079], [-111.352787018, 26.01542708], [-111.353151798, 26.015832032], [-111.353151799, 26.015832032], [-111.354224682, 26.015677765], [-111.356005669, 26.01615985], [-111.357700825, 26.016391251], [-111.358151436, 26.016719067], [-111.360168457, 26.017066165], [-111.360168457, 26.018705228], [-111.359481812, 26.019842917], [-111.357979774, 26.021616918], [-111.356713772, 26.021134855], [-111.354932785, 26.020247854], [-111.354568005, 26.019688655], [-111.354568004, 26.019688655], [-111.35368824, 26.019939331], [-111.352164745, 26.020807051], [-111.351091862, 26.019611524], [-111.351091861, 26.019611524], [-111.350297928, 26.020324985], [-111.347959042, 26.021462658], [-111.346457005, 26.022253238], [-111.345019341, 26.022658167]]]}}, {"type": "Feature", "id": 3, "properties": {"actividad": "Conservación, Pesca y Turismo", "conflictos_potenciales": "Uso de suelo, afectación a la biodiversidad por el aprovechamiento de fauna o flora silvestre,  acceso a playa, afectación a ecosistemas frágiles, modificación de ecosistemas costeros ", "fragilidad": "media", "localidad_referencia": "La Mesa del Chivato", "nombre": "UGA-50", "poblacion": 0, "politica_ambiental": "Aprovechamiento sustentable", "presion": "alta", "superficie_total": "125.20", "vulnerabilidad": "alta"}, "geometry": {"type": "Polygon", "coordinates": [[[-111.34701490402027, 25.911172867394196], [-111.34701490400985, 25.91117286741404], [-111.34662866622315, 25.911829085044047], [-111.34662866617813, 25.91182908512977], [-111.34662866614163, 25.911829085219445], [-111.34662866611396, 25.91182908531223], [-111.34662866609538, 25.91182908540726], [-111.34662866608609, 25.911829085503634], [-111.34662866608616, 25.91182908560046], [-111.3466286660956, 25.911829085696823], [-111.34662866611431, 25.91182908579182], [-111.34662866614212, 25.911829085884563], [-111.34662866617877, 25.911829085974183], [-111.34662866622392, 25.91182908605984], [-111.3469934463377, 25.912446699286637], [-111.34699344634832, 25.912446699306788], [-111.346993446326, 25.912446699311356], [-111.34549140942678, 25.91267830361278], [-111.3454914093445, 25.912678303629026], [-111.34549140926389, 25.912678303652108], [-111.34549140918547, 25.912678303681865], [-111.34323835388626, 25.9136433166872], [-111.34323835378532, 25.913643316737346], [-111.34323835369065, 25.91364331679853], [-111.34323835360348, 25.913643316869983], [-111.3422298431582, 25.914569721905494], [-111.3422298431396, 25.91456972192092], [-111.34222984311985, 25.914569721906847], [-111.3411569595545, 25.91372051747955], [-111.34115695953491, 25.913720517462288], [-111.34115695952681, 25.913720517437735], [-111.34092092515334, 25.912852006624583], [-111.34092092512276, 25.91285200653066], [-111.34066343308471, 25.912176493713172], [-111.34066343306806, 25.91217649366107], [-111.3404273987913, 25.91126937071386], [-111.3404273987604, 25.911269370616], [-111.34042739871963, 25.911269370521822], [-111.34042739866942, 25.91126937043232], [-111.3404273986103, 25.911269370348432], [-111.3404273985429, 25.911269370271047], [-111.34042739846792, 25.911269370200976], [-111.34042739838615, 25.91126937013896], [-111.34042739829846, 25.911269370085655], [-111.34010553362286, 25.911095665028995], [-111.34010553360065, 25.911095665015473], [-111.34010553357992, 25.91109566499967], [-111.33860349657189, 25.909821818526677], [-111.33860349655255, 25.909821818508423], [-111.3386034965353, 25.90982181848825], [-111.3381743432055, 25.909262093849343], [-111.33817434313754, 25.909262093769723], [-111.33817434306164, 25.90926209369764], [-111.33817434297862, 25.90926209363389], [-111.3374447822744, 25.90876026925561], [-111.33744478225765, 25.908760269243032], [-111.33744478224331, 25.908760269227926], [-111.33720874787836, 25.908490055194534], [-111.33720874786468, 25.908490055177396], [-111.33720874785772, 25.908490055156236], [-111.33669376374, 25.90665644340416], [-111.33669376373426, 25.90665644337871], [-111.33669376373395, 25.906656443352812], [-111.33671522140405, 25.906116005013818], [-111.33671522140841, 25.90611600496495], [-111.33688688277861, 25.904880707968243], [-111.33688688278308, 25.904880707944795], [-111.33688688280533, 25.904880707935522], [-111.33720874757908, 25.904764898285165], [-111.33720874766946, 25.904764898247553], [-111.33720874775574, 25.904764898201286], [-111.33720874783707, 25.9047648981468], [-111.33720874791268, 25.904764898084625], [-111.33720874798186, 25.904764898015355], [-111.33720874804393, 25.904764897939653], [-111.33746623991343, 25.90441746823832], [-111.33746623993017, 25.904417468218067], [-111.33746623995091, 25.904417468201693], [-111.3377666471527, 25.904205149532547], [-111.3377666472235, 25.9042051494776], [-111.33776664728909, 25.904205149416534], [-111.33776664734894, 25.90420514934984], [-111.33776664740259, 25.904205149278056], [-111.3377666474496, 25.904205149201758], [-111.33795976624492, 25.903857718044137], [-111.33795976628724, 25.903857717958633], [-111.33795976632122, 25.903857717869492], [-111.33795976634654, 25.903857717777516], [-111.337959766363, 25.903857717683543], [-111.33795976637042, 25.903857717588433], [-111.33795976636874, 25.903857717493047], [-111.3378953933818, 25.902873322813182], [-111.33789539336972, 25.90287332271046], [-111.3378953933471, 25.902873322609533], [-111.33789539331417, 25.902873322511486], [-111.33742332461182, 25.901676596015275], [-111.33742332454848, 25.90167659588375], [-111.33710145951437, 25.901116832532512], [-111.33710145950413, 25.901116832512688], [-111.33710145949951, 25.90111683249076], [-111.33701562881869, 25.90059567109059], [-111.33701562881598, 25.900595671066892], [-111.3370156288339, 25.90059567105153], [-111.337637901166, 25.900113112227615], [-111.33763790123291, 25.90011311217085], [-111.3376379012946, 25.900113112108443], [-111.33763790135056, 25.90011311204087], [-111.3376379014004, 25.90011311196865], [-111.33810997003177, 25.899360316317466], [-111.33810997008685, 25.899360316217326], [-111.33810997013015, 25.899360316111558], [-111.3383889198238, 25.898549607592635], [-111.33838891983106, 25.898549607574], [-111.33838891983991, 25.898549607555825], [-111.3387107848067, 25.897951224005446], [-111.33871078485319, 25.897951223906375], [-111.33871078488858, 25.897951223802814], [-111.33871078491244, 25.897951223696005], [-111.33871078492447, 25.89795122358723], [-111.33873224256925, 25.897565168427523], [-111.33873224256955, 25.897565168322025], [-111.33873224255872, 25.897565168217085], [-111.33873224253689, 25.897565168113868], [-111.33873224250432, 25.897565168013525], [-111.33873224246136, 25.897565167917172], [-111.33836747140289, 25.896850979972907], [-111.33836747135402, 25.89685097988781], [-111.33836747129705, 25.896850979807912], [-111.33836747123252, 25.896850979733983], [-111.33836747116105, 25.896850979666738], [-111.33836747108333, 25.896850979606818], [-111.33836747100013, 25.896850979554806], [-111.33836747091222, 25.896850979511196], [-111.33836747082046, 25.896850979476415], [-111.33836747072573, 25.896850979450797], [-111.33836747062894, 25.896850979434586], [-111.33836747053104, 25.896850979427935], [-111.33836747043296, 25.896850979430916], [-111.33836747033563, 25.896850979443496], [-111.33836747024002, 25.89685097946555], [-111.33836747014702, 25.896850979496875], [-111.33836747005753, 25.89685097953716], [-111.33836746997244, 25.896850979586024], [-111.33836746989253, 25.89685097964299], [-111.3383674698186, 25.89685097970752], [-111.33836746975135, 25.89685097977898], [-111.33836746969142, 25.896850979856687], [-111.33836746963941, 25.896850979939895], [-111.3383674695958, 25.896850980027804], [-111.338367469561, 25.89685098011956], [-111.33836746953537, 25.896850980214285], [-111.33836746951916, 25.896850980311065], [-111.3383674695125, 25.89685098040897], [-111.33836746951548, 25.896850980507057], [-111.33836746952804, 25.896850980604377], [-111.33836746955009, 25.8968509807], [-111.33836746958141, 25.896850980792998], [-111.33862495421472, 25.897507259678346], [-111.3386249542189, 25.89750725969072], [-111.3386249542122, 25.897507259679415], [-111.33800268174362, 25.896329781606994], [-111.33800268173394, 25.896329781586306], [-111.33800268175646, 25.896329781582732], [-111.33871078445922, 25.89625256954459], [-111.33871078455303, 25.896252569529825], [-111.33871078464502, 25.89625256950623], [-111.33871078473435, 25.896252569474015], [-111.33871078482022, 25.89625256943347], [-111.33871078490186, 25.896252569384966], [-111.33871078497853, 25.896252569328936], [-111.33871078504954, 25.896252569265886], [-111.33871078511424, 25.896252569196385], [-111.33871078517207, 25.896252569121057], [-111.33913993799275, 25.895634871475952], [-111.33913993804278, 25.895634871396197], [-111.33913993808507, 25.895634871312094], [-111.33913993811926, 25.895634871224388], [-111.33913993814507, 25.89563487113385], [-111.33913993816223, 25.895634871041292], [-111.33913993817062, 25.89563487094753], [-111.33913993817016, 25.89563487085339], [-111.33913993816084, 25.895634870759714], [-111.33913993814276, 25.895634870667326], [-111.33913993811608, 25.89563487057705], [-111.33913993808102, 25.895634870489683], [-111.33913993803789, 25.895634870406003], [-111.33883953095747, 25.895113685319465], [-111.33883953094644, 25.8951136852979], [-111.33883953096581, 25.895113685283604], [-111.3392472266945, 25.894843439989913], [-111.33924722671534, 25.894843439977528], [-111.33924722673923, 25.894843439981276], [-111.33980512616604, 25.894959259470408], [-111.33980512618926, 25.89495925947644], [-111.33980512619695, 25.894959259499068], [-111.34021282195351, 25.896387690595574], [-111.34021282195918, 25.89638769062008], [-111.34021282196237, 25.896387690645064], [-111.34032011031209, 25.897796801582523], [-111.3403201103279, 25.897796801698973], [-111.34032011035723, 25.89779680181277], [-111.34130716321944, 25.90086590315564], [-111.34130716326491, 25.900865903271644], [-111.34263753889596, 25.903722605186157], [-111.34263753891979, 25.90372260524762], [-111.3433456420815, 25.905980894978356], [-111.34334564209954, 25.905980895030762], [-111.34388208388856, 25.90740919271274], [-111.34388208389761, 25.90740919273594], [-111.34499788275288, 25.910169232334642], [-111.34499788279234, 25.910169232420387], [-111.34499788283972, 25.910169232502028], [-111.34499788289459, 25.910169232578838], [-111.34499788295645, 25.910169232650134], [-111.34499788302476, 25.910169232715273], [-111.34619951217917, 25.91121146829989], [-111.34619951225396, 25.91121146835877], [-111.34619951233401, 25.91121146841027], [-111.34619951241861, 25.91121146845392], [-111.34619951250696, 25.911211468489334], [-111.34619951259828, 25.911211468516186], [-111.34619951269174, 25.91121146853423], [-111.3461995127865, 25.91121146854331], [-111.34619951288168, 25.91121146854334], [-111.34701490399779, 25.911172867394164], [-111.34701490402027, 25.911172867394196]]]}}, {"type": "Feature", "id": 1, "properties": {"actividad": "Conservación, Pesca y Turismo", "conflictos_potenciales": "Uso de suelo, afectación a la biodiversidad por el aprovechamiento de fauna o flora silvestre,  acceso a playa, afectación a ecosistemas frágiles, modificación de ecosistemas costeros ", "fragilidad": "alta", "localidad_referencia": "Tripui", "nombre": "UGA-56b", "poblacion": 0, "politica_ambiental": "Aprovechamiento Sustentable", "presion": "alta", "superficie_total": 134.94, "vulnerabilidad": "alta"}, "geometry": {"type": "Polygon", "coordinates": [[[-111.311309338, 25.799717313], [-111.311995983, 25.798287714], [-111.312510967, 25.798249076], [-111.313884258, 25.79753427], [-111.315364838, 25.797418355], [-111.315375566, 25.797418355], [-111.316866875, 25.79730244], [-111.316963741, 25.797418354], [-111.316963742, 25.797418355], [-111.316974163, 25.797418355], [-111.318562031, 25.799330937], [-111.318647861, 25.803291235], [-111.318647861, 25.803291236], [-111.318969727, 25.805474173], [-111.318025589, 25.805705987], [-111.317660809, 25.806517332], [-111.316759587, 25.806188932], [-111.316759587, 25.806188931], [-111.316759586, 25.806188931], [-111.313197613, 25.807116179], [-111.312146187, 25.809009287], [-111.312146187, 25.809009288], [-111.312983036, 25.811134168], [-111.312983036, 25.811134169], [-111.312983037, 25.811134169], [-111.316673756, 25.812138645], [-111.318562031, 25.813123796], [-111.320021152, 25.814437317], [-111.320021153, 25.814437317], [-111.32133007, 25.813027213], [-111.321330071, 25.813027213], [-111.321651936, 25.813877141], [-111.320171356, 25.815248603], [-111.31939888, 25.815441766], [-111.317446232, 25.814920226], [-111.317446232, 25.814166888], [-111.317446231, 25.814166888], [-111.316823959, 25.813780558], [-111.315815449, 25.813027213], [-111.315085888, 25.812930629], [-111.314356327, 25.81264088], [-111.313669682, 25.812602246], [-111.313669681, 25.812602246], [-111.313669681, 25.812602247], [-111.313455105, 25.813027212], [-111.313455105, 25.813027213], [-111.313562393, 25.813915774], [-111.312725544, 25.814533899], [-111.311159134, 25.814166888], [-111.311309338, 25.813220379], [-111.311309337, 25.813220379], [-111.311309337, 25.813220378], [-111.310622692, 25.812215912], [-111.309421063, 25.811887527], [-111.309421062, 25.811887527], [-111.308691502, 25.812370446], [-111.30759716, 25.81155914], [-111.307532787, 25.81080578], [-111.307747364, 25.81009105], [-111.308841705, 25.807309355], [-111.308906078, 25.805802576], [-111.31000042, 25.80377419], [-111.311309337, 25.801494629], [-111.311309338, 25.801494629], [-111.311309338, 25.801494628], [-111.311309338, 25.799717313]]]}}, {"type": "Feature", "id": 2, "properties": {"actividad": "Conservación, Pesca y Turismo", "conflictos_potenciales": "Uso de suelo, afectación a la biodiversidad por el aprovechamiento de fauna o flora silvestre,  acceso a playa, afectación a ecosistemas frágiles, modificación de ecosistemas costeros ", "fragilidad": "media", "localidad_referencia": "Juncalito", "nombre": "UGA-64", "poblacion": 42, "politica_ambiental": "Aprovechamiento Sustentable", "presion": "alta", "superficie_total": 1500.72, "vulnerabilidad": "alta"}, "geometry": {"type": "Polygon", "coordinates": [[[-111.316502094, 25.797321759], [-111.313819885, 25.797225163], [-111.311974526, 25.797688823], [-111.311974525, 25.797688823], [-111.31193161, 25.797418355], [-111.31193356, 25.797418355], [-111.311933561, 25.797418355], [-111.311933561, 25.797418354], [-111.31165266, 25.7955637], [-111.31165266, 25.792124785], [-111.3109231, 25.789613155], [-111.310923099, 25.789613155], [-111.309893131, 25.788859655], [-111.31072998, 25.787198076], [-111.31072998, 25.787198075], [-111.31072998, 25.785806968], [-111.31072998, 25.785806967], [-111.31000042, 25.784782947], [-111.309807301, 25.783198596], [-111.3098073, 25.783198596], [-111.308970451, 25.78190405], [-111.309185028, 25.78041627], [-111.310837269, 25.779759322], [-111.315579414, 25.777711168], [-111.32124424, 25.774561579], [-111.32557869, 25.7714892], [-111.330749989, 25.767025413], [-111.333432198, 25.767218654], [-111.333539486, 25.768223502], [-111.331887245, 25.769904671], [-111.331050396, 25.77212687], [-111.330964565, 25.777150818], [-111.330857277, 25.780686776], [-111.330857277, 25.780686777], [-111.332809925, 25.781981336], [-111.334784031, 25.784860232], [-111.337144375, 25.787198075], [-111.338281631, 25.78868577], [-111.338689327, 25.793322621], [-111.339418888, 25.796104644], [-111.340341568, 25.798249076], [-111.339933872, 25.803542371], [-111.339933872, 25.803542372], [-111.339933873, 25.803542372], [-111.34180069, 25.805029862], [-111.343131065, 25.806613921], [-111.343646049, 25.80781161], [-111.34364605, 25.80781161], [-111.343753338, 25.808371815], [-111.343753338, 25.808371816], [-111.344268322, 25.808835432], [-111.345405579, 25.809492218], [-111.346135139, 25.81125007], [-111.34622097, 25.812834046], [-111.346220971, 25.812834046], [-111.346220971, 25.812834047], [-111.347358227, 25.813297645], [-111.348495483, 25.814147571], [-111.349117756, 25.815615612], [-111.349117756, 25.817296108], [-111.349117756, 25.817296109], [-111.349117757, 25.817296109], [-111.350469589, 25.817856269], [-111.351799965, 25.819440157], [-111.352636814, 25.822028416], [-111.353774071, 25.824268953], [-111.353237629, 25.825563036], [-111.352529526, 25.826586704], [-111.350469589, 25.828537444], [-111.349010468, 25.83058472], [-111.348302364, 25.830488151], [-111.34778738, 25.830217758], [-111.347165108, 25.829000981], [-111.346328259, 25.827610364], [-111.346328258, 25.827610364], [-111.343860626, 25.826779848], [-111.341478825, 25.827050249], [-111.341478825, 25.82705025], [-111.341478824, 25.82705025], [-111.340856552, 25.828634014], [-111.340341568, 25.830121189], [-111.338796616, 25.832342258], [-111.336221695, 25.83421565], [-111.335706711, 25.83541306], [-111.335191727, 25.836900149], [-111.335191727, 25.83690015], [-111.335191728, 25.83690015], [-111.336522102, 25.837267091], [-111.337358952, 25.838850719], [-111.336007118, 25.840704696], [-111.334354877, 25.842017911], [-111.332509518, 25.842288278], [-111.332509518, 25.841264746], [-111.332509518, 25.841264745], [-111.331779957, 25.839874272], [-111.332187653, 25.839314216], [-111.333646774, 25.838097533], [-111.333646774, 25.838097532], [-111.333432198, 25.836146951], [-111.333432197, 25.836146951], [-111.330342293, 25.832438826], [-111.327853203, 25.83131864], [-111.325278282, 25.830391582], [-111.324763298, 25.830488151], [-111.32281065, 25.831144817], [-111.322896481, 25.829194121], [-111.322896481, 25.826683276], [-111.32465601, 25.826683276], [-111.326093674, 25.828073905], [-111.327960491, 25.829367947], [-111.330449581, 25.829657656], [-111.332080364, 25.829464516], [-111.333539486, 25.829097551], [-111.33497715, 25.827803506], [-111.33589983, 25.824829081], [-111.33589983, 25.82482908], [-111.335899829, 25.82482908], [-111.333432198, 25.824268953], [-111.332187653, 25.822028416], [-111.332187652, 25.822028416], [-111.331264973, 25.821661428], [-111.331264972, 25.821661428], [-111.329827309, 25.821661428], [-111.328368187, 25.82185458], [-111.328368187, 25.821854579], [-111.327853203, 25.820463878], [-111.328175068, 25.819247001], [-111.329312324, 25.818783426], [-111.329312325, 25.818783426], [-111.3306427, 25.817392689], [-111.331994533, 25.816368941], [-111.331994534, 25.816368941], [-111.331994534, 25.81636894], [-111.331887245, 25.814611165], [-111.331372261, 25.813857824], [-111.331372261, 25.813123796], [-111.331264973, 25.811250071], [-111.331264973, 25.81125007], [-111.331264972, 25.81125007], [-111.330235005, 25.810786464], [-111.330235004, 25.810786464], [-111.328690052, 25.812100011], [-111.326200962, 25.813954407], [-111.324763298, 25.814224837], [-111.323111058, 25.81468843], [-111.323111057, 25.81468843], [-111.323111057, 25.814688431], [-111.322081089, 25.815712192], [-111.322081089, 25.815712193], [-111.321566105, 25.816368941], [-111.320943832, 25.817199529], [-111.32032156, 25.818319849], [-111.318669319, 25.819247001], [-111.317338944, 25.819150423], [-111.317338943, 25.819150423], [-111.31690979, 25.817489268], [-111.317124367, 25.816272361], [-111.317124367, 25.81627236], [-111.316502094, 25.814514583], [-111.31690979, 25.814321419], [-111.3184762, 25.814611165], [-111.319291591, 25.815615611], [-111.319291592, 25.815615611], [-111.319291592, 25.815615612], [-111.320214271, 25.815615612], [-111.320214272, 25.815615611], [-111.321051121, 25.81468843], [-111.321973801, 25.81293063], [-111.321973801, 25.812930629], [-111.322596073, 25.812003428], [-111.322596073, 25.812003427], [-111.322381496, 25.811346655], [-111.321458817, 25.810322855], [-111.321458816, 25.810322855], [-111.320214272, 25.809588804], [-111.320214271, 25.809588804], [-111.318562031, 25.81041944], [-111.317961216, 25.80995583], [-111.317338943, 25.808468402], [-111.317961216, 25.807444578], [-111.317961216, 25.807444577], [-111.318261623, 25.806343473], [-111.318562031, 25.805493491], [-111.318562031, 25.803909417], [-111.318776608, 25.80066393], [-111.318776607, 25.80066393], [-111.317961216, 25.797688823], [-111.317961215, 25.797688823], [-111.316502094, 25.797321759]]]}}, {"type": "Feature", "id": 3, "properties": {"UGA58": "UGA58", "actividad": "Turismo y Conservación", "conflictos_potenciales": "Uso de suelo, afectación en zonas de alta biodiversidad ", "fragilidad": "madia", "localidad_referencia": "Al Sur de Juncalito al Norte de Puerto  Escondido ", "nombre": "UGA-58", "poblacion": 0, "politica_ambiental": "Aprovechamiento sustentable", "presion": "alta", "superficie_total": 151.51, "vulnerabilidad": "alta"}, "geometry": {"type": "Polygon", "coordinates": [[[-111.33536338806017, 25.825041541547552], [-111.33536338805736, 25.82504154157133], [-111.33497714996773, 25.82732064963453], [-111.33497714996211, 25.827320649659587], [-111.33497714994466, 25.82732064967855], [-111.33375406267247, 25.82851812954016], [-111.33375406265172, 25.828518129558333], [-111.3337540626274, 25.8285181295715], [-111.33240222933144, 25.829155492942878], [-111.33240222930868, 25.82915549295226], [-111.33240222928472, 25.82915549295696], [-111.33014917376353, 25.82948383032814], [-111.33014917373669, 25.829483830330567], [-111.33014917371047, 25.82948383032424], [-111.32802486436682, 25.828846468757252], [-111.32802486428167, 25.82884646873573], [-111.32802486419497, 25.828846468721764], [-111.32802486410736, 25.82884646871546], [-111.32802486401955, 25.828846468716865], [-111.32705926897492, 25.82890441081262], [-111.32705926895197, 25.828904410812914], [-111.32705926893821, 25.82890441079452], [-111.32575035115528, 25.826972992236332], [-111.32575035109562, 25.826972992157067], [-111.32575035102839, 25.826972992084105], [-111.32575035095427, 25.82697299201816], [-111.32575035087399, 25.826972991959888], [-111.32575035078831, 25.826972991909855], [-111.3257503506981, 25.82697299186856], [-111.32575035060425, 25.826972991836406], [-111.32467746736965, 25.82666396199859], [-111.3246774673476, 25.826663961991056], [-111.32467746735274, 25.826663961968286], [-111.32506370543696, 25.825273317283916], [-111.32506370544571, 25.825273317258027], [-111.32506370546236, 25.825273317236462], [-111.32723093017917, 25.822762389730485], [-111.32723093023472, 25.822762389659967], [-111.32723093028372, 25.822762389584753], [-111.32723093032577, 25.822762389505446], [-111.32723093036054, 25.822762389422685], [-111.32723093038776, 25.822762389337143], [-111.32740259162838, 25.822124992029728], [-111.32740259164885, 25.822124991936064], [-111.32740259166025, 25.822124991840877], [-111.32740259166248, 25.82212499174503], [-111.32740259165553, 25.822124991649414], [-111.32740259163945, 25.8221249915549], [-111.32740259161439, 25.822124991462363], [-111.32686614995397, 25.820463878448784], [-111.32686614991411, 25.820463878345333], [-111.32686614986304, 25.820463878246933], [-111.32686614980139, 25.820463878154793], [-111.32641553897565, 25.81986509936997], [-111.32641553891102, 25.81986509929254], [-111.32641553883892, 25.819865099222014], [-111.32641553876006, 25.81986509915911], [-111.32641553867528, 25.819865099104472], [-111.32641553858544, 25.81986509905865], [-111.32641553849142, 25.81986509902211], [-111.32478475606939, 25.81932426384086], [-111.3247847559689, 25.819324263813254], [-111.32478475586609, 25.819324263796258], [-111.32478475576207, 25.81932426379005], [-111.32478475565796, 25.819324263794705], [-111.3247847555549, 25.819324263810167], [-111.32478475545402, 25.819324263836272], [-111.32478475535639, 25.81932426387273], [-111.32175922396111, 25.820637716825242], [-111.32175922393766, 25.82063771683405], [-111.32175922391299, 25.820637716837968], [-111.31942033770082, 25.820888816504656], [-111.31942033767797, 25.820888816506006], [-111.31942033767358, 25.820888816483336], [-111.3192701339756, 25.81984578363681], [-111.31927013397336, 25.8198457836133], [-111.31927013398797, 25.81984578359492], [-111.32223129265633, 25.81646552136727], [-111.32223129272026, 25.816465521286194], [-111.3222312927755, 25.816465521198953], [-111.3230252265813, 25.815055440509227], [-111.32302522659376, 25.815055440489367], [-111.32302522661645, 25.81505544048365], [-111.32656574222284, 25.81434073564398], [-111.32656574232682, 25.814340735617108], [-111.32656574242732, 25.814340735579236], [-111.32656574252317, 25.81434073553081], [-111.32656574261328, 25.814340735472378], [-111.32656574269662, 25.814340735404624], [-111.32961273171114, 25.8115784573972], [-111.32961273177989, 25.811578457328494], [-111.32961273184165, 25.811578457253436], [-111.32961273189584, 25.81157845717274], [-111.32961273194192, 25.811578457087162], [-111.32961273197948, 25.811578456997513], [-111.32961273200817, 25.811578456904645], [-111.32967710494368, 25.81132733780831], [-111.32967710495075, 25.811327337785585], [-111.32967710497219, 25.811327337795802], [-111.33074998851689, 25.811906843294217], [-111.33074998859668, 25.81190684333285], [-111.3312435149925, 25.812119327956992], [-111.3312435150134, 25.812119327967213], [-111.33124351501024, 25.812119327990132], [-111.33090019230252, 25.81395440659833], [-111.33090019229004, 25.813954406686747], [-111.3309001922855, 25.81395440677592], [-111.33090019228892, 25.813954406865147], [-111.33090019230029, 25.813954406953712], [-111.3309001923195, 25.81395440704091], [-111.33147954940146, 25.81611783166802], [-111.33147954940658, 25.816117831691873], [-111.33147954938914, 25.816117831708972], [-111.33004188539574, 25.81739268854029], [-111.33004188535449, 25.81739268857315], [-111.32879734041344, 25.818281217031075], [-111.32879734039247, 25.818281217044515], [-111.32879734036942, 25.818281217053457], [-111.32716655822118, 25.818822056907564], [-111.32716655813212, 25.8188220569419], [-111.32716655804674, 25.81882205698457], [-111.32716655796582, 25.818822057035185], [-111.3271665578901, 25.818822057093282], [-111.32716655782025, 25.818822057158336], [-111.32716655775693, 25.818822057229752], [-111.32716655770069, 25.818822057306882], [-111.32716655765208, 25.81882205738902], [-111.32716655761152, 25.81882205747542], [-111.32716655757937, 25.818822057565292], [-111.32716655755594, 25.81882205765782], [-111.32716655754145, 25.81882205775216], [-111.327166557536, 25.818822057847452], [-111.32716655753968, 25.81882205794283], [-111.32716655755243, 25.818822058037423], [-111.32716655757413, 25.81882205813037], [-111.32761716841368, 25.82040593200502], [-111.32761716844348, 25.82040593209377], [-111.32821798303993, 25.821951154851533], [-111.32821798307805, 25.82195115493737], [-111.32821798312405, 25.82195115501926], [-111.32821798317751, 25.82195115509647], [-111.32821798323799, 25.821951155168325], [-111.32821798330495, 25.82195115523419], [-111.3282179833778, 25.821951155293476], [-111.32821798345587, 25.821951155345673], [-111.32821798353851, 25.821951155390312], [-111.32821798362497, 25.821951155427005], [-111.32821798371448, 25.821951155455423], [-111.32821798380627, 25.82195115547532], [-111.32982730848676, 25.822221567362632], [-111.32982730859852, 25.822221567375], [-111.32982730871097, 25.822221567374744], [-111.32982730882269, 25.822221567361858], [-111.33195161817038, 25.82185457951791], [-111.33195161819393, 25.821854579515026], [-111.33195161820566, 25.82185457953575], [-111.33317470532248, 25.82428826698962], [-111.33317470537001, 25.824288267073793], [-111.33317470542545, 25.824288267152983], [-111.33317470548828, 25.824288267226454], [-111.3331747055579, 25.82428826729351], [-111.33317470563367, 25.824288267353534], [-111.33317470571488, 25.82428826740596], [-111.33317470580077, 25.8242882674503], [-111.33317470589056, 25.82428826748614], [-111.3353633880377, 25.82504154153853], [-111.33536338806017, 25.825041541547552]]]}}, {"type": "Feature", "id": 4, "properties": {"actividad": "Conservación, Pesca y Turismo", "conflictos_potenciales": "Uso de suelo, afectación a la biodiversidad por el aprovechamiento de fauna o flora silvestre,  acceso a playa, afectación a ecosistemas frágiles, modificación de ecosistemas costeros ", "fragilidad": "alta", "localidad_referencia": "Puerto Escondido", "nombre": "UGA-60", "poblacion": 0, "politica_ambiental": "Aprovechamiento Sustentable", "presion": "alta", "superficie_total": 117.93, "vulnerabilidad": "alta"}, "geometry": {"type": "Polygon", "coordinates": [[[-111.32641553878632, 25.82048319369602], [-111.3264155387759, 25.820483193716775], [-111.32575035099472, 25.821661427467195], [-111.32575035095556, 25.82166142754417], [-111.32575035092317, 25.82166142762424], [-111.32441997528987, 25.82540851952], [-111.32441997527953, 25.825408519544776], [-111.32441997525987, 25.825408519562863], [-111.32390499117054, 25.825833440000906], [-111.32390499114932, 25.825833440016584], [-111.3239049911235, 25.825833440022052], [-111.3224244126818, 25.826065214035996], [-111.32242441258481, 25.826065214056147], [-111.32242441249028, 25.826065214085794], [-111.32242441239914, 25.82606521412465], [-111.32242441231232, 25.826065214172335], [-111.32242441223062, 25.826065214228375], [-111.32242441215487, 25.826065214292225], [-111.32242441208581, 25.826065214363254], [-111.32242441202412, 25.826065214440767], [-111.3224244119704, 25.826065214524007], [-111.32242441192518, 25.82606521461215], [-111.32242441188892, 25.82606521470434], [-111.32242441186193, 25.826065214799662], [-111.32242441184452, 25.826065214897188], [-111.32242441183685, 25.826065214995957], [-111.32242441183898, 25.826065215095], [-111.32253170013217, 25.827571735129276], [-111.32253170013252, 25.82757173515888], [-111.32253170012935, 25.827571735188304], [-111.32190942764689, 25.831260699143783], [-111.32190942764171, 25.831260699167455], [-111.32190942763022, 25.831260699188274], [-111.32158756257441, 25.831782166458872], [-111.32158756256035, 25.831782166479258], [-111.32158756253563, 25.83178216648052], [-111.32111549411188, 25.83178216648052], [-111.32111549401903, 25.83178216648484], [-111.32111549392698, 25.83178216649776], [-111.32111549383653, 25.831782166519176], [-111.32111549374847, 25.831782166548894], [-111.32111549366353, 25.83178216658666], [-111.32111549358247, 25.831782166632152], [-111.32111549350599, 25.83178216668497], [-111.32055759431846, 25.832207064059013], [-111.32055759429913, 25.832207064072307], [-111.3205575942763, 25.83220706406604], [-111.32008552553661, 25.832052556042242], [-111.32008552551346, 25.832052556033357], [-111.32008552549745, 25.832052556014347], [-111.31980657588853, 25.83168559878212], [-111.31980657582918, 25.831685598711097], [-111.3198065757635, 25.831685598645873], [-111.31980657569206, 25.831685598587], [-111.31980657561549, 25.831685598534985], [-111.31933450720811, 25.8313958947524], [-111.31933450711963, 25.831395894704066], [-111.31933450702675, 25.831395894664887], [-111.31933450693039, 25.83139589463526], [-111.31933450683152, 25.831395894615486], [-111.31933450673118, 25.831395894605766], [-111.31849765798012, 25.831357267371462], [-111.31849765787933, 25.831357267371896], [-111.3184976577791, 25.831357267382472], [-111.31849765768044, 25.83135726740308], [-111.31849765758436, 25.831357267433518], [-111.31761789376827, 25.831685598427992], [-111.31761789367971, 25.831685598466], [-111.31761789359523, 25.831685598512355], [-111.31761789351559, 25.83168559856663], [-111.31761789344154, 25.831685598628315], [-111.31761789337378, 25.831685598696843], [-111.31761789331293, 25.83168559877158], [-111.31761789325957, 25.83168559885182], [-111.31761789321416, 25.83168559893683], [-111.31761789317716, 25.831685599025814], [-111.31761789314888, 25.831685599117947], [-111.31761789312961, 25.83168559921237], [-111.31751060489445, 25.832380885142943], [-111.31751060488457, 25.832380885235235], [-111.3175106048833, 25.832380885328046], [-111.31751060489061, 25.83238088542058], [-111.3175106049065, 25.83238088551203], [-111.31751060493079, 25.832380885601616], [-111.31798267363773, 25.833848699509772], [-111.3179826736438, 25.83384869953223], [-111.3179826736293, 25.83384869955005], [-111.3162016872699, 25.835837944466427], [-111.31620168720681, 25.83583794454443], [-111.31620168715187, 25.835837944628356], [-111.3162016871056, 25.835837944717365], [-111.3162016870685, 25.835837944810564], [-111.3162016870409, 25.83583794490701], [-111.31620168702312, 25.835837945005736], [-111.31620168701531, 25.835837945105744], [-111.31620168701757, 25.835837945206034], [-111.31620168702986, 25.835837945305595], [-111.31620168705206, 25.835837945403423], [-111.31620168708395, 25.835837945498533], [-111.31645917891572, 25.83649458167195], [-111.31645917892305, 25.836494581693675], [-111.31645917890083, 25.836494581699338], [-111.31598711016163, 25.83659114561309], [-111.31598711013824, 25.83659114561671], [-111.31598711011897, 25.836591145602988], [-111.31581544878655, 25.83645595612317], [-111.31581544873822, 25.836455956079725], [-111.31457090378956, 25.835181304523967], [-111.3145709037674, 25.83518130449976], [-111.31399154672798, 25.834505347453202], [-111.31399154666013, 25.834505347381526], [-111.31399154658556, 25.834505347316888], [-111.31399154650497, 25.834505347259917], [-111.31289720539122, 25.833810073101805], [-111.31289720531234, 25.833810073056583], [-111.31214618685134, 25.833423807844866], [-111.31214618682938, 25.833423807832112], [-111.31214618681051, 25.833423807815187], [-111.31152391435731, 25.83280578084015], [-111.31152391431937, 25.83280578079793], [-111.31057977677905, 25.83162765790554], [-111.31057977676586, 25.83162765788733], [-111.31057977678756, 25.83162765788151], [-111.31120204922922, 25.83149246270724], [-111.31120204925556, 25.831492462702975], [-111.3112020492821, 25.831492462701554], [-111.31304740903546, 25.831492462701554], [-111.31304740907969, 25.831492462700577], [-111.31435632694195, 25.831434521865745], [-111.31435632705585, 25.831434521854142], [-111.31435632716767, 25.831434521829596], [-111.31566524463454, 25.831067562661236], [-111.31566524473229, 25.83106756262831], [-111.31566524482612, 25.831067562585492], [-111.31566524491504, 25.831067562533235], [-111.3156652449981, 25.8310675624721], [-111.31566524507443, 25.831067562402733], [-111.31566524514321, 25.83106756232587], [-111.3156652452037, 25.831067562242335], [-111.31566524525526, 25.831067562153013], [-111.31603002547115, 25.83035295431263], [-111.31603002548302, 25.830352954291943], [-111.31603002550521, 25.830352954283335], [-111.31660938250826, 25.83015981622536], [-111.31660938258737, 25.83015981619521], [-111.31660938266364, 25.830159816158474], [-111.31660938273654, 25.83015981611542], [-111.31791830009995, 25.829310005117726], [-111.31791830018273, 25.829310005057753], [-111.31791830025895, 25.829310004989644], [-111.31791830032782, 25.829310004914106], [-111.31791830038863, 25.829310004831935], [-111.31791830044072, 25.829310004743984], [-111.31791830048356, 25.829310004651177], [-111.31791830051671, 25.82931000455448], [-111.3179183005398, 25.8293100044549], [-111.31791830055262, 25.829310004353488], [-111.31791830055502, 25.829310004251294], [-111.31791830054696, 25.82931000414939], [-111.31787538528746, 25.828981666936954], [-111.31787538528552, 25.828981666913503], [-111.31787538528575, 25.8289816668904], [-111.31791830060878, 25.82822841814043], [-111.31791830060963, 25.828228418044425], [-111.31791830060128, 25.828228417948782], [-111.31791830058378, 25.82822841785438], [-111.31791830055732, 25.82822841776209], [-111.31791830052214, 25.828228417672765], [-111.31791830047854, 25.828228417587226], [-111.31791830042694, 25.828228417506264], [-111.31761789327233, 25.827803505991266], [-111.3176178932158, 25.827803505918638], [-111.31761789315283, 25.827803505851517], [-111.31708145163398, 25.827282021286564], [-111.3170814515602, 25.827282021221578], [-111.31708145148038, 25.82728202116415], [-111.31708145139531, 25.827282021114836], [-111.31708145130581, 25.82728202107412], [-111.31708145121274, 25.827282021042386], [-111.31708145111702, 25.827282021019947], [-111.31581544879074, 25.827050249302207], [-111.31581544876151, 25.827050249295006], [-111.31581544873346, 25.827050249284373], [-111.3150858879314, 25.826721905178047], [-111.31508588790996, 25.82672190516709], [-111.31508588790257, 25.826721905143973], [-111.31472110748928, 25.8253505757506], [-111.31472110748437, 25.82535057572765], [-111.31472110750745, 25.825350575723057], [-111.31628751747208, 25.825118800178515], [-111.31628751754698, 25.8251188001645], [-111.3162875176206, 25.825118800144818], [-111.31703853560029, 25.824887024299777], [-111.31703853569593, 25.824887024264836], [-111.31703853578752, 25.824887024220352], [-111.31703853587412, 25.824887024166784], [-111.31703853595481, 25.824887024104687], [-111.31703853602878, 25.824887024034705], [-111.31703853609524, 25.82488702395757], [-111.3170385361535, 25.82488702387407], [-111.31703853620299, 25.82488702378508], [-111.31703853624316, 25.824887023691517], [-111.31733894341922, 25.82407580470321], [-111.31733894344629, 25.824075804618808], [-111.31733894346577, 25.82407580453234], [-111.31733894347752, 25.824075804444487], [-111.31733894348146, 25.82407580435594], [-111.31733894348146, 25.822801019640576], [-111.31733894348044, 25.82280101959528], [-111.31729602814671, 25.821854579723155], [-111.31729602813671, 25.821854579620357], [-111.31729602811616, 25.82185457951914], [-111.31729602808528, 25.82185457942058], [-111.3172960280444, 25.821854579325734], [-111.31703853608114, 25.821333068487476], [-111.31703853607266, 25.82133306846827], [-111.31703853606572, 25.821333068448116], [-111.31671667102607, 25.820251408729185], [-111.31671667099882, 25.820251408649913], [-111.31671667096502, 25.820251408573203], [-111.31671667092492, 25.82025140849959], [-111.31628751763512, 25.81953673521081], [-111.31628751757206, 25.81953673511803], [-111.31628751749902, 25.819536735032898], [-111.3162875174169, 25.819536734956483], [-111.31572961809242, 25.819073160747596], [-111.31572961807387, 25.819073160730486], [-111.3157296180739, 25.819073160705063], [-111.31577253341544, 25.81826190130461], [-111.31577253341779, 25.818261901281844], [-111.31577253343768, 25.81826190129328], [-111.31592273710386, 25.818358480065932], [-111.31592273712101, 25.81835848007801], [-111.3159227371359, 25.818358480092787], [-111.31645917891177, 25.818937951194634], [-111.31645917892403, 25.818937951208927], [-111.31645917893512, 25.818937951224004], [-111.3169312475459, 25.819633312579477], [-111.31693124760316, 25.81963331265574], [-111.31693124766744, 25.8196333127262], [-111.31693124773814, 25.819633312790216], [-111.31693124781461, 25.81963331284721], [-111.31693124789616, 25.819633312896656], [-111.31693124798205, 25.819633312938105], [-111.31770372307216, 25.819961676255378], [-111.31770372316434, 25.81996167628932], [-111.3177037232594, 25.819961676314055], [-111.31770372335644, 25.819961676329342], [-111.31770372345451, 25.819961676335033], [-111.31770372355265, 25.819961676331076], [-111.31770372364996, 25.819961676317508], [-111.31770372374544, 25.81996167629446], [-111.3177037238382, 25.819961676262157], [-111.31770372392737, 25.819961676220903], [-111.31770372401203, 25.819961676171104], [-111.31770372409142, 25.819961676113238], [-111.31770372416473, 25.819961676047864], [-111.31770372423128, 25.81996167597561], [-111.31770372429042, 25.819961675897176], [-111.31770372434158, 25.819961675813317], [-111.31824016569905, 25.81897658253731], [-111.31824016571095, 25.818976582517763], [-111.31824016573292, 25.818976582525103], [-111.31933450696641, 25.81940152606323], [-111.3193345069877, 25.819401526072685], [-111.31933450699874, 25.81940152609344], [-111.31976366018007, 25.82030935439176], [-111.31976366022545, 25.820309354476887], [-111.31976366027884, 25.82030935455724], [-111.3197636603397, 25.820309354632077], [-111.3197636604075, 25.8203093547007], [-111.3197636604816, 25.820309354762472], [-111.3197636605613, 25.820309354816814], [-111.31976366064588, 25.820309354863227], [-111.31976366073452, 25.820309354901273], [-111.31976366082642, 25.820309354930604], [-111.31976366092071, 25.82030935495094], [-111.31976366101654, 25.820309354962095], [-111.32175922374142, 25.820444562865852], [-111.32175922383863, 25.820444562867703], [-111.32175922393556, 25.820444562860104], [-111.32175922403128, 25.820444562843125], [-111.32175922412492, 25.820444562816935], [-111.32332563398116, 25.81992304563107], [-111.32332563400288, 25.81992304562491], [-111.32332563402537, 25.81992304562278], [-111.32527828214162, 25.81982646810354], [-111.32527828216527, 25.8198264681035], [-111.32527828218613, 25.819826468114258], [-111.32641553876681, 25.82048319368345], [-111.32641553878632, 25.82048319369602]]]}}, {"type": "Feature", "id": 5, "properties": {"actividad": "Conservación, Pesca y Turismo", "conflictos_potenciales": "Uso de suelo, afectación a la biodiversidad por el aprovechamiento de fauna o flora silvestre,  acceso a playa, afectación a ecosistemas frágiles, modificación de ecosistemas costeros ", "fragilidad": "alta", "localidad_referencia": "Puerto Escondido", "nombre": "UGA-60", "poblacion": 0, "politica_ambiental": "Aprovechamiento Sustentable", "presion": "alta", "superficie_total": 117.93, "vulnerabilidad": "alta"}, "geometry": {"type": "Polygon", "coordinates": [[[-111.30759716033089, 25.830121188518223], [-111.30759716032038, 25.830121188510468], [-111.30691051486662, 25.82956108608209], [-111.30691051479404, 25.829561086028168], [-111.30648136140978, 25.82927137685202], [-111.30648136139021, 25.82927137683735], [-111.30648136138234, 25.829271376814376], [-111.30633115769264, 25.828749898492386], [-111.30633115768612, 25.82874989846328], [-111.30633115768313, 25.828749898433408], [-111.30628824234611, 25.827668306514386], [-111.30628824233712, 25.827668306414473], [-111.30628824231815, 25.827668306315964], [-111.30628824228941, 25.827668306219852], [-111.30596637732712, 25.82676053413032], [-111.3059663772884, 25.826760534036502], [-111.30596637724035, 25.8267605339471], [-111.30596637718351, 25.82676053386302], [-111.30596637711842, 25.82676053378514], [-111.30553722384688, 25.826296987918052], [-111.3055372237821, 25.826296987854164], [-111.30502223976731, 25.82583344009196], [-111.30502223968149, 25.825833440022883], [-111.30502223958861, 25.82583343996366], [-111.30433559421903, 25.825447148765996], [-111.3043355941333, 25.82544714872305], [-111.3030695915449, 25.824887024164287], [-111.30306959152306, 25.824887024153306], [-111.30306959150906, 25.82488702413334], [-111.3027048111517, 25.8243075822245], [-111.30270481109196, 25.824307582139703], [-111.30270481102376, 25.82430758206155], [-111.30197525026189, 25.823554303291708], [-111.30197525024528, 25.82355430327272], [-111.30197525023512, 25.823554303249445], [-111.30081653595775, 25.820483193716925], [-111.30081653595072, 25.820483193695374], [-111.3008165359497, 25.8204831936732], [-111.3008165359497, 25.820058254046053], [-111.30081653595082, 25.820058254023383], [-111.30081653597232, 25.820058254030922], [-111.30281209943601, 25.82086950115829], [-111.30281209945636, 25.82086950116765], [-111.3028120994757, 25.82086950117875], [-111.303541660288, 25.821333068455292], [-111.30354166030739, 25.821333068469], [-111.30354166029966, 25.821333068491537], [-111.30324125297031, 25.82208636128482], [-111.3032412529394, 25.822086361374474], [-111.30324125291712, 25.82208636146665], [-111.30324125290367, 25.822086361560523], [-111.30324125289917, 25.822086361655245], [-111.30324125289917, 25.823283893974565], [-111.30324125290339, 25.823283894066243], [-111.30324125291598, 25.82328389415715], [-111.30324125293686, 25.82328389424652], [-111.30324125296585, 25.823283894333596], [-111.3032412530027, 25.82328389441765], [-111.30324125304709, 25.823283894497973], [-111.30324125309866, 25.823283894573887], [-111.30390644072139, 25.824172378572786], [-111.303906440734, 25.824172378591314], [-111.303906440743, 25.824172378611635], [-111.30418539027063, 25.82488702363729], [-111.30418539031218, 25.82488702372966], [-111.30418539036287, 25.824887023817343], [-111.30418539042218, 25.824887023899457], [-111.30418539048948, 25.824887023975148], [-111.30418539056409, 25.82488702404364], [-111.30418539064524, 25.82488702410424], [-111.30418539073213, 25.824887024156315], [-111.30418539082382, 25.824887024199334], [-111.30418539091939, 25.82488702423286], [-111.30418539101787, 25.824887024256547], [-111.30470037457958, 25.82498359754374], [-111.30470037460266, 25.824983597549227], [-111.30470037461906, 25.824983597566565], [-111.30542993543446, 25.825833439993602], [-111.3054299354729, 25.82583344004467], [-111.3057088851423, 25.826258358888015], [-111.3057088851962, 25.826258358962413], [-111.30570888525668, 25.82625835903156], [-111.30611658094388, 25.82668327636694], [-111.30611658096187, 25.826683276387907], [-111.30611658097476, 25.826683276412275], [-111.30637407301722, 25.827243392451873], [-111.30637407302716, 25.827243392476976], [-111.30637407303433, 25.827243392503142], [-111.30654573438864, 25.82803527614102], [-111.30654573440856, 25.828035276218046], [-111.30654573443456, 25.82803527629324], [-111.30695343016657, 25.82907823694367], [-111.30695343018616, 25.829078236990263], [-111.3072752951845, 25.829792852753002], [-111.30727529522414, 25.829792852831602], [-111.30727529527056, 25.82979285290641], [-111.30727529532336, 25.829792852976848], [-111.30727529538217, 25.829792853042367], [-111.30759716032219, 25.830121188508432], [-111.30759716033089, 25.830121188518223]]]}}, {"type": "Feature", "id": 6, "properties": {"actividad": "Conservación, Pesca y Turismo", "conflictos_potenciales": "Uso de suelo, afectación a la biodiversidad por el aprovechamiento de fauna o flora silvestre,  acceso a playa, afectación a ecosistemas frágiles, modificación de ecosistemas costeros ", "fragilidad": "alta", "localidad_referencia": "Puerto Escondido", "nombre": "UGA-62", "poblacion": 0, "politica_ambiental": "Aprovechamiento Sustentable", "presion": "alta", "superficie_total": 88.04, "vulnerabilidad": "alta"}, "geometry": {"type": "Polygon", "coordinates": [[[-111.30648136138812, 25.81391577387529], [-111.30648136137913, 25.81391577389589], [-111.30564451218791, 25.815615611560396], [-111.30564451217548, 25.815615611582665], [-111.3056445121553, 25.815615611597988], [-111.30397081380714, 25.81675526180234], [-111.30397081370093, 25.81675526188569], [-111.30259752290193, 25.817991480077982], [-111.30259752282433, 25.81799148015599], [-111.30259752275576, 25.81799148024205], [-111.30259752269707, 25.81799148033512], [-111.30259752264895, 25.817991480434078], [-111.30156755448351, 25.820444562856256], [-111.3015675544736, 25.820444562876904], [-111.3015675544588, 25.82044456285941], [-111.30062341691477, 25.81920837011779], [-111.30062341690173, 25.819208370098934], [-111.30062341690065, 25.819208370076012], [-111.30062341690065, 25.817991480647795], [-111.3006234168957, 25.81799148054853], [-111.30062341688094, 25.817991480450253], [-111.3006234168565, 25.817991480353925], [-111.3006234168226, 25.817991480260496], [-111.3006234167796, 25.817991480170896], [-111.30062341672793, 25.817991480086004], [-111.30062341666807, 25.81799148000666], [-111.30062341660064, 25.817991479933653], [-111.29965782176474, 25.817045001790007], [-111.29965782168887, 25.81704500172283], [-111.29965782160659, 25.817045001663672], [-111.29965782151875, 25.81704500161315], [-111.29852056505476, 25.816465521300398], [-111.29852056503367, 25.816465521288315], [-111.29852056501527, 25.81646552127228], [-111.29725456240422, 25.8152486032595], [-111.29725456234983, 25.815248603210918], [-111.29588127153525, 25.814108938623463], [-111.29588127146481, 25.814108938570072], [-111.2958812713899, 25.814108938523113], [-111.29588127131116, 25.81410893848295], [-111.29588127122918, 25.8141089384499], [-111.2958812711446, 25.81410893842422], [-111.29369258882787, 25.813548760264652], [-111.29369258880659, 25.81354876025819], [-111.29369258878782, 25.813548760246334], [-111.2927484512525, 25.812891996226274], [-111.29274845123415, 25.812891996212144], [-111.29274845123734, 25.81289199618911], [-111.29296302794964, 25.81175230880786], [-111.29296302795504, 25.81175230878529], [-111.29296302797836, 25.81175230878582], [-111.29431486110975, 25.81184889287629], [-111.29431486120278, 25.811848892878597], [-111.2943148612956, 25.81184889287225], [-111.29431486138743, 25.8118488928573], [-111.29431486147749, 25.81184889283388], [-111.29493713329549, 25.811655724752924], [-111.29493713338512, 25.81165572472034], [-111.29493713347124, 25.811655724679365], [-111.29493713355305, 25.811655724630377], [-111.29493713362984, 25.811655724573814], [-111.29493713370088, 25.811655724510196], [-111.29493713376554, 25.8116557244401], [-111.29493713382324, 25.81165572436416], [-111.29493713387343, 25.811655724283074], [-111.29493713391567, 25.811655724197575], [-111.29493713394957, 25.811655724108437], [-111.2951517105051, 25.810998950073408], [-111.29515171051646, 25.81099895004216], [-111.29568815230422, 25.809666072904417], [-111.2956881523136, 25.809666072884024], [-111.29568815232918, 25.809666072899933], [-111.29620313642722, 25.810245586521095], [-111.29620313646215, 25.810245586558423], [-111.29703998563558, 25.811095534755914], [-111.29703998567909, 25.81109553479753], [-111.2978768348509, 25.811848892873062], [-111.29787683486839, 25.811848892890456], [-111.29787683488, 25.81184889291223], [-111.29841327664771, 25.812988579336633], [-111.29841327670287, 25.812988579438166], [-111.29882097229132, 25.813645342656205], [-111.29882097234405, 25.813645342732933], [-111.29882097240369, 25.813645342804424], [-111.29882097246971, 25.81364534287006], [-111.29882097254156, 25.81364534292927], [-111.2988209726186, 25.81364534298154], [-111.29882097270017, 25.813645343026423], [-111.29976510990376, 25.81410893842489], [-111.29976510997955, 25.814108938458283], [-111.29976511005783, 25.814108938485287], [-111.29976511013808, 25.814108938505726], [-111.30113840088384, 25.814398684764864], [-111.30113840098241, 25.814398684780567], [-111.30113840108204, 25.81439868478637], [-111.30113840118176, 25.814398684782212], [-111.30324125250421, 25.81420552070034], [-111.30324125259767, 25.814205520687285], [-111.30324125268947, 25.814205520665478], [-111.30324125277882, 25.814205520635113], [-111.30324125286491, 25.81420552059646], [-111.30324125294698, 25.814205520549866], [-111.30324125302427, 25.814205520495744], [-111.30324125309613, 25.814205520434577], [-111.3032412531619, 25.814205520366908], [-111.3040781020962, 25.813259011881634], [-111.30407810211234, 25.813259011865025], [-111.30407810213539, 25.81325901186395], [-111.30523681638705, 25.81325901186395], [-111.3052368164062, 25.813259011864684], [-111.30523681642528, 25.813259011866897], [-111.30648136136422, 25.813452177535588], [-111.30648136138794, 25.81345217754051], [-111.30648136138917, 25.813452177564777], [-111.30648136138917, 25.81391577385256], [-111.30648136138812, 25.81391577387529]]]}}, {"type": "Feature", "id": 7, "properties": {"UGA57": "UGA57", "actividad": "Conservación, Pesca y Turismo", "conflictos_potenciales": "Uso de suelo, afectación en zonas de alta biodiversidad", "fragilidad": "baja", "localidad_referencia": "Ensenada Blanca", "nombre": "UGA-57", "poblacion": 0, "politica_ambiental": "Aprovechamiento sustentable", "presion": "alta", "superficie_total": 39.74, "vulnerabilidad": "baja"}, "geometry": {"type": "Polygon", "coordinates": [[[-111.32236003875572, 25.811771625611698], [-111.32236003874297, 25.811771625632385], [-111.3199138641493, 25.815325868224715], [-111.31991386413559, 25.815325868242738], [-111.31991386411836, 25.81532586822801], [-111.31665229807192, 25.81225454536596], [-111.31665229800413, 25.812254545307628], [-111.31665229793141, 25.81225454525558], [-111.31665229785433, 25.81225454521024], [-111.31446361543834, 25.811095534788468], [-111.31446361541826, 25.811095534776598], [-111.31446361540578, 25.811095534757], [-111.31375551225035, 25.809859244438698], [-111.31375551223903, 25.809859244416348], [-111.31375551225005, 25.809859244393838], [-111.31433486937331, 25.80881611440969], [-111.31433486938556, 25.808816114389906], [-111.31433486940654, 25.80881611437977], [-111.31714582441019, 25.807618435263187], [-111.3171458244319, 25.807618435255147], [-111.31714582444445, 25.807618435274644], [-111.31742477415816, 25.808101371825245], [-111.31742477416866, 25.808101371845584], [-111.31742477415644, 25.808101371864947], [-111.31705999393242, 25.808622940884337], [-111.31705999387641, 25.808622940974193], [-111.31705999383023, 25.808622941069462], [-111.31705999379437, 25.808622941169084], [-111.31705999376925, 25.808622941271935], [-111.31705999375514, 25.808622941376868], [-111.31705999375221, 25.808622941482703], [-111.31708145141246, 25.809472900891564], [-111.31708145141918, 25.809472900984765], [-111.31708145143458, 25.809472901076937], [-111.31708145145849, 25.80947290116727], [-111.31761789286399, 25.811172801371598], [-111.31761789289739, 25.811172801461993], [-111.31761789293934, 25.811172801548757], [-111.31761789298943, 25.811172801631077], [-111.31761789304723, 25.811172801708196], [-111.31761789311217, 25.811172801779392], [-111.31761789318367, 25.81117280184401], [-111.31761789326106, 25.811172801901442], [-111.31761789334361, 25.81117280195116], [-111.31761789343057, 25.8111728019927], [-111.31761789352112, 25.811172802025677], [-111.31761789361441, 25.811172802049786], [-111.31761789370961, 25.811172802064803], [-111.3176178938058, 25.811172802070583], [-111.31761789390211, 25.81117280206708], [-111.31761789399762, 25.811172802054323], [-111.31761789409147, 25.81117280203243], [-111.31761789418279, 25.811172802001607], [-111.3176178942707, 25.811172801962137], [-111.320278644539, 25.80982061014625], [-111.32027864456155, 25.809820610136203], [-111.32027864458038, 25.80982061015213], [-111.32236003873886, 25.8117716255942], [-111.32236003875572, 25.811771625611698]]]}}, {"type": "Feature", "id": 8, "properties": {"actividad": "Conservación, Pesca y Turismo", "conflictos_potenciales": "Afectación a la biodiversidad por el aprovechamiento de fauna o flora silvestre, modificación de  ecosistemas costeros, acceso a playa", "fragilidad": "baja", "localidad_referencia": "Al Norte de Juncalito ", "nombre": "UGA-54", "poblacion": 0, "politica_ambiental": "Aprovechamiento sustentable", "presion": "alta", "superficie_total": 72.33, "vulnerabilidad": "alta"}, "geometry": {"type": "Polygon", "coordinates": [[[-111.3380885124196, 25.847714782112114], [-111.33808851239684, 25.847714782106777], [-111.33411884324926, 25.846575429979893], [-111.33411884316386, 25.846575429959397], [-111.33411884307701, 25.84657542994647], [-111.33411884298935, 25.846575429941215], [-111.33411884290157, 25.84657542994367], [-111.33358240180827, 25.84661405218018], [-111.33358240171093, 25.846614052192006], [-111.33358240161522, 25.84661405221331], [-111.33358240152204, 25.84661405224389], [-111.33358240143231, 25.846614052283446], [-111.33358240134689, 25.8466140523316], [-111.3335824012666, 25.84661405238789], [-111.3335824011922, 25.84661405245177], [-111.33358240112442, 25.846614052522632], [-111.33358240106391, 25.84661405259979], [-111.33358240101124, 25.846614052682508], [-111.3331532479806, 25.847367184047524], [-111.33315324793698, 25.847367184133457], [-111.33315324790183, 25.847367184223195], [-111.33315324787549, 25.8473671843159], [-111.33315324785818, 25.847367184410707], [-111.33315324785009, 25.847367184506744], [-111.33315324785127, 25.84736718460311], [-111.33321762084894, 25.8484292854988], [-111.33321762085053, 25.84842928552094], [-111.33332490919365, 25.849723104798557], [-111.33332490920668, 25.849723104896565], [-111.33332490922933, 25.84972310499281], [-111.33332490926136, 25.849723105086344], [-111.33332490930249, 25.84972310517626], [-111.33392572401797, 25.850881737280332], [-111.33392572402816, 25.850881737302675], [-111.33392572401904, 25.85088173732562], [-111.33362531663019, 25.85153829054692], [-111.33362531661899, 25.85153829056848], [-111.33362531659635, 25.851538290577857], [-111.33238077166065, 25.851982427468567], [-111.33238077163736, 25.851982427475576], [-111.33238077162065, 25.851982427457884], [-111.33145809175151, 25.850901047763255], [-111.33145809173705, 25.850901047744543], [-111.33145809173969, 25.850901047721102], [-111.33160829543316, 25.84997414300743], [-111.33160829544383, 25.849974142913663], [-111.33169412612696, 25.848680326251966], [-111.33169412612916, 25.84868032618577], [-111.33169412612916, 25.84800444636723], [-111.33169412612456, 25.84800444627138], [-111.33169412611079, 25.848004446176407], [-111.33169412608798, 25.848004446083195], [-111.33169412605633, 25.848004445992597], [-111.33126497269642, 25.84694234117784], [-111.33126497268809, 25.84694234115371], [-111.33126497268485, 25.846942341128162], [-111.33113622665545, 25.845223641937793], [-111.33113622665405, 25.845223641900784], [-111.33113622665405, 25.844547742137955], [-111.33113622665533, 25.844547742102275], [-111.33117914199659, 25.84394908481069], [-111.33117914199931, 25.843949084787887], [-111.33117914202181, 25.843949084783098], [-111.33165121016337, 25.843871838560457], [-111.3316512102632, 25.84387183853883], [-111.3316512103603, 25.843871838507138], [-111.33165121045369, 25.8438718384657], [-111.33165121054233, 25.843871838414955], [-111.33165121062535, 25.84387183835543], [-111.33165121070185, 25.84387183828775], [-111.33165121077106, 25.843871838212614], [-111.33165121083223, 25.843871838130813], [-111.33165121088474, 25.843871838043196], [-111.33165121092806, 25.84387183795068], [-111.3316512109617, 25.84387183785423], [-111.33175849913442, 25.843504917748938], [-111.3317584991536, 25.843504917672245], [-111.33195161818973, 25.842577954986147], [-111.33195161819553, 25.842577954963748], [-111.3319516182178, 25.842577954957537], [-111.33338928219233, 25.842249653922213], [-111.33338928226159, 25.842249653911438], [-111.33476257313689, 25.842133782747457], [-111.33476257324115, 25.842133782733104], [-111.33476257334333, 25.84213378270787], [-111.33654356000484, 25.841593049091255], [-111.33654356002714, 25.84159304908565], [-111.33654356003102, 25.84159304910833], [-111.33667230605664, 25.84265520210175], [-111.33667230606723, 25.84265520216957], [-111.33688688277854, 25.843775280459543], [-111.3368868827813, 25.843775280477495], [-111.33688688278276, 25.84377528049624], [-111.336908340441, 25.844296692320718], [-111.33690834045052, 25.844296692423203], [-111.33690834047052, 25.844296692524164], [-111.3369083405008, 25.844296692622535], [-111.33690834054102, 25.844296692717275], [-111.33690834059077, 25.844296692807376], [-111.33690834064952, 25.844296692891888], [-111.33740186686275, 25.844933970985], [-111.3374018669153, 25.844933971047418], [-111.33740186697275, 25.844933971105345], [-111.33806705473138, 25.84555193469798], [-111.33806705474748, 25.845551934714408], [-111.33806705475027, 25.845551934737355], [-111.33815288543445, 25.846710607847875], [-111.33815288543481, 25.846710607916794], [-111.33808851242223, 25.847714782089017], [-111.3380885124196, 25.847714782112114]]]}}, {"type": "Feature", "id": 3, "properties": {"UGA69": "UGA69", "actividad": "Conservación, Pesca y Turismo", "conflictos_potenciales": "Vigilancia en la protección y conservación de la zona por su riqueza biológica. Uso de suelo.", "fragilidad": "media", "localidad_referencia": "Puerto Escondido, Tripui ", "nombre": "UGA-69", "poblacion": 0, "politica_ambiental": "Aprovechamiento sustentable", "presion": "alta", "superficie_total": 1316.32, "vulnerabilidad": "alta"}, "geometry": {"type": "MultiPolygon", "coordinates": [[[[-111.33534193038815, 25.764745144896942], [-111.3353419303687, 25.764745144910968], [-111.33319616378054, 25.766136499472676], [-111.33319616370271, 25.766136499528606], [-111.3331961636306, 25.766136499591735], [-111.33319616356486, 25.766136499661478], [-111.33319616350612, 25.76613649973719], [-111.33319616345487, 25.76613649981818], [-111.33319616341161, 25.766136499903705], [-111.33319616337675, 25.766136499992978], [-111.33319616335059, 25.766136500085178], [-111.33319616333337, 25.76613650017946], [-111.33319616332527, 25.766136500274957], [-111.33319616332633, 25.766136500370788], [-111.33319616333658, 25.76613650046608], [-111.3331961633559, 25.766136500559952], [-111.33338928222054, 25.76689014363746], [-111.33338928222516, 25.7668901436599], [-111.33338928220243, 25.766890143660625], [-111.33100748087213, 25.76685149538162], [-111.33100748077392, 25.766851495384852], [-111.3310074806765, 25.76685149539771], [-111.33100748058082, 25.766851495420067], [-111.3310074804878, 25.766851495451704], [-111.33100748039833, 25.76685149549232], [-111.32890462890052, 25.767933642482078], [-111.32890462880641, 25.767933642537187], [-111.32890462871887, 25.76793364260222], [-111.32890462863894, 25.76793364267639], [-111.32602930071003, 25.770909496408436], [-111.32602930068866, 25.7709094964281], [-111.32602930066496, 25.770909496445263], [-111.32293939591668, 25.772880475440104], [-111.32293939589273, 25.772880475455864], [-111.32023572922873, 25.774716161749005], [-111.3202357292059, 25.774716161763614], [-111.31549358370383, 25.777575911196216], [-111.31549358365302, 25.777575911222996], [-111.31371259690863, 25.778387449168886], [-111.31371259687758, 25.778387449181793], [-111.31068706514063, 25.779527457410445], [-111.31068706510803, 25.779527457421462], [-111.30894899379066, 25.780049152416762], [-111.30894899368533, 25.780049152454925], [-111.30894899358495, 25.780049152504635], [-111.30836963671335, 25.780377625821504], [-111.30836963662837, 25.780377625875513], [-111.30836963654924, 25.780377625937795], [-111.30836963647678, 25.78037762600772], [-111.30836963641173, 25.780377626084572], [-111.30813360215693, 25.78068677657641], [-111.3081336021425, 25.78068677659351], [-111.30813360213139, 25.78068677657416], [-111.30774736405651, 25.779933220441958], [-111.30774736404558, 25.779933220417472], [-111.30774736404017, 25.77993322039109], [-111.30764007568689, 25.779218303743857], [-111.30764007568459, 25.779218303721922], [-111.30764007568612, 25.779218303700027], [-111.30779027934656, 25.777904391898392], [-111.30779027935296, 25.77790439179775], [-111.30779027934918, 25.777904391696975], [-111.30779027933526, 25.777904391597094], [-111.30779027931136, 25.77790439149912], [-111.30779027927771, 25.777904391404054], [-111.30779027923467, 25.77790439131286], [-111.30779027918264, 25.777904391226464], [-111.30736112595936, 25.777266752450714], [-111.30736112594712, 25.777266752430528], [-111.30736112594107, 25.777266752407588], [-111.30714654923374, 25.776261980873464], [-111.30714654921249, 25.776261980791244], [-111.3067173957889, 25.774851421750768], [-111.30671739578345, 25.77485142172957], [-111.30671739578375, 25.774851421707517], [-111.30678176878457, 25.77373069183276], [-111.30678176878541, 25.77373069173532], [-111.30678176877677, 25.77373069163826], [-111.30678176875871, 25.773730691542504], [-111.30678176873143, 25.773730691448957], [-111.30678176869517, 25.77373069135851], [-111.30637407310745, 25.772841829287053], [-111.30637407306455, 25.77284182920401], [-111.30637407301408, 25.77284182912533], [-111.3063740729565, 25.772841829051707], [-111.30637407289228, 25.772841828983783], [-111.30545139324732, 25.77195296010306], [-111.3054513931641, 25.77195296003127], [-111.3054513930735, 25.771952959969052], [-111.30545139297662, 25.77195295991715], [-111.30429267885543, 25.771411905965067], [-111.30429267883387, 25.771411905953666], [-111.30429267882022, 25.771411905933267], [-111.30371332182949, 25.77044573214269], [-111.30371332177931, 25.770445732067024], [-111.30371332172248, 25.770445731996222], [-111.30371332165947, 25.77044573193087], [-111.30371332159078, 25.7704457318715], [-111.303713321517, 25.770445731818604], [-111.3037133214387, 25.77044573177262], [-111.30246877672391, 25.769788729066164], [-111.30246877670352, 25.769788729054124], [-111.30246877668434, 25.769788729040176], [-111.3012886048211, 25.768841865679494], [-111.30128860473319, 25.768841865616466], [-111.301288604639, 25.768841865563303], [-111.29676103594203, 25.766600281239626], [-111.29676103589583, 25.7666002812182], [-111.29506587989947, 25.76586595993117], [-111.29506587982065, 25.76586595990091], [-111.29506587973957, 25.76586595987741], [-111.29332780865884, 25.765440824487328], [-111.29332780856747, 25.76544082446944], [-111.29332780847484, 25.76544082446013], [-111.29332780838173, 25.765440824459475], [-111.29332780828898, 25.76544082446748], [-111.29332780819736, 25.765440824484077], [-111.29332780810769, 25.765440824509124], [-111.29268407823965, 25.76565339234105], [-111.29268407822663, 25.765653392344653], [-111.29268407823862, 25.76565339233827], [-111.29313468909754, 25.765440824529314], [-111.29313468918662, 25.765440824481658], [-111.29313468927043, 25.765440824425255], [-111.29313468934812, 25.765440824360685], [-111.29313468941889, 25.765440824288603], [-111.29313468948205, 25.76544082420975], [-111.29420757272251, 25.76395283855194], [-111.29420757277707, 25.763952838467663], [-111.2942075728229, 25.763952838378337], [-111.29420757285953, 25.763952838284872], [-111.29420757288662, 25.7639528381882], [-111.29420757290387, 25.7639528380893], [-111.29420757291113, 25.76395283798917], [-111.2942075729083, 25.763952837888816], [-111.2940573692373, 25.762039685844773], [-111.29405736921872, 25.762039685716122], [-111.29388570794642, 25.761228036453023], [-111.29388570791971, 25.761228036352794], [-111.29388570788278, 25.761228036255865], [-111.293885707836, 25.76122803616329], [-111.29388570777989, 25.76122803607605], [-111.29388570771503, 25.7612280359951], [-111.29388570764215, 25.7612280359213], [-111.29388570756201, 25.761228035855446], [-111.29388570747548, 25.761228035798247], [-111.29276990892613, 25.760570982166215], [-111.29276990890587, 25.7605709821529], [-111.2927699088902, 25.76057098213408], [-111.29191160220802, 25.759430792061377], [-111.2919116021434, 25.75943079198399], [-111.29191160207132, 25.759430791913505], [-111.29191160199252, 25.759430791850633], [-111.29191160190778, 25.759430791796017], [-111.29191160181797, 25.75943079175021], [-111.29191160172401, 25.75943079171368], [-111.29068851473632, 25.759024958718133], [-111.29068851468223, 25.759024958701865], [-111.28961563125743, 25.758735077113894], [-111.28961563115442, 25.75873507709181], [-111.28961563104966, 25.758735077080686], [-111.2896156309443, 25.758735077080644], [-111.28777027140022, 25.758831704358066], [-111.28777027130201, 25.758831704368088], [-111.28777027120526, 25.75883170438775], [-111.28648281099434, 25.759160236559115], [-111.28648281097401, 25.759160236563414], [-111.28648281095329, 25.759160236564277], [-111.28620386126177, 25.759160236564277], [-111.28620386123771, 25.759160236563062], [-111.28620386123505, 25.759160236539024], [-111.28616094590927, 25.758445195009898], [-111.28616094589958, 25.758445194918608], [-111.28616094588155, 25.758445194828592], [-111.28616094585533, 25.75844519474061], [-111.28616094582117, 25.7584451946554], [-111.28616094577933, 25.758445194573685], [-111.28616094573017, 25.758445194496147], [-111.28528118134977, 25.757189029743795], [-111.2852811813372, 25.75718902972378], [-111.2852811813575, 25.757189029711746], [-111.28807067861905, 25.75572026614569], [-111.288070678708, 25.75572026609281], [-111.28807067879099, 25.755720266031016], [-111.28993749616804, 25.754174179511782], [-111.28993749618586, 25.75417417949832], [-111.28993749620571, 25.75417417948829], [-111.29083871811905, 25.75376832856279], [-111.29083871821183, 25.753768328515033], [-111.29083871829913, 25.753768328457873], [-111.29083871837999, 25.753768328391928], [-111.29083871845354, 25.75376832831791], [-111.29083871851898, 25.753768328236635], [-111.2908387185756, 25.753768328148983], [-111.29212617872896, 25.751526459470114], [-111.29212617874218, 25.751526459449536], [-111.29212617876647, 25.751526459447124], [-111.29330635068277, 25.751468479518042], [-111.29330635070782, 25.751468479518078], [-111.29330635073171, 25.75146847952559], [-111.29440069176486, 25.75187433836124], [-111.29440069185313, 25.7518743383894], [-111.29440069194364, 25.751874338409266], [-111.29440069203558, 25.751874338420674], [-111.29440069212819, 25.751874338423523], [-111.29440069222066, 25.75187433841779], [-111.29564523680158, 25.751739052306757], [-111.29564523691127, 25.751739052288613], [-111.29564523701828, 25.751739052258404], [-111.29564523712126, 25.751739052216504], [-111.29691123959417, 25.751139926050925], [-111.29691123965549, 25.751139926026717], [-111.2978768348473, 25.75083069840896], [-111.2978768348696, 25.750830698402943], [-111.29787683489258, 25.75083069840114], [-111.29847764930273, 25.750811371660387], [-111.29847764939456, 25.750811371653192], [-111.29847764948532, 25.750811371637575], [-111.29847764957428, 25.750811371613676], [-111.29847764966065, 25.75081137158169], [-111.29847764974372, 25.750811371541893], [-111.29847764982277, 25.750811371494624], [-111.29847764989714, 25.75081137144028], [-111.29847764996619, 25.750811371379324], [-111.29933595630811, 25.749980318511977], [-111.29933595637708, 25.7499803184381], [-111.29933595643823, 25.749980318357643], [-111.29933595649094, 25.749980318271422], [-111.29933595653469, 25.74998031818032], [-111.29933595656901, 25.74998031808527], [-111.29933595659357, 25.74998031798724], [-111.2993359566081, 25.749980317887232], [-111.299443244932, 25.748840026252903], [-111.29944324493518, 25.748840026208512], [-111.2995290756169, 25.74710057675075], [-111.29952907561598, 25.74710057663615], [-111.29952907560195, 25.747100576522406], [-111.29931449891087, 25.74592160192578], [-111.29931449888647, 25.745921601822886], [-111.29912137986042, 25.74526446334937], [-111.29912137985393, 25.745264463321377], [-111.29912137985072, 25.745264463293193], [-111.29907846451236, 25.744491354567245], [-111.29907846450507, 25.744491354490165], [-111.29907846449186, 25.744491354413878], [-111.2988638877912, 25.74348630550794], [-111.29886388778426, 25.74348630546717], [-111.2987136841102, 25.742307295082167], [-111.2987136840904, 25.742307294974374], [-111.29871368405894, 25.74230729486939], [-111.29871368401618, 25.742307294768484], [-111.29871368396263, 25.74230729467286], [-111.29819869996521, 25.7414955102745], [-111.29819869995247, 25.741495510251852], [-111.29819869994203, 25.74149551022764], [-111.29802703858256, 25.741031630865763], [-111.29802703857537, 25.741031630843015], [-111.29802703857263, 25.741031630819126], [-111.29789829255148, 25.739079451969392], [-111.29789829253991, 25.739079451869987], [-111.29789829251845, 25.73907945177224], [-111.29789829248735, 25.739079451677124], [-111.29749059678049, 25.73801637057056], [-111.29749059676074, 25.738016370522793], [-111.29710435868269, 25.737146569727265], [-111.29710435867437, 25.73714656970588], [-111.29710435868844, 25.73714656968791], [-111.29867076873032, 25.73532963186676], [-111.29867076874574, 25.73532963184969], [-111.29916429493532, 25.734807740596708], [-111.29916429500261, 25.73480774051772], [-111.29916429506135, 25.73480774043219], [-111.29916429511091, 25.73480774034103], [-111.29916429515076, 25.734807740245223], [-111.29916429518046, 25.734807740145804], [-111.2991642951997, 25.734807740043845], [-111.29916429520827, 25.73480773994044], [-111.29922866821212, 25.732720151281853], [-111.29922866821414, 25.732720151257183], [-111.29922866823644, 25.732720151246024], [-111.3008165359279, 25.73202428009767], [-111.3008165359495, 25.7320242800894], [-111.30081653596746, 25.732024280103985], [-111.30377769468639, 25.734672434718874], [-111.3037776947167, 25.734672434748376], [-111.30414247489676, 25.73505902147195], [-111.30414247496358, 25.735059021536475], [-111.3041424750361, 25.735059021594523], [-111.3041424751137, 25.73505902164559], [-111.30414247519568, 25.73505902168924], [-111.30414247528137, 25.735059021725093], [-111.30414247537001, 25.73505902175284], [-111.30414247546085, 25.735059021772244], [-111.30519390104698, 25.735232985447432], [-111.30519390107693, 25.735232985453337], [-111.31017208096885, 25.73637340805329], [-111.31017208099284, 25.736373408060086], [-111.31017208100657, 25.736373408080915], [-111.31092309942396, 25.7376491219196], [-111.31092309947391, 25.7376491219962], [-111.31092309953064, 25.737649122067918], [-111.3109230995937, 25.73764912213415], [-111.31092309966253, 25.737649122194348], [-111.31315469739995, 25.73942736724568], [-111.31315469743716, 25.73942736727393], [-111.31467819212173, 25.74052909276095], [-111.31467819213813, 25.740529092773887], [-111.31467819215197, 25.74052909278916], [-111.31525754898604, 25.7412249137903], [-111.31525754905189, 25.74122491386199], [-111.31525754912441, 25.74122491392694], [-111.3152575492029, 25.741224913984528], [-111.31525754928661, 25.741224914034213], [-111.31525754937476, 25.74122491407552], [-111.31525754946651, 25.741224914108063], [-111.315257549561, 25.741224914131532], [-111.3152575496573, 25.7412249141457], [-111.31525754975453, 25.74122491415044], [-111.31927013394612, 25.74122491415044], [-111.31927013399809, 25.741224914153147], [-111.32075071322186, 25.74137954055664], [-111.32075071330603, 25.741379540561855], [-111.32075071339034, 25.74137954055996], [-111.32075071347418, 25.74137954055097], [-111.32152318952157, 25.74126357077763], [-111.3215231895445, 25.741263570775278], [-111.32152318956507, 25.741263570785456], [-111.32180213925957, 25.741418197130717], [-111.32180213928136, 25.741418197144313], [-111.32180213929787, 25.74141819716384], [-111.32259607313614, 25.742461919852975], [-111.32259607314955, 25.74246191987249], [-111.32259607315247, 25.742461919895867], [-111.32268190383499, 25.743582945130157], [-111.32268190384907, 25.743582945237453], [-111.32343292230037, 25.747603086575804], [-111.32343292232203, 25.747603086667556], [-111.32343292235224, 25.74760308675686], [-111.32343292239071, 25.747603086842922], [-111.32343292243714, 25.74760308692498], [-111.32343292249107, 25.7476030870023], [-111.32343292255204, 25.7476030870742], [-111.32343292261952, 25.747603087140035], [-111.32639408109544, 25.75023156755039], [-111.32639408111463, 25.750231567569372], [-111.32639408113171, 25.750231567590426], [-111.32776737211555, 25.752125583728592], [-111.32776737214813, 25.752125583771104], [-111.32892608640802, 25.75355573919989], [-111.32892608644102, 25.75355573924568], [-111.329913139331, 25.755101833853477], [-111.32991313935376, 25.755101833893022], [-111.33150100706878, 25.75817463721237], [-111.33150100707891, 25.758174637234564], [-111.33150100708211, 25.75817463725868], [-111.33156538005333, 25.758947656490964], [-111.33156538006584, 25.758947656585917], [-111.33156538008738, 25.758947656679236], [-111.33156538011774, 25.75894765677007], [-111.33156538015666, 25.75894765685758], [-111.33156538020376, 25.758947656940965], [-111.33156538025862, 25.758947657019462], [-111.33156538032075, 25.75894765709235], [-111.33156538038956, 25.758947657158963], [-111.33156538046444, 25.758947657218688], [-111.33156538054467, 25.758947657270976], [-111.33499860761508, 25.760957484857546], [-111.33499860763446, 25.760957484870165], [-111.33499860763764, 25.7609574848932], [-111.33534193038717, 25.764745144872975], [-111.33534193038815, 25.764745144896942]]], [[[-111.28528118133659, 25.757189029722813], [-111.28528118133653, 25.75718902972272], [-111.28528118133659, 25.75718902972281], [-111.28528118133659, 25.757189029722813]]]]}}, {"type": "Feature", "id": 4, "properties": {"actividad": "Conservación, Pesca y Turismo", "conflictos_potenciales": "Uso de suelo, afectación a la biodiversidad por el aprovechamiento de fauna o flora silvestre,  acceso a playa, afectación a ecosistemas frágiles, modificación de ecosistemas costeros ", "fragilidad": "alta", "localidad_referencia": "Ligüi", "nombre": "UGA-56c", "poblacion": 0, "politica_ambiental": "Aprovechamiento Sustentable", "presion": "alta", "superficie_total": 56.48, "vulnerabilidad": "alta"}, "geometry": {"type": "Polygon", "coordinates": [[[-111.29017353057725, 25.751294539552692], [-111.29017353056928, 25.7512945395748], [-111.28991603852161, 25.75191299158183], [-111.28991603851237, 25.751912991601557], [-111.28991603849832, 25.7519129916182], [-111.28918647767864, 25.75270537856565], [-111.28918647766058, 25.752705378583347], [-111.28918647763528, 25.752705378584654], [-111.28708362618939, 25.752705378584654], [-111.28708362609528, 25.75270537858909], [-111.28708362600202, 25.752705378602364], [-111.28708362591041, 25.752705378624356], [-111.28708362582128, 25.75270537865487], [-111.28708362573542, 25.752705378693637], [-111.28708362565358, 25.752705378740313], [-111.2870836255765, 25.75270537879448], [-111.28708362550486, 25.752705378855662], [-111.28607511522291, 25.753652370709307], [-111.28607511520309, 25.753652370726073], [-111.28607511518032, 25.75365237073831], [-111.28476619773222, 25.754270810250343], [-111.28476619764749, 25.754270810295477], [-111.28476619756746, 25.754270810348526], [-111.2847661974929, 25.754270810409007], [-111.28476619742449, 25.75427081047636], [-111.28476619736284, 25.754270810549965], [-111.28476619730854, 25.75427081062914], [-111.28476619726207, 25.75427081071316], [-111.28476619722389, 25.754270810801245], [-111.28476619719433, 25.754270810892585], [-111.28476619717365, 25.754270810986345], [-111.28476619716207, 25.75427081108165], [-111.28465890884584, 25.75573959202733], [-111.28465890884279, 25.755739592052027], [-111.28465890883022, 25.755739592073542], [-111.28444433213596, 25.756068132788233], [-111.2844443321224, 25.75606813280696], [-111.28444433210115, 25.75606813279805], [-111.2833499909289, 25.755546332399778], [-111.28334999084322, 25.755546332363714], [-111.28334999075457, 25.75554633233576], [-111.28189086916622, 25.755159812037352], [-111.28189086914111, 25.75515981202926], [-111.28189086911712, 25.755159812018626], [-111.28105401995192, 25.754734638227788], [-111.28105401992875, 25.75473463821441], [-111.28105401990723, 25.754734638198688], [-111.28036737444724, 25.75417417951957], [-111.2803673743965, 25.75417417947189], [-111.2798309326332, 25.753594391850715], [-111.27983093261825, 25.753594391832955], [-111.27983093261518, 25.75359439180989], [-111.2797880172748, 25.753091906923252], [-111.27978801727296, 25.753091906880332], [-111.27978801727296, 25.752512113979517], [-111.27978801727423, 25.752512113954722], [-111.27978801728527, 25.752512113932212], [-111.27993822072072, 25.752241543406754], [-111.27993822076378, 25.752241543319418], [-111.27993822079816, 25.752241543228305], [-111.2799382208235, 25.752241543134282], [-111.27993822083957, 25.75224154303824], [-111.27993822084622, 25.752241542941093], [-111.27993822084339, 25.75224154284376], [-111.27993822083111, 25.752241542747157], [-111.2799382208095, 25.75224154265221], [-111.27993822077876, 25.752241542559815], [-111.27993822073917, 25.75224154247085], [-111.27972364426739, 25.751816358702925], [-111.27972364425781, 25.75181635868146], [-111.27972364426367, 25.751816358658672], [-111.2798309326097, 25.75146847954108], [-111.27983093261831, 25.7514684795175], [-111.27983093263558, 25.7514684794992], [-111.28051757810823, 25.75081137166402], [-111.28051757814123, 25.75081137163092], [-111.28141880034299, 25.749864356865817], [-111.28141880036571, 25.7498643568434], [-111.2837147711464, 25.747738377892958], [-111.2837147712241, 25.7477383778125], [-111.28371477129231, 25.74773837772387], [-111.2837147713502, 25.747738377628178], [-111.28418684004556, 25.74684932072247], [-111.28418684005824, 25.746849320701273], [-111.28418684008174, 25.746849320693357], [-111.2848734855431, 25.74665604654829], [-111.28487348556531, 25.746656046543123], [-111.28487348558804, 25.7466560465442], [-111.2854957580333, 25.746714028820353], [-111.28549575805604, 25.746714028823554], [-111.28549575807055, 25.746714028841502], [-111.28624677654524, 25.747738377729284], [-111.2862467766219, 25.747738377821662], [-111.28682613360748, 25.748356848213785], [-111.28682613366985, 25.748356848274792], [-111.28682613373729, 25.748356848330136], [-111.28682613380931, 25.748356848379387], [-111.28682613388534, 25.748356848422176], [-111.28785610196769, 25.748878680365706], [-111.28785610198895, 25.748878680377835], [-111.28785610200384, 25.74887868039713], [-111.28865003578184, 25.750018971920543], [-111.28865003583557, 25.75001897199085], [-111.28865003589529, 25.750018972056132], [-111.28865003596056, 25.750018972115882], [-111.29017353055994, 25.751294539536715], [-111.29017353057725, 25.751294539552692]]]}}, {"type": "Feature", "id": 5, "properties": {"actividad": "Conservación, Pesca y Turismo", "conflictos_potenciales": "Modificación de los ecosistemas costeros, aprovechamiento de agua, afectación a la biodiversidad  por el aprovechamiento de fauna o flora silvestre, cambiode uso de suelo", "fragilidad": "media", "localidad_referencia": "Ensenada Blanca y Ligüi", "nombre": "UGA-33b", "poblacion": 45, "politica_ambiental": "Aprovechamiento Sustentable", "presion": "alta", "superficie_total": 295.17, "vulnerabilidad": "alta"}, "geometry": {"type": "MultiPolygon", "coordinates": [[[[-111.266784668, 25.722745609], [-111.266784668, 25.718260658], [-111.271312237, 25.718260658], [-111.270518303, 25.718917946], [-111.269724369, 25.720580481], [-111.268973351, 25.721141098], [-111.267664433, 25.721624387], [-111.267664432, 25.721624387], [-111.266784668, 25.722745609]]], [[[-111.266784668, 25.73331937], [-111.267707348, 25.7345178], [-111.268136501, 25.735812863], [-111.267857552, 25.736644015], [-111.267235279, 25.737397846], [-111.266784668, 25.73695328], [-111.266784668, 25.73331937]]]]}}, {"type": "Feature", "id": 1, "properties": {"actividad": "Conservación, Pesca y Turismo", "conflictos_potenciales": "Modificación de los ecosistemas costeros, aprovechamiento de agua, afectación a la biodiversidad  por el aprovechamiento de fauna o flora silvestre, cambiode uso de suelo", "fragilidad": "media", "localidad_referencia": "Ensenada Blanca y Ligüi", "nombre": "UGA-33b", "poblacion": 45, "politica_ambiental": "Aprovechamiento Sustentable", "presion": "alta", "superficie_total": 295.17, "vulnerabilidad": "alta"}, "geometry": {"type": "Polygon", "coordinates": [[[-111.266784668, 25.722745609], [-111.266784668, 25.722744943], [-111.266784668, 25.722744942], [-111.266784667, 25.722744942], [-111.266784666, 25.722744942], [-111.266419888, 25.723209559], [-111.266410299, 25.723209559], [-111.266410299, 25.72320956], [-111.266226769, 25.723441534], [-111.266226768, 25.723441534], [-111.265153885, 25.727153068], [-111.265325546, 25.729472717], [-111.265325546, 25.729472718], [-111.26584053, 25.730574535], [-111.266140938, 25.731657013], [-111.266591549, 25.733068085], [-111.267707348, 25.7345178], [-111.268136501, 25.735812863], [-111.267857552, 25.736644015], [-111.267235279, 25.737397846], [-111.266140938, 25.73633475], [-111.265518665, 25.735464937], [-111.264445782, 25.734614447], [-111.264445781, 25.734614447], [-111.261999607, 25.734749752], [-111.260347366, 25.735348961], [-111.259703636, 25.735503595], [-111.259038449, 25.735735546], [-111.259038448, 25.735735546], [-111.258351803, 25.736991938], [-111.256871223, 25.73849959], [-111.256957054, 25.737900398], [-111.256957054, 25.737900397], [-111.256678104, 25.737204557], [-111.256999969, 25.735348961], [-111.256656647, 25.733744621], [-111.256656646, 25.733744621], [-111.256184578, 25.733570655], [-111.256270409, 25.731425054], [-111.256742477, 25.728564194], [-111.256742477, 25.728564193], [-111.254725456, 25.727249721], [-111.253266335, 25.727037084], [-111.251914501, 25.7269211], [-111.251678467, 25.725297315], [-111.252493858, 25.724137456], [-111.252493858, 25.724137455], [-111.252408028, 25.722919591], [-111.252408028, 25.72291959], [-111.252408027, 25.72291959], [-111.25082016, 25.721179762], [-111.25082016, 25.721179761], [-111.250820159, 25.721179761], [-111.25026226, 25.721218425], [-111.247580052, 25.719749216], [-111.247580051, 25.719749216], [-111.244447231, 25.719942534], [-111.243438721, 25.719691221], [-111.243245602, 25.718685962], [-111.245048046, 25.718879282], [-111.247107983, 25.71926592], [-111.248245239, 25.719613894], [-111.249725819, 25.719923202], [-111.249725819, 25.719923203], [-111.251034737, 25.720870456], [-111.252429485, 25.72179837], [-111.254124641, 25.72353819], [-111.254897117, 25.724698056], [-111.254897118, 25.724698056], [-111.257278919, 25.72518133], [-111.260175705, 25.725104006], [-111.261742115, 25.725007352], [-111.261742115, 25.725007351], [-111.263608932, 25.724292104], [-111.263608933, 25.724292104], [-111.264123916, 25.723654177], [-111.264123917, 25.723654177], [-111.264209747, 25.721817702], [-111.263759136, 25.720116521], [-111.263759136, 25.72011652], [-111.263759135, 25.72011652], [-111.262965202, 25.720077857], [-111.263029575, 25.719459239], [-111.264123917, 25.718995274], [-111.265132427, 25.719033937], [-111.265325546, 25.718608634], [-111.265990734, 25.718260658], [-111.265991473, 25.718260658], [-111.265991474, 25.718260658], [-111.26639843, 25.718048005], [-111.268308163, 25.716308105], [-111.269981861, 25.714684175], [-111.273093224, 25.712866894], [-111.275904179, 25.711397583], [-111.277105808, 25.710817586], [-111.278264523, 25.711455582], [-111.278994083, 25.712228906], [-111.278994084, 25.712228906], [-111.28105402, 25.712615566], [-111.283049583, 25.71238357], [-111.285367012, 25.712054908], [-111.286375523, 25.711996909], [-111.287341118, 25.712750896], [-111.287341118, 25.712750897], [-111.287426949, 25.714065529], [-111.287298203, 25.715496143], [-111.287298202, 25.715496143], [-111.286997795, 25.715921457], [-111.285195351, 25.717236055], [-111.284079552, 25.717313384], [-111.283607483, 25.717139394], [-111.282792091, 25.716772081], [-111.280045509, 25.715824795], [-111.278994084, 25.715264153], [-111.278994083, 25.715264153], [-111.277985573, 25.71532215], [-111.275882721, 25.715650803], [-111.274681091, 25.716037452], [-111.273050308, 25.716830078], [-111.272277832, 25.717467054], [-111.272277832, 25.717467055], [-111.272277832, 25.717468041], [-111.270518303, 25.718917946], [-111.269724369, 25.720580481], [-111.268973351, 25.721141098], [-111.267664433, 25.721624387], [-111.267664432, 25.721624387], [-111.266784668, 25.722745609]]]}}, {"type": "Feature", "id": 2, "properties": {"actividad": "Conservación, Pesca y Turismo", "conflictos_potenciales": "Uso de suelo, afectación a la biodiversidad por el aprovechamiento de fauna o flora silvestre,  acceso a playa, afectación a ecosistemas frágiles, modificación de ecosistemas costeros ", "fragilidad": "alta", "localidad_referencia": "La Danzante", "nombre": "UGA-56d", "poblacion": 0, "politica_ambiental": "Aprovechamiento Sustentable", "presion": "alta", "superficie_total": 320.25, "vulnerabilidad": "alta"}, "geometry": {"type": "Polygon", "coordinates": [[[-111.223590374, 25.723209559], [-111.223504543, 25.722880928], [-111.223494655, 25.722867862], [-111.222860813, 25.722030348], [-111.219921112, 25.718453978], [-111.219921112, 25.717410045], [-111.220564842, 25.716656087], [-111.220457554, 25.715418813], [-111.219727993, 25.714471516], [-111.218247414, 25.712016242], [-111.217002869, 25.709657585], [-111.219191551, 25.709947587], [-111.219191551, 25.709947586], [-111.219191552, 25.709947586], [-111.220972538, 25.708710243], [-111.220972538, 25.708710242], [-111.221401691, 25.707395551], [-111.221401691, 25.70739555], [-111.221401691, 25.70625485], [-111.223804949, 25.70596484], [-111.22380495, 25.70596484], [-111.22380495, 25.705964839], [-111.22380495, 25.705964838], [-111.223289967, 25.704456775], [-111.223289966, 25.704456774], [-111.222345829, 25.703702735], [-111.220242977, 25.702658672], [-111.220672131, 25.700860542], [-111.224019526, 25.700203155], [-111.224019527, 25.700203155], [-111.224019527, 25.700203154], [-111.224019527, 25.700203153], [-111.223289967, 25.697844263], [-111.225392818, 25.69631676], [-111.225693225, 25.697167522], [-111.225693226, 25.697167522], [-111.225693226, 25.697167523], [-111.225693227, 25.697167523], [-111.229169369, 25.694808572], [-111.229169369, 25.696606793], [-111.229169369, 25.696606794], [-111.22989893, 25.697844263], [-111.231164932, 25.699255736], [-111.231164932, 25.699255737], [-111.230521202, 25.702755344], [-111.230521202, 25.702755345], [-111.230950355, 25.704456774], [-111.230950356, 25.704456774], [-111.230950356, 25.704456775], [-111.233460902, 25.704746788], [-111.233460903, 25.704746788], [-111.234190464, 25.701904621], [-111.236722469, 25.702291314], [-111.236400604, 25.705771499], [-111.238288879, 25.709657585], [-111.241121292, 25.712866894], [-111.243438721, 25.715225487], [-111.243438721, 25.715225488], [-111.247515678, 25.717506706], [-111.249403954, 25.718357318], [-111.249403954, 25.720619144], [-111.248159409, 25.720155184], [-111.247000695, 25.718357318], [-111.247000694, 25.718357318], [-111.246464252, 25.718260658], [-111.246474971, 25.718260658], [-111.246474972, 25.718260658], [-111.246474972, 25.718260657], [-111.246474972, 25.718260656], [-111.246474971, 25.718260656], [-111.244897842, 25.717970677], [-111.241850853, 25.717506706], [-111.240499021, 25.717680695], [-111.24049902, 25.717680695], [-111.24049902, 25.717680696], [-111.240578774, 25.718260657], [-111.240578774, 25.718260658], [-111.240578775, 25.718260658], [-111.24058485, 25.718260658], [-111.240799427, 25.719865207], [-111.237967014, 25.719961866], [-111.233890057, 25.720155184], [-111.233890056, 25.720155184], [-111.23210907, 25.721102435], [-111.23210907, 25.721102436], [-111.231679916, 25.722416976], [-111.231679916, 25.723170896], [-111.231679916, 25.723170897], [-111.231679917, 25.723170897], [-111.233246326, 25.724408091], [-111.233890057, 25.72562594], [-111.232516766, 25.725065344], [-111.231572628, 25.724872035], [-111.230521202, 25.725258654], [-111.230006218, 25.725355308], [-111.22833252, 25.725355308], [-111.227173805, 25.725161999], [-111.226336956, 25.725161999], [-111.225500107, 25.725355308], [-111.2246418, 25.725161999], [-111.223912239, 25.724408091], [-111.223912239, 25.72440809], [-111.223592276, 25.72320956], [-111.223592275, 25.72320956], [-111.223592275, 25.723209559], [-111.223590374, 25.723209559]]]}}, {"type": "Feature", "id": 3, "properties": {"actividad": "Conservación, Pesca y Turismo", "conflictos_potenciales": "Acceso a playa, afectación a la biodiversidad por el aprovechamiento de fauna o flora silvestre,  afectación a ecosistemas frágiles, modificación de ecosistemas costeros", "fragilidad": "alta", "localidad_referencia": "San Cosme ", "nombre": "UGA-77a", "poblacion": 221, "politica_ambiental": "Aprovechamiento Sustentable", "presion": "alta", "superficie_total": 1617.74, "vulnerabilidad": "alta"}, "geometry": {"type": "Polygon", "coordinates": [[[-111.211123467, 25.683148479], [-111.213183403, 25.678700713], [-111.212775707, 25.676089991], [-111.212775707, 25.67608999], [-111.210308075, 25.673846658], [-111.210308075, 25.673846657], [-111.207411289, 25.673111763], [-111.205759048, 25.673111763], [-111.206166744, 25.670887714], [-111.207818985, 25.667522552], [-111.207818985, 25.667522551], [-111.207818985, 25.664930925], [-111.205351353, 25.660463138], [-111.203291416, 25.657852016], [-111.202046871, 25.655627682], [-111.200802326, 25.653751472], [-111.200802326, 25.65079203], [-111.202046871, 25.647813171], [-111.202046871, 25.64781317], [-111.202454567, 25.644834237], [-111.201993231, 25.644002444], [-111.201982498, 25.644002444], [-111.200802326, 25.641855229], [-111.202046871, 25.638121692], [-111.201639175, 25.634039816], [-111.209900379, 25.634407384], [-111.20790224, 25.63905025], [-111.20790224, 25.639050251], [-111.207902241, 25.639050251], [-111.207904816, 25.639050251], [-111.207818985, 25.6392437], [-111.207411289, 25.643344742], [-111.204943658, 25.643344742], [-111.204943657, 25.643344742], [-111.204943657, 25.643344743], [-111.204514503, 25.648548221], [-111.203699112, 25.651527061], [-111.203699112, 25.651527062], [-111.204943657, 25.653383963], [-111.204943658, 25.653383963], [-111.209063529, 25.652281432], [-111.20906353, 25.652281432], [-111.20906353, 25.652281431], [-111.209900379, 25.648548221], [-111.212368011, 25.646323713], [-111.212368012, 25.646323713], [-111.213183403, 25.645201772], [-111.215264797, 25.64407982], [-111.218805313, 25.64407982], [-111.215672493, 25.645569305], [-111.215672493, 25.645569306], [-111.214427948, 25.64781317], [-111.214427948, 25.647813171], [-111.214427948, 25.65079203], [-111.213612556, 25.653751472], [-111.213612556, 25.657117023], [-111.211960316, 25.658973838], [-111.211960316, 25.658973839], [-111.212775707, 25.6623199], [-111.212775707, 25.662319901], [-111.213612556, 25.663074202], [-111.213612556, 25.667155085], [-111.213612557, 25.667155086], [-111.215672493, 25.672357524], [-111.215672493, 25.672357525], [-111.215672494, 25.672357525], [-111.219792363, 25.673111763], [-111.219792363, 25.673111762], [-111.219792364, 25.673111762], [-111.219792364, 25.673111761], [-111.219792363, 25.673111761], [-111.21773243, 25.671255168], [-111.218569279, 25.669398544], [-111.222281456, 25.667522552], [-111.222281456, 25.667522551], [-111.223096848, 25.663441681], [-111.224341393, 25.659341329], [-111.225993633, 25.654505828], [-111.228461266, 25.653016454], [-111.23054266, 25.652281431], [-111.233010292, 25.651159546], [-111.234254837, 25.648915744], [-111.236314774, 25.647813171], [-111.231765747, 25.652648943], [-111.228890419, 25.655995183], [-111.228890419, 25.655995184], [-111.228461266, 25.659341329], [-111.226401329, 25.661952418], [-111.226401329, 25.661952419], [-111.225993633, 25.667155085], [-111.225993633, 25.669766003], [-111.225993633, 25.669766004], [-111.227645874, 25.674968329], [-111.22970581, 25.677579076], [-111.229705811, 25.677579076], [-111.230950356, 25.678700713], [-111.232602596, 25.680924617], [-111.227645874, 25.682781061], [-111.225156784, 25.681659463], [-111.221036912, 25.682781061], [-111.221036911, 25.682781061], [-111.221036911, 25.682781062], [-111.220221519, 25.69059328], [-111.21938467, 25.699159061], [-111.21938467, 25.706216182], [-111.216080189, 25.704360103], [-111.212775707, 25.703625397], [-111.214427948, 25.700647858], [-111.217732429, 25.696916163], [-111.217732429, 25.696916162], [-111.217732429, 25.696916161], [-111.215672493, 25.692449574], [-111.216487884, 25.688736958], [-111.216487884, 25.688736957], [-111.213612557, 25.685024226], [-111.213612556, 25.685024226], [-111.211123467, 25.683148479]]]}}, {"type": "Feature", "id": 1, "properties": {"actividad": "Conservación, Pesca y Turismo", "conflictos_potenciales": "Acceso a playa, afectación a la biodiversidad por el aprovechamiento de fauna o flora silvestre,  afectación a ecosistemas frágiles, modificación de ecosistemas costeros", "fragilidad": "alta", "localidad_referencia": "San Cosme ", "nombre": "UGA-77a", "poblacion": 221, "politica_ambiental": "Aprovechamiento Sustentable", "presion": "alta", "superficie_total": 1617.74, "vulnerabilidad": "alta"}, "geometry": {"type": "Polygon", "coordinates": [[[-111.207818984984, 25.620264872692562], [-111.20781898497725, 25.620264872717357], [-111.20659589768248, 25.62397962058691], [-111.2065958976736, 25.623979620609898], [-111.20659589765, 25.623979620616996], [-111.2020468712147, 25.62510176131996], [-111.20204687118506, 25.625101761325396], [-111.20204687115506, 25.625101761327212], [-111.19998693487686, 25.625101761327212], [-111.19998693477118, 25.62510176133281], [-111.19998693466667, 25.62510176134955], [-111.19998693456452, 25.62510176137724], [-111.19998693446587, 25.62510176141557], [-111.19668245317841, 25.626591483567058], [-111.19668245315688, 25.626591483575496], [-111.19668245315825, 25.626591483552662], [-111.19709014882262, 25.622876817818362], [-111.19709014882855, 25.622876817717582], [-111.1970901488243, 25.622876817616717], [-111.19709014880989, 25.622876817516794], [-111.19709014878549, 25.622876817418835], [-111.19709014875133, 25.622876817323835], [-111.19709014870776, 25.62287681723276], [-111.19709014865523, 25.622876817146548], [-111.19709014859428, 25.622876817066064], [-111.19709014852553, 25.62287681699214], [-111.19709014844967, 25.622876816925526], [-111.1970901483675, 25.622876816866896], [-111.19709014827981, 25.622876816816852], [-111.19709014818753, 25.622876816775907], [-111.1970901480916, 25.622876816744473], [-111.19709014799298, 25.62287681672287], [-111.19256258013293, 25.622122261094304], [-111.1925625801101, 25.622122261089334], [-111.19256258011514, 25.622122261066604], [-111.19337797164651, 25.619142686552678], [-111.19337797165225, 25.61914268653324], [-111.19503021228047, 25.613937927164255], [-111.19503021230504, 25.61393792707176], [-111.19503021232065, 25.613937926977343], [-111.19503021232714, 25.613937926881864], [-111.1950302123245, 25.6139379267862], [-111.19503021231272, 25.61393792669123], [-111.19503021229191, 25.61393792659782], [-111.19503021226227, 25.613937926506825], [-111.19503021222407, 25.61393792641908], [-111.19337797169383, 25.610590508069592], [-111.19337797164484, 25.610590507981758], [-111.19337797158727, 25.610590507899293], [-111.1904811860424, 25.60685599388173], [-111.19048118597453, 25.606855993803045], [-111.19048118589888, 25.606855993731827], [-111.19048118581622, 25.606855993668844], [-111.19048118572749, 25.606855993614783], [-111.18636131289048, 25.604630709553057], [-111.18636131286723, 25.604630709538792], [-111.18636131284985, 25.60463070951776], [-111.18438720883621, 25.60195256844464], [-111.18438720877538, 25.601952568369917], [-111.18438720870762, 25.6019525683014], [-111.18438720863358, 25.60195256823972], [-111.18438720855394, 25.601952568185453], [-111.18438720846946, 25.601952568139104], [-111.18438720838091, 25.6019525681011], [-111.18438720828911, 25.6019525680718], [-111.18438720819492, 25.601952568051466], [-111.18438720809921, 25.601952568040293], [-111.18438720800286, 25.60195256803839], [-111.18438720790678, 25.60195256804576], [-111.18438720781187, 25.601952568062348], [-111.18438720771897, 25.601952568088], [-111.18438720762899, 25.601952568122467], [-111.18438720754274, 25.601952568165437], [-111.18438720746103, 25.601952568216507], [-111.1843872073846, 25.60195256827521], [-111.18438720731419, 25.60195256834099], [-111.18438720725044, 25.601952568413246], [-111.18438720719392, 25.601952568491303], [-111.18438720714519, 25.601952568574433], [-111.18438720710469, 25.601952568661872], [-111.18438720707279, 25.6019525687528], [-111.1843872070498, 25.60195256884638], [-111.18438720703591, 25.601952568941734], [-111.18438720703126, 25.601952569037984], [-111.18438720703126, 25.601960313833978], [-111.18438720703024, 25.601960313855006], [-111.18438720701707, 25.601960313838653], [-111.18389368058675, 25.601283030129505], [-111.18389368057375, 25.601283030109705], [-111.18389368057369, 25.601283030109602], [-111.18389368056899, 25.601283030085447], [-111.18346452719054, 25.598302936465654], [-111.18346452717132, 25.598302936367364], [-111.18346452714236, 25.59830293627149], [-111.18346452710396, 25.598302936178996], [-111.1834645270565, 25.598302936090803], [-111.18346452700047, 25.5983029360078], [-111.18346452693639, 25.59830293593082], [-111.18346452686495, 25.598302935860637], [-111.18346452678685, 25.59830293579795], [-111.17934465451108, 25.595322768031313], [-111.17934465442971, 25.595322767978278], [-111.1793446543436, 25.595322767933386], [-111.17934465425351, 25.59532276789706], [-111.17934465416035, 25.595322767869643], [-111.17934465406495, 25.595322767851396], [-111.17934465396823, 25.595322767842486], [-111.17934465387111, 25.595322767843005], [-111.17934465377449, 25.59532276785294], [-111.17934465367931, 25.5953227678722], [-111.17934465358643, 25.59532276790061], [-111.17520332338752, 25.596812861157886], [-111.17520332336439, 25.59681286116495], [-111.17520332334317, 25.59681286115352], [-111.172735691091, 25.595322767734185], [-111.17273569107202, 25.595322767721445], [-111.17273569108215, 25.595322767700946], [-111.17438793169833, 25.592342525369105], [-111.17438793174286, 25.592342525278227], [-111.17438793177797, 25.592342525183312], [-111.17438793180331, 25.59234252508534], [-111.17438793181861, 25.592342524985305], [-111.17438793182374, 25.592342524884234], [-111.17438793182374, 25.587872022736995], [-111.17438793181884, 25.58787202263807], [-111.17438793180416, 25.587872022540115], [-111.17438793177988, 25.587872022444092], [-111.17438793174621, 25.58787202235094], [-111.1743879317035, 25.58787202226158], [-111.17438793165215, 25.587872022176878], [-111.17438793159268, 25.587872022097674], [-111.17438793152566, 25.587872022024744], [-111.17438793145176, 25.5878720219588], [-111.1743879313717, 25.587872021900488], [-111.17438793128626, 25.587872021850384], [-111.17438793119628, 25.58787202180898], [-111.17067575457011, 25.586381817255567], [-111.17067575454831, 25.586381817245538], [-111.17067575454712, 25.586381817221785], [-111.17067575454712, 25.583401352231707], [-111.17067575454267, 25.58340135213759], [-111.1706757545294, 25.583401352044305], [-111.1706757545074, 25.583401351952684], [-111.17067575447687, 25.583401351863543], [-111.1706757544381, 25.58340135177767], [-111.17067575439141, 25.583401351695827], [-111.16737127305348, 25.578195036442963], [-111.16737127304187, 25.578195036422606], [-111.16737127304079, 25.578195036399507], [-111.16737127304079, 25.577827295561185], [-111.16737127304187, 25.577827295538707], [-111.16737127306445, 25.57782729554098], [-111.16983890521215, 25.57819503640473], [-111.16983890529369, 25.578195036413483], [-111.16983890537568, 25.578195036415522], [-111.16983890545757, 25.57819503641084], [-111.1735725402589, 25.577827295539848], [-111.17357254028313, 25.577827295538654], [-111.17357254030726, 25.577827295542217], [-111.17728471753523, 25.57856277617384], [-111.17728471755838, 25.57856277617964], [-111.17728471755422, 25.578562776202926], [-111.1768555642752, 25.58042081172331], [-111.17685556425737, 25.58042081182359], [-111.17685556424982, 25.580420811925162], [-111.17685556425265, 25.580420812026976], [-111.17685556426582, 25.580420812127972], [-111.17685556428918, 25.580420812227107], [-111.17685556432252, 25.580420812323347], [-111.17685556436548, 25.5804208124157], [-111.17685556441761, 25.580420812503206], [-111.17685556447836, 25.580420812584954], [-111.17685556454711, 25.580420812660098], [-111.17685556462315, 25.58042081272786], [-111.17685556470569, 25.580420812787533], [-111.1788940414249, 25.58174191762981], [-111.17889404150921, 25.581741917678784], [-111.17889404159789, 25.581741917719313], [-111.17889404169009, 25.581741917751017], [-111.17889404178493, 25.58174191777359], [-111.17889404188152, 25.58174191778682], [-111.17889404197895, 25.58174191779058], [-111.17889404207628, 25.581741917784836], [-111.17889404217259, 25.58174191776964], [-111.17889404226696, 25.581741917745138], [-111.1788940423585, 25.58174191771156], [-111.17889404244633, 25.58174191766923], [-111.17889404252962, 25.581741917618547], [-111.17889404260758, 25.581741917559995], [-111.17889404267946, 25.581741917494128], [-111.17889404274459, 25.581741917421574], [-111.17889404280234, 25.58174191734302], [-111.17889404285218, 25.58174191725922], [-111.17889404289362, 25.581741917170962], [-111.17889404292626, 25.58174191707909], [-111.17889404294979, 25.581741916984473], [-111.178894042964, 25.581741916888017], [-111.17889404296876, 25.581741916790634], [-111.17889404296876, 25.581736903974342], [-111.17889404296986, 25.581736903951878], [-111.1788940429892, 25.58173690396321], [-111.179752349644, 25.58229817374559], [-111.17975234972862, 25.582298173795174], [-111.17975234981769, 25.582298173836232], [-111.17975234991034, 25.58229817386837], [-111.17975235000571, 25.582298173891278], [-111.17975235010286, 25.582298173904732], [-111.18389368055068, 25.582665901030058], [-111.18389368057225, 25.582665901032932], [-111.18389368058199, 25.582665901037004], [-111.18389368059582, 25.582665901042574], [-111.18717670438274, 25.58415615211108], [-111.18717670440579, 25.584156152123047], [-111.18717670441973, 25.5841561521451], [-111.18801355360684, 25.585646384631808], [-111.1880135536181, 25.5856463846545], [-111.1880135536194, 25.58564638467976], [-111.1880135536194, 25.591220076434603], [-111.1880135536247, 25.59122007653742], [-111.18801355364054, 25.59122007663915], [-111.18801355366676, 25.591220076738708], [-111.18801355370309, 25.591220076835047], [-111.18801355374912, 25.591220076927137], [-111.18801355380437, 25.591220077014007], [-111.18801355386826, 25.59122007709474], [-111.18801355394011, 25.591220077168472], [-111.18882894459207, 25.591974827205586], [-111.18882894466978, 25.591974827270526], [-111.18882894475365, 25.591974827327274], [-111.18882894484284, 25.591974827375246], [-111.18882894493642, 25.591974827413953], [-111.18882894503344, 25.591974827443], [-111.1888289451329, 25.59197482746208], [-111.18882894523377, 25.59197482747101], [-111.18882894533503, 25.591974827469688], [-111.18882894543563, 25.59197482745813], [-111.18882894553455, 25.59197482743646], [-111.18882894563079, 25.591974827404893], [-111.18882894572332, 25.591974827363757], [-111.18882894581122, 25.59197482731347], [-111.19172573087525, 25.59011697090942], [-111.19172573089533, 25.590116970897892], [-111.19172573090273, 25.59011697091987], [-111.1925625800312, 25.593077916301635], [-111.19256258006043, 25.59307791638936], [-111.19256258009764, 25.593077916474005], [-111.1925625801425, 25.593077916554854], [-111.19256258019466, 25.593077916631213], [-111.19256258025364, 25.593077916702427], [-111.19256258031895, 25.593077916767886], [-111.19419336219602, 25.594568037077863], [-111.19419336227155, 25.594568037140377], [-111.19419336235285, 25.59456803719519], [-111.19419336243912, 25.59456803724178], [-111.19419336252955, 25.594568037279696], [-111.19419336262325, 25.594568037308573], [-111.19419336271933, 25.594568037328134], [-111.19419336281686, 25.594568037338195], [-111.1941933629149, 25.594568037338654], [-111.19419336301253, 25.59456803732951], [-111.1941933631088, 25.594568037310847], [-111.19419336320276, 25.59456803728285], [-111.19419336329354, 25.594568037245782], [-111.19419336338024, 25.594568037200006], [-111.19419336346205, 25.594568037145958], [-111.19419336353816, 25.594568037084155], [-111.19419336360787, 25.594568037015197], [-111.19419336367048, 25.594568036939744], [-111.1941933637254, 25.594568036858522], [-111.19419336377211, 25.594568036772312], [-111.19543790816208, 25.59197482775314], [-111.19543790817248, 25.59197482773391], [-111.19543790818108, 25.59197482775397], [-111.19668245311452, 25.595322767611503], [-111.19668245316169, 25.595322767718688], [-111.19668245322104, 25.595322767819628], [-111.19792699784138, 25.59718054326266], [-111.19792699789986, 25.597180543341317], [-111.19792699796575, 25.597180543413877], [-111.19792699803844, 25.597180543479634], [-111.19792699811721, 25.597180543537963], [-111.19792699820131, 25.597180543588298], [-111.19792699828994, 25.597180543630156], [-111.19792699838224, 25.59718054366314], [-111.19792699847733, 25.597180543686928], [-111.19792699857429, 25.597180543701292], [-111.19792699867219, 25.597180543706095], [-111.20080232617806, 25.597180543706095], [-111.20080232620019, 25.59718054370717], [-111.20080232618737, 25.597180543725166], [-111.19874238977627, 25.599792992237713], [-111.19874238971627, 25.599792992322513], [-111.1987423896654, 25.59979299241308], [-111.1987423896242, 25.599792992508434], [-111.19749784485727, 25.6031407130734], [-111.1974978448281, 25.60314071316513], [-111.1974978448079, 25.603140713259233], [-111.19749784479683, 25.603140713354843], [-111.19749784479501, 25.60314071345108], [-111.19749784480246, 25.60314071354704], [-111.19749784481908, 25.603140713641842], [-111.19749784484475, 25.603140713734607], [-111.19749784487922, 25.603140713824477], [-111.19749784492217, 25.603140713910612], [-111.19957923844512, 25.606855992918067], [-111.19957923849753, 25.606855993001655], [-111.19957923855792, 25.606855993079673], [-111.1995792386257, 25.60685599315136], [-111.19957923870021, 25.60685599321602], [-111.19957923878074, 25.60685599327302], [-111.19957923886649, 25.60685599332181], [-111.19957923895663, 25.60685599336191], [-111.19957923905028, 25.606855993392937], [-111.19957923914653, 25.606855993414584], [-111.19957923924446, 25.606855993426638], [-111.19957923934308, 25.606855993428987], [-111.19957923944146, 25.606855993421604], [-111.19957923953864, 25.606855993404565], [-111.19957923963366, 25.606855993378034], [-111.19957923972561, 25.606855993342265], [-111.20204687116257, 25.605753031963275], [-111.20204687118417, 25.605753031954883], [-111.2020468711853, 25.605753031977887], [-111.2020468711853, 25.607242995406455], [-111.2020468711842, 25.60724299542941], [-111.2020468711614, 25.607242995433428], [-111.19915008655516, 25.607610645759216], [-111.19915008645795, 25.607610645776468], [-111.1991500863629, 25.607610645803227], [-111.19915008627096, 25.607610645839223], [-111.19915008618301, 25.607610645884115], [-111.19915008609992, 25.607610645937463], [-111.1991500860225, 25.60761064599874], [-111.1991500859515, 25.607610646067357], [-111.19915008588761, 25.60761064614264], [-111.19915008583146, 25.607610646223858], [-111.19915008578359, 25.607610646310217], [-111.19915008574446, 25.607610646400875], [-111.19915008571448, 25.60761064649495], [-111.19915008569392, 25.607610646591525], [-111.19915008568297, 25.607610646689658], [-111.19915008568177, 25.607610646788387], [-111.19915008569029, 25.60761064688676], [-111.19915008570848, 25.607610646983808], [-111.20039463041095, 25.612815681124257], [-111.2003946304361, 25.61281568121161], [-111.20039463046906, 25.61281568129632], [-111.20204687116635, 25.616550009230092], [-111.20204687120807, 25.616550009313638], [-111.20329141588194, 25.618775071035028], [-111.203291415933, 25.618775071116794], [-111.2032914159917, 25.618775071193266], [-111.20329141605748, 25.61877507126373], [-111.20329141612974, 25.618775071327534], [-111.20329141620782, 25.618775071384082], [-111.20329141629097, 25.61877507143285], [-111.20329141637843, 25.618775071473387], [-111.2032914164694, 25.61877507150531], [-111.20329141656302, 25.61877507152833], [-111.2032914166584, 25.618775071542224], [-111.2032914167547, 25.61877507154687], [-111.20616674360096, 25.61877507154687], [-111.20616674370316, 25.618775071541634], [-111.20616674380429, 25.61877507152598], [-111.20616674390328, 25.618775071500075], [-111.20616674399912, 25.61877507146419], [-111.20616674409078, 25.618775071418693], [-111.20616674417731, 25.61877507136407], [-111.20616674425781, 25.618775071300888], [-111.20616674433144, 25.61877507122981], [-111.20616674439741, 25.618775071151582], [-111.20616674445503, 25.61877507106702], [-111.20616674450372, 25.61877507097701], [-111.20741128920437, 25.616163037714035], [-111.20741128921442, 25.616163037695383], [-111.20741128921756, 25.6161630377163], [-111.20781898498281, 25.62026487266691], [-111.207818984984, 25.620264872692562]]]}}, {"type": "Feature", "id": 2, "properties": {"actividad": "Conservación, Pesca y Turismo", "conflictos_potenciales": "Uso de suelo y acceso a la costa, modificación de los ecosistemas costeros, afectación a la  biodiversidad por el aprovechamiento de fauna o flora silvestre", "fragilidad": "media", "localidad_referencia": "San Cosme", "nombre": "UGA-88d", "poblacion": 26, "politica_ambiental": "Aprovechamiento Sustentable", "presion": "alta", "superficie_total": 133.85, "vulnerabilidad": "alta"}, "geometry": {"type": "Polygon", "coordinates": [[[-111.18146896362106, 25.56919473763826], [-111.18146896361128, 25.569194737658112], [-111.18097543717589, 25.57008511990797], [-111.18097543716348, 25.57008511992804], [-111.18097543714445, 25.570085119942096], [-111.17990255357657, 25.57080129217339], [-111.17990255354061, 25.570801292198546], [-111.1785292626517, 25.57180779722633], [-111.17852926258195, 25.57180779728241], [-111.1785292625175, 25.571807797344498], [-111.17852926245887, 25.571807797412102], [-111.17810010911336, 25.572349758081117], [-111.17810010909974, 25.572349758096912], [-111.17810010908477, 25.572349758111606], [-111.17749929430018, 25.572891716418514], [-111.1774992942803, 25.572891716434658], [-111.17749929425742, 25.57289171644643], [-111.1758685112247, 25.573627227388453], [-111.17586851119954, 25.573627227398195], [-111.17586851117333, 25.573627227405183], [-111.17438793210167, 25.57393691481661], [-111.1743879320124, 25.573936914839624], [-111.17438793192564, 25.57393691487076], [-111.1743879318421, 25.57393691490975], [-111.17438793176251, 25.57393691495627], [-111.17438793168755, 25.573936915009924], [-111.17438793161784, 25.57393691507025], [-111.1735725403001, 25.57471113004188], [-111.17357254028256, 25.574711130057047], [-111.17357254026274, 25.57471113006862], [-111.17249965676834, 25.575272432887324], [-111.17249965668019, 25.575272432939354], [-111.17249965659781, 25.575272433000126], [-111.17202758851342, 25.575659536323435], [-111.17202758844161, 25.575659536388383], [-111.17202758837642, 25.575659536459966], [-111.17202758831846, 25.575659536537522], [-111.17202758826826, 25.575659536620318], [-111.17202758822631, 25.57565953670758], [-111.172027588193, 25.57565953679849], [-111.17202758816863, 25.575659536892193], [-111.17202758815345, 25.575659536987818], [-111.17202758814759, 25.57565953708446], [-111.17202758815108, 25.575659537181217], [-111.17202758816393, 25.575659537277183], [-111.172027588186, 25.575659537371454], [-111.17202758821706, 25.575659537463153], [-111.17202758825687, 25.575659537551417], [-111.1727786064045, 25.577130520215054], [-111.17277860641387, 25.57713052023566], [-111.17277860642125, 25.577130520256752], [-111.17299318312769, 25.577846650321312], [-111.17299318313435, 25.57784665034941], [-111.17299318313773, 25.57784665037792], [-111.1730360984788, 25.57856277615477], [-111.17303609847907, 25.578562776177975], [-111.17303609845804, 25.57856277618765], [-111.16923809053752, 25.5800917872502], [-111.16923809051535, 25.580091787257906], [-111.16923809049626, 25.5800917872439], [-111.16797208788132, 25.579065997188778], [-111.16797208786117, 25.579065997170552], [-111.16797208784314, 25.579065997150277], [-111.16737127305629, 25.5783111649084], [-111.16737127304187, 25.578311164888305], [-111.16737127302939, 25.57831116486664], [-111.16672754294304, 25.577053100635457], [-111.16672754289547, 25.57705310055252], [-111.16672754284019, 25.577053100474505], [-111.16672754277772, 25.57705310040212], [-111.16621255876322, 25.576511161023966], [-111.16621255874749, 25.57651116100572], [-111.16621255874449, 25.576511160981894], [-111.16604089739225, 25.574265957238133], [-111.16604089738017, 25.57426595714187], [-111.16604089735881, 25.574265957047228], [-111.1660408973284, 25.574265956955102], [-111.1660408972892, 25.57426595686636], [-111.16604089724157, 25.574265956781833], [-111.16604089718598, 25.57426595670232], [-111.16524696358131, 25.573240117033027], [-111.16524696352515, 25.573240116966634], [-111.16524696346342, 25.57324011690537], [-111.16524696339661, 25.573240116849703], [-111.16400241852742, 25.57229169099435], [-111.16400241850909, 25.572291690979696], [-111.16280078892994, 25.571285189976486], [-111.16280078882374, 25.571285189898823], [-111.1616420746033, 25.570549664595077], [-111.16164207456636, 25.57054966457273], [-111.1606335640678, 25.569968983525303], [-111.16063356399387, 25.569968983486756], [-111.160633563917, 25.569968983454494], [-111.15844488146978, 25.569156025224476], [-111.15844488141039, 25.5691560251979], [-111.15694284441074, 25.568362417779007], [-111.15694284439152, 25.56836241776772], [-111.15694284437602, 25.56836241775175], [-111.15677118302997, 25.568168854197424], [-111.15677118301551, 25.568168854179422], [-111.15677118303175, 25.5681688541629], [-111.15953922270022, 25.565613785497433], [-111.15953922271792, 25.56561378548256], [-111.1595392227381, 25.5656137854712], [-111.16453886026638, 25.563097376697364], [-111.164538860372, 25.56309737663583], [-111.16561174372522, 25.56238115847813], [-111.16561174380178, 25.562381158421577], [-111.1656117438726, 25.562381158358004], [-111.16561174393708, 25.562381158287984], [-111.16561174399459, 25.562381158212155], [-111.16561174404464, 25.562381158131195], [-111.16623401640646, 25.561258429127424], [-111.1662340164188, 25.561258429107568], [-111.16623401643719, 25.56125842912188], [-111.16717815397318, 25.56207144096811], [-111.16717815399073, 25.56207144098477], [-111.1671781540006, 25.562071441006797], [-111.16795063016065, 25.56404587536009], [-111.16795063019056, 25.564045875428835], [-111.16795063022555, 25.564045875495147], [-111.16822957983962, 25.56452980032621], [-111.16822957990179, 25.564529800421177], [-111.16822957997432, 25.564529800508485], [-111.16822958005629, 25.56452980058701], [-111.16863727539454, 25.56487822503975], [-111.16863727546904, 25.56487822509756], [-111.16863727554863, 25.5648782251481], [-111.16863727563265, 25.564878225190917], [-111.16863727572031, 25.56487822522563], [-111.16863727581087, 25.564878225251935], [-111.16863727590349, 25.56487822526959], [-111.16863727599737, 25.56487822527845], [-111.16863727609166, 25.56487822527842], [-111.16904497126816, 25.564858868398645], [-111.16904497136547, 25.564858868389244], [-111.16904497146139, 25.564858868370383], [-111.16904497155501, 25.56485886834225], [-111.16904497164543, 25.564858868305112], [-111.16958141310337, 25.564607228378787], [-111.16958141318347, 25.564607228336694], [-111.16958141325942, 25.56460722828754], [-111.16958141333062, 25.564607228231715], [-111.16958141339649, 25.564607228169688], [-111.17003202426584, 25.56414266071686], [-111.17003202433895, 25.564142660632534], [-111.17003202440222, 25.564142660540586], [-111.17003202445484, 25.564142660442158], [-111.17031097411194, 25.563542591328616], [-111.17031097412189, 25.563542591309442], [-111.17031097413356, 25.56354259129107], [-111.17067575446406, 25.563019947987044], [-111.17067575451519, 25.56301994790572], [-111.17067575455829, 25.563019947819864], [-111.17067575459293, 25.563019947730268], [-111.17119073866984, 25.56147136134602], [-111.17119073867921, 25.561471361322063], [-111.171190738691, 25.56147136129922], [-111.17161989210814, 25.560735775719827], [-111.17161989212107, 25.560735775699946], [-111.17161989214465, 25.56073577569716], [-111.17217779140911, 25.560697060553895], [-111.1721777915008, 25.560697060543262], [-111.17217779159112, 25.56069706052422], [-111.1721777916793, 25.56069706049693], [-111.1721777917646, 25.560697060461628], [-111.17271423337596, 25.56044541172026], [-111.17271423339558, 25.560445411712216], [-111.17271423338494, 25.56044541173043], [-111.17207050331528, 25.561432646278], [-111.17207050326611, 25.561432646362107], [-111.17207050322536, 25.5614326464506], [-111.1720705031934, 25.56143264654264], [-111.17187738423539, 25.562090798173475], [-111.17187738421453, 25.56209079825808], [-111.1718773842011, 25.562090798344183], [-111.17187738419521, 25.562090798431125], [-111.17187738419693, 25.56209079851825], [-111.171963214866, 25.563445805527692], [-111.17196321487525, 25.56344580561411], [-111.17196321489199, 25.563445805699395], [-111.17196321491605, 25.563445805782905], [-111.1721777915874, 25.564084589481542], [-111.17217779159414, 25.56408458950561], [-111.17217779158837, 25.564084589529962], [-111.17185592652089, 25.565187935374457], [-111.17185592651249, 25.565187935398555], [-111.17185592649726, 25.56518793541891], [-111.17179155389164, 25.565265362325228], [-111.17179155383138, 25.56526536240559], [-111.1717915537795, 25.56526536249159], [-111.1717915537365, 25.565265362582362], [-111.17179155370282, 25.565265362676993], [-111.1717915536788, 25.56526536277452], [-111.17179155366469, 25.56526536287397], [-111.17179155366064, 25.56526536297433], [-111.17179155366667, 25.56526536307459], [-111.17179155368271, 25.565265363173744], [-111.17179155370863, 25.565265363270782], [-111.17179155374416, 25.565265363364734], [-111.17207050308885, 25.565904136608186], [-111.17207050313336, 25.565904136697636], [-111.17207050318657, 25.565904136782198], [-111.17207050324795, 25.565904136861025], [-111.1720705033169, 25.565904136933337], [-111.17207050339272, 25.56590413699841], [-111.17207050347464, 25.565904137055586], [-111.17207050356187, 25.565904137104308], [-111.1727356906933, 25.56623320089397], [-111.17273569078462, 25.566233200933617], [-111.17273569087943, 25.566233200963985], [-111.1727356909768, 25.56623320098478], [-111.17273569107574, 25.566233200995786], [-111.17273569117529, 25.5662332009969], [-111.17273569127447, 25.566233200988112], [-111.17273569137227, 25.566233200969506], [-111.17273569146774, 25.566233200941266], [-111.17350816680383, 25.565962207312687], [-111.17350816689762, 25.565962207274346], [-111.17350816698705, 25.565962207226708], [-111.1735081670712, 25.565962207170262], [-111.17350816714921, 25.565962207105592], [-111.17350816722028, 25.56596220703336], [-111.17350816728366, 25.565962206954303], [-111.17350816733872, 25.56596220686924], [-111.1735081673849, 25.565962206779044], [-111.1735081674217, 25.565962206684635], [-111.17370128630805, 25.565381503829883], [-111.17370128631573, 25.565381503810144], [-111.17370128632142, 25.565381503830643], [-111.17406606673647, 25.567007466049873], [-111.17406606674061, 25.567007466073854], [-111.17406606672286, 25.56700746609029], [-111.17376565935801, 25.56725910109795], [-111.17376565930391, 25.567259101137406], [-111.17290735248767, 25.567801082472634], [-111.17290735240991, 25.56780108252707], [-111.17230653814694, 25.568265635611937], [-111.17230653807339, 25.568265635674706], [-111.17230653800625, 25.568265635744293], [-111.17230653794614, 25.568265635820037], [-111.17230653789363, 25.56826563590123], [-111.17230653784922, 25.568265635987114], [-111.1723065378133, 25.56826563607689], [-111.17230653778621, 25.568265636169713], [-111.17230653776824, 25.56826563626472], [-111.1723065377595, 25.56826563636102], [-111.17230653776012, 25.56826563645771], [-111.17230653777007, 25.568265636553893], [-111.17230653778925, 25.56826563664866], [-111.17264986032414, 25.56962057324336], [-111.17264986035103, 25.569620573332013], [-111.17264986038602, 25.5696205734178], [-111.17264986042878, 25.56962057349998], [-111.17264986047897, 25.56962057357785], [-111.17264986053615, 25.56962057365074], [-111.17325067507912, 25.570317392339543], [-111.17325067514274, 25.570317392406768], [-111.1732506752123, 25.57031739246782], [-111.1732506752872, 25.570317392522185], [-111.17325067536682, 25.570317392569386], [-111.1740875242666, 25.570762580202715], [-111.17408752436667, 25.570762580249067], [-111.17408752447125, 25.570762580284114], [-111.17408752457905, 25.57076258030743], [-111.17481708517826, 25.570878715942737], [-111.1748170852664, 25.570878715952784], [-111.17481708535507, 25.57087871595498], [-111.17679119107794, 25.57084000407785], [-111.1767911911242, 25.570840004075873], [-111.17767095543165, 25.570781936249865], [-111.17767095552028, 25.570781936240028], [-111.1776709556077, 25.570781936222335], [-111.17767095569317, 25.570781936196923], [-111.17767095577605, 25.570781936164], [-111.17767095585567, 25.570781936123822], [-111.17889404245865, 25.570094639452822], [-111.17889404254016, 25.570094639401702], [-111.17889404261639, 25.570094639342987], [-111.17889404268664, 25.570094639277215], [-111.17889404275022, 25.570094639205], [-111.17889404280656, 25.570094639127007], [-111.17889404285516, 25.57009463904396], [-111.17889404289555, 25.570094638956622], [-111.17889404292735, 25.57009463886581], [-111.17889404295029, 25.570094638772364], [-111.17889404296413, 25.570094638677144], [-111.17889404296876, 25.570094638581036], [-111.17889404296876, 25.570085119952715], [-111.17889404296987, 25.57008511992955], [-111.17889404299055, 25.57008511991901], [-111.17897987365355, 25.570046407794592], [-111.17990255354609, 25.569639929615814], [-111.17990255357083, 25.5696399296057], [-111.18082523343476, 25.569291518650815], [-111.18082523345983, 25.569291518642842], [-111.18082523348565, 25.56929151863755], [-111.18146896359912, 25.56919473764048], [-111.18146896362106, 25.56919473763826]]]}}, {"type": "Feature", "id": 1, "properties": {"actividad": "Conservación, Pesca y Turismo", "conflictos_potenciales": "Uso de suelo y acceso a la costa, modificación de los ecosistemas costeros, afectación a la  biodiversidad por el aprovechamiento de fauna o flora silvestre", "fragilidad": "media", "localidad_referencia": "San Cosme", "nombre": "UGA-88d", "poblacion": 26, "politica_ambiental": "Aprovechamiento Sustentable", "presion": "alta", "superficie_total": 133.85, "vulnerabilidad": "alta"}, "geometry": {"type": "MultiPolygon", "coordinates": [[[[-111.16848707198804, 25.56474272687473], [-111.16848707196648, 25.564742726875785], [-111.16127729418372, 25.564742726875785], [-111.1612772941632, 25.564742726874766], [-111.161277294181, 25.564742726864655], [-111.16453886026679, 25.563097376697222], [-111.16453886037161, 25.5630973766361], [-111.16561174372522, 25.56238115847814], [-111.16561174380178, 25.562381158421587], [-111.1656117438726, 25.562381158358015], [-111.16561174393708, 25.562381158287995], [-111.16561174399459, 25.562381158212165], [-111.16561174404464, 25.562381158131206], [-111.16623401640646, 25.561258429127424], [-111.1662340164188, 25.561258429107568], [-111.16623401643719, 25.56125842912188], [-111.16717815397318, 25.56207144096811], [-111.16717815399073, 25.56207144098477], [-111.1671781540006, 25.562071441006797], [-111.16795063016065, 25.56404587536009], [-111.16795063019056, 25.564045875428835], [-111.16795063022555, 25.564045875495147], [-111.16822957983544, 25.56452980031896], [-111.16822957988339, 25.564529800394183], [-111.16822957993786, 25.564529800464832], [-111.1682295799984, 25.564529800530345], [-111.16822958006453, 25.564529800590204], [-111.16848707197208, 25.56474272686015], [-111.16848707198804, 25.56474272687473]]], [[[-111.17271423339558, 25.560445411712216], [-111.17271423338494, 25.56044541173043], [-111.17207050331528, 25.56143264627801], [-111.17207050326611, 25.561432646362118], [-111.17207050322536, 25.561432646450612], [-111.1720705031934, 25.561432646542652], [-111.17187738423539, 25.56209079817349], [-111.17187738421453, 25.562090798258094], [-111.1718773842011, 25.562090798344197], [-111.17187738419521, 25.56209079843114], [-111.17187738419693, 25.562090798518263], [-111.171963214866, 25.563445805527692], [-111.17196321487525, 25.56344580561411], [-111.17196321489199, 25.563445805699395], [-111.17196321491605, 25.563445805782905], [-111.17217779158743, 25.564084589481645], [-111.17217779159415, 25.564084589505605], [-111.17217779158831, 25.564084589529973], [-111.17198467255336, 25.56474272685206], [-111.1719846725455, 25.564742726874606], [-111.17198467252167, 25.564742726875785], [-111.16930246355639, 25.564742726875785], [-111.16930246353591, 25.564742726874762], [-111.16930246355388, 25.564742726864914], [-111.16958141311073, 25.564607228377984], [-111.16958141318734, 25.564607228336556], [-111.16958141326005, 25.564607228288622], [-111.16958141332832, 25.564607228234543], [-111.16958141339161, 25.56460722817473], [-111.17003202426584, 25.56414266071686], [-111.17003202433895, 25.564142660632534], [-111.17003202440222, 25.564142660540586], [-111.17003202445484, 25.564142660442158], [-111.17031097411194, 25.563542591328616], [-111.17031097412189, 25.563542591309442], [-111.17031097413356, 25.56354259129107], [-111.17067575446406, 25.56301994798706], [-111.17067575451519, 25.563019947905733], [-111.17067575455829, 25.56301994781988], [-111.17067575459293, 25.563019947730282], [-111.17119073866984, 25.56147136134602], [-111.17119073867921, 25.561471361322063], [-111.171190738691, 25.56147136129922], [-111.17161989210814, 25.56073577571984], [-111.17161989212107, 25.56073577569996], [-111.17161989214465, 25.560735775697175], [-111.17217779140911, 25.560697060553895], [-111.1721777915008, 25.560697060543262], [-111.17217779159112, 25.56069706052422], [-111.1721777916793, 25.56069706049693], [-111.1721777917646, 25.560697060461628], [-111.17271423337596, 25.56044541172026], [-111.17271423339558, 25.560445411712216]]]]}}, {"type": "Feature", "id": 1, "properties": {"actividad": "Conservación, Pesca y Turismo", "conflictos_potenciales": "Uso de suelo y acceso a la costa, modificación de los ecosistemas costeros, afectación a la  biodiversidad por el aprovechamiento de fauna o flora silvestre", "fragilidad": "media", "localidad_referencia": "Santa Martha", "nombre": "UGA-88e", "poblacion": 26, "politica_ambiental": "Aprovechamiento Sustentable", "presion": "alta", "superficie_total": 30.12, "vulnerabilidad": "alta"}, "geometry": {"type": "Polygon", "coordinates": [[[-111.03742361068635, 25.45774799937119], [-111.03742361066777, 25.457747999385994], [-111.03645801546377, 25.458445468034338], [-111.03645801544117, 25.458445468048872], [-111.03645801541721, 25.458445468060862], [-111.03529930144884, 25.458949192783987], [-111.0352993013542, 25.458949192831234], [-111.03529930126507, 25.458949192888216], [-111.03529930118246, 25.458949192954297], [-111.03529930110729, 25.45894919302873], [-111.03529930104041, 25.45894919311069], [-111.03529930098256, 25.45894919319926], [-111.03506326682128, 25.459356045958653], [-111.03506326678026, 25.459356046037183], [-111.03506326674635, 25.459356046119037], [-111.03506326671982, 25.459356046203574], [-111.03493452072739, 25.45984039325776], [-111.03493452072051, 25.45984039327954], [-111.03493452070336, 25.45984039329442], [-111.03459119798514, 25.460111626849987], [-111.03459119794883, 25.46011162687612], [-111.03272438051022, 25.46133217041422], [-111.03272438049278, 25.461332170424622], [-111.03272438047453, 25.461332170433586], [-111.03180170061744, 25.461739015516915], [-111.03180170059169, 25.4617390155266], [-111.03180170056439, 25.461739015530373], [-111.03132963183062, 25.46177776260693], [-111.03132963180568, 25.46177776260771], [-111.0313296317823, 25.461777762598555], [-111.03098630919872, 25.461622774276993], [-111.03098630909928, 25.46162277423834], [-111.03098630899628, 25.461622774210507], [-111.03098630889089, 25.461622774193806], [-111.0304284103491, 25.46156465359014], [-111.03042841024768, 25.461564653584762], [-111.03042841014623, 25.461564653589697], [-111.03042841004581, 25.4615646536049], [-111.03042840994745, 25.461564653630205], [-111.03042840985216, 25.461564653665363], [-111.03042840976093, 25.461564653710003], [-111.0304284096747, 25.461564653763663], [-111.03042840959435, 25.461564653825796], [-111.03042840952072, 25.46156465389576], [-111.03042840945457, 25.46156465397283], [-111.03042840939659, 25.46156465405621], [-111.03042840934735, 25.461564654145047], [-111.03042840930738, 25.461564654238416], [-111.03029966355219, 25.461913377270974], [-111.03029966354289, 25.46191337729277], [-111.03029966351922, 25.461913377294902], [-111.02982759478127, 25.46193275080684], [-111.0298275947577, 25.461932750806668], [-111.02982759474452, 25.46193275078718], [-111.02959156037377, 25.46154527995285], [-111.02959156036442, 25.461545279936097], [-111.02959156035644, 25.46154527991876], [-111.02946281445317, 25.461235302634975], [-111.02946281440897, 25.4612353025423], [-111.02946281435551, 25.461235302454647], [-111.02946281429332, 25.46123530237294], [-111.02946281422311, 25.461235302298036], [-111.02946281414557, 25.46123530223073], [-111.02946281406155, 25.461235302171726], [-111.02896928806837, 25.460925324070207], [-111.02896928798921, 25.46092532402538], [-111.0289692879063, 25.46092532398793], [-111.02896928782035, 25.460925323958165], [-111.02896928773204, 25.460925323936337], [-111.02896928764211, 25.460925323922623], [-111.02860450746853, 25.460886576594035], [-111.0286045074465, 25.460886576590696], [-111.02860450742547, 25.4608865765835], [-111.02811098113051, 25.460692839683706], [-111.02811098103425, 25.46069283965145], [-111.0281109809352, 25.460692839629125], [-111.0281109808344, 25.460692839616954], [-111.02783203127488, 25.460673465915757], [-111.02783203125041, 25.460673465912823], [-111.0278320312289, 25.460673465900527], [-111.02731704713482, 25.460344112316246], [-111.02731704711958, 25.46034411230569], [-111.0273170471051, 25.46034411229398], [-111.02669477479596, 25.459801645722077], [-111.0266947747094, 25.459801645654604], [-111.02669477461596, 25.459801645597025], [-111.02669477451678, 25.459801645550034], [-111.02669477441304, 25.459801645514194], [-111.02628707908079, 25.459685402450052], [-111.02628707899198, 25.459685402429063], [-111.02628707890163, 25.45968540241625], [-111.0262870788105, 25.459685402411733], [-111.02628707871932, 25.45968540241554], [-111.02628707862888, 25.45968540242764], [-111.02553606050905, 25.45982101939759], [-111.0255360604229, 25.459821019417117], [-111.02553606033878, 25.459821019444174], [-111.0255360602574, 25.459821019478547], [-111.02553606017935, 25.459821019519968], [-111.02504253398206, 25.46011162680056], [-111.02504253391255, 25.460111626845467], [-111.025042533847, 25.460111626895962], [-111.02504253378584, 25.460111626951708], [-111.02437734605526, 25.46077033443438], [-111.02437734603818, 25.46077033444981], [-111.02437734601871, 25.460770334461756], [-111.02360486986382, 25.46119655507369], [-111.02360486984297, 25.46119655508391], [-111.02360486983045, 25.46119655506439], [-111.02302551270776, 25.46018912208284], [-111.0230255126973, 25.460189122062374], [-111.02302551272025, 25.46018912206123], [-111.02308988547743, 25.46018912206123], [-111.02308988556935, 25.460189122057], [-111.02308988566048, 25.460189122044333], [-111.02308988575005, 25.46018912202335], [-111.02308988583734, 25.46018912199422], [-111.02308988592156, 25.460189121957193], [-111.02418422689067, 25.459646654680856], [-111.02418422698646, 25.459646654626603], [-111.02418422707572, 25.459646654562153], [-111.02480649946258, 25.45914293270132], [-111.02480649948167, 25.459142932687325], [-111.02480649950515, 25.459142932683765], [-111.02555751768038, 25.459065436848704], [-111.02555751778434, 25.459065436832415], [-111.02555751788599, 25.45906543680529], [-111.02555751798424, 25.459065436767638], [-111.02555751807799, 25.459065436719868], [-111.0255575181662, 25.459065436662513], [-111.0255575182479, 25.459065436596212], [-111.0259437559797, 25.45871670488963], [-111.02594375605727, 25.458716704811412], [-111.02594375612577, 25.458716704725138], [-111.02594375618436, 25.458716704631854], [-111.02628707881746, 25.458096734288475], [-111.02628707885432, 25.4580967342149], [-111.02628707888503, 25.45809673413855], [-111.0268235206028, 25.4565855427549], [-111.02682352063466, 25.45658554264582], [-111.02682352065395, 25.45658554253383], [-111.02682352066041, 25.456585542420374], [-111.02682352066041, 25.454841836402395], [-111.02682352066223, 25.454841836372324], [-111.02682352066762, 25.454841836342858], [-111.02703809737119, 25.453969973831402], [-111.0270380973883, 25.453969973746016], [-111.02720975872725, 25.45286560565307], [-111.02720975873767, 25.45286560555312], [-111.02720975873801, 25.45286560545263], [-111.02720975872828, 25.45286560535261], [-111.02720975870854, 25.452865605254075], [-111.0268664360102, 25.451509349794332], [-111.02686643600568, 25.45150934977234], [-111.02686643600313, 25.451509349749788], [-111.02682352066627, 25.450869966882642], [-111.02682352065665, 25.45086996679606], [-111.02682352063954, 25.450869966710638], [-111.02678060536688, 25.450695589236624], [-111.02678060533664, 25.450695589136604], [-111.02678060529614, 25.450695589040286], [-111.02678060524579, 25.450695588948722], [-111.02678060518618, 25.45069558886291], [-111.02648019806468, 25.450308082186144], [-111.02648019799884, 25.45030808210954], [-111.02648019792561, 25.45030808203997], [-111.02648019784573, 25.450308081978147], [-111.02648019776004, 25.450308081924693], [-111.02648019766937, 25.450308081880156], [-111.02602958681277, 25.450114327999085], [-111.02602958677213, 25.450114327979392], [-111.02549314501115, 25.44982369642953], [-111.0254931449908, 25.44982369641714], [-111.02549314500396, 25.44982369639731], [-111.02570772169184, 25.44953306416824], [-111.02570772173154, 25.449533064120892], [-111.02596521346348, 25.44926180704998], [-111.02596521352527, 25.449261806978395], [-111.02596521358002, 25.44926180690129], [-111.02596521362725, 25.44926180681936], [-111.02596521366652, 25.449261806733336], [-111.02596521369749, 25.44926180664399], [-111.02596521371989, 25.449261806552112], [-111.0259652137335, 25.449261806458534], [-111.02596521373822, 25.449261806364085], [-111.02596521373398, 25.449261806269615], [-111.02592229844295, 25.448796792700538], [-111.02592229843185, 25.448796792617987], [-111.02592229841392, 25.448796792536648], [-111.02592229838928, 25.44879679245708], [-111.02572917940206, 25.448254273857597], [-111.02572917935625, 25.44825427374946], [-111.02527856833284, 25.447343611925834], [-111.02527856828567, 25.447343611841106], [-111.0252785682305, 25.447343611761347], [-111.02527856816789, 25.4473436116873], [-111.02493524553185, 25.446975469898156], [-111.02493524551514, 25.446975469878236], [-111.02493524550543, 25.446975469854006], [-111.0247635841439, 25.44647169492772], [-111.02476358413792, 25.4464716949073], [-111.02476358413548, 25.446471694885794], [-111.02472066879444, 25.4458516613044], [-111.02472066879396, 25.445851661280116], [-111.02472066880506, 25.445851661258498], [-111.02497816070532, 25.445406010402536], [-111.02497816075045, 25.44540601031465], [-111.0249781607867, 25.44540601022274], [-111.0249781608137, 25.445406010127705], [-111.0249781608312, 25.445406010030467], [-111.02497816083901, 25.44540600993198], [-111.02497816083707, 25.4454060098332], [-111.02495670318746, 25.44509599100003], [-111.02495670318689, 25.44509599097965], [-111.02495670318966, 25.445095990959416], [-111.02506399154218, 25.444495326614042], [-111.02506399154775, 25.44449532658994], [-111.02506399157018, 25.444495326579602], [-111.02525711056981, 25.444417821298536], [-111.02525711059612, 25.44441782128965], [-111.0252571106233, 25.444417821283746], [-111.02708101270532, 25.444127175968788], [-111.02708101274632, 25.444127175961373], [-111.02832555769028, 25.443875282788888], [-111.02832555772747, 25.443875282782813], [-111.02972030636829, 25.443700894893624], [-111.02972030639641, 25.443700894891716], [-111.02972030642424, 25.44370089489619], [-111.03051424024633, 25.44387528278107], [-111.03051424028313, 25.443875282790632], [-111.03122234341096, 25.444088423192632], [-111.03122234347693, 25.4440884232177], [-111.03285312650893, 25.444844099817907], [-111.03285312654309, 25.44484409983297], [-111.03433370587967, 25.44546413863194], [-111.03433370590153, 25.445464138642375], [-111.03433370592086, 25.445464138656757], [-111.03673696515807, 25.447440491041256], [-111.03673696517829, 25.447440491059847], [-111.03673696519657, 25.447440491080837], [-111.03744506834647, 25.448351152317223], [-111.03744506835865, 25.448351152334318], [-111.03744506836767, 25.44835115235291], [-111.03787422179443, 25.44933930888719], [-111.03787422180112, 25.449339308904314], [-111.03787422180658, 25.44933930892202], [-111.03838920592625, 25.45125747201163], [-111.03838920593662, 25.45125747205957], [-111.0386896133383, 25.453078729930695], [-111.03868961334108, 25.453078729954875], [-111.03868961334148, 25.45307872997962], [-111.03864669799903, 25.454376843751152], [-111.0386466979937, 25.45437684380924], [-111.03851795197019, 25.455229328794324], [-111.03851795196259, 25.45522932885877], [-111.03845357895082, 25.455984935502755], [-111.03845357894808, 25.455984935523983], [-111.03845357893998, 25.455984935543782], [-111.03813171387719, 25.45668241439807], [-111.03813171386625, 25.45668241441905], [-111.0381317138514, 25.45668241443772], [-111.03772401818179, 25.457147398007717], [-111.03772401812833, 25.457147398074216], [-111.03772401808072, 25.457147398145032], [-111.03772401803934, 25.457147398219647], [-111.03742361069801, 25.45774799935042], [-111.03742361068635, 25.45774799937119]]]}}, {"type": "Feature", "id": 1, "properties": {"actividad": "Conservación, Pesca y Turismo", "conflictos_potenciales": "Uso de suelo y acceso a la costa, modificación de los ecosistemas costeros, afectación a la  biodiversidad por el aprovechamiento de fauna o flora silvestre", "fragilidad": "alta", "localidad_referencia": "Santa Martha", "nombre": "UGA-88f", "poblacion": 26, "politica_ambiental": "Aprovechamiento Sustentable", "presion": "alta", "superficie_total": 212.69, "vulnerabilidad": "alta"}, "geometry": {"type": "Polygon", "coordinates": [[[-111.00440025329439, 25.377337677366757], [-111.00440025328483, 25.377337677387388], [-111.00401401520959, 25.37807438533284], [-111.0040140151969, 25.378074385354303], [-111.00401401517301, 25.378074385362204], [-111.00352048881439, 25.37821009421099], [-111.00352048874008, 25.37821009423457], [-111.00352048866783, 25.378210094263874], [-111.0031342506622, 25.37838457683902], [-111.0031342506405, 25.37838457684763], [-111.00313425063977, 25.378384576847843], [-111.00313425063467, 25.378384576848745], [-111.0031342506178, 25.378384576852014], [-111.00246906282722, 25.378481511523706], [-111.00246906280515, 25.378481511525923], [-111.00246906278294, 25.378481511526168], [-111.00131034853672, 25.378442737665807], [-111.00131034848502, 25.37844273766138], [-110.99948644641806, 25.3781907072639], [-110.99948644634284, 25.378190707256394], [-110.99697589876654, 25.37803561136421], [-110.99697589874332, 25.37803561136166], [-110.9969758987302, 25.37803561134259], [-110.99667549153234, 25.377550935725736], [-110.99667549147345, 25.377550935640866], [-110.99667549140614, 25.37755093556252], [-110.99667549133109, 25.377550935491538], [-110.99667549124912, 25.377550935428676], [-110.99667549116111, 25.377550935374607], [-110.99667549106799, 25.377550935329904], [-110.99667549097074, 25.377550935295044], [-110.995581150196, 25.3772213546839], [-110.99558115010142, 25.377221354660374], [-110.99558115000498, 25.377221354646167], [-110.99558114990762, 25.377221354641417], [-110.99545240410822, 25.377221354641417], [-110.99545240402254, 25.377221354645094], [-110.99545240393749, 25.3772213546561], [-110.99388599398127, 25.377492774154312], [-110.99388599395887, 25.377492774157094], [-110.99388599396188, 25.377492774134822], [-110.99397182464097, 25.3770274832118], [-110.9939718246475, 25.377027483184822], [-110.99397182465691, 25.377027483158958], [-110.99459409704909, 25.375573437545093], [-110.99459409708022, 25.375573437462418], [-110.99459409710396, 25.375573437377312], [-110.99459409712007, 25.37557343729045], [-110.99459409712846, 25.3755734372025], [-110.99459409712904, 25.375573437114156], [-110.99455118180396, 25.3744295759256], [-110.99455118179618, 25.374429575833094], [-110.99455118177985, 25.37442957574171], [-110.99455118175511, 25.374429575652236], [-110.9945511817222, 25.374429575565436], [-110.99455118168137, 25.37442957548207], [-110.99455118163299, 25.374429575402843], [-110.99431514744606, 25.374080598796134], [-110.99431514739727, 25.37408059873002], [-110.99431514734322, 25.374080598668144], [-110.99380016331318, 25.373537743796668], [-110.99380016321945, 25.373537743709726], [-110.99270582199703, 25.372645905281768], [-110.99270582198496, 25.372645905271607], [-110.99161148079875, 25.371695896257762], [-110.99161148070927, 25.371695896188548], [-110.99161148061253, 25.37169589612989], [-110.9912467005164, 25.371502015980553], [-110.9912467004243, 25.37150201593746], [-110.9912467003283, 25.37150201590394], [-110.99124670022941, 25.371502015880342], [-110.99124670012863, 25.37150201586691], [-110.99124670002699, 25.37150201586378], [-110.99028110517216, 25.371521403902413], [-110.99028110508574, 25.3715214039079], [-110.99028110500012, 25.37152140392084], [-110.99028110491594, 25.37152140394114], [-110.98980903636593, 25.371657120111283], [-110.98980903625745, 25.37165712014934], [-110.98980903615407, 25.3716571201996], [-110.98935842516282, 25.3719091641685], [-110.98935842514013, 25.37190916417971], [-110.9893584251149, 25.37190916417836], [-110.98843574526599, 25.37181222423152], [-110.98843574523981, 25.37181222422734], [-110.98843574521774, 25.37181222421262], [-110.98781347276727, 25.371346911389363], [-110.9878134727488, 25.371346911374093], [-110.98781347273965, 25.37134691135195], [-110.98759889603518, 25.370745879643515], [-110.98759889602798, 25.37074587961953], [-110.98759889603343, 25.370745879594974], [-110.98777055739802, 25.37012545662722], [-110.9877705574108, 25.37012545658756], [-110.98807096480331, 25.369311146595624], [-110.98807096482624, 25.369311146543016], [-110.98841428751173, 25.368632550787414], [-110.9884142875601, 25.3686325506753], [-110.98841428759444, 25.36863255055813], [-110.98856449118081, 25.36797333999205], [-110.98856449119779, 25.367973339896228], [-110.98856449120538, 25.367973339799203], [-110.98856449120349, 25.367973339701905], [-110.98856449119215, 25.36797333960525], [-110.98856449117149, 25.36797333951015], [-110.98856449114166, 25.367973339417517], [-110.98856449110298, 25.367973339328216], [-110.9885644910558, 25.3679733392431], [-110.98826408399395, 25.367488623476223], [-110.98826408393836, 25.367488623395626], [-110.98826408387517, 25.367488623320853], [-110.98826408380495, 25.36748862325262], [-110.9882640837284, 25.367488623191576], [-110.98826408364624, 25.367488623138314], [-110.98796367655252, 25.367314124967756], [-110.98796367645001, 25.36731412491584], [-110.9879636763422, 25.367314124876028], [-110.98637580874151, 25.366829405945282], [-110.98637580871639, 25.366829405936112], [-110.98637580869244, 25.366829405924324], [-110.98575353624526, 25.3664804070852], [-110.98575353622516, 25.366480407072626], [-110.98575353621126, 25.36648040705349], [-110.98541021348422, 25.36595690690874], [-110.98541021347168, 25.365956906887348], [-110.98541021346854, 25.36595690686273], [-110.98534584045645, 25.365123179718278], [-110.98534584044998, 25.36512317965823], [-110.98521709442488, 25.364192500696802], [-110.98521709442048, 25.36419250064626], [-110.98517417907809, 25.363009752439194], [-110.98517417907843, 25.36300975241459], [-110.98517417909952, 25.363009752401922], [-110.98873615245266, 25.361109575346262], [-110.98873615254622, 25.361109575289568], [-110.98873615263302, 25.361109575222994], [-110.98873615271205, 25.36110957514734], [-110.98873615278232, 25.3611095750635], [-110.98968029020759, 25.35984923719027], [-110.98968029023858, 25.359849237152847], [-110.99008798597436, 25.359403268264163], [-110.99008798599333, 25.359403268245526], [-110.99008798601595, 25.359403268231304], [-110.9920406341344, 25.35831742399034], [-110.99204063415526, 25.358317423980008], [-110.99204063417575, 25.35831742399105], [-110.99236249921599, 25.35851132544306], [-110.99236249923538, 25.35851132545609], [-110.99236249922211, 25.358511325475455], [-110.99090337872002, 25.360430931736186], [-110.99090337866362, 25.360430931818637], [-110.99090337861573, 25.360430931906308], [-110.9909033785768, 25.360430931998316], [-110.99090337854727, 25.36043093209375], [-110.9909033785274, 25.360430932191655], [-110.9909033785174, 25.360430932291052], [-110.99090337851737, 25.36043093239095], [-110.9909033785273, 25.360430932490353], [-110.99090337854712, 25.36043093258827], [-110.99090337857659, 25.360430932683723], [-110.99090337861543, 25.360430932775756], [-110.99090337866328, 25.36043093286346], [-110.99090337871962, 25.360430932945945], [-110.99090337878393, 25.3604309330224], [-110.99090337885553, 25.360430933092058], [-110.99090337893374, 25.360430933154223], [-110.99090337901775, 25.360430933208278], [-110.99090337910673, 25.360430933253678], [-110.9909033791998, 25.360430933289972], [-110.99090337929603, 25.360430933316803], [-110.99090337939445, 25.360430933333895], [-110.9909033794941, 25.360430933341085], [-110.99266290661706, 25.36046971293949], [-110.99266290667616, 25.36046971294431], [-110.9937572478981, 25.360624831381056], [-110.99375724792444, 25.360624831386254], [-110.99375724795016, 25.360624831394283], [-110.99620342214642, 25.361536148078414], [-110.99620342224254, 25.361536148108804], [-110.99620342234124, 25.36153614812936], [-110.9962034224415, 25.361536148139873], [-110.99620342254231, 25.36153614814024], [-110.99620342264265, 25.36153614813045], [-110.99620342274149, 25.361536148110613], [-110.99620342283782, 25.361536148080923], [-110.99620342293069, 25.361536148041683], [-110.99712610242528, 25.361090185535364], [-110.9971261024476, 25.36109018552591], [-110.99712610247086, 25.3610901855329], [-110.9977269172434, 25.361303472231615], [-110.99772691728937, 25.361303472250555], [-110.99822044337476, 25.361536148062022], [-110.99822044346014, 25.361536148097546], [-110.99822044354842, 25.36153614812503], [-110.99822044363887, 25.361536148144243], [-110.99822044373072, 25.361536148155018], [-110.99822044382316, 25.361536148157263], [-110.99822044391541, 25.36153614815096], [-110.99822044400669, 25.361536148136167], [-110.9982204440962, 25.361536148113004], [-111.00079536435624, 25.360741170095046], [-111.00079536437839, 25.3607411700894], [-111.00079536437455, 25.36074117011199], [-111.00073099136792, 25.36103201633533], [-111.00073099136274, 25.36103201635489], [-111.00073099135606, 25.361032016373837], [-111.00025892258645, 25.36221478394215], [-111.00025892257588, 25.3622147839651], [-111.00025892255385, 25.362214783977645], [-110.9981775286618, 25.363261814347375], [-110.99817752857368, 25.36326181439745], [-110.99817752849108, 25.36326181445619], [-110.99817752841486, 25.363261814522986], [-110.99817752834579, 25.363261814597156], [-110.99817752828459, 25.363261814677937], [-110.99817752823186, 25.3632618147645], [-110.99768400194907, 25.364173111400458], [-110.99768400190177, 25.364173111500666], [-110.99744796754017, 25.364754786741017], [-110.99744796752786, 25.364754786766955], [-110.99744796751256, 25.364754786791412], [-110.99691152589726, 25.365510960255524], [-110.99691152584568, 25.365510960336145], [-110.99691152580205, 25.36551096042133], [-110.99691152576675, 25.365510960510296], [-110.99691152574013, 25.365510960602226], [-110.99691152572241, 25.365510960696284], [-110.99691152571377, 25.365510960791603], [-110.99686861038457, 25.366519184716694], [-110.99686861038637, 25.3665191848328], [-110.99691152571101, 25.367100848593925], [-110.99691152572379, 25.367100848695664], [-110.99691152574692, 25.367100848795562], [-110.99691152578016, 25.367100848892562], [-110.99691152582315, 25.367100848985654], [-110.99731922148484, 25.367876396459486], [-110.99731922150602, 25.367876396505242], [-110.99749088241515, 25.368302944445375], [-110.9974908824564, 25.36830294453487], [-110.99749088250627, 25.368302944619877], [-110.99749088256425, 25.36830294469956], [-110.9974908826298, 25.368302944773152], [-110.99749088270228, 25.368302944839932], [-110.99749088278098, 25.368302944899252], [-110.99749088286512, 25.368302944950543], [-110.99749088295391, 25.3683029449933], [-110.99749088304648, 25.368302945027107], [-110.99749088314194, 25.36830294505164], [-110.99749088323934, 25.36830294506666], [-110.99749088333773, 25.368302945072017], [-110.99749088343619, 25.368302945067665], [-110.99749088353373, 25.368302945053642], [-110.99749088362942, 25.368302945030088], [-110.99749088372234, 25.368302944997225], [-110.99749088381157, 25.36830294495538], [-110.99749088389623, 25.368302944904954], [-110.99822044370569, 25.367818230591695], [-110.99822044372611, 25.367818230579495], [-110.99822044374841, 25.367818230571416], [-110.9990358351526, 25.36756617804207], [-110.99903583526327, 25.367566178000548], [-110.99903583536826, 25.36756617794626], [-110.99985122666388, 25.367081460130553], [-110.99985122675494, 25.36708146006942], [-110.99985122683876, 25.367081459998683], [-110.99985122691433, 25.367081459919195], [-111.00028038023386, 25.366577351321283], [-111.00028038024973, 25.36657735130431], [-111.0002803802686, 25.3665773512905], [-111.00092411039184, 25.36615079612363], [-111.00092411041204, 25.366150796111633], [-111.0009241104216, 25.36615079613305], [-111.00107431410886, 25.36653857359867], [-111.00107431411634, 25.36653857362101], [-111.00107431411726, 25.366538573644622], [-111.00105285644635, 25.369214204405132], [-111.00105285644919, 25.369214204489083], [-111.00105285645908, 25.369214204572494], [-111.00105285647594, 25.369214204654785], [-111.00124597548843, 25.369989738624504], [-111.00124597549315, 25.369989738648474], [-111.00124597548815, 25.369989738672494], [-111.00073099136966, 25.371967328091596], [-111.00073099136246, 25.371967328114586], [-111.00073099135285, 25.37196732813725], [-110.99948644639305, 25.37454590102729], [-110.99948644636541, 25.374545901077095], [-110.99905729341368, 25.375224462979467], [-110.99905729336592, 25.37522446306377], [-110.99905729332654, 25.375224463152293], [-110.99905729329592, 25.375224463244212], [-110.99905729327433, 25.375224463338668], [-110.99905729326198, 25.375224463434765], [-110.999057293259, 25.37522446353161], [-110.9990572932654, 25.375224463628285], [-110.99905729328113, 25.37522446372389], [-110.99905729330602, 25.37522446381752], [-110.99905729333987, 25.375224463908307], [-110.99905729338235, 25.375224463995387], [-110.99905729343305, 25.375224464077952], [-110.9990572934915, 25.37522446415522], [-110.99905729355716, 25.37522446422647], [-110.9990572936294, 25.37522446429103], [-110.99967956529352, 25.375728536285752], [-110.99967956536321, 25.37572853633737], [-110.99967956543712, 25.375728536382752], [-110.99967956551467, 25.37572853642156], [-110.9996795655953, 25.3757285364535], [-111.00180387489448, 25.376465254173493], [-111.00180387497029, 25.376465254196468], [-111.0018038750477, 25.376465254213365], [-111.00289821622717, 25.376659126555268], [-111.00289821624729, 25.3766591265597], [-111.0028982162666, 25.37665912656748], [-111.00440025327408, 25.377337677356383], [-111.00440025329439, 25.377337677366757]]]}}]}