{"type": "FeatureCollection", "name": "area_influencia_pnbl", "features": [{"type": "Feature", "id": 1, "properties": {"Zona_Influ": "Zona_Influ"}, "geometry": {"type": "Polygon", "coordinates": [[[-111.58740520476822, 26.20619743218696], [-111.58712625503769, 26.212357925444778], [-111.58712625503097, 26.21235792549033], [-111.53594970802718, 26.21256654495072], [-111.53594970792943, 26.212566544955912], [-111.53594970783267, 26.21256654497063], [-111.5359497077378, 26.21256654499474], [-111.53594970764574, 26.21256654502801], [-111.53594970755739, 26.212566545070118], [-111.53594970747356, 26.212566545120662], [-111.53594970739509, 26.21256654517916], [-111.5359497073227, 26.21256654524505], [-111.53594970725712, 26.212566545317703], [-111.53594970719894, 26.212566545396417], [-111.53594970714873, 26.212566545480442], [-111.53594970710698, 26.212566545568972], [-111.5359497070741, 26.21256654566116], [-111.53594970705036, 26.212566545756125], [-111.53594970703604, 26.21256654585295], [-111.53594970703125, 26.212566545950715], [-111.53594970703125, 26.21256968660704], [-111.53594970702687, 26.212569686651616], [-111.53594970698224, 26.212569686656177], [-111.44805908302733, 26.212913939235307], [-111.44805908292957, 26.212913939240483], [-111.4480590828328, 26.21291393925519], [-111.44805908273793, 26.21291393927929], [-111.44805908264586, 26.21291393931255], [-111.44805908255748, 26.212913939354653], [-111.44805908247365, 26.212913939405194], [-111.44805908239516, 26.21291393946369], [-111.44805908232276, 26.21291393952958], [-111.44805908225716, 26.212913939602235], [-111.44805908219897, 26.212913939680952], [-111.44805908214876, 26.212913939764984], [-111.448059082107, 26.21291393985352], [-111.4480590820741, 26.212913939945718], [-111.44805908205038, 26.21291394004069], [-111.44805908203604, 26.212913940137526], [-111.44805908203125, 26.2129139402353], [-111.44805908203125, 26.212916204038567], [-111.44805908202686, 26.212916204083136], [-111.44805908198222, 26.212916204087694], [-111.37763500218482, 26.213185716931836], [-111.37763500214047, 26.213185716927686], [-111.37763500213522, 26.213185716883434], [-111.37735605239932, 26.199767069573348], [-111.3773560524017, 26.199767069513367], [-111.37759844961107, 26.197341152956795], [-111.37759844961603, 26.1973411528587], [-111.37759844961133, 26.197341152760597], [-111.37759844959704, 26.197341152663423], [-111.37759844957328, 26.19734115256812], [-111.37759844954029, 26.19734115247561], [-111.37759844949838, 26.19734115238678], [-111.37759844944796, 26.197341152302492], [-111.37759844938951, 26.197341152223554], [-111.3775984493236, 26.197341152150734], [-111.37759844925087, 26.19734115208473], [-111.37759844917201, 26.197341152026176], [-111.37759844908778, 26.197341151975646], [-111.37759844899902, 26.197341151933617], [-111.37759844890655, 26.197341151900503], [-111.37759844881128, 26.197341151876618], [-111.37759844871412, 26.197341151862194], [-111.37759844861603, 26.19734115185737], [-111.37759208684166, 26.19734115185737], [-111.37759208679746, 26.197341151852967], [-111.37763500212941, 26.19697533455474], [-111.37763500213623, 26.196975334438225], [-111.37763500213623, 26.19241214763185], [-111.37763500214096, 26.192412147583727], [-111.37763500216928, 26.192412147490398], [-111.37763500219313, 26.192412147395192], [-111.37763500220754, 26.192412147298104], [-111.37763500221236, 26.192412147200073], [-111.37763500213623, 26.191372409193097], [-111.37763500213217, 26.191372409103092], [-111.37763500212003, 26.19137240901382], [-111.3770771026756, 26.188310903097502], [-111.377077102658, 26.188310903019005], [-111.37707710263416, 26.188310902942174], [-111.37568235403725, 26.18438281529519], [-111.37568235400155, 26.18438281520795], [-111.37568235395781, 26.184382815124454], [-111.3756823539064, 26.18438281504545], [-111.37568235384776, 26.184382814971638], [-111.37372970600579, 26.18214913766658], [-111.37372970593914, 26.18214913759736], [-111.37372970586617, 26.182149137534854], [-111.37372970578753, 26.18214913747964], [-111.37372970570395, 26.182149137432233], [-111.3737297056162, 26.182149137393065], [-111.37372970552511, 26.182149137362497], [-111.37175560002407, 26.181590711348854], [-111.37175559998236, 26.181590711332372], [-111.37287139870375, 26.179068132969007], [-111.37287139873969, 26.179068132875308], [-111.37287139876607, 26.179068132778475], [-111.37287139878259, 26.179068132679486], [-111.37287139878912, 26.179068132579342], [-111.37287139878556, 26.179068132479046], [-111.37287139877199, 26.17906813237961], [-111.3728713987485, 26.179068132282037], [-111.37287139871536, 26.17906813218731], [-111.3728713986729, 26.17906813209638], [-111.37287139862153, 26.179068132010165], [-111.37063980128637, 26.17571744749517], [-111.37063980122828, 26.175717447416563], [-111.37063980116278, 26.175717447344], [-111.37063980109052, 26.175717447278178], [-111.37063980101219, 26.17571744721973], [-111.3706398009285, 26.175717447169202], [-111.3706398008403, 26.175717447127088], [-111.3706398007484, 26.17571744709379], [-111.37063980065369, 26.17571744706962], [-111.37063980055707, 26.17571744705481], [-111.36785030370396, 26.17542859041268], [-111.36785030365179, 26.175428590401463], [-111.36785030360318, 26.17542859037923], [-111.36503934891995, 26.173753207642868], [-111.36503934883055, 26.173753207595535], [-111.36503934873683, 26.173753207557482], [-111.36503934863974, 26.173753207529092], [-111.36503934854028, 26.173753207510654], [-111.36503934843947, 26.17375320750236], [-111.36503934833833, 26.173753207504294], [-111.3650393482379, 26.173753207516434], [-111.36336565022475, 26.174042068293094], [-111.36336565018651, 26.174042068295936], [-111.36336565018169, 26.1740420682764], [-111.36336565017702, 26.170960849603883], [-111.36336565017245, 26.170960849508464], [-111.3633656501588, 26.170960849413916], [-111.3633656501362, 26.1709608493211], [-111.36336565010484, 26.17096084923087], [-111.363365650065, 26.170960849144038], [-111.36336565001709, 26.170960849061405], [-111.3633656499615, 26.17096084898372], [-111.36336564989874, 26.170960848911697], [-111.36336564982939, 26.170960848845993], [-111.3633656497541, 26.1709608487872], [-111.36336564967354, 26.170960848735863], [-111.36141300205952, 26.169843886951387], [-111.3614130020188, 26.169843886922067], [-111.36057615296123, 26.167321054324905], [-111.36057615292754, 26.167321054237313], [-111.36057615288578, 26.167321054153266], [-111.36057615283633, 26.167321054073504], [-111.36057615277961, 26.16732105399873], [-111.36057615271615, 26.1673210539296], [-111.36057615264647, 26.167321053866726], [-111.36057615257121, 26.16732105381066], [-111.36057615249102, 26.167321053761896], [-111.36057615240662, 26.167321053720865], [-111.36057615231874, 26.167321053687928], [-111.35973930362714, 26.167051434878182], [-111.35973930359361, 26.167051434864323], [-111.35973930358887, 26.156420247574264], [-111.35973930358432, 26.156420247479094], [-111.35973930357075, 26.15642024738479], [-111.35973930354827, 26.156420247292203], [-111.35973930351706, 26.15642024720218], [-111.35973930347744, 26.156420247115534], [-111.35973930342975, 26.15642024703305], [-111.35973930337443, 26.15642024695548], [-111.35973930331197, 26.156420246883528], [-111.35973930324295, 26.156420246817845], [-111.359739303168, 26.15642024675903], [-111.35973930308778, 26.156420246707615], [-111.35973930300304, 26.156420246664066], [-111.35664939884707, 26.155014238321677], [-111.35664939880712, 26.15501423829868], [-111.35664939878595, 26.155014238257802], [-111.35609149931881, 26.153627473438398], [-111.35525465013212, 26.151104289668474], [-111.35525465012122, 26.151104289619116], [-111.3552546501206, 26.15110428956861], [-111.35553359984944, 26.148022464387193], [-111.35553359985352, 26.148022464297046], [-111.35553359985352, 26.144381953430216], [-111.3555335998603, 26.144381953348216], [-111.35581254955568, 26.142706124681517], [-111.35581254956752, 26.142706124576065], [-111.35581254956813, 26.142706124469957], [-111.35581254955748, 26.142706124364377], [-111.35581254953571, 26.14270612426052], [-111.35469675065201, 26.138506815342065], [-111.35469675064464, 26.13850681529991], [-111.35469675064088, 26.136272259500497], [-111.35469675063574, 26.136272259399203], [-111.35469675062036, 26.13627225929895], [-111.3546967505949, 26.13627225920077], [-111.35469675055964, 26.13627225910567], [-111.35469675051492, 26.136272259014635], [-111.3546967504612, 26.1362722589286], [-111.35469675039906, 26.136272258848443], [-111.3546967503291, 26.136272258774998], [-111.35469675025207, 26.136272258709017], [-111.35469675016876, 26.136272258651175], [-111.35246515278227, 26.134885271448052], [-111.35246515274657, 26.13488527142066], [-111.35385990128664, 26.13207271865956], [-111.35385990132751, 26.132072718565244], [-111.35385990135849, 26.132072718467228], [-111.35385990137924, 26.13207271836655], [-111.35385990138954, 26.132072718264276], [-111.3538599013893, 26.132072718161485], [-111.3538599013785, 26.13207271805926], [-111.35302305230421, 26.12677491795235], [-111.35302305228522, 26.126774917860402], [-111.3530230522577, 26.126774917770643], [-111.35302305222187, 26.126774917683857], [-111.35302305217807, 26.126774917600816], [-111.35302305212667, 26.126774917522248], [-111.35302305206812, 26.126774917448845], [-111.35302305200297, 26.12677491738126], [-111.35302305193174, 26.126774917320077], [-111.3530230518551, 26.12677491726585], [-111.35302305177372, 26.126774917219045], [-111.3530230516883, 26.126774917180082], [-111.35023355492302, 26.12565753235242], [-111.35023355483894, 26.125657532323014], [-111.35023355475258, 26.125657532301208], [-111.34742259984235, 26.125079570339782], [-111.34742259979748, 26.125079570325685], [-111.34742259979531, 26.125079570278803], [-111.34770154950716, 26.12005118078782], [-111.34770154950779, 26.120051180689956], [-111.34770154949885, 26.1200511805925], [-111.34770154948043, 26.120051180496386], [-111.34770154945271, 26.12005118040253], [-111.34770154941594, 26.120051180311837], [-111.34770154937048, 26.12005118022517], [-111.34770154931678, 26.12005118014336], [-111.34770154925533, 26.12005118006719], [-111.34546995167763, 26.11754653764855], [-111.34546995157433, 26.11754653754821], [-111.34379625323189, 26.11614006082843], [-111.34379625321174, 26.11614006080887], [-111.34379625320679, 26.11614006080267], [-111.3437962532061, 26.116140060799662], [-111.34323835377302, 26.111381034739477], [-111.34323835375585, 26.111381034638256], [-111.34323835372838, 26.11138103453933], [-111.34323835369094, 26.111381034443745], [-111.34323835364387, 26.1113810343525], [-111.3432383535877, 26.11138103426656], [-111.34323835352302, 26.111381034186838], [-111.3432383534505, 26.11138103411416], [-111.34014844901563, 26.10858718371169], [-111.3401484489413, 26.108587183650727], [-111.34014844886148, 26.10858718359718], [-111.33596420296871, 26.10606302667612], [-111.33596420287864, 26.106063026627883], [-111.33596420278413, 26.106063026589087], [-111.3312005996936, 26.104386647961046], [-111.32506370548796, 26.10188166953908], [-111.32506370544753, 26.101881669517947], [-111.32392644884611, 26.099916187380256], [-111.32392644882661, 26.099916187337524], [-111.32392644882457, 26.09991618729056], [-111.32476329801081, 26.083979147127657], [-111.32476329801128, 26.08397914703275], [-111.32476329800275, 26.083979146938226], [-111.3247632979853, 26.083979146844936], [-111.3247632979591, 26.08397914675372], [-111.32476329792435, 26.0839791466654], [-111.32476329788139, 26.08397914658077], [-111.3247632978306, 26.083979146500596], [-111.32476329777244, 26.083979146425598], [-111.32476329770743, 26.083979146356448], [-111.31695270542002, 26.076424192612123], [-111.31695270538874, 26.076424192574983], [-111.31751060485122, 26.071663550248196], [-111.3175106048803, 26.071663550129227], [-111.31974220274282, 26.06578475714922], [-111.31974220276227, 26.06578475710925], [-111.31974220278866, 26.065784757073285], [-111.32392644879025, 26.06104295824384], [-111.32392644882454, 26.06104295821177], [-111.32757425260722, 26.059635802276915], [-111.32757425269338, 26.05963580223893], [-111.32757425277558, 26.059635802193007], [-111.3275742528531, 26.059635802139557], [-111.32757425292525, 26.05963580207905], [-111.32757425299138, 26.05963580201203], [-111.32757425305093, 26.059635801939084], [-111.32757425310334, 26.05963580186086], [-111.32757425314817, 26.059635801778054], [-111.327574253185, 26.0596358016914], [-111.32757425321353, 26.05963580160166], [-111.32869005201923, 26.055452786237865], [-111.32869005204054, 26.055452786137593], [-111.32980585097587, 26.04845505715475], [-111.33092164992196, 26.043982460516354], [-111.33092164993647, 26.043982460474634], [-111.33092164996485, 26.04398246044064], [-111.33512735363705, 26.039779606446427], [-111.33512735367049, 26.039779606418428], [-111.33512735370816, 26.0397796063968], [-111.33571089606798, 26.039509695116415], [-111.33571089615367, 26.039509695071633], [-111.33571089623464, 26.03950969501878], [-111.33571089631012, 26.039509694958355], [-111.33571089637941, 26.039509694890924], [-111.33571089644188, 26.039509694817113], [-111.33571089649692, 26.039509694737617], [-111.33571089654401, 26.039509694653177], [-111.33571089658274, 26.039509694564583], [-111.33571089661274, 26.039509694472663], [-111.33571089663371, 26.039509694378275], [-111.33571089664547, 26.039509694282305], [-111.33571089664791, 26.039509694185647], [-111.335710896641, 26.0395096940892], [-111.3357108966248, 26.039509693993878], [-111.33571089659948, 26.039509693900563], [-111.33571089656527, 26.039509693810132], [-111.33571089652249, 26.039509693723424], [-111.33571089647151, 26.039509693641257], [-111.33571089641286, 26.039509693564394], [-111.33571089634705, 26.039509693493557], [-111.3357108962747, 26.039509693429405], [-111.3357108961965, 26.03950969337254], [-111.33571089611318, 26.03950969332349], [-111.3357108960255, 26.039509693282724], [-111.3357108959343, 26.03950969325061], [-111.33571089584042, 26.03950969322746], [-111.33571089574475, 26.03950969321348], [-111.33571089564818, 26.039509693208803], [-111.33570671086386, 26.039509693208803], [-111.33570671083027, 26.039509693205545], [-111.3357067108594, 26.039509693188496], [-111.33875369993754, 26.03810227871434], [-111.33875370002306, 26.038102278669715], [-111.33875370010388, 26.03810227861706], [-111.33875370017924, 26.03810227855686], [-111.33875370024846, 26.03810227848968], [-111.33875370031089, 26.038102278416144], [-111.33875370036594, 26.038102278336936], [-111.3387537004131, 26.03810227825279], [-111.3405132293476, 26.03457402793987], [-111.3405132293729, 26.034574027899787], [-111.34052360804156, 26.034574027894717], [-111.34052360814192, 26.03457402788967], [-111.34052360824127, 26.034574027874573], [-111.3405236083386, 26.034574027849583], [-111.34052360843293, 26.034574027814948], [-111.34052360852331, 26.034574027771026], [-111.34052360860883, 26.03457402771825], [-111.34052360868861, 26.03457402765716], [-111.34052360876187, 26.034574027588373], [-111.34052360882785, 26.03457402751258], [-111.34052360888589, 26.034574027430548], [-111.3405236089354, 26.0345740273431], [-111.34268045423426, 26.030274431462413], [-111.3426804542807, 26.030274431387276], [-111.34435415258234, 26.028037807851753], [-111.3443541526418, 26.028037807762715], [-111.34435415269141, 26.028037807667836], [-111.34435415273059, 26.028037807568197], [-111.34602785093976, 26.023005249001713], [-111.34602785096571, 26.02300524890897], [-111.34602785098264, 26.023005248814155], [-111.34602785099035, 26.023005248718157], [-111.34602785098879, 26.02300524862186], [-111.34602785097799, 26.02300524852616], [-111.34602785095801, 26.023005248431947], [-111.34602785092908, 26.023005248340088], [-111.34602785089145, 26.02300524825144], [-111.34602785084545, 26.02300524816682], [-111.34602785079153, 26.02300524808702], [-111.34435415272242, 26.020768486299662], [-111.34435415262868, 26.020768486191496], [-111.34014844897754, 26.016564800481618], [-111.34014844894837, 26.01656480044636], [-111.33875370034303, 26.005379949958378], [-111.33875370032531, 26.005379949858142], [-111.3387537002975, 26.00537994976023], [-111.33875370025987, 26.00537994966565], [-111.33875370021282, 26.005379949575385], [-111.33875370015684, 26.005379949490372], [-111.33875370009251, 26.00537994941149], [-111.33875370002049, 26.005379949339556], [-111.33875369994153, 26.005379949275316], [-111.33875369985645, 26.005379949219435], [-111.33875369976614, 26.00537994917249], [-111.33875369967151, 26.005379949134973], [-111.33875369957357, 26.00537994910727], [-111.33259534840472, 26.003972125279123], [-111.33259534836372, 26.00397212526553], [-111.3325953483755, 26.003972125224063], [-111.33401155469981, 26.000346418709245], [-111.33401155472122, 26.000346418667323], [-111.33401155476801, 26.000346418662637], [-111.33847474937734, 26.000346418662637], [-111.33847474947733, 26.000346418657625], [-111.33847474957632, 26.00034641864264], [-111.33847474967332, 26.00034641861783], [-111.33847474976734, 26.000346418583447], [-111.33847474985747, 26.000346418539838], [-111.33847474994278, 26.000346418487432], [-111.33847475002241, 26.00034641842676], [-111.33847475009559, 26.000346418358426], [-111.33847475016157, 26.00034641828312], [-111.33847475021967, 26.000346418201595], [-111.33847475026934, 26.000346418114667], [-111.33847475031007, 26.000346418023206], [-111.33847475034145, 26.00034641792813], [-111.33847475036316, 26.000346417830396], [-111.338474750375, 26.00034641773098], [-111.33847475037683, 26.00034641763088], [-111.33847475036865, 26.000346417531098], [-111.33791685104804, 25.996142001766593], [-111.33791685103732, 25.99614200170206], [-111.33708000184053, 25.991956721745904], [-111.3370800018359, 25.9919567216999], [-111.33931159957598, 25.989160023120363], [-111.3393115996331, 25.989160023041123], [-111.33931159968222, 25.98916002295669], [-111.33931159972288, 25.989160022867864], [-111.33931159975467, 25.989160022775497], [-111.33931159977729, 25.989160022680473], [-111.34014844893869, 25.984685166494476], [-111.34014844894575, 25.98468516646611], [-111.34014844895617, 25.984685166438588], [-111.34240150449648, 25.97965074937401], [-111.34240150452034, 25.97965074933228], [-111.34240150455838, 25.979650749302852], [-111.34686470029516, 25.97685375778516], [-111.34939670556203, 25.975445592052015], [-111.34939670562592, 25.975445592013287], [-111.34939670568674, 25.975445591969898], [-111.3530230521513, 25.97264850048749], [-111.35302305221337, 25.972648500435472], [-111.35302305227103, 25.972648500378607], [-111.35467529269924, 25.970881257976654], [-111.35467529276009, 25.970881257905095], [-111.35467529281398, 25.970881257828143], [-111.35467529286039, 25.970881257746477], [-111.35467529289895, 25.970881257660814], [-111.35467529292929, 25.97088125757191], [-111.35467529295116, 25.970881257480556], [-111.35467529296434, 25.97088125738755], [-111.35467529296876, 25.970881257293716], [-111.35467529296876, 25.97087375961167], [-111.35467529297304, 25.9708737595663], [-111.35467529300098, 25.97087375953023], [-111.35720729814746, 25.96817301569287], [-111.35720729820898, 25.968173015620682], [-111.35720729826338, 25.96817301554299], [-111.35720729831016, 25.968173015460494], [-111.35720729834892, 25.968173015373935], [-111.35918140405465, 25.96313789168048], [-111.35918140408833, 25.963137891578928], [-111.35918140411096, 25.963137891474357], [-111.35918140412228, 25.963137891367968], [-111.35931935581135, 25.96051414103271], [-111.3593193558118, 25.960514140937256], [-111.35931935580315, 25.960514140842196], [-111.35931935578549, 25.960514140748394], [-111.35931935575896, 25.960514140656702], [-111.3593193557238, 25.96051414056796], [-111.35931935568034, 25.96051414048297], [-111.35931935562898, 25.960514140402513], [-111.35931935557018, 25.96051414032732], [-111.35931935550448, 25.960514140258073], [-111.35931935543248, 25.960514140195407], [-111.35931935535483, 25.960514140139892], [-111.35931935527223, 25.960514140092034], [-111.35931935518546, 25.96051414005227], [-111.3593193550953, 25.96051414002096], [-111.35931935500254, 25.960514139998388], [-111.35931935490807, 25.96051413998476], [-111.35931935481273, 25.960514139980205], [-111.35931015019436, 25.960514139980205], [-111.35931015015133, 25.960514139976073], [-111.35946035384286, 25.957832451259673], [-111.35946035384345, 25.957832451159632], [-111.35946035383404, 25.957832451060032], [-111.35946035381473, 25.95783245096187], [-111.35862350467164, 25.954475430849737], [-111.35862350464589, 25.954475430763257], [-111.35862350461245, 25.95447543067945], [-111.35862350457158, 25.954475430599004], [-111.35497570040003, 25.948031226792143], [-111.35497570036338, 25.9480312267117], [-111.35358095169421, 25.944114367586796], [-111.35302305225063, 25.942435673867248], [-111.35302305221002, 25.94243567376439], [-111.35302305215828, 25.942435673666647], [-111.3521862032184, 25.941046392177327], [-111.35218620316327, 25.941046392095277], [-111.3521862031003, 25.94104639201907], [-111.35218620303013, 25.941046391949456], [-111.35218620295343, 25.941046391887106], [-111.35218620287094, 25.941046391832632], [-111.35218620278349, 25.941046391786568], [-111.3521862026919, 25.941046391749367], [-111.3521862025971, 25.94104639172139], [-111.35107040410146, 25.940776251773], [-111.35107040407881, 25.94077625176504], [-111.35107040406606, 25.940776251756535], [-111.35274410241603, 25.93936765432772], [-111.3527441024757, 25.939367654273248], [-111.35274410253076, 25.939367654214134], [-111.35441780087395, 25.93741874508139], [-111.35441780090564, 25.937418745050604], [-111.35467529236752, 25.937306784013874], [-111.35467529245422, 25.937306783971078], [-111.35467529253637, 25.937306783920114], [-111.35467529261322, 25.93730678386145], [-111.35467529268405, 25.937306783795645], [-111.3546752927482, 25.9373067837233], [-111.35467529280506, 25.937306783645106], [-111.35467529285408, 25.937306783561784], [-111.35467529289485, 25.937306783474114], [-111.35467529292696, 25.93730678338292], [-111.3546752929501, 25.93730678328905], [-111.35467529296409, 25.937306783193385], [-111.35467529296876, 25.937306783096815], [-111.35467529296876, 25.93730296729517], [-111.35467529297318, 25.937302967249583], [-111.35467529301327, 25.937302967227417], [-111.35637044839895, 25.936569705489763], [-111.35637044848572, 25.936569705447145], [-111.35637044856796, 25.93656970539634], [-111.35637044864492, 25.936569705337835], [-111.35637044871586, 25.936569705272174], [-111.35637044878014, 25.936569705199968], [-111.35637044883714, 25.936569705121894], [-111.35637044888634, 25.93656970503868], [-111.35637044892728, 25.9365697049511], [-111.35637044895957, 25.936569704859984], [-111.3563704489829, 25.93656970476617], [-111.35637044899707, 25.936569704670546], [-111.35637044900194, 25.936569704573998], [-111.35637044899747, 25.93656970447743], [-111.35525465017007, 25.92481759402917], [-111.3552546501567, 25.924817593935632], [-111.35525465013457, 25.924817593843773], [-111.35525465010386, 25.924817593754412], [-111.35525465006485, 25.924817593668347], [-111.3552546500179, 25.924817593586347], [-111.35525464996343, 25.924817593509147], [-111.3552546499019, 25.92481759343743], [-111.35525464983388, 25.924817593371845], [-111.35525464975997, 25.92481759331297], [-111.35525464968084, 25.924817593261334], [-111.35525464959719, 25.924817593217394], [-111.35467529301164, 25.924547416209904], [-111.354675292973, 25.92454741618721], [-111.35467529296876, 25.92454741614258], [-111.35467529296876, 25.9245440962697], [-111.35467529296433, 25.924544096175694], [-111.35467529295109, 25.92454409608252], [-111.35467529292914, 25.924544095991003], [-111.35467529289869, 25.924544095901958], [-111.35467529286, 25.924544095816167], [-111.35467529281343, 25.924544095734394], [-111.35467529275935, 25.92454409565736], [-111.35467529269829, 25.924544095585752], [-111.35467529263076, 25.9245440955202], [-111.35467529255737, 25.924544095461286], [-111.35467529247877, 25.924544095409534], [-111.35467529239565, 25.9245440953654], [-111.35051250461503, 25.922578963123552], [-111.35051250454367, 25.922578963082344], [-111.34770154978709, 25.92062977636967], [-111.34770154970128, 25.920629776316375], [-111.34770154961055, 25.920629776272012], [-111.34770154951579, 25.92062977623703], [-111.34770154941799, 25.920629776211783], [-111.34770154931815, 25.92062977619653], [-111.34770154921726, 25.92062977619143], [-111.3463068011734, 25.92062977619143], [-111.34630680108218, 25.9206297761956], [-111.34630680099171, 25.920629776208074], [-111.34630680090275, 25.92062977622875], [-111.34630680081607, 25.920629776257453], [-111.34630680073235, 25.920629776293946], [-111.34630680065231, 25.920629776337922], [-111.34630680057663, 25.92062977638902], [-111.34519100205281, 25.92145963186643], [-111.34519100197656, 25.921459631929228], [-111.34519100190685, 25.921459631999245], [-111.34519100184441, 25.921459632075795], [-111.34519100178983, 25.921459632158133], [-111.34435415270488, 25.922868443519434], [-111.34435415268118, 25.92286844355156], [-111.34435415266881, 25.92286844351353], [-111.34240150451981, 25.913913519028277], [-111.3424015045131, 25.913913518999525], [-111.34184360509478, 25.91167468182164], [-111.34184360506292, 25.911674681718083], [-111.34184360502005, 25.911674681618578], [-111.34184360496667, 25.911674681524293], [-111.34184360490339, 25.91167468143634], [-111.33959054956489, 25.908876075201533], [-111.33959054949759, 25.90887607512608], [-111.33959054942301, 25.908876075057808], [-111.3395905493419, 25.90887607499742], [-111.33875370087101, 25.908316346219724], [-111.33875370078705, 25.908316346169336], [-111.33875370069858, 25.9083163461274], [-111.3387537006064, 25.90831634609432], [-111.33875370051146, 25.90831634607041], [-111.33875370041461, 25.908316346055905], [-111.33875370031683, 25.908316346050935], [-111.33875370021902, 25.908316346055557], [-111.33875370012213, 25.90831634606972], [-111.3387537000271, 25.908316346093294], [-111.33875369993481, 25.908316346126046], [-111.33875369984618, 25.908316346167666], [-111.33875369976205, 25.908316346217756], [-111.33875369968321, 25.908316346275832], [-111.33806705478645, 25.908876075051516], [-111.33806705475071, 25.908876075075238], [-111.33806705473414, 25.90887607503563], [-111.33750915528414, 25.907061770581098], [-111.33750915526792, 25.90706177051038], [-111.33723020554268, 25.90524743814838], [-111.33723020553992, 25.905247438104823], [-111.33735895154784, 25.904822803146047], [-111.33735895157942, 25.904822803006738], [-111.33750915526623, 25.90383841604774], [-111.33750915527766, 25.903838416002465], [-111.33791685075391, 25.903278663220753], [-111.33791685080948, 25.903278663135687], [-111.33791685085613, 25.903278663045423], [-111.33791685089338, 25.90327866295089], [-111.33791685092085, 25.903278662853065], [-111.33791685093824, 25.90327866275296], [-111.33791685094539, 25.903278662651605], [-111.33791685094222, 25.903278662550047], [-111.33791685092876, 25.90327866244934], [-111.33791685090515, 25.903278662350512], [-111.33750915528849, 25.901888919364968], [-111.33723020554096, 25.900344740688023], [-111.33723020553751, 25.900344740659865], [-111.33723020553728, 25.900344740631628], [-111.33735895156742, 25.897700287804025], [-111.33735895156862, 25.8977002877554], [-111.33735895156862, 25.896020933331474], [-111.33735895156389, 25.89602093323438], [-111.33735895154976, 25.8960209331382], [-111.33735895152635, 25.896020933043847], [-111.3373589514939, 25.896020932952215], [-111.33735895145271, 25.896020932864165], [-111.33735895140316, 25.89602093278053], [-111.33735895134572, 25.8960209327021], [-111.33735895128093, 25.896020932629625], [-111.33652210256636, 25.895171595142237], [-111.33652210249498, 25.895171595076494], [-111.33652210241756, 25.89517159501798], [-111.33652210233483, 25.89517159496725], [-111.33652210224757, 25.895171594924776], [-111.33652210215661, 25.89517159489096], [-111.3365221020628, 25.89517159486612], [-111.33525609975051, 25.89490134975063], [-111.33525609970404, 25.894901349735658], [-111.33525609967444, 25.89490134969683], [-111.33456945422012, 25.893781755981855], [-111.33456945419867, 25.893781755937077], [-111.33456945420724, 25.893781755888057], [-111.33512735365662, 25.89181278939288], [-111.33512735367628, 25.891812789310272], [-111.33596420267868, 25.88748867008362], [-111.33596420269238, 25.887488669988585], [-111.3359642026969, 25.887488669892672], [-111.3359642026922, 25.88748866979677], [-111.33596420267833, 25.88748866970176], [-111.33596420265539, 25.88748866960852], [-111.33596420262363, 25.887488669517907], [-111.33596420258333, 25.88748866943076], [-111.33596420253485, 25.887488669347878], [-111.33596420247865, 25.887488669270027], [-111.33596420241524, 25.887488669197925], [-111.33596420234521, 25.88748866913224], [-111.3359642022692, 25.88748866907357], [-111.33596420218791, 25.887488669022463], [-111.3359642021021, 25.887488668979387], [-111.33596420201255, 25.88748866894474], [-111.33596420192009, 25.88748866891884], [-111.33596420182558, 25.887488668901927], [-111.33373260502866, 25.88719910175876], [-111.33373260498702, 25.88719910174918], [-111.33373260500377, 25.887199101709943], [-111.33441925046489, 25.885944302014288], [-111.33441925049044, 25.885944301976792], [-111.33723020467646, 25.886504137196454], [-111.3372302047713, 25.886504137210654], [-111.33723020486708, 25.886504137215706], [-111.33723020496289, 25.886504137211556], [-111.33723020505788, 25.886504137198248], [-111.33723020515114, 25.886504137175905], [-111.33723020524184, 25.886504137144726], [-111.33723020532913, 25.886504137105003], [-111.33723020541223, 25.886504137057102], [-111.33723020549034, 25.886504137001463], [-111.33723020556276, 25.886504136938594], [-111.33723020562883, 25.88650413686908], [-111.33723020568794, 25.88650413679355], [-111.33723020573954, 25.88650413671271], [-111.33723020578316, 25.886504136627295], [-111.3372302058184, 25.886504136538097], [-111.3391828536821, 25.880770525161722], [-111.33918285370284, 25.880770525116663], [-111.34113550163629, 25.87965079742801], [-111.34113550172174, 25.879650797373056], [-111.34113550180118, 25.87965079730972], [-111.34113550187378, 25.879650797238643], [-111.3411355019388, 25.87965079716057], [-111.34113550199555, 25.879650797076298], [-111.34197235099323, 25.878260775722474], [-111.3419723510428, 25.878260775629368], [-111.34197235108228, 25.878260775531558], [-111.34197235111124, 25.87826077543013], [-111.34268045416535, 25.875171780271163], [-111.34268045418209, 25.875171780178114], [-111.34268045418997, 25.8751717800839], [-111.34268045418892, 25.875171779989365], [-111.34268045417895, 25.87517177989535], [-111.34268045416015, 25.875171779802695], [-111.34268045413266, 25.875171779712232], [-111.34268045409678, 25.875171779624768], [-111.34268045405278, 25.875171779541084], [-111.34169340138078, 25.873492104640622], [-111.34169340133359, 25.873492104567763], [-111.34169340128027, 25.873492104499267], [-111.33931159975832, 25.870692592662003], [-111.33931159970199, 25.87069259260111], [-111.33708000184528, 25.868472242907117], [-111.33512735369794, 25.86636769900713], [-111.33512735367141, 25.866367698972994], [-111.33512735365129, 25.866367698934912], [-111.33441925064099, 25.864687898854672], [-111.33441925060063, 25.864687898770217], [-111.33441925055256, 25.864687898689905], [-111.33441925049719, 25.86468789861444], [-111.334419250435, 25.864687898544485], [-111.33441925036655, 25.86468789848065], [-111.33441925029243, 25.864687898423494], [-111.33441925021329, 25.864687898373518], [-111.33441925012981, 25.864687898331162], [-111.33317470555184, 25.86412795971317], [-111.3331747055307, 25.864127959700934], [-111.3331747055089, 25.864127959679426], [-111.3331747055039, 25.864127959641422], [-111.33287429811767, 25.85391343886328], [-111.33287429810991, 25.85391343876487], [-111.33287429809248, 25.853913438667703], [-111.33287429806555, 25.85391343857273], [-111.33287429802938, 25.853913438480873], [-111.33287429798433, 25.85391343839303], [-111.33287429793086, 25.853913438310055], [-111.33287429786945, 25.853913438232762], [-111.33287429780071, 25.853913438161896], [-111.33287429772534, 25.853913438098154], [-111.33287429764404, 25.853913438042152], [-111.33287429755762, 25.853913437994443], [-111.33287429746692, 25.853913437955484], [-111.33287429737281, 25.85391343792566], [-111.33023500447113, 25.853218277931], [-111.33023500442935, 25.85321827791562], [-111.330235004426, 25.85321827787127], [-111.3305139541616, 25.83910178001743], [-111.33051395416705, 25.839101779972214], [-111.33358240039647, 25.838947280974626], [-111.3335824004922, 25.838947280965172], [-111.3335824005866, 25.83894728094656], [-111.33358240067875, 25.838947280918966], [-111.33358240076784, 25.838947280882643], [-111.33358240085302, 25.838947280837928], [-111.33358240093351, 25.838947280785234], [-111.33358240100857, 25.838947280725048], [-111.33358240107749, 25.83894728065793], [-111.33358240113965, 25.8389472805845], [-111.33358240119446, 25.838947280505433], [-111.33358240124142, 25.83894728042147], [-111.3335824012801, 25.838947280333382], [-111.33358240131012, 25.83894728024198], [-111.33358240133123, 25.838947280148123], [-111.33358240134322, 25.83894728005267], [-111.33373260494639, 25.836996713678705], [-111.33373260494922, 25.8369967135859], [-111.33373260494342, 25.836996713493235], [-111.33373260492905, 25.836996713401508], [-111.33373260490625, 25.836996713311507], [-111.33373260487518, 25.83699671322401], [-111.33373260483614, 25.83699671313977], [-111.33373260478946, 25.836996713059516], [-111.33373260473553, 25.836996712983936], [-111.33373260467482, 25.836996712913685], [-111.33135080344644, 25.834486034296134], [-111.33135080337178, 25.834486034225137], [-111.33135080329019, 25.834486034162204], [-111.32911920549795, 25.83294097452103], [-111.32911920547596, 25.832940974503913], [-111.32911920545838, 25.83294097448235], [-111.32770299941447, 25.83099030821736], [-111.32770299935557, 25.830990308143786], [-111.32770299929, 25.830990308076085], [-111.32770299921835, 25.830990308014858], [-111.32770299914125, 25.830990307960647], [-111.3277029990594, 25.830990307913936], [-111.3277029989735, 25.83099030787514], [-111.32770299888433, 25.8309903078446], [-111.3277029987927, 25.83099030782259], [-111.3277029986994, 25.830990307809305], [-111.32770299860525, 25.830990307804864], [-111.32491350196291, 25.830990307804864], [-111.32491350185323, 25.830990307810897], [-111.32491350174487, 25.830990307828923], [-111.32491350163914, 25.830990307858727], [-111.32491350153732, 25.83099030789995], [-111.32253170019403, 25.83211049654465], [-111.32253170007883, 25.832110496608408], [-111.3205790520254, 25.833365867903144], [-111.32057905192238, 25.83336586797911], [-111.31959199916582, 25.834196336966748], [-111.31959199909488, 25.83419633703255], [-111.31959199903065, 25.834196337104903], [-111.31959199897369, 25.834196337183123], [-111.31931304940973, 25.83462122584437], [-111.3193130493535, 25.8346212259415], [-111.31931304930849, 25.83462122604432], [-111.31931304927531, 25.834621226151537], [-111.31903409960852, 25.83574138026809], [-111.31903409958632, 25.835741380388008], [-111.31903409957887, 25.835741380509738], [-111.31903409957887, 25.836436643257468], [-111.31903409957485, 25.836436643301827], [-111.31903409956288, 25.83643664334486], [-111.31834745416015, 25.838252032531432], [-111.31834745412985, 25.83825203262529], [-111.31834745410893, 25.83825203272168], [-111.31834745409763, 25.83825203281966], [-111.31834745409603, 25.838252032918277], [-111.31834745410414, 25.838252033016573], [-111.31862640380238, 25.840357077117822], [-111.31862640380413, 25.840357077164512], [-111.3184762001112, 25.84134199328436], [-111.31847620009957, 25.841341993329962], [-111.31778955474064, 25.841747544580773], [-111.3177895546484, 25.841747544642402], [-111.31778955456355, 25.841747544713872], [-111.31778955448713, 25.841747544794302], [-111.31695270541452, 25.842732449221884], [-111.31695270538144, 25.84273244925398], [-111.3154077530412, 25.842732449258612], [-111.31540775299473, 25.842732449253905], [-111.31484985352832, 25.84062744717329], [-111.3148498535208, 25.840627447126664], [-111.31596565219627, 25.839101780336023], [-111.31596565224872, 25.839101780256634], [-111.3159656522934, 25.839101780172612], [-111.31596565232988, 25.83910178008473], [-111.31596565235785, 25.839101779993776], [-111.31596565237705, 25.839101779900574], [-111.31596565238729, 25.839101779805972], [-111.3159656523885, 25.839101779710823], [-111.31596565238065, 25.83910177961599], [-111.31596565236384, 25.83910177952233], [-111.31525754939173, 25.836011761357042], [-111.31525754936509, 25.836011761262434], [-111.3152575493293, 25.836011761170898], [-111.3152575492847, 25.836011761083316], [-111.3152575492317, 25.836011761000535], [-111.31525754917084, 25.83601176092336], [-111.3152575491027, 25.83601176085253], [-111.31525754902793, 25.83601176078873], [-111.31525754894726, 25.83601176073258], [-111.31525754886147, 25.83601176068462], [-111.31358385090358, 25.835181304533545], [-111.3135838508634, 25.835181304508545], [-111.31358385082876, 25.8351813044764], [-111.31246805214411, 25.83392595266775], [-111.31246805207651, 25.83392595259873], [-111.31246805200257, 25.833925952536546], [-111.31246805192298, 25.833925952481792], [-111.31246805183847, 25.833925952434974], [-111.31246805174983, 25.833925952396527], [-111.3124680516579, 25.833925952366815], [-111.31246805156354, 25.833925952346114], [-111.30995750432335, 25.833501060991505], [-111.30995750427498, 25.833501060978083], [-111.309957504236, 25.83350106094636], [-111.30729675293911, 25.830835798186698], [-111.3072967529202, 25.83083579816824], [-111.30420684816615, 25.827900076951174], [-111.30420684812552, 25.82790007690769], [-111.30212545396698, 25.825389204964146], [-111.3021254539504, 25.825389204941683], [-111.30212545393918, 25.82538920491597], [-111.30113840115393, 25.82272375981539], [-111.30113840111596, 25.82272375972634], [-111.30113840106957, 25.822723759641384], [-111.30113840101517, 25.82272375956131], [-111.30113840095328, 25.822723759486873], [-111.30113840088448, 25.822723759418768], [-111.30113840080942, 25.822723759357636], [-111.3011384007288, 25.822723759304044], [-111.29903554920375, 25.821468275280186], [-111.29903554916739, 25.82146827525361], [-111.29819870011022, 25.819382210885173], [-111.29819870006799, 25.81938221079356], [-111.29819870001673, 25.819382210706667], [-111.29819869995698, 25.81938221062538], [-111.29819869988935, 25.819382210550526], [-111.29819869981452, 25.819382210482864], [-111.29819869973326, 25.81938221042309], [-111.29819869964639, 25.819382210371806], [-111.29819869955479, 25.819382210329536], [-111.29540920262285, 25.81826190129875], [-111.2954092025795, 25.818261901276006], [-111.29373550431164, 25.8150361245072], [-111.2937355042633, 25.815036124424058], [-111.29373550420718, 25.815036124345944], [-111.29373550414383, 25.815036124273586], [-111.29373550407381, 25.815036124207644], [-111.29373550399778, 25.815036124148737], [-111.29373550391645, 25.815036124097404], [-111.29373550383056, 25.81503612405412], [-111.28995895390196, 25.813355594760903], [-111.28995895386309, 25.813355594738855], [-111.29120349882477, 25.80945358387927], [-111.29120349884397, 25.809453583835218], [-111.29330634996934, 25.80916382552044], [-111.29330635006617, 25.809163825502196], [-111.29330635016073, 25.809163825474513], [-111.29330635025211, 25.809163825437658], [-111.29330635033942, 25.809163825391988], [-111.29330635042182, 25.80916382533795], [-111.29330635049848, 25.809163825276062], [-111.2933063505687, 25.809163825206934], [-111.29330635063177, 25.80916382513123], [-111.29330635068708, 25.809163825049684], [-111.29330635073408, 25.809163824963093], [-111.29330635077235, 25.809163824872297], [-111.2933063508015, 25.809163824778175], [-111.29330635082124, 25.80916382468164], [-111.29358530043821, 25.807347989950326], [-111.29358530044978, 25.80734798990493], [-111.29358530048432, 25.807347989873357], [-111.29525899883402, 25.806092342712684], [-111.29525899887204, 25.806092342689276], [-111.30002260203051, 25.80609234268505], [-111.30002260207918, 25.806092342690008], [-111.30197525020752, 25.807772975145784], [-111.30197525023948, 25.80777297517917], [-111.3019752502391, 25.807772975225337], [-111.30169630055921, 25.810419439585655], [-111.3016963005537, 25.810419439688825], [-111.30169630055887, 25.810419439792014], [-111.30169630057466, 25.810419439894115], [-111.3016963006009, 25.810419439994046], [-111.3016963006373, 25.810419440090737], [-111.30169630068349, 25.810419440183153], [-111.30169630073897, 25.810419440270312], [-111.30169630080314, 25.810419440351282], [-111.30169630087534, 25.810419440425193], [-111.3033699986259, 25.81196479342999], [-111.30336999870156, 25.81196479349324], [-111.3033699987831, 25.811964793548725], [-111.30336999886968, 25.81196479359591], [-111.30336999896052, 25.811964793634335], [-111.30336999905468, 25.811964793663627], [-111.30336999915127, 25.8119647936835], [-111.30336999924936, 25.811964793693765], [-111.30336999934798, 25.81196479369432], [-111.306459902481, 25.811829576128982], [-111.30645990257953, 25.81182957611977], [-111.30645990267668, 25.811829576100862], [-111.30645990277146, 25.811829576072444], [-111.306459902863, 25.811829576034796], [-111.30645990295035, 25.811829575988288], [-111.30645990303267, 25.81182957593337], [-111.30645990310917, 25.811829575870586], [-111.30645990317909, 25.811829575800548], [-111.30645990324174, 25.81182957572394], [-111.30645990329651, 25.811829575641514], [-111.30645990334288, 25.81182957555408], [-111.30645990338037, 25.81182957546249], [-111.30645990340862, 25.811829575367643], [-111.30645990342735, 25.81182957527047], [-111.3064599034364, 25.81182957517192], [-111.30645990343565, 25.811829575072956], [-111.30645990342514, 25.811829574974553], [-111.30645990340494, 25.81182957487767], [-111.3054728508122, 25.808043419606953], [-111.30547285080459, 25.808043419558274], [-111.30547285080681, 25.80804341950905], [-111.30590200423623, 25.805107133283805], [-111.30590200424457, 25.805107133205027], [-111.30603075027138, 25.803156008071497], [-111.30603075027872, 25.803156008027514], [-111.30826234698797, 25.803581008105613], [-111.3082623470847, 25.80358100811918], [-111.3082623471823, 25.803581008123246], [-111.30826234727984, 25.803581008117767], [-111.30826234737637, 25.8035810081028], [-111.30826234747097, 25.803581008078485], [-111.30826234756276, 25.803581008045057], [-111.30826234765084, 25.80358100800283], [-111.30826234773438, 25.803581007952214], [-111.3082623478126, 25.803581007893687], [-111.30826234788472, 25.80358100782781], [-111.30826234795008, 25.80358100775521], [-111.30826234800804, 25.803581007676577], [-111.30826234805805, 25.80358100759267], [-111.30826234809963, 25.803581007504278], [-111.30826234813239, 25.803581007412255], [-111.30826234815602, 25.803581007317472], [-111.30826234817029, 25.803581007220835], [-111.30826234817506, 25.80358100712327], [-111.30826234825119, 25.80236395830497], [-111.30826234824637, 25.80236395820694], [-111.30826234823196, 25.80236395810985], [-111.30826234820812, 25.802363958014645], [-111.3082623481798, 25.802363957921315], [-111.30826234817506, 25.802363957873194], [-111.30826234817506, 25.80049006227081], [-111.30826234817981, 25.800490062224167], [-111.30826234822518, 25.8004900622124], [-111.31191015146821, 25.79992981975603], [-111.31191015156304, 25.79992981973673], [-111.31191015165555, 25.799929819708353], [-111.3119101517449, 25.799929819671164], [-111.31191015183023, 25.799929819625515], [-111.31191015191075, 25.799929819571833], [-111.3119101519857, 25.799929819510616], [-111.3119101520544, 25.799929819442443], [-111.31191015211616, 25.799929819367954], [-111.31191015217044, 25.799929819287836], [-111.31191015221673, 25.79992981920285], [-111.31191015225458, 25.799929819113785], [-111.31191015228364, 25.799929819021482], [-111.31191015230367, 25.7999298189268], [-111.31191015231443, 25.799929818830627], [-111.31191015231585, 25.799929818733865], [-111.3119101523079, 25.799929818637416], [-111.31064414984944, 25.79028936866722], [-111.31064414983202, 25.790289368571187], [-111.31064414980533, 25.790289368477307], [-111.3106441497696, 25.79028936838648], [-111.3106441497252, 25.79028936829956], [-111.31064414967254, 25.790289368217387], [-111.31064414961212, 25.79028936814074], [-111.3106441495445, 25.790289368070347], [-111.31064414947035, 25.79028936800688], [-111.31064414939037, 25.790289367950948], [-111.31064414930532, 25.790289367903075], [-111.30813360218816, 25.78903354022416], [-111.30813360214762, 25.789033540198396], [-111.30826234815804, 25.782464378199922], [-111.30826234815537, 25.782464378104617], [-111.30826234814361, 25.782464378009998], [-111.30826234812292, 25.782464377916927], [-111.30826234809345, 25.78246437782625], [-111.30826234805548, 25.782464377738794], [-111.30826234800935, 25.78246437765535], [-111.30826234795549, 25.78246437757668], [-111.30826234789437, 25.782464377503498], [-111.30826234782657, 25.78246437743647], [-111.30826234775269, 25.782464377376197], [-111.3082623476734, 25.78246437732324], [-111.30826234758943, 25.782464377278075], [-111.30826234750155, 25.78246437724111], [-111.30826234741055, 25.782464377212683], [-111.30826234731724, 25.78246437719305], [-111.30562305455493, 25.78203930132597], [-111.3056230545086, 25.782039301313546], [-111.30562305449503, 25.782039301267485], [-111.30392789853738, 25.772938445623513], [-111.30392789851552, 25.772938445530887], [-111.30392789848496, 25.77293844544076], [-111.30392789844596, 25.772938445353947], [-111.3039278983989, 25.772938445271233], [-111.30392789834417, 25.77293844519337], [-111.3039278982823, 25.772938445121056], [-111.30392789821383, 25.772938445054955], [-111.30392789813938, 25.772938444995663], [-111.30392789805964, 25.772938444943716], [-111.30392789797533, 25.772938444899584], [-111.30392789788719, 25.772938444863666], [-111.30392789779604, 25.77293844483629], [-111.3039278977027, 25.772938444817704], [-111.30212545399768, 25.772667920469157], [-111.30212545395212, 25.772667920457653], [-111.30212545392811, 25.772667920417312], [-111.30113840128776, 25.770561673751406], [-111.30113840124149, 25.770561673664176], [-111.30113840118685, 25.77056167358193], [-111.30113840112436, 25.770561673505476], [-111.30113840105464, 25.77056167343556], [-111.30113840097837, 25.770561673372853], [-111.30113840089629, 25.770561673317978], [-111.3011384008092, 25.770561673271466], [-111.30113840071793, 25.77056167323377], [-111.30113840062339, 25.77056167320526], [-111.30113840052651, 25.77056167318621], [-111.30113840042821, 25.77056167317681], [-111.29819869997937, 25.7704264083431], [-111.29819869995156, 25.770426408340246], [-111.29819869992501, 25.77042640833122], [-111.29442214969636, 25.768899837075246], [-111.29442214966002, 25.768899837056953], [-111.28714799885014, 25.763585669997703], [-111.28714799881472, 25.76358566996594], [-111.28714799881278, 25.763585669918275], [-111.28729820247919, 25.76105411094954], [-111.2872982024802, 25.761054110851493], [-111.28729820247159, 25.76105411075382], [-111.28729820245346, 25.761054110657454], [-111.28729820242599, 25.761054110563332], [-111.28729820238941, 25.76105411047235], [-111.28729820234412, 25.761054110385388], [-111.28729820229051, 25.76105411030328], [-111.28729820222914, 25.76105411022682], [-111.28729820216056, 25.761054110156735], [-111.28729820208544, 25.761054110093703], [-111.28729820200452, 25.761054110038334], [-111.28547430043136, 25.75993324995095], [-111.28547430038874, 25.759933249917808], [-111.27751350409244, 25.75028954818138], [-111.27751350402478, 25.75028954810732], [-111.27751350395005, 25.750289548040417], [-111.27457380313517, 25.74791232310091], [-111.27457380305901, 25.747912323045057], [-111.27457380297793, 25.74791232299664], [-111.27457380289263, 25.74791232295609], [-111.2745738028039, 25.747912322923764], [-111.27457380271251, 25.747912322899957], [-111.2722778332374, 25.747428673789617], [-111.27227783313987, 25.747428673774056], [-111.27227783304129, 25.74742867376819], [-111.27227783294259, 25.74742867377208], [-111.27227783284478, 25.747428673785684], [-111.27227783274878, 25.74742867380887], [-111.27227783265553, 25.747428673841412], [-111.27227783256596, 25.747428673882993], [-111.27227783248091, 25.74742867393321], [-111.27227783240124, 25.747428673991568], [-111.27227783232772, 25.747428674057502], [-111.27227783226104, 25.747428674130365], [-111.2722778322019, 25.747428674209452], [-111.27227783215082, 25.747428674293985], [-111.27227783210834, 25.747428674383144], [-111.27227783207488, 25.74742867447606], [-111.27227783205073, 25.74742867457182], [-111.27227783203614, 25.7474286746695], [-111.27227783203126, 25.74742867476814], [-111.27227783203126, 25.747429141213807], [-111.27227783202123, 25.747429141280946], [-111.27191305168057, 25.74735183205582], [-111.27191305160486, 25.74735183204279], [-111.27191305152836, 25.747351832035612], [-111.26420974736622, 25.746926630278285], [-111.2642097473164, 25.746926630270313], [-111.26420974727404, 25.746926630242978], [-111.25848054887612, 25.742326623012477], [-111.25848054884077, 25.742326622985356], [-111.2527513505284, 25.7381323436029], [-111.25275135044237, 25.738132343546482], [-111.25275135035099, 25.738132343499196], [-111.25275135025525, 25.73813234346155], [-111.25107765202164, 25.737571806482368], [-111.25107765198042, 25.737571806464164], [-111.2486958503978, 25.734073222460104], [-111.24869585037605, 25.734073222421017], [-111.24869585036174, 25.7340732223788], [-111.2479877472576, 25.731135105716064], [-111.24798774723246, 25.731135105629193], [-111.24798774719957, 25.73113510554495], [-111.2479877471592, 25.731135105464023], [-111.2479877471117, 25.731135105387075], [-111.24798774705742, 25.73113510531473], [-111.24798774699684, 25.73113510524759], [-111.24590635302745, 25.729028121622044], [-111.24464035037329, 25.727501018249843], [-111.24464035034727, 25.7275010182113], [-111.2459063527775, 25.724427422103687], [-111.24590635280946, 25.72442742201426], [-111.24590635283279, 25.7244274219222], [-111.24590635284729, 25.72442742182834], [-111.24590635285281, 25.724427421733534], [-111.24590635284932, 25.724427421638627], [-111.24590635283684, 25.724427421544483], [-111.24590635281548, 25.724427421451946], [-111.24590635278544, 25.72442742136185], [-111.24590635274699, 25.72442742127501], [-111.24590635270047, 25.72442742119221], [-111.24590635264632, 25.7244274211142], [-111.24497216407856, 25.723209559809646], [-111.24497216401258, 25.72320955973214], [-111.24497216393907, 25.723209559661747], [-111.24497216385878, 25.723209559599187], [-111.24497216377254, 25.72320955954512], [-111.24497216368125, 25.72320955950009], [-111.24497216358587, 25.72320955946458], [-111.24497216348736, 25.723209559438946], [-111.24497216338676, 25.72320955942346], [-111.24497216328511, 25.72320955941828], [-111.24496221547487, 25.72320955941828], [-111.24496221542638, 25.723209559413295], [-111.24408245101257, 25.722049679298795], [-111.24408245095184, 25.722049679226142], [-111.24408245088449, 25.722049679159557], [-111.24408245081116, 25.72204967909964], [-111.24408245073249, 25.722049679046933], [-111.24408245064919, 25.7220496790019], [-111.24058485049135, 25.72036783264898], [-111.24058485040052, 25.720367832610698], [-111.24058485030639, 25.72036783258154], [-111.24058485020983, 25.720367832561795], [-111.2405848501118, 25.72036783255165], [-111.2380743028218, 25.720232510550375], [-111.23807430272345, 25.720232510549916], [-111.23807430262552, 25.720232510559125], [-111.23807430252897, 25.72023251057791], [-111.23414754898961, 25.721199092944765], [-111.23414754888984, 25.721199092974913], [-111.23414754879376, 25.721199093015287], [-111.23414754870238, 25.72119909306544], [-111.23414754861673, 25.721199093124834], [-111.23414754853773, 25.721199093192816], [-111.23414754846624, 25.721199093268655], [-111.23331069968093, 25.722184998802224], [-111.23331069962421, 25.72218499887569], [-111.23331069957456, 25.7221849989541], [-111.23331069953238, 25.722184999036774], [-111.23331069949806, 25.722184999123], [-111.23331069947187, 25.72218499921204], [-111.23331069945407, 25.722184999303124], [-111.23331069944476, 25.722184999395466], [-111.23316049576063, 25.72496868958819], [-111.2331604957539, 25.724968689632835], [-111.23204469684951, 25.72552928608477], [-111.23204469680704, 25.725529286101366], [-111.22826814655761, 25.725529286105697], [-111.22352600102515, 25.725123337205996], [-111.22352600098203, 25.72512333719803], [-111.22385414551212, 25.72320956058728], [-111.22385414552383, 25.723209560491327], [-111.22385414552622, 25.723209560394693], [-111.22385414551927, 25.72320956029828], [-111.22385414550305, 25.72320956020299], [-111.2238541454777, 25.72320956010971], [-111.22385414544347, 25.723209560019313], [-111.22385414540067, 25.723209559932645], [-111.22385414534969, 25.723209559850513], [-111.22385414529103, 25.723209559773686], [-111.22385414522522, 25.723209559702884], [-111.22385414515288, 25.723209559638764], [-111.2238541450747, 25.723209559581928], [-111.22385414499138, 25.723209559532908], [-111.22385414490373, 25.723209559492158], [-111.22385414481255, 25.723209559460066], [-111.2238541447187, 25.723209559436924], [-111.22385414462305, 25.72320955942295], [-111.2238541445265, 25.72320955941828], [-111.2238478661071, 25.72320955941828], [-111.2238478660635, 25.723209559414016], [-111.22384786606723, 25.723209559370353], [-111.22393369667495, 25.722745609039592], [-111.22393369668768, 25.722745608946397], [-111.22393369669162, 25.72274560885242], [-111.2239336966867, 25.722745608758487], [-111.22393369667297, 25.722745608665434], [-111.22393369665058, 25.72274560857408], [-111.22393369661968, 25.722745608485237], [-111.22393369658059, 25.722745608399688], [-111.22393369653362, 25.722745608318192], [-111.22241020234438, 25.720367833058706], [-111.22241020228827, 25.72036783297982], [-111.22241020222481, 25.720367832906735], [-111.22241020215456, 25.720367832840125], [-111.22241020207821, 25.720367832780617], [-111.22241020199647, 25.720367832728773], [-111.22241020191008, 25.720367832685078], [-111.22241020181988, 25.720367832649934], [-111.22241020172672, 25.72036783262368], [-111.22241020163143, 25.720367832606556], [-111.22241020153496, 25.720367832598722], [-111.22241020143817, 25.720367832600257], [-111.22030735020923, 25.720503154425217], [-111.22030735016328, 25.72050315442352], [-111.2195992470437, 25.714490849268998], [-111.21959924702676, 25.71449084916911], [-111.21959924699982, 25.71449084907145], [-111.21959924696313, 25.714490848977015], [-111.21959924691706, 25.71449084888678], [-111.2195992468621, 25.714490848801667], [-111.21959924679882, 25.71449084872255], [-111.21959924672785, 25.714490848650247], [-111.21959924664993, 25.71449084858549], [-111.21959924656586, 25.714490848528953], [-111.2195992464765, 25.714490848481212], [-111.21721744541787, 25.713369549103703], [-111.2172174453782, 25.713369549080028], [-111.21721744537574, 25.713369549033843], [-111.2173676490399, 25.71000558763681], [-111.21736764903963, 25.710005587541932], [-111.21736764903036, 25.710005587447505], [-111.2173676490122, 25.71000558735438], [-111.21736764898529, 25.710005587263396], [-111.21736764894987, 25.71000558717537], [-111.21736764890628, 25.7100055870911], [-111.21736764885489, 25.71000558701134], [-111.21736764879618, 25.71000558693681], [-111.21736764873067, 25.710005586868178], [-111.21736764865894, 25.710005586806066], [-111.21736764858166, 25.71000558675103], [-111.2173676484995, 25.710005586703566], [-111.21736764841322, 25.7100055866641], [-111.21736764832359, 25.71000558663299], [-111.2173676482314, 25.710005586610517], [-111.21457815175023, 25.709464250633008], [-111.21457815170854, 25.70946425062066], [-111.2151360510595, 25.707356883317196], [-111.21513605107964, 25.707356883223003], [-111.21513605109062, 25.707356883127307], [-111.21513605109234, 25.707356883031], [-111.2151360510848, 25.707356882934974], [-111.21513605106804, 25.707356882840116], [-111.21513605104225, 25.707356882747316], [-111.21513605100763, 25.707356882657425], [-111.21513605096453, 25.707356882571283], [-111.21513605091334, 25.707356882489687], [-111.21387004854428, 25.705539489916237], [-111.21387004849959, 25.705539489856893], [-111.21204614642255, 25.703296711391086], [-111.21204614637048, 25.703296711313058], [-111.21024370195876, 25.699951799394103], [-111.21024370194155, 25.699951799352647], [-111.2121963498075, 25.699236401451667], [-111.21219634989943, 25.699236401412673], [-111.21219634998702, 25.699236401364708], [-111.21219635006938, 25.699236401308244], [-111.2121963501457, 25.699236401243848], [-111.21219635021522, 25.699236401172158], [-111.21219635027725, 25.6992364010939], [-111.21359109869957, 25.697283536381384], [-111.2135910987524, 25.69728353629918], [-111.21359109879697, 25.697283536212215], [-111.21359109883284, 25.69728353612132], [-111.2142992019047, 25.695195288833606], [-111.21429920193049, 25.69519528874396], [-111.21429920194782, 25.6951952886523], [-111.21429920195655, 25.69519528855942], [-111.21429920195658, 25.695195288466138], [-111.2140202522497, 25.689181704884245], [-111.21402025224036, 25.689181704786613], [-111.21402025222149, 25.689181704690363], [-111.2140202521933, 25.689181704596425], [-111.21402025215602, 25.6891817045057], [-111.21402025211005, 25.689181704419063], [-111.2140202520558, 25.68918170433735], [-111.21402025199382, 25.68918170426134], [-111.21402025192468, 25.689181704191768], [-111.21402025184906, 25.689181704129307], [-111.21176719669381, 25.68749939340408], [-111.2117671966594, 25.687499393372835], [-111.21176719664756, 25.687499393327943], [-111.20996475222532, 25.676457429159417], [-111.20996475220778, 25.67645742907507], [-111.20996475218305, 25.67645742899255], [-111.20996475215132, 25.67645742891246], [-111.20996475211282, 25.6764574288354], [-111.20910644559815, 25.674910312488226], [-111.20910644554719, 25.674910312406023], [-111.20910644548854, 25.674910312329125], [-111.20910644542272, 25.674910312258252], [-111.20910644535037, 25.67491031219407], [-111.20910644527217, 25.674910312137175], [-111.20910644518882, 25.6749103120881], [-111.20910644510113, 25.67491031204731], [-111.20910644500991, 25.67491031201518], [-111.209106444916, 25.674910311992015], [-111.2091064448203, 25.674910311978024], [-111.2091064447237, 25.67491031197335], [-111.20408535008704, 25.67491031197335], [-111.20408535004063, 25.674910311968656], [-111.20408535002858, 25.67491031192357], [-111.20365619668057, 25.672260827975386], [-111.20365619665994, 25.6722608278786], [-111.20365619662984, 25.672260827784324], [-111.20365619659056, 25.67226082769349], [-111.2036561965425, 25.67226082760698], [-111.20365619648612, 25.672260827525644], [-111.20365619642199, 25.672260827450277], [-111.2036561963507, 25.672260827381624], [-111.203656196273, 25.672260827320347], [-111.20365619618961, 25.672260827267053], [-111.20365619610136, 25.672260827222264], [-111.20114564900203, 25.671139130136325], [-111.20114564896328, 25.67113913011412], [-111.2022614478816, 25.669321184487913], [-111.20226144790902, 25.669321184451498], [-111.20226144795399, 25.669321184444037], [-111.20421409561392, 25.66918580443701], [-111.20421409570841, 25.669185804425922], [-111.20421409580142, 25.669185804405906], [-111.2042140958921, 25.669185804377143], [-111.20421409597964, 25.669185804339893], [-111.20421409606324, 25.669185804294493], [-111.20421409614215, 25.669185804241355], [-111.20421409621565, 25.66918580418096], [-111.20421409628308, 25.669185804113848], [-111.20421409634383, 25.669185804040637], [-111.20548009844741, 25.66750321142407], [-111.20548009850133, 25.667503211344762], [-111.2054800985474, 25.66750321126066], [-111.2054800985852, 25.66750321117253], [-111.20548009861439, 25.667503211081183], [-111.2054800986347, 25.667503210987462], [-111.20548009864592, 25.667503210892225], [-111.20548009864798, 25.66750321079635], [-111.20548009864085, 25.667503210700723], [-111.20548009862459, 25.667503210606213], [-111.20492219934145, 25.664988947272235], [-111.20492219931477, 25.66498894717531], [-111.20492219927849, 25.66498894708155], [-111.20492219923298, 25.664988946991908], [-111.2049221991787, 25.66498894690729], [-111.20492219911618, 25.664988946828547], [-111.2049221990461, 25.66498894675648], [-111.20492219896911, 25.664988946691818], [-111.20492219888604, 25.66498894663521], [-111.20352745060289, 25.664137953144127], [-111.20352745056631, 25.664137953116636], [-111.2036561965899, 25.66106272068021], [-111.20365619658888, 25.661062720576734], [-111.20365619657717, 25.661062720473918], [-111.20309829727196, 25.65771662367675], [-111.20309829725066, 25.657716623579265], [-111.20309829721974, 25.657716623484387], [-111.20309829717954, 25.65771662339306], [-111.20309829713041, 25.657716623306197], [-111.20309829707288, 25.65771662322466], [-111.20309829700751, 25.657716623149263], [-111.20309829693495, 25.657716623080756], [-111.20309829685594, 25.65771662301982], [-111.20309829677123, 25.657716622967065], [-111.2030982966817, 25.657716622923015], [-111.20309829658821, 25.65771662288811], [-111.20309829649172, 25.65771662286269], [-111.20309829639316, 25.65771662284702], [-111.20309829629355, 25.657716622841246], [-111.20309829619384, 25.65771662284543], [-111.20015859608827, 25.657987408728882], [-111.20015859604295, 25.65798740872855], [-111.20015859603505, 25.65798740868401], [-111.20002985006263, 25.65630465810732], [-111.20002985005037, 25.65630465801003], [-111.20002985002863, 25.656304657914408], [-111.20002984999763, 25.656304657821373], [-111.20002984995767, 25.656304657731823], [-111.20002984990913, 25.656304657646615], [-111.20002984985248, 25.656304657566572], [-111.20002984978827, 25.656304657492463], [-111.2000298497171, 25.656304657425], [-111.20002984963966, 25.656304657364835], [-111.2000298495567, 25.65630465731254], [-111.20002984946903, 25.65630465726862], [-111.20002984937747, 25.656304657233502], [-111.20002984928291, 25.65630465720752], [-111.19820594792557, 25.65589847245904], [-111.19820594788102, 25.655898472444246], [-111.19820594787952, 25.655898472397254], [-111.19904279707491, 25.64386703503202], [-111.19904279707693, 25.643867034934406], [-111.19904279706941, 25.64386703483706], [-111.19904279705243, 25.643867034740914], [-111.19904279702617, 25.64386703464688], [-111.1982059478895, 25.641352272463084], [-111.19820594786958, 25.64135227238011], [-111.19807720185054, 25.640501110114496], [-111.1980772018482, 25.640501110070836], [-111.19987964486361, 25.640365697421938], [-111.19987964495928, 25.64036569741009], [-111.19987964505337, 25.640365697389086], [-111.19987964514499, 25.640365697359123], [-111.19987964523331, 25.640365697320473], [-111.19987964531748, 25.640365697273502], [-111.19987964539675, 25.64036569721864], [-111.19987964547038, 25.640365697156405], [-111.19987964553765, 25.64036569708737], [-111.19987964559797, 25.64036569701217], [-111.19987964565077, 25.64036569693152], [-111.19987964569556, 25.640365696846157], [-111.19987964573193, 25.64036569675688], [-111.19987964575952, 25.640365696664514], [-111.1998796457781, 25.640365696569923], [-111.19987964578748, 25.640365696473978], [-111.19987964578758, 25.64036569637758], [-111.1998796457784, 25.64036569628162], [-111.19987964576002, 25.640365696186986], [-111.19987964573261, 25.640365696094566], [-111.19987964569643, 25.640365696005215], [-111.19891405107863, 25.63827645256982], [-111.19891405106165, 25.638276452519378], [-111.19891405105591, 25.63827645246654], [-111.19891405105591, 25.63659342341472], [-111.19891405105164, 25.636593423322566], [-111.19891405103893, 25.636593423231197], [-111.19891405101782, 25.63659342314139], [-111.19891405098855, 25.63659342305391], [-111.19891405095133, 25.636593422969497], [-111.19807720188963, 25.63491037020635], [-111.19807720183867, 25.63491037011596], [-111.19807720177862, 25.63491037003134], [-111.19653224948041, 25.632956451199743], [-111.19653224945526, 25.632956451160815], [-111.1965322494507, 25.631834384788384], [-111.19653224944571, 25.631834384688684], [-111.19653224943082, 25.63183438458998], [-111.19653224940615, 25.63183438449325], [-111.19653224937197, 25.63183438439946], [-111.1965322493286, 25.63183438430955], [-111.19653224927649, 25.63183438422441], [-111.19653224921615, 25.631834384144888], [-111.19653224914818, 25.631834384071777], [-111.19653224907326, 25.63183438400581], [-111.19653224899213, 25.63183438394764], [-111.19457960153515, 25.630576883084505], [-111.19457960145265, 25.630576883036774], [-111.19457960136596, 25.63057688299711], [-111.1945796012759, 25.630576882965887], [-111.19457960118328, 25.630576882943377], [-111.19457960108893, 25.63057688292979], [-111.19457960099372, 25.630576882925247], [-111.1927556992056, 25.630576882925247], [-111.19275569916176, 25.63057688292104], [-111.19275569915578, 25.6305768828774], [-111.1924767494342, 25.623728105210553], [-111.19247674942588, 25.62372810511617], [-111.19247674940864, 25.623728105023], [-111.19247674938268, 25.62372810493188], [-111.19247674934819, 25.62372810484363], [-111.19247674930551, 25.623728104759035], [-111.19247674925502, 25.62372810467886], [-111.19247674919717, 25.623728104603824], [-111.1909317970787, 25.621909436861355], [-111.19093179703188, 25.621909436784392], [-111.1906528472935, 25.61813657970176], [-111.19065284729442, 25.618136579656326], [-111.19065284731933, 25.618136579618433], [-111.19176864600452, 25.61674349488802], [-111.19176864606467, 25.616743494804435], [-111.19176864611592, 25.61674349471511], [-111.1917686461577, 25.616743494620984], [-111.19176864618957, 25.616743494523064], [-111.19176864621122, 25.61674349442238], [-111.19176864622239, 25.61674349432001], [-111.19176864622297, 25.61674349421703], [-111.19163990022841, 25.613937927235195], [-111.19163990021956, 25.613937927140682], [-111.19163990020179, 25.613937927047434], [-111.19163990017526, 25.613937926956293], [-111.1916399001402, 25.613937926868076], [-111.19163990009694, 25.61393792678358], [-111.19163990004587, 25.61393792670357], [-111.19163989998744, 25.61393792662876], [-111.19163989992218, 25.613937926559828], [-111.19163989985067, 25.613937926497396], [-111.189687252082, 25.61238999913266], [-111.1896872520488, 25.612389999100763], [-111.18925809863505, 25.610590508116378], [-111.18925809860916, 25.610590508026593], [-111.18925809857498, 25.610590507939623], [-111.18925809853285, 25.61059050785622], [-111.18814229966708, 25.6086168414283], [-111.18814229964046, 25.608616841373742], [-111.18715524675345, 25.606236788409976], [-111.18715524673938, 25.60623678836368], [-111.18715524673463, 25.60623678831551], [-111.18715524673463, 25.604843565498193], [-111.18715524672987, 25.60484356540079], [-111.18715524671566, 25.60484356530432], [-111.18715524669211, 25.60484356520969], [-111.18715524665946, 25.604843565117804], [-111.187155246618, 25.604843565029537], [-111.18715524656817, 25.604843564945725], [-111.18715524651039, 25.604843564867164], [-111.18715524644524, 25.604843564794606], [-111.18715524637334, 25.60484356472874], [-111.18715524629535, 25.604843564670187], [-111.18715524621204, 25.60484356461951], [-111.18715524612418, 25.60484356457719], [-111.18715524603263, 25.604843564543625], [-111.18715524593823, 25.60484356451914], [-111.18715524584191, 25.604843564503966], [-111.18464469914584, 25.60457265809938], [-111.18464469910025, 25.604572658089843], [-111.18464469908312, 25.604572658046575], [-111.18408679982869, 25.60261824369421], [-111.18408679979669, 25.6026182436001], [-111.1840867997555, 25.602618243509635], [-111.18408679970554, 25.602618243423706], [-111.18408679964729, 25.60261824334316], [-111.18408679958134, 25.602618243268793], [-111.18408679950832, 25.602618243201345], [-111.18408679942897, 25.602618243141475], [-111.18408679934407, 25.602618243089783], [-111.18408679925446, 25.60261824304677], [-111.18408679916102, 25.60261824301287], [-111.18408679906467, 25.60261824298841], [-111.18408679896638, 25.60261824297364], [-111.1840867988671, 25.6026182429687], [-111.1797523499029, 25.6026182429687], [-111.17975234985889, 25.602618242964343], [-111.18016004551929, 25.598825426411434], [-111.18016004552496, 25.59882542631486], [-111.18016004552128, 25.59882542621819], [-111.18016004550827, 25.59882542612233], [-111.18016004548606, 25.598825426028174], [-111.18016004545485, 25.598825425936603], [-111.18016004541495, 25.598825425848478], [-111.18016004536672, 25.59882542576462], [-111.1801600453106, 25.598825425685817], [-111.18016004524715, 25.5988254256128], [-111.18016004517692, 25.598825425546263], [-111.1801600451006, 25.59882542548682], [-111.1801600450189, 25.598825425435027], [-111.18016004493256, 25.598825425391375], [-111.18016004484241, 25.598825425356267], [-111.1801600447493, 25.598825425330034], [-111.18016004465409, 25.598825425312924], [-111.17807865147581, 25.598554505304342], [-111.17807865143281, 25.598554505294487], [-111.17807865143266, 25.598554505250394], [-111.17820739736004, 25.597161193113656], [-111.17820739736428, 25.597161193015967], [-111.17820739735893, 25.597161192918332], [-111.1782073973441, 25.597161192821684], [-111.17820739731988, 25.597161192726947], [-111.17820739728653, 25.59716119263503], [-111.17820739724436, 25.59716119254681], [-111.17820739719377, 25.597161192463126], [-111.17820739713527, 25.597161192384785], [-111.17820739706939, 25.597161192312534], [-111.17820739699675, 25.59716119224706], [-111.17820739691808, 25.597161192188995], [-111.17820739683411, 25.597161192138888], [-111.17820739674566, 25.59716119209722], [-111.17820739665355, 25.597161192064394], [-111.17820739655868, 25.597161192040723], [-111.17820739646194, 25.597161192026427], [-111.17820739636429, 25.597161192021645], [-111.17387294774201, 25.597161192021645], [-111.17387294769728, 25.597161192017236], [-111.17387294769289, 25.597161191972553], [-111.17387294769289, 25.594780911957645], [-111.17387294768807, 25.59478091185963], [-111.17387294767367, 25.594780911762555], [-111.17387294764983, 25.59478091166736], [-111.17387294761676, 25.59478091157496], [-111.17387294757481, 25.59478091148625], [-111.17387294752434, 25.594780911402076], [-111.1738729474659, 25.59478091132325], [-111.17387294739999, 25.59478091125054], [-111.17387294732727, 25.594780911184635], [-111.17387294724846, 25.594780911126175], [-111.17387294716428, 25.594780911075723], [-111.17387294707557, 25.594780911033766], [-111.17387294698317, 25.594780911000704], [-111.17387294688797, 25.59478091097686], [-111.1738729467909, 25.59478091096246], [-111.17387294669288, 25.594780910957645], [-111.17037534718588, 25.594780910957645], [-111.17037534714166, 25.594780910953354], [-111.17037534713637, 25.5947809109092], [-111.17024660110599, 25.589052560806707], [-111.1702466010974, 25.589052560696544], [-111.17009639750684, 25.58793008241213], [-111.17009639748935, 25.587930082316827], [-111.17009639746273, 25.587930082223668], [-111.1700963974272, 25.587930082133525], [-111.17009639738312, 25.587930082047237], [-111.17009639733091, 25.587930081965624], [-111.17009639727102, 25.587930081889446], [-111.17009639720406, 25.587930081819422], [-111.17009639713064, 25.587930081756205], [-111.17009639705144, 25.587930081700392], [-111.17009639696721, 25.587930081652505], [-111.17009639687873, 25.587930081612996], [-111.17009639678686, 25.587930081582233], [-111.17009639669243, 25.587930081560508], [-111.17009639659635, 25.587930081548024], [-111.16842269902283, 25.587794609284675], [-111.16842269899007, 25.587794609278802], [-111.16842269897786, 25.587794609270237], [-111.16743564616405, 25.580653065680274], [-111.16743564614667, 25.58065306558721], [-111.16743564612055, 25.580653065496207], [-111.16743564608596, 25.58065306540808], [-111.16743564604317, 25.58065306532362], [-111.16743564599261, 25.580653065243585], [-111.16743564593469, 25.58065306516869], [-111.16743564586996, 25.58065306509961], [-111.16743564579897, 25.580653065036962], [-111.16743564572238, 25.580653064981306], [-111.16743564564088, 25.58065306493314], [-111.16743564555517, 25.5806530648929], [-111.16743564546606, 25.580653064860947], [-111.16743564537431, 25.580653064837563], [-111.16743564528078, 25.580653064822958], [-111.16492509846898, 25.58038210361779], [-111.1649250984236, 25.58038210360823], [-111.16492509841609, 25.580382103562364], [-111.16464614872254, 25.575891799230988], [-111.16464614871182, 25.575891799134453], [-111.16464614869179, 25.575891799039415], [-111.16464614866263, 25.575891798946767], [-111.16464614862461, 25.575891798857388], [-111.1646461485781, 25.575891798772115], [-111.16464614852354, 25.57589179869176], [-111.16464614846144, 25.575891798617075], [-111.16464614839239, 25.575891798548767], [-111.16464614831705, 25.57589179848748], [-111.1646461482361, 25.57589179843379], [-111.16464614815034, 25.575891798388206], [-111.16464614806056, 25.575891798351158], [-111.16269350056356, 25.5751950120209], [-111.16269350052282, 25.575195012001835], [-111.16269350051459, 25.57519501195763], [-111.16254329686707, 25.573511094985193], [-111.16254329685361, 25.57351109488822], [-111.16254329683073, 25.57351109479303], [-111.16254329679866, 25.57351109470053], [-111.16254329675769, 25.573511094611614], [-111.16254329670822, 25.573511094527127], [-111.16254329665072, 25.573511094447884], [-111.16254329658577, 25.573511094374645], [-111.16254329651395, 25.573511094308106], [-111.16254329643597, 25.573511094248907], [-111.16254329635258, 25.57351109419762], [-111.16254329626457, 25.573511094154732], [-111.16127729421628, 25.572969138879824], [-111.16127729409901, 25.57296913883805], [-111.15932464604674, 25.57240782519424], [-111.15932464599874, 25.57240782517478], [-111.15932464595583, 25.572407825145685], [-111.15765094761042, 25.57099485155308], [-111.15765094757548, 25.570994851516758], [-111.15765094755808, 25.570994851469308], [-111.1573719980062, 25.569891559808163], [-111.15737199797873, 25.569891559717753], [-111.15737199794286, 25.56989155963034], [-111.15737199789889, 25.5698915595467], [-111.15737199784724, 25.569891559467585], [-111.15737199778833, 25.5698915593937], [-111.15737199772273, 25.569891559325704], [-111.157371997651, 25.569891559264203], [-111.15737199757378, 25.569891559209747], [-111.15737199749177, 25.56989155916282], [-111.15737199740569, 25.569891559123846], [-111.15737199731632, 25.56989155909317], [-111.15737199722444, 25.569891559071063], [-111.15737199713091, 25.56989155905773], [-111.15430355076876, 25.569601217335176], [-111.1543035507236, 25.569601217326408], [-111.15346670173848, 25.567646231465258], [-111.1534667016963, 25.567646231378532], [-111.15346670164597, 25.567646231296273], [-111.15346670158793, 25.567646231219246], [-111.15346670152276, 25.567646231148167], [-111.15346670145104, 25.5676462310837], [-111.15346670137343, 25.567646231026437], [-111.15346670129068, 25.567646230976916], [-111.15346670120354, 25.567646230935598], [-111.15346670111282, 25.567646230902866], [-111.15346670101938, 25.567646230879024], [-111.15346670092407, 25.567646230864295], [-111.14814519899097, 25.567084892316185], [-111.14814519887898, 25.567084892310692], [-111.14814519876708, 25.567084892317773], [-111.14814519865668, 25.567084892337334], [-111.14576339726483, 25.56764623091453], [-111.14576339722014, 25.567646230920506], [-111.14576339720577, 25.56764623087772], [-111.1456346513131, 25.567084892860823], [-111.14563465128745, 25.567084892769223], [-111.1456346512532, 25.567084892680473], [-111.1456346512107, 25.56708489259538], [-111.14563465116028, 25.567084892514707], [-111.14563465110244, 25.56708489243919], [-111.14563465103768, 25.567084892369515], [-111.14563465096658, 25.567084892306305], [-111.14563465088982, 25.567084892250136], [-111.14563465080805, 25.567084892201517], [-111.14563465072204, 25.56708489216089], [-111.14563465063256, 25.567084892128616], [-111.1419868469698, 25.565962207164393], [-111.14198684692839, 25.56596220714714], [-111.1419868469274, 25.565962207102253], [-111.14207696810614, 25.564742727949486], [-111.1420769681086, 25.564742727852817], [-111.1420769681017, 25.56474272775636], [-111.14207696808553, 25.564742727661024], [-111.14207696806022, 25.56474272756769], [-111.14207696802602, 25.564742727477242], [-111.14207696798323, 25.56474272739052], [-111.14207696793227, 25.564742727308335], [-111.1420769678736, 25.564742727231458], [-111.1420769678078, 25.564742727160603], [-111.14207696773546, 25.564742727096437], [-111.14207696765725, 25.56474272703956], [-111.14207696757391, 25.564742726990502], [-111.14207696748623, 25.564742726949724], [-111.14207696739503, 25.564742726917604], [-111.14207696730114, 25.564742726894444], [-111.14207696720545, 25.56474272688046], [-111.14207696710886, 25.564742726875785], [-111.14207267768508, 25.564742726875785], [-111.14207267761678, 25.564742726865795], [-111.14207267761596, 25.564742726827426], [-111.14226579665754, 25.562187585138687], [-111.14226579666624, 25.562187585090232], [-111.14226579670125, 25.562187585055586], [-111.1436605453103, 25.561064854067027], [-111.14366054538468, 25.561064854000787], [-111.1443686481608, 25.560367981556162], [-111.1443686482255, 25.56036798148612], [-111.14436864828322, 25.560367981410234], [-111.14436864833345, 25.560367981329197], [-111.14436864837575, 25.560367981243743], [-111.14436864840971, 25.56036798115465], [-111.14436864843503, 25.560367981062726], [-111.14436864845148, 25.56036798096881], [-111.14436864845891, 25.560367980873757], [-111.14436864845726, 25.560367980778423], [-111.14436864844653, 25.560367980683683], [-111.14393949522265, 25.557715956651908], [-111.14393949520158, 25.557715956553437], [-111.14393949517071, 25.55771595645759], [-111.14393949513037, 25.55771595636533], [-111.14393949508094, 25.557715956277594], [-111.14393949502295, 25.557715956195274], [-111.14393949495697, 25.557715956119207], [-111.14393949488367, 25.55771595605016], [-111.1439394948038, 25.557715955988833], [-111.14393949471817, 25.55771595593585], [-111.14393949462765, 25.557715955891748], [-111.14393949453314, 25.557715955856974], [-111.14393949443561, 25.55771595583188], [-111.14393949433607, 25.55771595581672], [-111.1439394942355, 25.557715955811652], [-111.14297389989204, 25.557715955811652], [-111.1429738998454, 25.557715955806913], [-111.14297389983362, 25.55771595576144], [-111.14269495018287, 25.555896284516752], [-111.14269495016374, 25.555896284422488], [-111.14269495013565, 25.555896284330498], [-111.14269495009884, 25.555896284241634], [-111.14269495005367, 25.555896284156717], [-111.14269495000055, 25.555896284076532], [-111.14269494993997, 25.555896284001822], [-111.14269494987249, 25.55589628393328], [-111.14269494979874, 25.555896283871533], [-111.1426949497194, 25.555896283817162], [-111.1426949496352, 25.55589628377066], [-111.14099979404732, 25.555063871746242], [-111.14099979400919, 25.555063871722982], [-111.14099979398185, 25.55506387168762], [-111.13975524905075, 25.553108648102366], [-111.13975524902852, 25.5531086480581], [-111.13975524902557, 25.553108648008706], [-111.1398839950255, 25.550030558776463], [-111.13988399502483, 25.5500305586791], [-111.1398839950147, 25.55003055858226], [-111.13988399499519, 25.55003055848687], [-111.1398839949665, 25.550030558393825], [-111.1398839949289, 25.550030558304016], [-111.13988399488274, 25.550030558218285], [-111.13988399482845, 25.55003055813745], [-111.13988399476658, 25.55003055806228], [-111.13988399469767, 25.550030557993484], [-111.13988399462241, 25.550030557931713], [-111.13988399454149, 25.550030557877555], [-111.1398839944557, 25.55003055783152], [-111.13988399436583, 25.55003055779405], [-111.1375236511652, 25.549178745597818], [-111.13752365112502, 25.549178745579113], [-111.13653659824519, 25.548481803640065], [-111.13653659820972, 25.548481803609477], [-111.13653659819687, 25.54848180356437], [-111.13625764863974, 25.546952389914566], [-111.13625764861817, 25.546952389821648], [-111.13625764858784, 25.546952389731203], [-111.13625764854903, 25.546952389644066], [-111.1362576485021, 25.546952389561017], [-111.13625764844747, 25.546952389482822], [-111.13625764838562, 25.546952389410187], [-111.13625764831716, 25.546952389343772], [-111.13625764824266, 25.546952389284186], [-111.13625764816283, 25.54695238923197], [-111.13625764807838, 25.546952389187595], [-111.1362576479901, 25.54695238915147], [-111.13625764789877, 25.54695238912392], [-111.13625764780524, 25.5469523891052], [-111.13625764771035, 25.546952389095477], [-111.13625764761495, 25.546952389094837], [-111.13625764751994, 25.54695238910329], [-111.13527059560032, 25.547087907507066], [-111.1352705955556, 25.547087907508676], [-111.13527059555055, 25.545268074880727], [-111.13527059554539, 25.545268074779344], [-111.13527059552999, 25.545268074679004], [-111.1352705955045, 25.545268074580743], [-111.13527059546917, 25.545268074485573], [-111.13527059542437, 25.545268074394478], [-111.13527059537057, 25.545268074308392], [-111.13527059530831, 25.545268074228204], [-111.13527059523825, 25.54526807415474], [-111.1352705951611, 25.54526807408876], [-111.13527059507767, 25.545268074030936], [-111.1345839501348, 25.544842151985712], [-111.13458395004021, 25.544842151933885], [-111.13458394994059, 25.544842151892546], [-111.1326098442543, 25.544145184760758], [-111.13260984421169, 25.544145184740792], [-111.13260984419581, 25.54414518469633], [-111.13121509553221, 25.53854994029869], [-111.13121509552579, 25.53854994025427], [-111.13121509557027, 25.538549940249442], [-111.16674900050239, 25.538278883713318], [-111.16674900054721, 25.538278883717187], [-111.16674900057741, 25.538278883750635], [-111.16758584953075, 25.539401827923776], [-111.16758584958924, 25.539401827995135], [-111.16758584965406, 25.539401828060804], [-111.16758584972466, 25.539401828120216], [-111.16758584980043, 25.53940182817287], [-111.16758584988072, 25.539401828218317], [-111.16758584996488, 25.539401828256167], [-111.16758585005215, 25.5394018282861], [-111.16758585014182, 25.539401828307863], [-111.1689805984, 25.539672882222913], [-111.16898059844551, 25.539672882236655], [-111.16898059845802, 25.539672882282648], [-111.16925954810421, 25.54135727498737], [-111.1692595481239, 25.541357275079296], [-111.16925954815216, 25.541357275168966], [-111.1692595481887, 25.541357275255585], [-111.16925954823321, 25.54135727533839], [-111.16925954828531, 25.54135727541665], [-111.16925954834453, 25.54135727548967], [-111.16925954841034, 25.541357275556805], [-111.16925954848217, 25.541357275617468], [-111.16925954855938, 25.541357275671114], [-111.16925954864128, 25.54135727571727], [-111.17037534709355, 25.541918734627174], [-111.17037534713157, 25.541918734651233], [-111.1703753471155, 25.541918734693116], [-111.16925954824774, 25.54414518462365], [-111.16925954821129, 25.544145184705314], [-111.16925954818228, 25.54414518478991], [-111.16925954816094, 25.54414518487676], [-111.16870164871679, 25.546952388949915], [-111.16842269900413, 25.548075252139114], [-111.16842269898203, 25.548075252258762], [-111.16842269897462, 25.54807525238021], [-111.16842269897462, 25.548907712882933], [-111.16842269897916, 25.54890771297797], [-111.16842269899269, 25.548907713072147], [-111.16842269901512, 25.54890771316461], [-111.16842269904623, 25.548907713254525], [-111.16898059843162, 25.550301587965862], [-111.1689805984443, 25.550301588009418], [-111.16898059840932, 25.55030158803819], [-111.16730690030889, 25.55142441972938], [-111.16730690023317, 25.551424419785516], [-111.16730690016308, 25.551424419848534], [-111.16730690009925, 25.551424419917872], [-111.1673069000422, 25.551424419992912], [-111.1673068999925, 25.55142442007299], [-111.16730689995055, 25.551424420157392], [-111.16730689991672, 25.551424420245368], [-111.16674900071393, 25.55310864756254], [-111.16674900068806, 25.553108647655417], [-111.16674900067126, 25.553108647750356], [-111.16674900066367, 25.553108647846475], [-111.16674900066538, 25.553108647942874], [-111.16674900067636, 25.553108648038663], [-111.16674900069651, 25.553108648132948], [-111.16674900072566, 25.553108648224857], [-111.16674900076352, 25.55310864831353], [-111.16674900080974, 25.55310864839814], [-111.1667490008639, 25.55310864847791], [-111.16842269894188, 25.555334890267336], [-111.16842269896921, 25.555334890313357], [-111.16842269898598, 25.555334890364175], [-111.1692595481769, 25.559264590854706], [-111.16931748428152, 25.559787249838934], [-111.16931748429693, 25.559787249935027], [-111.16931748432161, 25.559787250029167], [-111.16931748435533, 25.55978725012046], [-111.16931748439777, 25.559787250208043], [-111.16931748444851, 25.559787250291087], [-111.16931748450709, 25.559787250368807], [-111.16931748457294, 25.55978725044046], [-111.16931748464546, 25.559787250505376], [-111.16931748472393, 25.559787250562938], [-111.16931748480764, 25.559787250612594], [-111.16931748489576, 25.559787250653883], [-111.16931748498749, 25.55978725068641], [-111.16931748508193, 25.559787250709864], [-111.16931748517823, 25.559787250724025], [-111.16931748527543, 25.55978725072876], [-111.1693239211548, 25.55978725072876], [-111.16932392119931, 25.55978725073312], [-111.16953849769322, 25.561781078143145], [-111.16953849770849, 25.561781078239978], [-111.16953849773314, 25.56178107833485], [-111.16953849776698, 25.561781078426854], [-111.16953849780965, 25.561781078515104], [-111.16953849786077, 25.56178107859875], [-111.16953849791982, 25.56178107867699], [-111.16953849798625, 25.561781078749075], [-111.16953849805942, 25.561781078814306], [-111.16953849813864, 25.56178107887206], [-111.16953849822312, 25.56178107892178], [-111.16953849831205, 25.56178107896299], [-111.1695384984046, 25.561781078995296], [-111.16953849849988, 25.561781079018385], [-111.16953849859695, 25.561781079032034], [-111.16953849869489, 25.561781079036113], [-111.16953849879276, 25.561781079030585], [-111.16953849888962, 25.5617810790155], [-111.16953849898454, 25.561781078991004], [-111.1695384990766, 25.56178107895733], [-111.16953849916491, 25.56178107891481], [-111.16953849924866, 25.56178107886384], [-111.169538499327, 25.561781078804923], [-111.1695384993992, 25.561781078738612], [-111.17093324644974, 25.56036798135871], [-111.17093324651098, 25.560367981290693], [-111.17093324656577, 25.560367981217357], [-111.1709332466136, 25.560367981139322], [-111.1709332466541, 25.56036798105724], [-111.17093324668693, 25.560367980971794], [-111.17112636564644, 25.55978725077445], [-111.17112636566465, 25.55978725073338], [-111.17112786178303, 25.559787250733375], [-111.17112786187884, 25.559787250728775], [-111.17112786197377, 25.559787250715015], [-111.17112786206694, 25.559787250692224], [-111.1711278621575, 25.559787250660612], [-111.17112786224462, 25.55978725062047], [-111.1711278623275, 25.559787250572164], [-111.17112786240536, 25.55978725051614], [-111.17112786247748, 25.559787250452917], [-111.17112786254323, 25.559787250383074], [-111.17112786260198, 25.55978725030725], [-111.1711278626532, 25.559787250226147], [-111.17112786269641, 25.559787250140513], [-111.17112786273121, 25.55978725005113], [-111.17121219633408, 25.559535600034184], [-111.17121219635385, 25.55953559999043], [-111.17121219639917, 25.55953559997444], [-111.17232799527137, 25.559264590910402], [-111.1723279953005, 25.55926459090514], [-111.17232799533011, 25.559264590903375], [-111.17402315134888, 25.559264590903375], [-111.17402315139633, 25.559264590908022], [-111.17402315143842, 25.55926459093036], [-111.17481135009228, 25.559787250562184], [-111.17481135017611, 25.559787250612064], [-111.1748113502644, 25.559787250653542], [-111.17481135035632, 25.559787250686217], [-111.174811350451, 25.559787250709782], [-111.1748113505475, 25.55978725072401], [-111.17481135064493, 25.559787250728768], [-111.17481708521716, 25.55978725072876], [-111.17481708526472, 25.55978725073343], [-111.1748170853069, 25.559787250755885], [-111.17653369897334, 25.560929351259176], [-111.17653369902897, 25.5609293513093], [-111.17625474946101, 25.56232308558555], [-111.17625474944641, 25.562323085683403], [-111.17625474944155, 25.56232308578222], [-111.1762547494465, 25.562323085881037], [-111.17625474946117, 25.56232308597888], [-111.17625474948544, 25.56232308607479], [-111.17625474951907, 25.562323086167837], [-111.17625474956174, 25.562323086257106], [-111.17625474961301, 25.56232308634172], [-111.1762547496724, 25.562323086420854], [-111.1762547497393, 25.56232308649373], [-111.1762547498131, 25.56232308655964], [-111.17625474989303, 25.562323086617937], [-111.17625474997834, 25.562323086668048], [-111.17625475006818, 25.562323086709483], [-111.17764949775382, 25.56288444725106], [-111.17764949784642, 25.562884447283153], [-111.1776494979417, 25.562884447306025], [-111.17764949803878, 25.562884447319462], [-111.17764949813669, 25.562884447323334], [-111.17764949823452, 25.562884447317604], [-111.17889404207608, 25.5627501048134], [-111.1788940421724, 25.562750104798223], [-111.17889404226679, 25.562750104773734], [-111.17889404235835, 25.562750104740168], [-111.17889404244619, 25.562750104697844], [-111.1788940425295, 25.562750104647165], [-111.17889404260748, 25.562750104588616], [-111.17889404267939, 25.56275010452275], [-111.17889404274453, 25.56275010445019], [-111.1788940428023, 25.56275010437163], [-111.17889404285215, 25.562750104287822], [-111.17889404289359, 25.562750104199555], [-111.17889404292625, 25.56275010410767], [-111.17889404294979, 25.562750104013045], [-111.178894042964, 25.562750103916574], [-111.17889404296876, 25.562750103819177], [-111.17889404296876, 25.56274894671645], [-111.17889404297313, 25.562748946671896], [-111.18016004557072, 25.562613445843102], [-111.18269205088556, 25.56261344583742], [-111.18269205092693, 25.562613445841425], [-111.18269205093611, 25.562613445864166], [-111.18269205093878, 25.562613445877126], [-111.18297100066056, 25.564858868302007], [-111.18297100067517, 25.564858868388463], [-111.18297100069731, 25.564858868473305], [-111.18408679961341, 25.568478555745312], [-111.18436574934672, 25.5696012172806], [-111.18436574935359, 25.569601217329044], [-111.18436574932281, 25.56960121736701], [-111.18185520174657, 25.57211748946191], [-111.17960214618647, 25.574072402860423], [-111.17960214614622, 25.574072402888838], [-111.17960214614499, 25.574072402889385], [-111.17709159919771, 25.57463370861129], [-111.17709159909926, 25.57463370863865], [-111.17709159900411, 25.574633708675915], [-111.17709159891328, 25.574633708722693], [-111.17709159882767, 25.5746337087785], [-111.17709159874822, 25.574633708842747], [-111.17709159867574, 25.574633708914767], [-111.17709159861099, 25.574633708993808], [-111.17709159855464, 25.574633709079045], [-111.17709159850727, 25.574633709169586], [-111.1770915984694, 25.574633709264486], [-111.17709159844141, 25.574633709362757], [-111.1770915984236, 25.574633709463374], [-111.17653369909571, 25.579104705909902], [-111.1765336990883, 25.57910470600993], [-111.17653369909094, 25.579104706110193], [-111.17653369910362, 25.57910470620969], [-111.1765336991262, 25.57910470630742], [-111.17653369915845, 25.57910470640239], [-111.17653369920006, 25.579104706493656], [-111.1765336992506, 25.579104706580292], [-111.17653369930956, 25.579104706661433], [-111.17653369937636, 25.579104706736253], [-111.17792844742975, 25.580517584038788], [-111.17792844750265, 25.580517584105678], [-111.17792844758182, 25.580517584165033], [-111.17792844766645, 25.580517584216274], [-111.17792844775573, 25.5805175842589], [-111.1779284478488, 25.580517584292494], [-111.17792844794472, 25.58051758431673], [-111.17792844804258, 25.580517584331364], [-111.1779284481414, 25.58051758433626], [-111.18016004559324, 25.58051758433626], [-111.18016004562357, 25.580517584338114], [-111.18016004565345, 25.58051758434365], [-111.18241310045826, 25.581078859803217], [-111.18241310055637, 25.581078859822508], [-111.18241310065594, 25.581078859831905], [-111.18241310075594, 25.581078859831308], [-111.18241310085537, 25.58107885982073], [-111.18241310095326, 25.58107885980027], [-111.1824131010486, 25.581078859770145], [-111.18241310114047, 25.581078859730642], [-111.18241310122792, 25.58107885968216], [-111.1824131013101, 25.58107885962519], [-111.18241310138617, 25.581078859560296], [-111.1824131014554, 25.581078859488127], [-111.18241310151707, 25.581078859409406], [-111.18241310157056, 25.581078859324922], [-111.1835289001281, 25.579104706423685], [-111.18352890014509, 25.579104706398272], [-111.18352890014526, 25.579104706398066], [-111.18492364879587, 25.57800148875965], [-111.18492364883087, 25.578001488737147], [-111.18492364883866, 25.578001488778067], [-111.18520259856837, 25.581078859949283], [-111.18520259857803, 25.581078860024295], [-111.18548154822531, 25.58274331662865], [-111.18548154824519, 25.582743316720553], [-111.18548154827363, 25.58274331681018], [-111.18548154831035, 25.58274331689674], [-111.18548154835503, 25.582743316979467], [-111.1854815484073, 25.582743317057634], [-111.18548154846667, 25.582743317130547], [-111.18548154853262, 25.58274331719756], [-111.18548154860459, 25.582743317258085], [-111.1854815486819, 25.58274331731158], [-111.18548154876392, 25.582743317357576], [-111.18996620173718, 25.584988362165223], [-111.18996620177718, 25.584988362190565], [-111.18996620178224, 25.586672117927513], [-111.18996620178704, 25.586672118025398], [-111.18996620180141, 25.586672118122344], [-111.18996620182519, 25.586672118217415], [-111.18996620185816, 25.586672118309703], [-111.1899662019, 25.586672118398322], [-111.18996620195033, 25.58667211848242], [-111.18996620200865, 25.586672118561186], [-111.18996620207439, 25.586672118633864], [-111.19247674938373, 25.589188031622847], [-111.19247674941536, 25.589188031661866], [-111.19247674942869, 25.5891880317102], [-111.19275569915358, 25.59085237598515], [-111.1927556991632, 25.590852376034775], [-111.19331359847656, 25.593387553011148], [-111.19331359850187, 25.593387553104456], [-111.1933135985361, 25.593387553194884], [-111.19331359857887, 25.593387553281584], [-111.19331359862983, 25.593387553363748], [-111.19331359868849, 25.593387553440607], [-111.19331359875429, 25.59338755351144], [-111.19331359882662, 25.593387553575592], [-111.19331359890481, 25.593387553632457], [-111.19331359898813, 25.593387553681502], [-111.1933135990758, 25.593387553722277], [-111.19331359916698, 25.593387553754393], [-111.19331359926085, 25.593387553777553], [-111.19331359935651, 25.593387553791544], [-111.19610309550677, 25.593658485517423], [-111.19610309559997, 25.5936584855221], [-111.1961030956932, 25.59365848551807], [-111.19610309578566, 25.593658485505365], [-111.19610309587652, 25.5936584854841], [-111.196103095965, 25.593658485454455], [-111.19610309605034, 25.593658485416693], [-111.19610309613178, 25.59365848537114], [-111.19610309620863, 25.593658485318194], [-111.1961030962802, 25.593658485258313], [-111.19610309634588, 25.59365848519202], [-111.19863510128721, 25.590852376044467], [-111.19863510132005, 25.590852376014247], [-111.20002984995422, 25.590852376009927], [-111.20281934733022, 25.591142666252463], [-111.20281934737942, 25.59114266626279], [-111.2047719955348, 25.592536049635587], [-111.20590925208141, 25.59338755365736], [-111.20590925216965, 25.593387553716386], [-111.20590925226365, 25.59338755376573], [-111.20953559871225, 25.595051839627015], [-111.20953559875237, 25.595051839650196], [-111.2114882468385, 25.596735454103428], [-111.21148824692085, 25.596735454167266], [-111.2114882470094, 25.596735454222184], [-111.21402025218394, 25.59812877238393], [-111.21402025221857, 25.59812877240777], [-111.21120929722359, 25.599812343593698], [-111.2112092971396, 25.59981234364996], [-111.21009349826838, 25.600644444748124], [-111.21009349822918, 25.600644444771895], [-111.20758295062157, 25.60008326091776], [-111.20758295056353, 25.60008326090104], [-111.2036561967565, 25.598689965502924], [-111.20365619664746, 25.59868996547108], [-111.20365619653552, 25.598689965451808], [-111.2036561964221, 25.598689965445356], [-111.20198249916896, 25.598689965445356], [-111.20198249907095, 25.59868996545017], [-111.20198249897388, 25.59868996546457], [-111.20198249887868, 25.598689965488415], [-111.20198249878628, 25.598689965521476], [-111.20198249869756, 25.598689965563434], [-111.20198249861339, 25.598689965613886], [-111.20198249853458, 25.598689965672346], [-111.20198249846186, 25.59868996573825], [-111.20198249839595, 25.598689965810962], [-111.2019824983375, 25.598689965889786], [-111.20198249828704, 25.59868996597396], [-111.20198249824509, 25.598689966062672], [-111.20198249821202, 25.59868996615507], [-111.20198249818817, 25.598689966250266], [-111.20198249817378, 25.59868996634734], [-111.20198249816896, 25.598689966445356], [-111.20198249816896, 25.60345032433523], [-111.20198249817435, 25.603450324438796], [-111.20198249819042, 25.60345032454125], [-111.201982498217, 25.603450324641486], [-111.20198249825386, 25.60345032473843], [-111.20198249830052, 25.603450324831037], [-111.20421409602069, 25.60735909561548], [-111.2042140960733, 25.607359095697962], [-111.20421409613371, 25.60735909577491], [-111.20590925213324, 25.609313433288023], [-111.20590925216153, 25.609313433328296], [-111.20590925216675, 25.610996847004166], [-111.20590925216231, 25.610996847049684], [-111.2059092521222, 25.610996847071817], [-111.20393514656057, 25.611848219581034], [-111.20393514647292, 25.611848219624026], [-111.20393514638988, 25.61184821967536], [-111.20393514631223, 25.611848219734544], [-111.20393514624074, 25.611848219801015], [-111.20393514617606, 25.611848219874144], [-111.20170354865088, 25.614634487420126], [-111.2017035485943, 25.614634487498215], [-111.2017035485455, 25.61463448758139], [-111.20170354850494, 25.61463448766888], [-111.20170354847299, 25.61463448775987], [-111.20170354844996, 25.61463448785351], [-111.20170354843604, 25.61463448794894], [-111.2017035484314, 25.61463448804526], [-111.2017035484314, 25.61854289207186], [-111.20170354843621, 25.618542892169877], [-111.20170354845061, 25.61854289226695], [-111.20170354847446, 25.618542892362147], [-111.20170354850752, 25.618542892454546], [-111.20170354854947, 25.618542892543257], [-111.20170354859994, 25.61854289262743], [-111.20170354865839, 25.618542892706255], [-111.2017035487243, 25.61854289277897], [-111.20170354879701, 25.61854289284487], [-111.20170354887583, 25.61854289290333], [-111.20170354896, 25.618542892953784], [-111.20170354904872, 25.61854289299574], [-111.20170354914111, 25.618542893028803], [-111.20170354923631, 25.61854289305265], [-111.20170354933339, 25.618542893067048], [-111.2017035494314, 25.61854289307186], [-111.20421409539262, 25.61854289307186], [-111.20421409549161, 25.618542893066948], [-111.20421409558963, 25.61854289305226], [-111.20421409568571, 25.618542893027943], [-111.20421409577892, 25.61854289299423], [-111.20421409586834, 25.618542892951456], [-111.20421409595308, 25.618542892900045], [-111.2042140960323, 25.618542892840495], [-111.20421409610525, 25.618542892773394], [-111.2042140961712, 25.6185428926994], [-111.20421409622949, 25.618542892619242], [-111.20421409627957, 25.618542892533707], [-111.20421409632094, 25.618542892443635], [-111.20477199552698, 25.617149812791187], [-111.20477199554799, 25.617149812750327], [-111.20730400081888, 25.614924720241323], [-111.20730400085644, 25.614924720214155], [-111.20730400090127, 25.614924720202794], [-111.2109303473931, 25.61436360338442], [-111.21093034743946, 25.614363603381946], [-111.2109303474585, 25.614363603424433], [-111.21176719663838, 25.616878934081015], [-111.21176719664956, 25.616878934132433], [-111.21176719665529, 25.619394211887936], [-111.21176719664973, 25.61939421194], [-111.21176719663326, 25.61939421198982], [-111.21037244805679, 25.6224705180032], [-111.21037244801808, 25.622470518102272], [-111.21037244799011, 25.622470518204896], [-111.2103724479732, 25.62247051830991], [-111.21037244796754, 25.622470518416126], [-111.21037244796754, 25.624714817391798], [-111.21037244796237, 25.624714817441703], [-111.21037244793752, 25.624714817485476], [-111.20897769946588, 25.626668870977863], [-111.2089776994103, 25.626668871064904], [-111.208977699364, 25.626668871157214], [-111.20897769932746, 25.626668871253806], [-111.20897769930107, 25.626668871353655], [-111.20897769928514, 25.62666887145569], [-111.2089776992798, 25.626668871558824], [-111.2089776992798, 25.62889374464191], [-111.20897769928459, 25.628893744739578], [-111.20897769929888, 25.62889374483631], [-111.20897769932256, 25.628893744931187], [-111.20897769935539, 25.628893745023294], [-111.20897769939705, 25.628893745111757], [-111.20897769944716, 25.628893745195725], [-111.20897769950523, 25.6288937452744], [-111.20897769957071, 25.628893745347025], [-111.21065139766897, 25.63057688288892], [-111.21065139769998, 25.630576882927237], [-111.21093034744044, 25.634774950985857], [-111.21093034744264, 25.639050251151907], [-111.21093034744264, 25.63953387270045], [-111.21093034743797, 25.639533872748007], [-111.21093034741554, 25.639533872790125], [-111.20925664911347, 25.642048673327594], [-111.20925664905562, 25.642048673426345], [-111.20925664900942, 25.642048673531058], [-111.2092566489755, 25.642048673640364], [-111.20869874960505, 25.64429260451741], [-111.20869874958555, 25.64429260461735], [-111.2086987495763, 25.644292604718753], [-111.20869874957742, 25.64429260482057], [-111.20869874958889, 25.64429260492175], [-111.20869874961059, 25.64429260502123], [-111.2095355985915, 25.647368269040843], [-111.20953559862296, 25.647368269136997], [-111.20953559866399, 25.647368269229478], [-111.20953559871414, 25.647368269317344], [-111.20953559877292, 25.64736826939969], [-111.20953559883971, 25.647368269475674], [-111.20953559891385, 25.647368269544526], [-111.20953559899455, 25.64736826960553], [-111.20953559908101, 25.647368269658067], [-111.20953559917234, 25.6473682697016], [-111.2095355992676, 25.647368269735683], [-111.20953559936581, 25.64736826975997], [-111.21093034646674, 25.647639078913922], [-111.21093034656352, 25.647639078927842], [-111.21093034666119, 25.647639078932247], [-111.21093034675881, 25.647639078927092], [-111.21093034685548, 25.64763907891243], [-111.21093034695024, 25.6476390788884], [-111.21093034704221, 25.647639078855228], [-111.2109303471305, 25.647639078813235], [-111.21093034721427, 25.647639078762822], [-111.21093034729272, 25.64763907870447], [-111.21093034736508, 25.647639078638736], [-111.21093034743069, 25.647639078566247], [-111.2109303474889, 25.6476390784877], [-111.21093034753916, 25.647639078403845], [-111.210930347581, 25.64763907831548], [-111.21093034761401, 25.647639078223452], [-111.21093034763787, 25.64763907812864], [-111.21148824691208, 25.64485358103087], [-111.21148824692172, 25.644853580974466], [-111.21176719664884, 25.64288048055735], [-111.21176719665856, 25.64288048051635], [-111.22436285014078, 25.64288048051176], [-111.22436285018276, 25.64288048051583], [-111.22436284993701, 25.64288048101898], [-111.22380495073661, 25.64400244356982], [-111.22380495071123, 25.644002443610106], [-111.22380494739873, 25.644002443615033], [-111.22380494729819, 25.644002443620252], [-111.2238049471987, 25.64400244363555], [-111.22380494710123, 25.644002443660778], [-111.22380494700681, 25.644002443695673], [-111.22380494691636, 25.64400244373989], [-111.22380494683082, 25.644002443792974], [-111.22380494675106, 25.64400244385439], [-111.22380494667787, 25.64400244392351], [-111.223804946612, 25.644002443999646], [-111.22380494655413, 25.644002444082016], [-111.22380494650481, 25.644002444169786], [-111.2229681015161, 25.645685368464747], [-111.22296810148313, 25.6456853685214], [-111.22071504595762, 25.649031803729248], [-111.22071504592563, 25.649031803767624], [-111.21959924717522, 25.64959275762784], [-111.21959924708135, 25.649592757681578], [-111.21959924699384, 25.649592757745143], [-111.21959924691369, 25.64959275781779], [-111.21959924684187, 25.649592757898667], [-111.2173676490995, 25.652397487915675], [-111.2173676490591, 25.65239748797015], [-111.21485710163543, 25.656033867292777], [-111.21485710158551, 25.656033867372923], [-111.21485710154337, 25.65603386745742], [-111.2148571015094, 25.656033867545517], [-111.21485710148387, 25.656033867636427], [-111.21485710146705, 25.656033867729338], [-111.21485710145906, 25.65603386782342], [-111.21485710145997, 25.656033867917838], [-111.21541500078804, 25.66582059172344], [-111.21541500079873, 25.665820591822907], [-111.21541500081929, 25.665820591920813], [-111.21541500084955, 25.66582059201617], [-111.21541500088917, 25.665820592108034], [-111.21541500093777, 25.665820592195473], [-111.21541500099487, 25.665820592277623], [-111.2154150010599, 25.66582059235365], [-111.21541500113219, 25.665820592422808], [-111.21541500121101, 25.66582059248439], [-111.21541500129561, 25.66582059253779], [-111.21541500138513, 25.66582059258247], [-111.21541500147866, 25.665820592617983], [-111.21541500157527, 25.665820592643975], [-111.21541500167397, 25.665820592660182], [-111.21541500177382, 25.665820592666446], [-111.2154150018738, 25.6658205926627], [-111.2154150019729, 25.665820592648984], [-111.21541500207013, 25.665820592625437], [-111.21541500216452, 25.665820592592294], [-111.21541500225513, 25.66582059254988], [-111.21541500234105, 25.66582059249863], [-111.21541500242141, 25.66582059243905], [-111.21541500249542, 25.66582059237174], [-111.21820449825628, 25.663016179401772], [-111.21820449829298, 25.663016179371525], [-111.21820449834031, 25.663016179366846], [-111.21959924597877, 25.663016179366846], [-111.21959924607678, 25.66301617936203], [-111.21959924617386, 25.663016179347633], [-111.21959924626906, 25.663016179323787], [-111.21959924636145, 25.663016179290725], [-111.21959924645017, 25.663016179248768], [-111.21959924653434, 25.663016179198316], [-111.21959924661316, 25.663016179139856], [-111.21959924668587, 25.663016179073953], [-111.21959924675178, 25.66301617900124], [-111.21959924681023, 25.663016178922415], [-111.2195992468607, 25.66301617883824], [-111.21959924690265, 25.66301617874953], [-111.21959924693572, 25.66301617865713], [-111.21959924695956, 25.663016178561936], [-111.21959924697396, 25.66301617846486], [-111.21959924697877, 25.663016178366846], [-111.21959924697877, 25.657426494290483], [-111.21959924698209, 25.657426494250107], [-111.22015714644034, 25.6552021522774], [-111.22099399564848, 25.652958426121725], [-111.22099399567051, 25.652958426077266], [-111.22464179987799, 25.65100480258512], [-111.22464179998009, 25.6510048025442], [-111.2277102470173, 25.65015370905047], [-111.2277102470621, 25.650153709036903], [-111.23024225230095, 25.649321952714438], [-111.23024225239686, 25.64932195267737], [-111.23275279996825, 25.648200039614196], [-111.23275280000695, 25.6482000395959], [-111.2355422965588, 25.646807305630904], [-111.2355422966439, 25.646807305583096], [-111.23554229672393, 25.646807305527215], [-111.23554229679813, 25.646807305463803], [-111.2355422968658, 25.646807305393455], [-111.23554229692628, 25.646807305316845], [-111.235542296979, 25.646807305234706], [-111.23554229702349, 25.646807305147814], [-111.23554229705927, 25.646807305057003], [-111.23554229708603, 25.646807304963136], [-111.2355422971035, 25.646807304867107], [-111.23554229711155, 25.64680730476983], [-111.23554229711007, 25.646807304672233], [-111.23554229709907, 25.646807304575244], [-111.23554229707868, 25.646807304479793], [-111.23554229704908, 25.64680730438678], [-111.23470544816728, 25.644563421256112], [-111.23470544815575, 25.644563421213167], [-111.24049449936638, 25.639765374385718], [-111.24953269954696, 25.63225999710571], [-111.24953269958273, 25.63225999708153], [-111.24953269959916, 25.632259997121427], [-111.25036954878342, 25.635045789006345], [-111.25036954879245, 25.635045789052533], [-111.25036954876586, 25.63504578909159], [-111.24702138869844, 25.63905024951047], [-111.24702138863904, 25.639050249589083], [-111.24702138858767, 25.639050249673158], [-111.24702138854481, 25.639050249761887], [-111.2470213885109, 25.6390502498544], [-111.24702138848625, 25.6390502499498], [-111.24702138847111, 25.639050250047163], [-111.24702138846564, 25.63905025014554], [-111.24702138846986, 25.639050250243983], [-111.24702138848376, 25.639050250341533], [-111.24702138850719, 25.63905025043724], [-111.24702138853992, 25.639050250530175], [-111.24702138858164, 25.63905025061944], [-111.24702138863194, 25.639050250704166], [-111.24702138869034, 25.63905025078353], [-111.24702138875627, 25.63905025085676], [-111.24702138882907, 25.639050250923148], [-111.24702138890807, 25.63905025098205], [-111.24702138899247, 25.639050251032888], [-111.24702138908147, 25.639050251075176], [-111.2470213891742, 25.6390502511085], [-111.24702138926975, 25.639050251132538], [-111.2470213893672, 25.639050251147054], [-111.24702138946562, 25.639050251151907], [-111.2470221518977, 25.639050251151907], [-111.24702215193743, 25.639050251155837], [-111.24576718085187, 25.640550304937204], [-111.24288082122565, 25.644002443610525], [-111.2428808211794, 25.644002443615033], [-111.24287906203982, 25.644002443615033], [-111.24287906194284, 25.644002443619748], [-111.24287906184679, 25.64400244363384], [-111.24287906175255, 25.644002443657183], [-111.24287906166101, 25.644002443689555], [-111.24287906157306, 25.64400244373065], [-111.2428790614895, 25.644002443780078], [-111.24287906141113, 25.64400244383738], [-111.24287906133868, 25.64400244390201], [-111.24287906127284, 25.644002443973363], [-111.2403059005778, 25.647078115959474], [-111.24030590057009, 25.64707811596879], [-111.23779535308701, 25.650153708858987], [-111.23779535303115, 25.65015370893439], [-111.23779535298259, 25.650153709014695], [-111.23779535294177, 25.6501537090992], [-111.23779535290907, 25.65015370918716], [-111.23779535288475, 25.650153709277795], [-111.23693704606184, 25.65408029437395], [-111.23693704603046, 25.654080294469733], [-111.2358212471205, 25.65659478856359], [-111.2358212470977, 25.656594788603922], [-111.2358212470532, 25.656594788616776], [-111.23135805155631, 25.65742649420179], [-111.23135805145716, 25.657426494225554], [-111.23135805136094, 25.65742649425929], [-111.23135805126867, 25.657426494302648], [-111.23135805118129, 25.657426494355175], [-111.2313580510997, 25.65742649441633], [-111.22798919717484, 25.66023103995979], [-111.22798919710449, 25.660231040024268], [-111.22798919704061, 25.660231040095162], [-111.2279891969838, 25.66023104017182], [-111.22798919693453, 25.660231040253542], [-111.22798919689329, 25.660231040339593], [-111.22798919686043, 25.660231040429178], [-111.22798919683626, 25.660231040521488], [-111.227989196821, 25.660231040615685], [-111.22798919681479, 25.660231040710904], [-111.22798919681767, 25.660231040806284], [-111.22912645339585, 25.67477493823011], [-111.22912645339498, 25.674774938273085], [-111.2265944511461, 25.674214103441784], [-111.22659445105047, 25.674214103425424], [-111.22659445095373, 25.674214103418404], [-111.22659445085675, 25.674214103420795], [-111.22659445076046, 25.67421410343257], [-111.22659445066576, 25.674214103453618], [-111.22659445057354, 25.674214103483745], [-111.22659445048468, 25.674214103522665], [-111.22659445040001, 25.674214103570012], [-111.22659445032033, 25.67421410362534], [-111.22659445024638, 25.67421410368813], [-111.22659445017887, 25.674214103757787], [-111.22659445011841, 25.67421410383366], [-111.2265944500656, 25.67421410391503], [-111.22659445002093, 25.674214104001138], [-111.2265944499848, 25.67421410409117], [-111.22659444995756, 25.674214104184276], [-111.22659444993948, 25.674214104279585], [-111.22659444993072, 25.674214104376198], [-111.22659444993135, 25.674214104473204], [-111.22659444994139, 25.674214104569693], [-111.22659444996073, 25.674214104664756], [-111.2265944499892, 25.674214104757496], [-111.2265944500265, 25.674214104847042], [-111.22659445007231, 25.674214104932556], [-111.22659445012619, 25.674214105013224], [-111.22659445018763, 25.674214105088293], [-111.22912645335576, 25.677018253896932], [-111.22912645344955, 25.67701825398805], [-111.23107910152791, 25.678681374479915], [-111.23107910155905, 25.678681374511743], [-111.23107910157682, 25.67868137455256], [-111.23219490049587, 25.682046221819196], [-111.23219490050701, 25.68204622187057], [-111.23219490051271, 25.686242478541995], [-111.2321949005185, 25.68624247864942], [-111.23219490053579, 25.6862424787556], [-111.2321949005644, 25.686242478859306], [-111.23219490060397, 25.68624247895934], [-111.23219490065405, 25.68624247905455], [-111.23386859891328, 25.689046346890375], [-111.23386859892959, 25.6890463469249], [-111.23386859892922, 25.689046346925164], [-111.2338685988919, 25.689046346917227], [-111.22854709634937, 25.687364034013918], [-111.22854709625142, 25.687364033988324], [-111.22854709615137, 25.687364033972766], [-111.22575759926121, 25.68707397766517], [-111.22575759916924, 25.687073977659875], [-111.22575759907716, 25.687073977663065], [-111.22575759898577, 25.687073977674718], [-111.22575759889584, 25.68707397769473], [-111.22575759880813, 25.68707397772293], [-111.22575759872339, 25.687073977759088], [-111.22575759864235, 25.68707397780289], [-111.22575759856566, 25.687073977853967], [-111.2215733528987, 25.690148539021344], [-111.22157335281744, 25.690148539087886], [-111.22157335274363, 25.69014853916259], [-111.21932029761251, 25.692681608287554], [-111.21932029754878, 25.692681608367], [-111.21932029749347, 25.692681608452517], [-111.21932029744714, 25.69268160854322], [-111.21932029741028, 25.692681608638164], [-111.21932029738326, 25.692681608736365], [-111.21932029736638, 25.692681608836804], [-111.2193202973598, 25.69268160893844], [-111.2193202973636, 25.692681609040218], [-111.21932029737772, 25.692681609141083], [-111.21932029740202, 25.692681609239987], [-111.22015714644029, 25.6954659894394], [-111.22015714644918, 25.695465989483722], [-111.21876239813861, 25.69770891494387], [-111.21876239809257, 25.69770891502636], [-111.21876239805451, 25.697708915112834], [-111.2187623980248, 25.697708915202508], [-111.21876239800366, 25.697708915294587], [-111.21876239799131, 25.69770891538825], [-111.21876239798786, 25.69770891548266], [-111.21876239799334, 25.697708915576975], [-111.21876239800768, 25.69770891567035], [-111.21876239803079, 25.697708915761957], [-111.21876239806242, 25.697708915850974], [-111.21876239810233, 25.69770891593661], [-111.21876239815012, 25.697708916018097], [-111.2187623982054, 25.69770891609471], [-111.22099399539646, 25.700512513360046], [-111.22099399546414, 25.70051251343668], [-111.2209939955393, 25.70051251350601], [-111.22099399562114, 25.7005125135673], [-111.22099399570881, 25.700512513619913], [-111.2209939958014, 25.7005125136633], [-111.22099399589793, 25.700512513697], [-111.2209939959974, 25.70051251372067], [-111.22099399609877, 25.70051251373406], [-111.22436284995456, 25.7007832024213], [-111.22436285004696, 25.700783202424436], [-111.22436285013926, 25.700783202419025], [-111.22436285023065, 25.700783202405113], [-111.22436285032038, 25.700783202382823], [-111.22436285040766, 25.70078320235234], [-111.227152347444, 25.699661773698377], [-111.22715234752255, 25.699661773662793], [-111.22715234759774, 25.699661773620576], [-111.227152347669, 25.699661773572036], [-111.23052120204741, 25.697148188019092], [-111.23052120208641, 25.69714818799565], [-111.23247385022272, 25.69939108232758], [-111.23247385024723, 25.69939108236103], [-111.23386859888414, 25.702175306134595], [-111.233868598944, 25.70217530623812], [-111.23386859901579, 25.702175306333768], [-111.23554229733011, 25.70414742538809], [-111.23554229735767, 25.704147425428264], [-111.2349843980158, 25.70666086272878], [-111.23498439799943, 25.706660862824105], [-111.23498439799235, 25.706660862920565], [-111.23498439799462, 25.70666086301726], [-111.23498439800622, 25.70666086311328], [-111.23498439802704, 25.706660863207734], [-111.2349843980569, 25.70666086329973], [-111.23498439809549, 25.706660863388414], [-111.23498439814247, 25.70666086347296], [-111.23498439819741, 25.706660863552564], [-111.23498439825977, 25.706660863626492], [-111.23498439832899, 25.706660863694047], [-111.23751640296497, 25.70890357823615], [-111.23751640304359, 25.70890357829901], [-111.23751640312811, 25.708903578353656], [-111.23751640321771, 25.70890357839952], [-111.23751640331146, 25.70890357843615], [-111.23751640340842, 25.70890357846317], [-111.23751640350761, 25.7089035784803], [-111.2397480010467, 25.709174248095064], [-111.23974800109686, 25.709174248106557], [-111.24337434764078, 25.710856252872627], [-111.24337434768228, 25.710856252897248], [-111.24337434769303, 25.710856252944268], [-111.24365329735117, 25.71309888837885], [-111.24365329736786, 25.71309888847465], [-111.24365329739376, 25.71309888856838], [-111.24365329742865, 25.713098888659147], [-111.24365329747219, 25.7130988887461], [-111.24365329752398, 25.71309888882841], [-111.2436532975835, 25.713098888905304], [-111.24365329765021, 25.713098888976052], [-111.24365329772348, 25.713098889039983], [-111.24365329780262, 25.7130988890965], [-111.24365329788688, 25.71309888914506], [-111.24365329797544, 25.713098889185208], [-111.24506950374278, 25.713659541364414], [-111.24506950378212, 25.713659541384192], [-111.248416899743, 25.716172777685678], [-111.24841689982482, 25.716172777741004], [-111.24841689991167, 25.716172777787985], [-111.24841690000275, 25.716172777826174], [-111.24841690009715, 25.716172777855192], [-111.24841690019396, 25.716172777874753], [-111.24841690029221, 25.716172777884676], [-111.24841690039096, 25.716172777884857], [-111.24841690048926, 25.716172777875293], [-111.24841690058614, 25.716172777856084], [-111.24841690068064, 25.71617277782741], [-111.24841690077186, 25.716172777789556], [-111.24841690085889, 25.71617277774289], [-111.2484169009409, 25.716172777687866], [-111.24841690101708, 25.716172777625022], [-111.2484169010867, 25.71617277755497], [-111.24841690114906, 25.71617277747839], [-111.24841690120356, 25.716172777396032], [-111.24925374970756, 25.714761505902803], [-111.24925374975714, 25.714761505807985], [-111.2492537497963, 25.71476150570841], [-111.24925374982459, 25.71476150560522], [-111.2492537498417, 25.714761505499602], [-111.24925374984743, 25.714761505392758], [-111.24925374984743, 25.713098889016123], [-111.24925374985182, 25.71309888897144], [-111.24925374989655, 25.713098888967032], [-111.25373840232031, 25.713098888967032], [-111.25373840241832, 25.713098888962218], [-111.2537384025154, 25.71309888894782], [-111.2537384026106, 25.713098888923973], [-111.253738402703, 25.71309888889091], [-111.25373840279171, 25.713098888848954], [-111.25373840287588, 25.713098888798502], [-111.2537384029547, 25.713098888740042], [-111.25373840302741, 25.71309888867414], [-111.25373840309332, 25.713098888601426], [-111.25373840315177, 25.7130988885226], [-111.25373840320223, 25.713098888438427], [-111.25373840324418, 25.713098888349716], [-111.25373840327725, 25.713098888257317], [-111.2537384033011, 25.713098888162122], [-111.2537384033155, 25.713098888065048], [-111.25373840332031, 25.713098887967032], [-111.25373840332031, 25.71029558779433], [-111.25373840331567, 25.710295587698113], [-111.2537384033018, 25.71029558760279], [-111.25373840327882, 25.710295587509243], [-111.25373840324693, 25.710295587418344], [-111.25373840320646, 25.710295587330933], [-111.25373840315775, 25.71029558724782], [-111.2537384031013, 25.710295587169778], [-111.25373840303757, 25.710295587097534], [-111.2537384029672, 25.71029558703175], [-111.25373840289083, 25.710295586973047], [-111.25092744837872, 25.708342903693836], [-111.25092744830643, 25.708342903648074], [-111.25092744823048, 25.708342903608656], [-111.25092744815144, 25.708342903575875], [-111.24785900132593, 25.707221546111327], [-111.24785900124245, 25.707221546084902], [-111.24785900115698, 25.707221546065878], [-111.24785900107017, 25.707221546054406], [-111.24785900098269, 25.707221546050572], [-111.24534845357086, 25.707221546050572], [-111.24534845352612, 25.707221546046163], [-111.24534845352173, 25.70722154600148], [-111.24534845352173, 25.705249477851392], [-111.24534845352697, 25.7052494778011], [-111.2464642523664, 25.703296711539274], [-111.24646425241353, 25.703296711445713], [-111.24646425245062, 25.70329671134773], [-111.24646425247727, 25.703296711246406], [-111.24646425249315, 25.70329671114285], [-111.24674320221388, 25.700512513703764], [-111.24981164880583, 25.700222489414276], [-111.24981164890058, 25.70022248940072], [-111.24981164899359, 25.70022248937817], [-111.24981164908402, 25.700222489346828], [-111.24981164917104, 25.700222489306988], [-111.24981164925386, 25.70022248925901], [-111.2498116493317, 25.700222489203334], [-111.24981164940388, 25.70022248914047], [-111.2498116494697, 25.700222489070995], [-111.2498116495286, 25.700222488995546], [-111.24981164958, 25.700222488914815], [-111.25092744824894, 25.698269640497312], [-111.25092744827508, 25.6982696404603], [-111.25345945234048, 25.69826964045573], [-111.25345945243954, 25.69826964045081], [-111.25345945253763, 25.698269640436102], [-111.25345945263378, 25.698269640411752], [-111.25345945272704, 25.698269640377994], [-111.2534594528165, 25.698269640335162], [-111.25345945290128, 25.698269640283677], [-111.25345945298055, 25.69826964022405], [-111.25345945305351, 25.698269640156862], [-111.25345945311946, 25.698269640082778], [-111.25345945317774, 25.698269640002525], [-111.25345945322779, 25.698269639916894], [-111.25345945326912, 25.698269639826723], [-111.2534594533013, 25.698269639732903], [-111.25345945332403, 25.698269639636358], [-111.25345945333709, 25.698269639538037], [-111.25345945334034, 25.6982696394389], [-111.25345945333375, 25.698269639339937], [-111.25345945331739, 25.69826963924211], [-111.25260114670864, 25.694344510660617], [-111.25260114670404, 25.69434451062096], [-111.26380205151877, 25.70051251368533], [-111.26380205156785, 25.700512513716202], [-111.26770734781502, 25.703296711315446], [-111.26770734792942, 25.703296711385924], [-111.27302885051004, 25.70610017789138], [-111.27302885055113, 25.70610017791874], [-111.2730288505689, 25.70610017796481], [-111.27386569824874, 25.709174242520238], [-111.27386569827856, 25.709174242612004], [-111.27386569831707, 25.709174242700474], [-111.27386569836392, 25.70917424278482], [-111.27386569841869, 25.709174242864254], [-111.27386569848086, 25.709174242938044], [-111.27386569854986, 25.709174243005496], [-111.27386569862502, 25.709174243065984], [-111.27386569870568, 25.709174243118948], [-111.27386569879106, 25.709174243163893], [-111.27386569888037, 25.7091742432004], [-111.27386569897278, 25.70917424322813], [-111.27386569906744, 25.709174243246824], [-111.27386569916347, 25.70917424325631], [-111.27386569925994, 25.709174243256495], [-111.27386569935601, 25.709174243247382], [-111.27386569945074, 25.709174243229054], [-111.27386569954325, 25.70917424320168], [-111.27386569963271, 25.709174243165517], [-111.27386569971826, 25.709174243120902], [-111.27386569979912, 25.709174243068247], [-111.27386569987452, 25.70917424300805], [-111.27386569994377, 25.70917424294086], [-111.27386570000623, 25.709174242867313], [-111.27386570006131, 25.70917424278809], [-111.27386570010849, 25.709174242703927], [-111.27386570014734, 25.709174242615607], [-111.2738657001775, 25.709174242523954], [-111.27386570019868, 25.70917424242982], [-111.27386570021069, 25.709174242334086], [-111.2741446494879, 25.705539490116696], [-111.27414464949072, 25.705539490025696], [-111.27414464948527, 25.705539489934818], [-111.27414464947157, 25.70553948984481], [-111.27414464944972, 25.705539489756422], [-111.27414464941995, 25.705539489670386], [-111.27302885057293, 25.70273601016283], [-111.27302885055985, 25.702736010118056], [-111.27302885055543, 25.702736010071522], [-111.27302885055543, 25.70022248941351], [-111.27302885055974, 25.70022248936887], [-111.27302885060232, 25.700222489354694], [-111.27665519686445, 25.699391082423197], [-111.27665519695397, 25.699391082398243], [-111.27665519704078, 25.69939108236509], [-111.27665519712414, 25.69939108232402], [-111.27665519720333, 25.69939108227539], [-111.27665519727766, 25.699391082219616], [-111.2766551973465, 25.699391082157188], [-111.27890825268136, 25.6971481880238], [-111.278908252718, 25.697148187993864], [-111.27890825276506, 25.697148187989242], [-111.28281354677628, 25.697148187989242], [-111.28281354687239, 25.697148187984613], [-111.28281354696762, 25.697148187970768], [-111.28281354706107, 25.697148187947835], [-111.28281354715187, 25.697148187916028], [-111.28281354723921, 25.697148187875637], [-111.28281354732226, 25.697148187827043], [-111.28281354740025, 25.69714818777069], [-111.28281354747247, 25.697148187707104], [-111.28281354753824, 25.69714818763687], [-111.28281354759696, 25.69714818756064], [-111.28281354764808, 25.69714818747912], [-111.28281354769112, 25.69714818739306], [-111.2828135477257, 25.697148187303267], [-111.28281354775149, 25.697148187210566], [-111.28281354776824, 25.697148187115815], [-111.28281354777582, 25.69714818701989], [-111.28281354777413, 25.697148186923684], [-111.28281354776321, 25.697148186828084], [-111.28281354774315, 25.697148186733976], [-111.28281354771414, 25.69714818664223], [-111.28281354767645, 25.6971481865537], [-111.28281354763043, 25.6971481864692], [-111.28281354757648, 25.697148186389516], [-111.28281354751515, 25.69714818631538], [-111.2797451021256, 25.693783767430855], [-111.27974510205853, 25.693783767363975], [-111.27974510198544, 25.69378376730374], [-111.27974510190697, 25.69378376725069], [-111.27974510182383, 25.6937837672053], [-111.27974510173678, 25.693783767167982], [-111.27974510164658, 25.693783767139063], [-111.27665519715158, 25.692952315251087], [-111.27665519713544, 25.692952315246888], [-111.27442359952704, 25.692391565367792], [-111.27442359943403, 25.692391565349062], [-111.27442359933967, 25.692391565339232], [-111.2744235992448, 25.692391565338387], [-111.27442359915027, 25.692391565346536], [-111.27442359905695, 25.692391565363607], [-111.27442359896565, 25.692391565389446], [-111.2727499008638, 25.692952315233548], [-111.27274990077362, 25.692952315268705], [-111.2722778326234, 25.693163193818982], [-111.27227783253785, 25.693163193862226], [-111.27227783245685, 25.693163193913463], [-111.27227783238112, 25.693163193972218], [-111.27227783231136, 25.693163194037957], [-111.27227783224821, 25.693163194110074], [-111.27227783219226, 25.693163194187903], [-111.27227783214401, 25.69316319427073], [-111.27227783210392, 25.693163194357798], [-111.27227783207236, 25.693163194448303], [-111.2722778320496, 25.693163194541416], [-111.27227783203587, 25.69316319463628], [-111.27227783203126, 25.693163194732023], [-111.27227783203126, 25.69316501276809], [-111.27227783202692, 25.693165012813257], [-111.27227783198741, 25.69316501283563], [-111.2702393532186, 25.694073807215528], [-111.27023935319359, 25.69407380722423], [-111.27023935318053, 25.694073807226435], [-111.27023935315349, 25.694073807193515], [-111.26854419709585, 25.6915601036302], [-111.26854419706822, 25.691560103591275], [-111.26687049868633, 25.68931706177758], [-111.26687049866368, 25.689317061740145], [-111.26687049870081, 25.68931706171691], [-111.26912355418834, 25.688195524982543], [-111.26912355423056, 25.688195524966194], [-111.27227783203126, 25.68819552496193], [-111.27330779942567, 25.68819552496193], [-111.27330779952078, 25.688195524957397], [-111.27330779961504, 25.688195524943836], [-111.27330779970758, 25.688195524921372], [-111.27330779979756, 25.688195524890205], [-111.27330779988417, 25.688195524850624], [-111.27330779996662, 25.688195524802982], [-111.27330780004417, 25.688195524747716], [-111.2733078001161, 25.688195524685323], [-111.27330780018178, 25.68819552461637], [-111.2733078002406, 25.68819552454148], [-111.27330780029203, 25.68819552446134], [-111.2733078003356, 25.688195524376667], [-111.27330780037093, 25.688195524288236], [-111.27330780039769, 25.688195524196846], [-111.27330780041562, 25.688195524103325], [-111.27358675002378, 25.686242478864976], [-111.27358675003278, 25.68624247882776], [-111.27358675005452, 25.68624247882466], [-111.27637624735492, 25.686513199991982], [-111.27637624740332, 25.68651320000176], [-111.27637624743721, 25.686513200037723], [-111.27723455354058, 25.687634751633265], [-111.27723455360446, 25.687634751708696], [-111.27723455367547, 25.68763475177745], [-111.27723455375292, 25.687634751838857], [-111.27723455383605, 25.68763475189232], [-111.27723455392406, 25.687634751937313], [-111.27723455401608, 25.6876347519734], [-111.2772345541112, 25.687634752000225], [-111.27723455420852, 25.68763475201753], [-111.27723455430706, 25.68763475202514], [-111.27723455440588, 25.687634752022987], [-111.277234554504, 25.68763475201109], [-111.27723455460047, 25.687634751989563], [-111.27723455469435, 25.68763475195862], [-111.2772345547847, 25.68763475191856], [-111.27723455487066, 25.687634751869773], [-111.27723455495139, 25.687634751812737], [-111.2772345550261, 25.687634751748014], [-111.27723455509404, 25.687634751676235], [-111.27890825254617, 25.685681697473438], [-111.27890825260857, 25.685681697392607], [-111.2789082526624, 25.68568169730584], [-111.27890825270711, 25.68568169721403], [-111.27890825274221, 25.68568169711814], [-111.27890825276737, 25.685681697019174], [-111.27918720243413, 25.68428940075026], [-111.27918720244872, 25.684289400652517], [-111.27918720245361, 25.684289400553812], [-111.27918720245361, 25.681756152612472], [-111.2791872024578, 25.681756152569243], [-111.2833714484675, 25.682046221866543], [-111.28337144851115, 25.68204622187395], [-111.28281354918997, 25.685120912275995], [-111.28281354917713, 25.685120912374096], [-111.28281354917407, 25.685120912472986], [-111.28281354918079, 25.685120912571694], [-111.28281354919723, 25.685120912669255], [-111.28281354922322, 25.685120912764713], [-111.28281354925852, 25.685120912857137], [-111.28281354930279, 25.685120912945617], [-111.28281354935558, 25.685120913029294], [-111.28281354941637, 25.685120913107344], [-111.2828135494846, 25.685120913179002], [-111.28281354955956, 25.685120913243573], [-111.28281354964054, 25.685120913300416], [-111.28281354972673, 25.685120913348978], [-111.2828135498173, 25.68512091338879], [-111.28646135325604, 25.686513199979395], [-111.28646135329805, 25.686513200000363], [-111.2878561017622, 25.69070929891272], [-111.28785610179686, 25.69070929900236], [-111.28785610183996, 25.690709299088258], [-111.28785610189112, 25.690709299169622], [-111.28785610194986, 25.6907092992457], [-111.28785610201561, 25.690709299315788], [-111.2878561020878, 25.69070929937924], [-111.28785610216575, 25.69070929943547], [-111.28785610224872, 25.690709299483952], [-111.28785610233598, 25.69070929952425], [-111.28785610242669, 25.690709299555984], [-111.28785610252004, 25.690709299578863], [-111.28785610261515, 25.690709299592676], [-111.28785610271115, 25.690709299597295], [-111.29148244852799, 25.690709299597295], [-111.29148244857637, 25.690709299602133], [-111.2945723528506, 25.69239156501747], [-111.29457235293701, 25.69239156505927], [-111.29457235302704, 25.692391565092596], [-111.29457235311985, 25.692391565117134], [-111.29457235321458, 25.69239156513266], [-111.29457235331036, 25.69239156513903], [-111.29457235340631, 25.692391565136187], [-111.29457235350155, 25.692391565124158], [-111.2945723535952, 25.692391565103055], [-111.29457235368639, 25.692391565073066], [-111.29457235377429, 25.692391565034473], [-111.29457235385807, 25.69239156498763], [-111.2968039508592, 25.690999347354982], [-111.29680395094032, 25.690999347298625], [-111.29680395101548, 25.690999347234545], [-111.29680395108394, 25.690999347163363], [-111.29680395114507, 25.69099934708577], [-111.29680395119823, 25.69099934700253], [-111.29680395124292, 25.690999346914452], [-111.2968039512787, 25.690999346822395], [-111.29680395130524, 25.690999346727253], [-111.29680395132225, 25.69099934662996], [-111.29708290099494, 25.688756294718956], [-111.29708290100524, 25.688756294673308], [-111.29708290104486, 25.688756294648254], [-111.3004302978074, 25.687073977647415], [-111.30043029785087, 25.687073977630707], [-111.30240440356248, 25.688485578500263], [-111.30240440364736, 25.68848557855471], [-111.3024044037373, 25.688485578600332], [-111.30240440383137, 25.688485578636662], [-111.30575180033723, 25.6895877758643], [-111.30575180043725, 25.689587775891574], [-111.30575180053954, 25.689587775908347], [-111.30575180064302, 25.68958777591444], [-111.30575180074658, 25.68958777590979], [-111.30854129766391, 25.689317061762736], [-111.30854129776077, 25.689317061748522], [-111.30854129785578, 25.689317061724903], [-111.30854129794803, 25.68931706169211], [-111.30854129803662, 25.68931706165045], [-111.30854129812072, 25.689317061600324], [-111.31107330318095, 25.68763475264128], [-111.31107330322128, 25.687634752619953], [-111.31107330324912, 25.687634752656102], [-111.31246805188238, 25.689877826121716], [-111.3124680519051, 25.689877826168726], [-111.3124680519174, 25.689877826219384], [-111.31302595135647, 25.6940738070144], [-111.31302595137655, 25.694073807120887], [-111.31302595140804, 25.694073807224576], [-111.31302595145056, 25.69407380732425], [-111.31302595150362, 25.694073807418736], [-111.31497859953313, 25.697148187965276], [-111.31497859954688, 25.697148187989878], [-111.31497859955468, 25.69714818801673], [-111.3158154487527, 25.700783202404146], [-111.3163733482303, 25.704418105864764], [-111.3163733482361, 25.70441810594066], [-111.3163733482361, 25.70637085389959], [-111.31637334823114, 25.70637085394883], [-111.31637334821653, 25.706370853995892], [-111.315536499043, 25.7083429035741], [-111.31553649902379, 25.70834290360915], [-111.31330490115508, 25.703586728267023], [-111.31330490112057, 25.70358672820016], [-111.31330490108115, 25.703586728136077], [-111.30882024766787, 25.696877491010284], [-111.30882024763591, 25.696877490955153], [-111.30798339857716, 25.695195288935523], [-111.30798339852754, 25.69519528884728], [-111.30798339846926, 25.695195288764506], [-111.3079833984029, 25.69519528868805], [-111.30798339832914, 25.695195288618695], [-111.30798339824877, 25.695195288557155], [-111.30798339816256, 25.695195288504056], [-111.30491495154907, 25.693513062684172], [-111.30491495145885, 25.69351306264044], [-111.30491495136471, 25.69351306260597], [-111.30491495126759, 25.693513062581093], [-111.30491495116847, 25.69351306256607], [-111.30491495106834, 25.693513062561042], [-111.30156755457179, 25.693513062561042], [-111.30156755447436, 25.6935130625658], [-111.30156755437785, 25.693513062580028], [-111.2973618515446, 25.694344510452634], [-111.2973618514493, 25.69434451047639], [-111.29736185135678, 25.69434451050938], [-111.29736185126795, 25.694344510551293], [-111.29736185118365, 25.694344510601713], [-111.29736185110472, 25.69434451066016], [-111.2973618510319, 25.694344510726065], [-111.2973618509659, 25.6943445107988], [-111.29736185090734, 25.69434451087766], [-111.2973618508568, 25.69434451096188], [-111.29736185081478, 25.694344511050655], [-111.29736185078166, 25.69434451114312], [-111.29736185075778, 25.694344511238395], [-111.29736185074336, 25.694344511335547], [-111.29736185073853, 25.69434451143365], [-111.29736185073853, 25.698830362515896], [-111.29736185074398, 25.698830362620154], [-111.29736185076027, 25.69883036272327], [-111.29736185078723, 25.698830362824133], [-111.29736185082454, 25.69883036292163], [-111.29847764954248, 25.701343912544424], [-111.29847764958697, 25.701343912632648], [-111.29847764963998, 25.70134391271605], [-111.29847764970094, 25.701343912793813], [-111.29847764976928, 25.70134391286518], [-111.29847764984434, 25.701343912929453], [-111.29847764992537, 25.701343912986005], [-111.29847765001159, 25.701343913034282], [-111.300151348069, 25.702175306219743], [-111.30015134815366, 25.702175306272984], [-111.30268335338893, 25.7041474253998], [-111.30268335342086, 25.704147425429582], [-111.30435705182859, 25.70749221949321], [-111.30435705184507, 25.707492219535578], [-111.30435705184938, 25.710566253217777], [-111.30435705185438, 25.71056625331757], [-111.3043570518693, 25.710566253416367], [-111.30435705189402, 25.710566253513182], [-111.30435705192826, 25.71056625360705], [-111.3043570519717, 25.710566253697028], [-111.30435705202392, 25.710566253782222], [-111.30435705208436, 25.71056625386178], [-111.30435705215244, 25.71056625393491], [-111.30435705222749, 25.71056625400088], [-111.30435705230875, 25.71056625405903], [-111.30742549887515, 25.712538233855366], [-111.3074254989648, 25.712538233906642], [-111.30742549905926, 25.7125382339484], [-111.31107330317549, 25.7139302002032], [-111.31107330321845, 25.71393020022478], [-111.31107330323253, 25.713930200270678], [-111.31191015242595, 25.718125333463593], [-111.31191015242983, 25.718125333501753], [-111.3119101524111, 25.71812533351661], [-111.30826234902241, 25.719807211372206], [-111.30826234893375, 25.7198072114186], [-111.30826234885018, 25.71980721147362], [-111.30826234877252, 25.719807211536715], [-111.30826234870155, 25.719807211607257], [-111.30826234863798, 25.71980721168454], [-111.30826234858246, 25.719807211767787], [-111.30826234853554, 25.719807211856164], [-111.30826234849768, 25.71980721194879], [-111.30826234846927, 25.71980721204474], [-111.3082623484506, 25.719807212143042], [-111.30826234844183, 25.71980721224272], [-111.30826234844308, 25.719807212342776], [-111.3082623484543, 25.719807212442205], [-111.30826234847542, 25.719807212540015], [-111.30826234850622, 25.719807212635224], [-111.30995750370164, 25.724272771596443], [-111.30995750374024, 25.724272771684983], [-111.3099575037872, 25.724272771769385], [-111.30995750384209, 25.724272771848863], [-111.30995750390439, 25.724272771922678], [-111.30995750397351, 25.724272771990133], [-111.30995750404882, 25.72427277205061], [-111.30995750412961, 25.724272772103536], [-111.30995750421513, 25.72427277214842], [-111.30995750430459, 25.724272772184847], [-111.30995750439715, 25.72427277221247], [-111.30995750449193, 25.724272772231036], [-111.30995750458807, 25.724272772240372], [-111.30995750468466, 25.72427277224039], [-111.3099575047808, 25.72427277223109], [-111.30995750487558, 25.724272772212558], [-111.30995750496815, 25.724272772184964], [-111.30995750505762, 25.724272772148574], [-111.30995750514316, 25.724272772103717], [-111.30995750522398, 25.72427277205082], [-111.30995750529931, 25.724272771990375], [-111.30995750536846, 25.724272771922937], [-111.31094731132475, 25.72320956109967], [-111.31094731138711, 25.723209561025833], [-111.31094731144206, 25.72320956094632], [-111.31094731148906, 25.723209560861875], [-111.3109473115277, 25.723209560773284], [-111.31094731155761, 25.72320956068138], [-111.3109473115785, 25.723209560587016], [-111.31094731159018, 25.723209560491078], [-111.31094731159256, 25.72320956039446], [-111.31094731158558, 25.723209560298063], [-111.31094731156934, 25.723209560202786], [-111.31094731154398, 25.723209560109527], [-111.31094731150974, 25.72320956001915], [-111.31094731146692, 25.723209559932503], [-111.31094731141594, 25.723209559850392], [-111.31094731135728, 25.723209559773583], [-111.31094731129147, 25.7232095597028], [-111.31094731121914, 25.7232095596387], [-111.31094731114096, 25.72320955958188], [-111.31094731105766, 25.723209559532872], [-111.31094731097001, 25.723209559492137], [-111.31094731087884, 25.723209559460052], [-111.31094731078501, 25.723209559436917], [-111.31094731068937, 25.72320955942295], [-111.31094731059284, 25.72320955941828], [-111.31094455723833, 25.72320955941828], [-111.31094455719877, 25.72320955941444], [-111.31094455722292, 25.723209559382887], [-111.31386280056404, 25.720077856653294], [-111.31386280060063, 25.720077856621167], [-111.31805724118075, 25.718689689822085], [-111.31806850426666, 25.71868596225899], [-111.31806850434634, 25.718685962244574], [-111.31806850437776, 25.718685962252348], [-111.32448434824585, 25.720928450701617], [-111.32448434834332, 25.720928450748083], [-111.32673740382354, 25.722320318829205], [-111.32673740388525, 25.722320318877266], [-111.32673740388918, 25.722320318881504], [-111.32673740457044, 25.72232031971186], [-111.32673740457379, 25.722320319715937], [-111.32952690123928, 25.725683932943227], [-111.32757425313511, 25.729318075614994], [-111.32757425308804, 25.729318075715643], [-111.32757425305243, 25.729318075820892], [-111.32617950443097, 25.734343834676594], [-111.32617950441079, 25.734343834764513], [-111.32617950439862, 25.73434383485389], [-111.32617950439455, 25.734343834944006], [-111.32617950439455, 25.73853824794854], [-111.32617950439024, 25.738538247994263], [-111.32617950436946, 25.7385382480352], [-111.32476329808028, 25.74078036200168], [-111.32476329803794, 25.740780362075487], [-111.32476329800203, 25.740780362152623], [-111.32336854949986, 25.74414345350547], [-111.3233685494677, 25.744143453594777], [-111.32336854944415, 25.74414345368673], [-111.32336854942943, 25.7441434537805], [-111.32336854942366, 25.744143453875242], [-111.32336854942692, 25.744143453970107], [-111.32336854943914, 25.744143454064236], [-111.32336854946023, 25.74414345415678], [-111.32336854949, 25.74414345424691], [-111.32476329787114, 25.747777031856387], [-111.3247632979094, 25.747777031943457], [-111.32476329795577, 25.747777032026494], [-111.32476329800981, 25.747777032104754], [-111.32476329807105, 25.747777032177527], [-111.32476329813892, 25.74777703224415], [-111.3247632982128, 25.74777703230403], [-111.32476329829205, 25.747777032356613], [-111.32476329837593, 25.747777032401434], [-111.3247632984637, 25.74777703243808], [-111.32785320277168, 25.74889800742777], [-111.32785320281607, 25.74889800744923], [-111.32924795148493, 25.751410499516137], [-111.329247951534, 25.751410499595547], [-111.33231639860729, 25.755894199560732], [-111.33680105206507, 25.763160526277282], [-111.33680105211137, 25.76316052637445], [-111.33875370023996, 25.768745246421144], [-111.33875370027741, 25.76874524651324], [-111.34070634839811, 25.77293844487812], [-111.34070634840869, 25.772938444908362], [-111.33763790261278, 25.770426409411485], [-111.33763790253347, 25.77042640935284], [-111.33763790244876, 25.770426409302296], [-111.33763790235949, 25.77042640926034], [-111.33763790226652, 25.770426409227387], [-111.33763790217075, 25.770426409203754], [-111.33763790207313, 25.770426409189668], [-111.33763790197459, 25.77042640918527], [-111.33763790187609, 25.770426409190602], [-111.33763790177859, 25.770426409205612], [-111.33763790168307, 25.77042640923015], [-111.3376379015904, 25.770426409263987], [-111.33763790150154, 25.770426409306783], [-111.33763790141731, 25.770426409358127], [-111.33763790133855, 25.77042640941752], [-111.33763790126604, 25.770426409484383], [-111.33763790120045, 25.770426409558066], [-111.33763790114246, 25.77042640963785], [-111.33763790109259, 25.770426409722962], [-111.33763790105137, 25.77042640981257], [-111.33763790101916, 25.770426409905806], [-111.3376379009963, 25.770426410001757], [-111.3368010521061, 25.77490939017488], [-111.33680105207767, 25.774909390260188], [-111.33680105206614, 25.77490939027902], [-111.33512735400947, 25.77715081722371], [-111.33512735395672, 25.777150817301766], [-111.33512735391156, 25.77715081738444], [-111.33512735387437, 25.777150817471], [-111.3351273538455, 25.777150817560674], [-111.33512735382519, 25.777150817652668], [-111.33512735381362, 25.777150817746165], [-111.3351273538109, 25.777150817840333], [-111.33512735381707, 25.77715081793434], [-111.33512735383205, 25.77715081802735], [-111.33512735385571, 25.77715081811854], [-111.33512735388786, 25.777150818207094], [-111.33652210232297, 25.780493557440067], [-111.3365221023592, 25.780493557517428], [-111.3365221024019, 25.78049355759141], [-111.33847475049069, 25.78356570350799], [-111.33847475051338, 25.78356570355363], [-111.33847475051554, 25.783565703604506], [-111.338195800786, 25.78804818889158], [-111.33819580078416, 25.788048188967895], [-111.33819580078817, 25.788048189044126], [-111.33847475047729, 25.791120138856844], [-111.33847475049046, 25.791120138951513], [-111.33847475051263, 25.79112013904449], [-111.33847475054357, 25.791120139134925], [-111.33847475058299, 25.791120139221995], [-111.33847475063055, 25.791120139304905], [-111.33847475068582, 25.791120139382894], [-111.33847475074828, 25.79112013945525], [-111.33847475081735, 25.79112013952131], [-111.33847475089242, 25.791120139580478], [-111.34240150447964, 25.793921534055084], [-111.3424015045136, 25.793921534084305], [-111.34240150454187, 25.793921534119345], [-111.34407520292581, 25.796433073089187], [-111.34407520294045, 25.79643307311415], [-111.34407520295198, 25.79643307314034], [-111.3449120521368, 25.798674093739507], [-111.3449120521492, 25.798674093786772], [-111.34356021882853, 25.80236395787457], [-111.34356021880767, 25.80236395791744], [-111.34356021876017, 25.802363957922285], [-111.34355584065995, 25.802363957922285], [-111.34355584055857, 25.802363957927437], [-111.34355584045824, 25.802363957942838], [-111.34355584036, 25.802363957968332], [-111.34355584026483, 25.802363958003653], [-111.34355584017375, 25.80236395804844], [-111.34355584008766, 25.80236395810223], [-111.34355584000748, 25.802363958164467], [-111.34355583993401, 25.802363958234515], [-111.34355583986803, 25.80236395831165], [-111.34355583981021, 25.802363958395073], [-111.34355583976115, 25.802363958483927], [-111.34355583972133, 25.8023639585773], [-111.34295940414852, 25.80398668859724], [-111.34295940412008, 25.80398668868765], [-111.34295940410031, 25.80398668878035], [-111.34295940408943, 25.8039866888745], [-111.3429594040875, 25.803986688969257], [-111.34295940409454, 25.803986689063773], [-111.3429594041105, 25.803986689157195], [-111.34295940413524, 25.80398668924869], [-111.34295940416854, 25.80398668933743], [-111.34295940421008, 25.80398668942262], [-111.34602785108075, 25.809588804136272], [-111.34602785111959, 25.809588804227758], [-111.3474225996977, 25.81407030527965], [-111.34742259973328, 25.814070305376188], [-111.3474225997786, 25.814070305468558], [-111.34742259983318, 25.814070305555784], [-111.34742259989642, 25.814070305636942], [-111.34742259996767, 25.81407030571117], [-111.34742260004617, 25.81407030577768], [-111.3510704040188, 25.816851841840737], [-111.3510704040501, 25.816851841869134], [-111.3541388511432, 25.820772924388265], [-111.35413885118388, 25.82077292444892], [-111.35637044904034, 25.82469387708465], [-111.3563704490608, 25.824693877131168], [-111.35637044906618, 25.829174806894855], [-111.35637044906187, 25.82917480694037], [-111.35467529299926, 25.831357267322765], [-111.3546752929828, 25.831357267340103], [-111.35467529297219, 25.831357267346807], [-111.35467529296876, 25.83135726731245], [-111.35467529296876, 25.831354508136986], [-111.35467529296385, 25.831354508037926], [-111.35467529294914, 25.83135450793984], [-111.35467529292478, 25.83135450784369], [-111.35467529289103, 25.83135450775043], [-111.3546752928482, 25.83135450766097], [-111.35467529279671, 25.831354507576194], [-111.35467529273708, 25.831354507496933], [-111.35467529266991, 25.83135450742397], [-111.35467529259583, 25.831354507358018], [-111.35467529251558, 25.831354507299732], [-111.35467529242995, 25.83135450724968], [-111.35467529233978, 25.83135450720836], [-111.35467529224597, 25.831354507176176], [-111.35467529214942, 25.831354507153442], [-111.3546752920511, 25.831354507140382], [-111.35467529195198, 25.831354507137128], [-111.35467529185301, 25.831354507143708], [-111.35467529175519, 25.83135450716006], [-111.35467529165946, 25.831354507186024], [-111.35467529156678, 25.831354507221338], [-111.35467529147805, 25.831354507265665], [-111.35467529139414, 25.83135450731856], [-111.3546752913159, 25.83135450737951], [-111.35467529124408, 25.83135450744791], [-111.35467529117938, 25.831354507523084], [-111.35441780093316, 25.83168559859462], [-111.35441780090089, 25.831685598628713], [-111.35441780085517, 25.83168559863942], [-111.35023355511937, 25.83224569101449], [-111.35023355502932, 25.83224569103077], [-111.35023355494113, 25.832245691055213], [-111.35023355485554, 25.832245691087618], [-111.35023355477327, 25.83224569112771], [-111.35023355469501, 25.832245691175157], [-111.35023355462143, 25.83224569122956], [-111.3471436500928, 25.834756417566727], [-111.3471436500535, 25.834756417592757], [-111.34351730351706, 25.834756417597504], [-111.34351730346833, 25.83475641759259], [-111.34098529902901, 25.833365868416866], [-111.34098529894106, 25.833365868374024], [-111.34098529884935, 25.833365868339982], [-111.34098529875473, 25.833365868315063], [-111.34098529865815, 25.833365868299506], [-111.3409852985605, 25.833365868293463], [-111.34098529846274, 25.83336586829699], [-111.34098529836578, 25.833365868310057], [-111.34098529827057, 25.833365868332532], [-111.340985298178, 25.833365868364204], [-111.34098529808897, 25.833365868404773], [-111.34098529800434, 25.833365868453843], [-111.3409852979249, 25.83336586851095], [-111.34098529785142, 25.833365868575545], [-111.34098529778461, 25.83336586864701], [-111.3409852977251, 25.833365868724663], [-111.34098529767347, 25.83336586880776], [-111.3395905494799, 25.835876570698776], [-111.33959054945895, 25.83587657073857], [-111.33847475060058, 25.83811684498547], [-111.33847475056388, 25.83811684506838], [-111.33847475053483, 25.838116845154275], [-111.33847475051368, 25.83811684524245], [-111.33847475050062, 25.838116845332173], [-111.3381958008407, 25.840917127943904], [-111.33819580083576, 25.84091712804195], [-111.33819580084048, 25.840917128140006], [-111.33819580085479, 25.84091712823713], [-111.33819580087855, 25.840917128332382], [-111.33819580091154, 25.840917128424845], [-111.33819580095341, 25.84091712851363], [-111.33819580100382, 25.84091712859788], [-111.33819580106223, 25.84091712867678], [-111.3381958011281, 25.840917128749574], [-111.33819580120078, 25.840917128815555], [-111.3381958012796, 25.840917128874093], [-111.33903264995276, 25.841477177237746], [-111.33903264998924, 25.84147717726777], [-111.33959054942862, 25.847618226825123], [-111.33959054944137, 25.847618226917486], [-111.33959054946268, 25.84761822700826], [-111.33959054949234, 25.847618227096657], [-111.33959054953012, 25.847618227181908], [-111.33959054957566, 25.847618227263265], [-111.33959054962858, 25.847618227340032], [-111.33959054968842, 25.847618227411534], [-111.33959054975467, 25.84761822747715], [-111.33959054982674, 25.847618227536312], [-111.34184360462409, 25.849298269997885], [-111.3418436047037, 25.8492982700515], [-111.34184360478808, 25.849298270097236], [-111.34184360487644, 25.84929827013467], [-111.341843604968, 25.849298270163462], [-111.34184360506191, 25.849298270183343], [-111.34184360515728, 25.849298270194133], [-111.34184360525325, 25.849298270195728], [-111.34184360534891, 25.849298270188118], [-111.34184360544342, 25.84929827017137], [-111.34184360553589, 25.84929827014564], [-111.34435415219355, 25.848467907352692], [-111.34435415228182, 25.848467907318785], [-111.34435415236652, 25.848467907276685], [-111.34435415244684, 25.848467907226777], [-111.3443541525221, 25.848467907169503], [-111.3443541525916, 25.848467907105377], [-111.34435415265474, 25.84846790703497], [-111.34435415271095, 25.848467906958913], [-111.34435415275972, 25.84846790687789], [-111.34435415280062, 25.848467906792617], [-111.34435415283328, 25.848467906703863], [-111.34602785109364, 25.843157307566898], [-111.3471436500371, 25.840357077209422], [-111.34714365005863, 25.840357077167607], [-111.34909629818287, 25.838676907160085], [-111.3490962982196, 25.838676907133937], [-111.34909629826322, 25.83867690712279], [-111.35079145426276, 25.838406532720235], [-111.35079145431489, 25.83840653271752], [-111.3541388511135, 25.838947280921914], [-111.35413885116313, 25.838947280935436], [-111.35720729694971, 25.841477176170436], [-111.3572072970295, 25.841477176229812], [-111.3572072971148, 25.84147717628097], [-111.35720729720475, 25.8414771763234], [-111.35720729729849, 25.841477176356687], [-111.35720729739505, 25.841477176380497], [-111.35720729749352, 25.841477176394594], [-111.35720729759288, 25.841477176398843], [-111.35720729769218, 25.841477176393198], [-111.35720729779044, 25.84147717637772], [-111.35720729788666, 25.841477176352555], [-111.35720729797991, 25.841477176317955], [-111.35720729806926, 25.841477176274267], [-111.35720729815384, 25.841477176221915], [-111.35720729823278, 25.841477176161423], [-111.35720729830534, 25.841477176093385], [-111.35720729837077, 25.84147717601848], [-111.35720729842843, 25.84147717593744], [-111.35720729847777, 25.84147717585108], [-111.35720729851828, 25.84147717576024], [-111.35720729854957, 25.841477175665826], [-111.35720729857132, 25.841477175568773], [-111.3577866554185, 25.838116845193444], [-111.35778665544122, 25.838116845107894], [-111.35890245435884, 25.835046113434533], [-111.35890245437963, 25.83504611339152], [-111.3589024544272, 25.83504611338666], [-111.35973930353997, 25.83504611338666], [-111.35973930358696, 25.835046113391265], [-111.35973930362404, 25.83504611342148], [-111.36016845699613, 25.83547099922647], [-111.36016845702655, 25.835470999263187], [-111.36016845703125, 25.835470999310626], [-111.36016845703125, 25.83547198852493], [-111.36016845703611, 25.835471988623425], [-111.36016845705066, 25.83547198872096], [-111.36016845707474, 25.83547198881659], [-111.3601684571081, 25.835471988909383], [-111.36016845715046, 25.83547198899844], [-111.36016845720138, 25.835471989082887], [-111.36016845726037, 25.835471989161913], [-111.36016845732686, 25.83547198923474], [-111.3605761527572, 25.8358765706744], [-111.36057615283362, 25.835876570771944], [-111.36308670041343, 25.840067394334767], [-111.36308670045624, 25.84006739442601], [-111.36476039883217, 25.84483741384268], [-111.36476039886915, 25.84483741393353], [-111.36476039891485, 25.844837414020315], [-111.36673450449716, 25.84817824392508], [-111.36673450454913, 25.84817824400423], [-111.36673450460836, 25.848178244078106], [-111.36673450467431, 25.84817824414605], [-111.36673450474639, 25.84817824420745], [-111.36673450482395, 25.84817824426176], [-111.3667345049063, 25.84817824430849], [-111.3667345049927, 25.848178244347217], [-111.36673450508239, 25.848178244377603], [-111.36868715269075, 25.84873825856513], [-111.36868715277673, 25.848738258585723], [-111.36868715286418, 25.84873825859864], [-111.36868715295243, 25.848738258603785], [-111.3686871530408, 25.848738258601117], [-111.37231349940174, 25.84846790719563], [-111.37231349944663, 25.84846790719669], [-111.37231349945445, 25.848467907240906], [-111.3725924491853, 25.852098288966364], [-111.37259244918825, 25.85572855878865], [-111.37259244919274, 25.85572855888321], [-111.37259244920614, 25.855728558976928], [-111.37259244922834, 25.855728559068954], [-111.37259244925914, 25.85572855915847], [-111.37259244929828, 25.85572855924467], [-111.37259244934539, 25.855728559326785], [-111.37259244940006, 25.855728559404078], [-111.37259244946179, 25.855728559475853], [-111.37259244953003, 25.855728559541472], [-111.37259244960417, 25.85572855960034], [-111.37259244968354, 25.855728559651936], [-111.37596130368249, 25.857698127471046], [-111.37596130374043, 25.857698127502406], [-111.3798665999919, 25.859648353766854], [-111.3798666000311, 25.85964835379159], [-111.3798666000223, 25.85964835383718], [-111.378192901709, 25.865247834312925], [-111.37819290168636, 25.86524783440402], [-111.37819290167238, 25.865247834496838], [-111.37819290166715, 25.865247834590555], [-111.37819290167073, 25.865247834684354], [-111.3781929016831, 25.8652478347774], [-111.37819290170413, 25.865247834868878], [-111.37819290173364, 25.865247834957984], [-111.37958765028144, 25.868877701130433], [-111.3795876502913, 25.868877701166312], [-111.37958765025904, 25.86887770114781], [-111.3717556000134, 25.86329770075303], [-111.37175559997875, 25.863297700723134], [-111.36729240532381, 25.857698128929226], [-111.36729240525933, 25.857698128855983], [-111.36729240518804, 25.85769812878937], [-111.36729240511059, 25.85769812873002], [-111.36729240502773, 25.857698128678507], [-111.36729240494023, 25.85769812863531], [-111.36729240484894, 25.85769812860085], [-111.36729240475472, 25.857698128575446], [-111.36729240465849, 25.857698128559345], [-111.36729240456114, 25.857698128552705], [-111.36729240446361, 25.85769812855558], [-111.36729240436682, 25.857698128567947], [-111.3672924042717, 25.85769812858969], [-111.36729240417915, 25.857698128620598], [-111.36729240409005, 25.85769812866038], [-111.36729240400525, 25.857698128708655], [-111.36729240392556, 25.857698128764966], [-111.36729240385175, 25.857698128828773], [-111.36729240378449, 25.85769812889947], [-111.36729240372445, 25.85769812897639], [-111.3672924036722, 25.857698129058793], [-111.36729240362821, 25.857698129145895], [-111.36729240359294, 25.85769812923687], [-111.36533975602565, 25.863568018198027], [-111.36533975600864, 25.863568018237395], [-111.36533975598518, 25.863568018273124], [-111.36224985167615, 25.867487552128214], [-111.3622498516201, 25.86748755220684], [-111.3622498515719, 25.867487552290502], [-111.362249851532, 25.86748755237842], [-111.36224985150075, 25.867487552469782], [-111.36224985147847, 25.867487552563727], [-111.36224985146535, 25.867487552659387], [-111.36224985146151, 25.867487552755865], [-111.362249851467, 25.867487552852264], [-111.36224985148175, 25.867487552947683], [-111.36224985150565, 25.867487553041233], [-111.36224985153845, 25.867487553132047], [-111.36224985157986, 25.86748755321927], [-111.36224985162949, 25.867487553302094], [-111.36392354962388, 25.86999753106971], [-111.3639235496462, 25.86999753111191], [-111.36113405227223, 25.874766343197294], [-111.35953754013718, 25.87652322377186], [-111.35953754007602, 25.87652322384604], [-111.35953754002226, 25.87652322392575], [-111.3595375399764, 25.87652322401026], [-111.35953753993887, 25.87652322409878], [-111.35953753991002, 25.876523224190496], [-111.35953753989011, 25.876523224284558], [-111.35953753987933, 25.876523224380097], [-111.35953753987776, 25.87652322447623], [-111.35953753988544, 25.87652322457207], [-111.35953753990229, 25.87652322466673], [-111.35953753992816, 25.87652322475933], [-111.35953753996279, 25.876523224849027], [-111.35953754000587, 25.876523224934978], [-111.359537540057, 25.876523225016395], [-111.35953754011574, 25.876523225092523], [-111.3595375401815, 25.87652322516266], [-111.3595375402537, 25.87652322522616], [-111.35953754033166, 25.876523225282426], [-111.35953754041466, 25.87652322533095], [-111.35953754050195, 25.87652322537128], [-111.3595375405927, 25.876523225403037], [-111.35953754068608, 25.876523225425935], [-111.35953754078122, 25.876523225439758], [-111.35953754087726, 25.87652322544438], [-111.3595461844916, 25.87652322544438], [-111.35954618453114, 25.8765232254482], [-111.3595461845073, 25.876523225479907], [-111.35834455492869, 25.87783604343873], [-111.35834455490216, 25.877836043463343], [-111.35218620884093, 25.87223716445055], [-111.352186208764, 25.872237164387304], [-111.35218620868115, 25.872237164332027], [-111.35218620859321, 25.872237164285263], [-111.35218620850107, 25.87223716424748], [-111.35218620840561, 25.87223716421905], [-111.35218620830781, 25.872237164200254], [-111.35218620820862, 25.872237164191283], [-111.35218620810903, 25.87223716419222], [-111.35218620801002, 25.87223716420306], [-111.3521862079126, 25.872237164223694], [-111.3521862078177, 25.872237164253917], [-111.35218620772628, 25.87223716429343], [-111.35218620763924, 25.872237164341843], [-111.35218620755745, 25.872237164398673], [-111.35218620748171, 25.872237164463357], [-111.35218620741279, 25.87223716453525], [-111.35218620735137, 25.872237164613647], [-111.35218620729803, 25.87223716469776], [-111.35218620725334, 25.872237164786764], [-111.35218620721773, 25.872237164879774], [-111.35218620719154, 25.872237164975864], [-111.35218620717502, 25.872237165074083], [-111.35218620716837, 25.872237165173456], [-111.35218620717164, 25.872237165272995], [-111.3521862071848, 25.87223716537172], [-111.35218620720771, 25.872237165468643], [-111.35218620724014, 25.872237165562808], [-111.35218620728178, 25.87223716565328], [-111.35218620733221, 25.872237165739165], [-111.35467529113274, 25.876029631360755], [-111.35467529119074, 25.8760296314403], [-111.3546752912563, 25.876029631513763], [-111.35467529132875, 25.87602963158042], [-111.3546752914074, 25.87602963163963], [-111.3546752914915, 25.87602963169082], [-111.35467529158022, 25.87602963173349], [-111.35467529167272, 25.87602963176723], [-111.35467529176807, 25.876029631791713], [-111.35467529186538, 25.8760296318067], [-111.35467529196369, 25.87602963181204], [-111.35467529206204, 25.876029631807697], [-111.3546752921595, 25.8760296317937], [-111.3546752922551, 25.876029631770184], [-111.35467529234792, 25.876029631737385], [-111.35467529243708, 25.876029631695616], [-111.35467529252169, 25.876029631645284], [-111.35467529260094, 25.876029631586874], [-111.35467529267407, 25.876029631520954], [-111.35467529274037, 25.876029631448162], [-111.35467529279917, 25.876029631369207], [-111.35467529284993, 25.87602963128485], [-111.35467529289215, 25.876029631195912], [-111.35467529292542, 25.87602963110325], [-111.35467529294942, 25.876029631007768], [-111.35467529296392, 25.876029630910388], [-111.35467529296876, 25.876029630812056], [-111.35467529296876, 25.876021261804617], [-111.35467529297242, 25.876021261767658], [-111.35467529299578, 25.876021261796623], [-111.35806560514013, 25.881195246643195], [-111.35806560516409, 25.88119524668557], [-111.35890245428953, 25.88314508497225], [-111.3589024543375, 25.883145085069167], [-111.35890245439563, 25.88314508516034], [-111.35890245446329, 25.8831450852447], [-111.35890245453965, 25.883145085321267], [-111.36420249935233, 25.887913366407222], [-111.36420249938361, 25.88791336644164], [-111.36420249936272, 25.887913366483176], [-111.36224985124991, 25.890982724932773], [-111.36224985122406, 25.89098272496659], [-111.36224985119281, 25.89098272499549], [-111.3601684574179, 25.892599123434692], [-111.36016845734127, 25.892599123500673], [-111.3601684572717, 25.89259912357406], [-111.3601684572099, 25.892599123654094], [-111.36016845715648, 25.892599123739963], [-111.36016845711202, 25.892599123830788], [-111.36016845707695, 25.892599123925635], [-111.36016845705166, 25.89259912402354], [-111.36016845703637, 25.892599124123503], [-111.36016845703125, 25.892599124224496], [-111.36016845703125, 25.892604240601866], [-111.36016845702632, 25.8926042406501], [-111.35973930572821, 25.892932400169645], [-111.35973930565358, 25.89293240023272], [-111.35973930558546, 25.89293240030278], [-111.35973930552451, 25.89293240037915], [-111.35973930547131, 25.892932400461106], [-111.35973930542634, 25.892932400547863], [-111.35973930539008, 25.892932400638596], [-111.35973930536282, 25.892932400732434], [-111.35973930534487, 25.892932400828485], [-111.35973930533638, 25.892932400925826], [-111.35973930533741, 25.892932401023536], [-111.35973930534799, 25.892932401120675], [-111.359739305368, 25.89293240121632], [-111.35973930539724, 25.892932401309555], [-111.35973930543544, 25.89293240139949], [-111.35973930548224, 25.892932401485268], [-111.35973930553719, 25.89293240156607], [-111.35973930559976, 25.892932401641126], [-111.35973930566935, 25.89293240170971], [-111.35973930574531, 25.89293240177118], [-111.3597393058269, 25.89293240182494], [-111.35973930591337, 25.892932401870482], [-111.35973930600385, 25.89293240190737], [-111.3597393060975, 25.892932401935248], [-111.35973930619342, 25.892932401953853], [-111.3597393062907, 25.89293240196301], [-111.3601684569836, 25.892951705399195], [-111.36016845702707, 25.892951705405334], [-111.36016845703125, 25.89295170544901], [-111.36016845703125, 25.89295336725535], [-111.36016845703577, 25.89295336735033], [-111.3601684570493, 25.89295336744445], [-111.3601684570717, 25.89295336753686], [-111.36016845710277, 25.892953367626728], [-111.36016845714224, 25.892953367713236], [-111.36016845718976, 25.892953367795606], [-111.36016845724487, 25.892953367873087], [-111.3601684573071, 25.892953367944987], [-111.36016845737588, 25.892953368010648], [-111.36016845745057, 25.89295336806948], [-111.36016845753053, 25.892953368120953], [-111.360168457615, 25.8929533681646], [-111.36016845770325, 25.892953368200025], [-111.36016845779446, 25.89295336822691], [-111.36016845788781, 25.892953368245006], [-111.36016845798245, 25.892953368254158], [-111.37119769991357, 25.8934922040594], [-111.37119770001013, 25.89349220405945], [-111.37119770010624, 25.893492204050187], [-111.37119770020101, 25.8934922040317], [-111.37119770029355, 25.893492204004154], [-111.37119770038301, 25.893492203967813], [-111.37119770046854, 25.893492203923014], [-111.37119770054936, 25.893492203870174], [-111.3711977006247, 25.89349220380979], [-111.37119770069388, 25.893492203742415], [-111.37119770075623, 25.893492203668686], [-111.37119770081118, 25.89349220358929], [-111.37259244917045, 25.89125297915849], [-111.3754034042062, 25.887353537768064], [-111.37540340423897, 25.887353537731123], [-111.37958765011169, 25.885384464009114], [-111.3795876502017, 25.885384463961003], [-111.37958765028634, 25.885384463903964], [-111.37958765036471, 25.885384463838598], [-111.37958765043602, 25.88538446376558], [-111.38156175611516, 25.883145085195675], [-111.3815617561351, 25.883145085175514], [-111.38156175615897, 25.883145085160447], [-111.38407230373187, 25.88175510461353], [-111.38407230377331, 25.881755104595324], [-111.38407230381743, 25.881755104584965], [-111.3960886001566, 25.880075522896774], [-111.39608860016546, 25.88007552293161], [-111.3963246345439, 25.88146552319622], [-111.39632463454701, 25.8814655232397], [-111.39632463450367, 25.8814655232439], [-111.39631945821841, 25.8814655232439], [-111.39631945812215, 25.881465523248544], [-111.39631945802678, 25.88146552326243], [-111.3963194579332, 25.881465523285435], [-111.39631945784227, 25.881465523317342], [-111.39631945775481, 25.881465523357853], [-111.39631945767168, 25.881465523406593], [-111.39631945759362, 25.881465523463113], [-111.39631945752136, 25.88146552352688], [-111.39631945745558, 25.88146552359731], [-111.39631945739688, 25.881465523673743], [-111.39631945734581, 25.881465523755473], [-111.39631945730285, 25.881465523841737], [-111.39631945726839, 25.881465523931737], [-111.39631945724275, 25.881465524024637], [-111.39631945722617, 25.881465524119577], [-111.39631945721881, 25.881465524215667], [-111.39631945722074, 25.88146552431202], [-111.39631945723193, 25.88146552440774], [-111.39664649962577, 25.883434662354635], [-111.39664649962889, 25.88343466240136], [-111.39274120333933, 25.887913366405023], [-111.39274120330633, 25.88791336643632], [-111.3876986506419, 25.887913366440813], [-111.38769865055046, 25.887913366445], [-111.38769865045981, 25.887913366457532], [-111.38769865037067, 25.887913366478298], [-111.38769865028381, 25.887913366507128], [-111.38769865019994, 25.887913366543778], [-111.38769865011977, 25.887913366587938], [-111.38407230381304, 25.890133350696164], [-111.38407230377328, 25.890133350715526], [-111.3818407066722, 25.887353538724202], [-111.38184070660525, 25.88735353864891], [-111.38184070653105, 25.88735353858074], [-111.38184070645039, 25.88735353852038], [-111.38184070636404, 25.887353538468442], [-111.38184070627292, 25.887353538425458], [-111.38184070617794, 25.88735353839186], [-111.38184070608006, 25.88735353836799], [-111.38184070598027, 25.88735353835409], [-111.38184070587958, 25.887353538350304], [-111.38184070577903, 25.887353538356667], [-111.38184070567964, 25.887353538373116], [-111.38184070558239, 25.887353538399484], [-111.38184070548829, 25.887353538435505], [-111.3818407053983, 25.88735353848081], [-111.38184070531332, 25.88735353853494], [-111.38184070523423, 25.887353538597345], [-111.3818407051618, 25.887353538667394], [-111.3818407050968, 25.887353538744375], [-111.37651920331773, 25.89434155399358], [-111.37651920325756, 25.89434155408203], [-111.3765192032072, 25.894341554176396], [-111.37651920316719, 25.894341554275602], [-111.37651920313802, 25.894341554378517], [-111.37512445450976, 25.900499159384164], [-111.37512445449354, 25.900499159432016], [-111.37231349948362, 25.903568190624142], [-111.37231349944787, 25.903568190656262], [-111.37091875125157, 25.904398166231502], [-111.37091875117316, 25.904398166283293], [-111.37091875109996, 25.90439816634222], [-111.37091875103262, 25.904398166407752], [-111.37091875097173, 25.904398166479318], [-111.37091875091782, 25.904398166556284], [-111.37091875087138, 25.904398166637968], [-111.3709187508328, 25.904398166723652], [-111.37091875080245, 25.904398166812577], [-111.37091875078056, 25.90439816690396], [-111.37091875076736, 25.904398166996994], [-111.37091875076294, 25.904398167090857], [-111.37091875076294, 25.908316345139863], [-111.37091875076777, 25.908316345237946], [-111.37091875078218, 25.908316345335084], [-111.37091875080606, 25.90831634543034], [-111.37091875083917, 25.908316345522792], [-111.37091875088117, 25.908316345611553], [-111.3709187509317, 25.908316345695766], [-111.37091875099023, 25.908316345774615], [-111.37091875105621, 25.908316345847346], [-111.37091875112901, 25.908316345913253], [-111.37091875120792, 25.908316345971702], [-111.3709187512922, 25.90831634602213], [-111.370918751381, 25.908316346064048], [-111.37568235395298, 25.91028503700455], [-111.37986659998991, 25.91223439492224], [-111.37986660003345, 25.912234394948282], [-111.37986660007073, 25.91223439498268], [-111.38184070550675, 25.914473221309972], [-111.38184070557712, 25.914473221382107], [-111.3818407056544, 25.91447322144679], [-111.3818407057378, 25.91447322150337], [-111.38184070582646, 25.91447322155127], [-111.38184070591952, 25.91447322159], [-111.38184070601598, 25.91447322161917], [-111.38184070611489, 25.91447322163848], [-111.38184070621524, 25.91447322164774], [-111.38184070631601, 25.914473221646848], [-111.38184070641618, 25.91447322163582], [-111.38351440341509, 25.914203020889424], [-111.38351440351015, 25.914203020869298], [-111.3835144036028, 25.914203020840038], [-111.38351440369219, 25.914203020801924], [-111.38351440377745, 25.914203020755316], [-111.38351440385779, 25.91420302070065], [-111.38351440393244, 25.91420302063845], [-111.38351440400069, 25.914203020569296], [-111.38351440406191, 25.914203020493847], [-111.38351440411553, 25.91420302041281], [-111.38351440416103, 25.91420302032695], [-111.38351440419798, 25.914203020237082], [-111.38351440422603, 25.91420302014405], [-111.38351440424492, 25.91420302004874], [-111.38351440425447, 25.91420301995204], [-111.3835144042546, 25.914203019854874], [-111.38323545456166, 25.90831634585761], [-111.3832354545639, 25.908316345813653], [-111.3832354546079, 25.908316345815816], [-111.39078855509825, 25.909435801693082], [-111.39078855514194, 25.909435801703864], [-111.3907885551586, 25.90943580174563], [-111.39218330381856, 25.91420302069766], [-111.3921833038274, 25.91420302074575], [-111.39050960570725, 25.91644180975079], [-111.3905096056499, 25.91644180983638], [-111.39050960560165, 25.916441809927413], [-111.39050960556303, 25.91644181002293], [-111.39050960553443, 25.916441810121917], [-111.39050960551617, 25.91644181022332], [-111.39050960550846, 25.91644181032606], [-111.39050960551134, 25.916441810429053], [-111.39050960552481, 25.916441810531197], [-111.39050960554871, 25.91644181063142], [-111.39190435379342, 25.921189445991665], [-111.39190435382504, 25.92118944608276], [-111.39190435386527, 25.92118944617039], [-111.39190435391376, 25.921189446253738], [-111.39190435397005, 25.92118944633203], [-111.39190435403361, 25.921189446404533], [-111.39190435410387, 25.92118944647058], [-111.39190435418016, 25.921189446529553], [-111.39190435426178, 25.9211894465809], [-111.39190435434796, 25.92118944662415], [-111.39190435443791, 25.9211894466589], [-111.39190435453078, 25.921189446684824], [-111.39190435462572, 25.921189446701682], [-111.39190435472185, 25.921189446709317], [-111.39190435481825, 25.92118944670766], [-111.39190435491406, 25.921189446696726], [-111.39190435500836, 25.921189446676614], [-111.3919043551003, 25.92118944664751], [-111.39945745431032, 25.918391066445444], [-111.39945745439698, 25.91839106640861], [-111.3994574544798, 25.918391066363785], [-111.39945745455803, 25.91839106631137], [-111.39945745463099, 25.91839106625183], [-111.39945745469801, 25.918391066185688], [-111.39945745475853, 25.918391066113536], [-111.39945745481198, 25.918391066036012], [-111.39945745485791, 25.918391065953802], [-111.40057325335678, 25.916152314465872], [-111.40057325339698, 25.916152314373925], [-111.40057325342777, 25.916152314278413], [-111.40057325344883, 25.916152314180295], [-111.40057325345994, 25.916152314080563], [-111.400573253461, 25.916152313980216], [-111.400573253452, 25.916152313880268], [-111.40057325343302, 25.916152313781726], [-111.40057325340427, 25.916152313685583], [-111.40057325336603, 25.916152313592804], [-111.40057325331868, 25.916152313504327], [-111.4005732532627, 25.91615231342104], [-111.39889955522672, 25.913913519040907], [-111.39636754992277, 25.909995525702502], [-111.39636754990451, 25.9099955256671], [-111.39917850488852, 25.91028503700729], [-111.39917850494184, 25.910285037018866], [-111.40336275096273, 25.91223439492335], [-111.40336275100427, 25.912234394947895], [-111.40336275104019, 25.912234394979993], [-111.40645265554737, 25.915592618908104], [-111.406452655618, 25.915592618977616], [-111.40645265569518, 25.9155926190398], [-111.40645265577811, 25.91559261909404], [-111.40645265586602, 25.9155926191398], [-111.40645265595802, 25.91559261917664], [-111.40645265605322, 25.915592619204187], [-111.40645265615068, 25.915592619222178], [-111.4106369005315, 25.916152313737385], [-111.41063690062882, 25.91615231374559], [-111.41063690072647, 25.916152313744266], [-111.41063690082353, 25.91615231373342], [-111.41063690091907, 25.91615231371316], [-111.41063690101218, 25.916152313683675], [-111.41063690110197, 25.91615231364525], [-111.41063690118757, 25.91615231359825], [-111.41063690126819, 25.916152313543122], [-111.41063690134304, 25.916152313480392], [-111.41063690141142, 25.916152313410663], [-111.41063690147267, 25.916152313334592], [-111.41063690152622, 25.916152313252912], [-111.41063690157152, 25.9161523131664], [-111.41063690160819, 25.916152313075877], [-111.41063690163584, 25.91615231298221], [-111.41063690165423, 25.916152312886293], [-111.41063690166317, 25.91615231278904], [-111.41063690166258, 25.91615231269138], [-111.41063690165247, 25.916152312594242], [-111.41007900246981, 25.912523901381366], [-111.41007900245053, 25.91252390128663], [-111.41007900242217, 25.9125239011942], [-111.41007900238502, 25.91252390110494], [-111.41007900233943, 25.912523901019682], [-111.41007900228583, 25.912523900939227], [-111.41007900222469, 25.912523900864326], [-111.4100790021566, 25.91252390079568], [-111.41007900208221, 25.912523900733927], [-111.41007900200222, 25.912523900679645], [-111.41007900191734, 25.912523900633346], [-111.4100790018284, 25.912523900595456], [-111.40475749974188, 25.910555246984], [-111.40475749970082, 25.910555246963945], [-111.40475749971372, 25.910555246920186], [-111.40840530393626, 25.90159938740177], [-111.4084053039536, 25.90159938736898], [-111.40840530396326, 25.90159938740471], [-111.40924215314314, 25.90663714190253], [-111.40924215316423, 25.90663714199946], [-111.40924215319481, 25.906637142093828], [-111.4092421532346, 25.9066371421847], [-111.41007900226197, 25.90831634557103], [-111.410079002313, 25.908316345661355], [-111.41007900237311, 25.90831634574591], [-111.41007900244165, 25.90831634582378], [-111.4100790025179, 25.90831634589413], [-111.41007900260102, 25.9083163459562], [-111.41258955001443, 25.909995525664634], [-111.41456365508034, 25.914762720216608], [-111.41456365512157, 25.914762720303955], [-111.41456365517102, 25.914762720386918], [-111.41456365522825, 25.914762720464726], [-111.41456365529271, 25.914762720536647], [-111.41456365536382, 25.914762720602013], [-111.41456365544089, 25.914762720660217], [-111.41456365552322, 25.914762720710716], [-111.41456365561005, 25.914762720753032], [-111.41456365570055, 25.914762720786776], [-111.41456365579388, 25.91476272081163], [-111.41456365588917, 25.91476272082737], [-111.41456365598555, 25.91476272083384], [-111.41456365608208, 25.91476272083098], [-111.4145636561779, 25.91476272081882], [-111.4145636562721, 25.914762720797476], [-111.4145636563638, 25.914762720767143], [-111.41456365645215, 25.914762720728106], [-111.4145636565363, 25.914762720680727], [-111.41456365661551, 25.91476272062545], [-111.41456365668901, 25.91476272056279], [-111.41456365675613, 25.914762720493332], [-111.41456365681623, 25.914762720417723], [-111.41456365686875, 25.914762720336668], [-111.41651630394466, 25.91140447434197], [-111.41651630398809, 25.91140447425847], [-111.41651630402347, 25.91140447417126], [-111.4165163040505, 25.91140447408111], [-111.4170742034795, 25.909165589228838], [-111.4170742034941, 25.90916558918772], [-111.41707420353559, 25.90916558920158], [-111.41958475108287, 25.91028503699235], [-111.41958475112523, 25.910285037016635], [-111.42183780618409, 25.91503292068661], [-111.4218378062302, 25.915032920772664], [-111.42183780628449, 25.91503292085381], [-111.42183780634642, 25.91503292092928], [-111.42183780641543, 25.91503292099835], [-111.42183780649083, 25.915032921060362], [-111.42183780657193, 25.915032921114722], [-111.42183780665793, 25.91503292116092], [-111.42183780674804, 25.915032921198506], [-111.42183780684138, 25.915032921227127], [-111.42183780693708, 25.91503292124651], [-111.4218378070342, 25.91503292125647], [-111.42183780713182, 25.915032921256913], [-111.42183780722904, 25.915032921247832], [-111.42183780732489, 25.915032921229315], [-111.42183780741848, 25.915032921201536], [-111.42183780750894, 25.915032921164766], [-111.42183780759535, 25.91503292111935], [-111.42183780767694, 25.915032921065723], [-111.42490625360244, 25.912794105778573], [-111.42490625368221, 25.912794105713843], [-111.42490625375493, 25.912794105641265], [-111.4249062538198, 25.912794105561613], [-111.42490625387616, 25.912794105475722], [-111.42490625392342, 25.912794105384506], [-111.42630100239181, 25.909725314668957], [-111.42630100243001, 25.90972531457171], [-111.42630100245785, 25.90972531447101], [-111.42630100247504, 25.909725314367954], [-111.42630100248138, 25.909725314263667], [-111.4263010024768, 25.90972531415929], [-111.42546415329434, 25.90103962360209], [-111.42546415329426, 25.90103962355588], [-111.42546415331111, 25.901039623513075], [-111.42602205275439, 25.899939390435428], [-111.42713785169123, 25.897970526600965], [-111.42713785171571, 25.89797052656611], [-111.42994880673109, 25.900769391772915], [-111.42994880678822, 25.90076939184097], [-111.43190145462707, 25.903568190232292], [-111.43190145468579, 25.903568190308395], [-111.43190145475155, 25.903568190378504], [-111.43190145482374, 25.903568190441977], [-111.43190145490169, 25.903568190498223], [-111.43190145498468, 25.90356819054673], [-111.43190145507195, 25.903568190587038], [-111.43190145516269, 25.903568190618785], [-111.43190145525605, 25.90356819064167], [-111.43190145535118, 25.90356819065549], [-111.43190145544719, 25.90356819066011], [-111.43441200251189, 25.90356819066011], [-111.43441200256183, 25.903568190665275], [-111.43441200260553, 25.903568190690034], [-111.436364650614, 25.904957914308255], [-111.43636465069073, 25.90495791435775], [-111.43636465077165, 25.904957914400043], [-111.4363646508561, 25.904957914434775], [-111.44029140468248, 25.906366923106003], [-111.44029140472185, 25.906366923124207], [-111.44084930275207, 25.906926660193342], [-111.44084930282386, 25.906926660258698], [-111.44084930290165, 25.906926660316785], [-111.44084930298472, 25.906926660367052], [-111.44084930307227, 25.906926660409027], [-111.44084930316347, 25.906926660442316], [-111.44084930325747, 25.906926660466606], [-111.44084930335337, 25.906926660481663], [-111.4408493034503, 25.90692666048735], [-111.44084930354732, 25.90692666048361], [-111.44084930364352, 25.906926660470482], [-111.44084930373798, 25.906926660448086], [-111.44084930382984, 25.906926660416634], [-111.4408493039182, 25.906926660376424], [-111.44084930400226, 25.906926660327834], [-111.4408493040812, 25.90692666027132], [-111.4408493041543, 25.906926660207418], [-111.44084930422085, 25.90692666013673], [-111.44084930428023, 25.90692666005992], [-111.44084930433189, 25.906926659977714], [-111.44084930437532, 25.90692665989089], [-111.44084930441014, 25.906926659800256], [-111.440849304436, 25.906926659706677], [-111.44084930445267, 25.90692665961103], [-111.44112825393086, 25.90468769165955], [-111.44112825394043, 25.904687691616637], [-111.44112825398446, 25.904687691616097], [-111.4425659168855, 25.90480780365541], [-111.4425659169827, 25.904807803658784], [-111.44256591707978, 25.904807803652698], [-111.4425659171758, 25.904807803637212], [-111.44256591726987, 25.90480780361247], [-111.44256591736108, 25.904807803578706], [-111.44256591744859, 25.90480780353624], [-111.44256591753155, 25.904807803485475], [-111.4425659176092, 25.90480780342689], [-111.44256591768078, 25.904807803361038], [-111.44256591774563, 25.904807803288545], [-111.44256591780312, 25.904807803210094], [-111.44256591785273, 25.904807803126428], [-111.44256591789397, 25.90480780303834], [-111.44256591792646, 25.90480780294666], [-111.44256591794988, 25.90480780285226], [-111.44256591796403, 25.90480780275603], [-111.44256591796876, 25.90480780265888], [-111.44256591796876, 25.904803501497828], [-111.44256591797303, 25.904803501454197], [-111.4545607566341, 25.905807181936495], [-111.45456075667333, 25.90580718194373], [-111.44805908232426, 25.91230671148504], [-111.44805908225834, 25.91230671155776], [-111.44805908219985, 25.912306711636592], [-111.44805908214938, 25.912306711720777], [-111.4480590821074, 25.912306711809507], [-111.44805908207434, 25.91230671190192], [-111.44805908205048, 25.912306711997136], [-111.44805908203607, 25.912306712094228], [-111.44805908203125, 25.912306712192265], [-111.44805908203125, 25.912311596525768], [-111.44805908202657, 25.912311596573108], [-111.44805908199646, 25.91231159660972], [-111.44589185718492, 25.914473221686137], [-111.44589185714416, 25.91447322171894], [-111.43973350529059, 25.917561188892567], [-111.43973350524821, 25.917561188909097], [-111.43636465109265, 25.917561188913414], [-111.43636465099249, 25.91756118891844], [-111.43636465089334, 25.917561188933476], [-111.4363646507962, 25.917561188958366], [-111.43636465070203, 25.91756118899286], [-111.4363646506118, 25.91756118903661], [-111.4363646505264, 25.91756118908918], [-111.43636465044669, 25.917561189150042], [-111.43273830506446, 25.920629775407615], [-111.43273830499291, 25.92062977547444], [-111.43273830492822, 25.920629775547944], [-111.43273830487105, 25.920629775627418], [-111.43273830482192, 25.920629775712104], [-111.4327383047813, 25.920629775801192], [-111.43273830474959, 25.920629775893822], [-111.4327383047271, 25.92062977598911], [-111.43273830471402, 25.920629776086137], [-111.4327383047105, 25.920629776183983], [-111.43273830471657, 25.9206297762817], [-111.43273830473215, 25.92062977637836], [-111.43273830475712, 25.920629776473028], [-111.43273830479123, 25.9206297765648], [-111.43273830483415, 25.920629776652802], [-111.43273830488546, 25.920629776736185], [-111.43273830494468, 25.92062977681415], [-111.43273830501124, 25.920629776885946], [-111.43273830508451, 25.920629776950893], [-111.43692255016481, 25.923987761275253], [-111.43692255019774, 25.9239877613072], [-111.43945455545742, 25.92958419045338], [-111.43945455549665, 25.929584190530953], [-111.43945455554248, 25.929584190604825], [-111.43945455559457, 25.929584190674433], [-111.44196510311865, 25.93265246481608], [-111.44196510313319, 25.932652464837872], [-111.43664360051761, 25.929294726644887], [-111.43664360040623, 25.92929472658413], [-111.4324593547796, 25.927345650932143], [-111.43245935468794, 25.927345650894846], [-111.43245935459305, 25.927345650866794], [-111.43245935449585, 25.92734565084826], [-111.4324593543973, 25.92734565083942], [-111.43245935429835, 25.927345650840362], [-111.43245935419998, 25.92734565085108], [-111.43245935410316, 25.92734565087147], [-111.43245935400881, 25.927345650901323], [-111.4302277567806, 25.928175459164034], [-111.43022775669156, 25.928175459202144], [-111.43022775660664, 25.92817545924869], [-111.43022775652662, 25.928175459303226], [-111.43022775645224, 25.92817545936525], [-111.43022775638421, 25.928175459434176], [-111.43022775632318, 25.92817545950936], [-111.42713785176586, 25.932382305477024], [-111.42713785171823, 25.932382305548042], [-111.42713785167685, 25.932382305622873], [-111.42546415353425, 25.935739955312663], [-111.42546415349409, 25.935739955404475], [-111.42546415346332, 25.935739955499848], [-111.42546415344226, 25.935739955597818], [-111.42546415343111, 25.935739955697407], [-111.42546415342997, 25.93573995579761], [-111.42546415343888, 25.935739955897425], [-111.42546415345772, 25.935739955995846], [-111.42546415348633, 25.93573995609189], [-111.4254641535244, 25.935739956184584], [-111.42546415357157, 25.935739956273004], [-111.42797470080521, 25.939927235910993], [-111.427974700857, 25.93992723598888], [-111.42797470091585, 25.939927236061585], [-111.42797470098124, 25.939927236128472], [-111.42797470105259, 25.93992723618896], [-111.42797470112927, 25.939927236242514], [-111.4332962035727, 25.943284671299956], [-111.43329620360859, 25.943284671327742], [-111.4332962036065, 25.943284671372968], [-111.43301725532704, 25.945233473354065], [-111.43301725531792, 25.945233473451832], [-111.43301725531843, 25.945233473550022], [-111.43301725532856, 25.94523347364769], [-111.43301725534823, 25.945233473743894], [-111.43301725537724, 25.945233473837703], [-111.43301725541531, 25.945233473928216], [-111.43301725546206, 25.94523347401456], [-111.43301725551707, 25.9452334740959], [-111.43301725557978, 25.945233474171456], [-111.4330172556496, 25.945233474240496], [-111.43301725572586, 25.945233474302356], [-111.43301725580781, 25.94523347435644], [-111.43301725589468, 25.945233474402222], [-111.43301725598562, 25.94523347443927], [-111.43301725607975, 25.945233474467216], [-111.43301725617616, 25.945233474485796], [-111.43301725627394, 25.94523347449483], [-111.43301725637212, 25.945233474494234], [-111.43301725646978, 25.94523347448401], [-111.43301725656598, 25.945233474464256], [-111.43301725665975, 25.945233474435167], [-111.43301725675023, 25.945233474397018], [-111.43301725683654, 25.945233474350182], [-111.43301725691782, 25.945233474295105], [-111.43301725699332, 25.94523347423232], [-111.4330172570623, 25.94523347416244], [-111.43301725712409, 25.945233474086127], [-111.43301725717811, 25.94523347400412], [-111.43301725722381, 25.945233473917213], [-111.43301725726077, 25.945233473826246], [-111.4349699020227, 25.93965709353549], [-111.43496990203931, 25.939657093499537], [-111.43496990206143, 25.939657093532542], [-111.43722295758712, 25.9438442345109], [-111.43722295760554, 25.943844234555367], [-111.43524885188616, 25.94832064442711], [-111.43524885184846, 25.94832064452663], [-111.43524885182156, 25.94832064462959], [-111.43524885180574, 25.948320644734828], [-111.43524885180119, 25.94832064484115], [-111.43524885180797, 25.948320644947355], [-111.43580675119301, 25.953066996605394], [-111.43580675121024, 25.953066996706685], [-111.43580675123776, 25.953066996805674], [-111.4358067512753, 25.953066996901317], [-111.43580675132245, 25.9530669969926], [-111.43580675137872, 25.95306699707857], [-111.43580675144351, 25.953066997158306], [-111.43580675151614, 25.953066997230977], [-111.43580675159585, 25.95306699729581], [-111.43580675168178, 25.953066997352124], [-111.43917560573071, 25.955034940739818], [-111.43917560576976, 25.955034940768208], [-111.43936798742132, 25.95557515417459], [-111.43936798745719, 25.955575154261993], [-111.43936798750114, 25.955575154345627], [-111.4393679875528, 25.955575154424736], [-111.43936798761167, 25.95557515449862], [-111.43936798767727, 25.955575154566617], [-111.439367987749, 25.955575154628118], [-111.4393679878262, 25.955575154682577], [-111.4393679879082, 25.95557515472951], [-111.43936798799426, 25.95557515476849], [-111.43936798808362, 25.955575154799178], [-111.43936798817546, 25.955575154821293], [-111.439367988269, 25.955575154834644], [-111.43936798836337, 25.955575154839106], [-111.43936872477569, 25.955575154839106], [-111.43936872481974, 25.95557515484328], [-111.44057035444476, 25.95895143658056], [-111.44057035445523, 25.95895143662309], [-111.43273830438908, 25.95895143662815], [-111.43273830429091, 25.958951436632983], [-111.43273830419369, 25.958951436647425], [-111.43273830409835, 25.958951436671345], [-111.43273830400582, 25.958951436704506], [-111.432738303917, 25.95895143674659], [-111.42982006077338, 25.960514139956967], [-111.42982006072901, 25.960514139975373], [-111.42981283281873, 25.960514139975373], [-111.42981283272076, 25.960514139980184], [-111.42981283262374, 25.96051413999457], [-111.4298128325286, 25.960514140018386], [-111.42981283243624, 25.960514140051412], [-111.42981283234757, 25.960514140093327], [-111.42909050031248, 25.960899989233162], [-111.42909050022536, 25.960899989285565], [-111.42909050014399, 25.960899989346547], [-111.42909050006924, 25.960899989415477], [-111.42909050000188, 25.960899989491637], [-111.4290904999426, 25.960899989574248], [-111.42909049989201, 25.960899989662447], [-111.42909049985064, 25.96089998975533], [-111.42909049981893, 25.960899989851935], [-111.42909049979717, 25.96089998995126], [-111.42853260056165, 25.96425682564561], [-111.42853260055047, 25.96425682574111], [-111.42853260054851, 25.964256825837243], [-111.42853260055578, 25.964256825933116], [-111.42853260057224, 25.964256826027853], [-111.42853260059772, 25.964256826120568], [-111.42853260063198, 25.96425682621041], [-111.42853260067471, 25.96425682629654], [-111.42853260072552, 25.964256826378175], [-111.42853260078394, 25.964256826454548], [-111.42853260084941, 25.964256826524963], [-111.42853260092136, 25.96425682658876], [-111.42853260099909, 25.964256826645354], [-111.4285326010819, 25.96425682669422], [-111.42853260116901, 25.96425682673491], [-111.42853260125963, 25.96425682676704], [-111.42853260135293, 25.964256826790322], [-111.4313435550941, 25.964816290075778], [-111.43134355519256, 25.964816290090326], [-111.43134355529197, 25.964816290095012], [-111.43134355539136, 25.964816290089793], [-111.43134355548975, 25.96481629007472], [-111.43134355558615, 25.964816290049942], [-111.4313435556796, 25.964816290015705], [-111.43134355576919, 25.964816289972344], [-111.43441200251955, 25.963137891553696], [-111.43441200256449, 25.963137891534675], [-111.43692255015229, 25.96313789152967], [-111.43692255019702, 25.96313789153408], [-111.43692255020142, 25.96313789157876], [-111.43692255020142, 25.964816290098717], [-111.43692255019707, 25.964816290143872], [-111.43692255015756, 25.96481629016624], [-111.43190145523569, 25.967054117587402], [-111.43190145515217, 25.967054117629413], [-111.43190145507293, 25.967054117679037], [-111.43190145499868, 25.96705411773584], [-111.43190145493006, 25.967054117799336], [-111.43190145486767, 25.96705411786896], [-111.43190145481205, 25.967054117944105], [-111.43190145476369, 25.967054118024116], [-111.43022775708792, 25.97014070552298], [-111.43022775704519, 25.97014070561203], [-111.43022775701144, 25.97014070570486], [-111.43022775698702, 25.970140705800567], [-111.43022775697216, 25.970140705898213], [-111.43022775696701, 25.97014070599685], [-111.4302277569716, 25.970140706095517], [-111.43022775698591, 25.97014070619325], [-111.4302277570098, 25.97014070628909], [-111.43022775704303, 25.970140706382107], [-111.43022775708526, 25.970140706471394], [-111.43022775713611, 25.970140706556077], [-111.43022775719504, 25.970140706635334], [-111.43022775726152, 25.97014070670839], [-111.43022775733489, 25.97014070677453], [-111.43022775741441, 25.970140706833106], [-111.43022775749932, 25.97014070688356], [-111.43022775758881, 25.97014070692538], [-111.43022775768198, 25.970140706958176], [-111.43301725367846, 25.970970213502373], [-111.43301725377704, 25.970970213526318], [-111.43301725387752, 25.970970213540152], [-111.4330172539789, 25.970970213543737], [-111.43301725408013, 25.97097021353703], [-111.43778085691272, 25.97041077930099], [-111.43778085699806, 25.970410779287207], [-111.43778085708188, 25.970410779266103], [-111.43778085716357, 25.97041077923784], [-111.43778085724252, 25.97041077920263], [-111.44168615290833, 25.968462384199647], [-111.44168615299756, 25.968462384149266], [-111.44168615308115, 25.968462384090017], [-111.44168615315826, 25.968462384022526], [-111.44168615322805, 25.9684623839475], [-111.44168615328978, 25.968462383865727], [-111.44168615334284, 25.968462383778064], [-111.44168615338664, 25.96846238368543], [-111.44168615342073, 25.968462383588804], [-111.44168615344476, 25.968462383489193], [-111.44168615345846, 25.96846238338765], [-111.44196510314599, 25.965105666840163], [-111.44196510314943, 25.965105666757346], [-111.44196510314943, 25.962308329398496], [-111.44196510315382, 25.962308329353814], [-111.44196510319856, 25.962308329349405], [-111.44256591758608, 25.962308329425525], [-111.44256591768409, 25.96230832942071], [-111.44256591778117, 25.962308329406312], [-111.44256591787637, 25.962308329382466], [-111.44256591796972, 25.96230832935415], [-111.44256591801789, 25.962308329349405], [-111.44335985178915, 25.962308329349405], [-111.44335985183436, 25.96230832935376], [-111.44335985185667, 25.96230832939323], [-111.44447565056247, 25.964816289641217], [-111.44447565060827, 25.964816289731537], [-111.44447565066297, 25.964816289816763], [-111.44447565072599, 25.96481628989602], [-111.44447565079672, 25.964816289968496], [-111.44447565087442, 25.964816290033447], [-111.44447565095828, 25.96481629009021], [-111.44447565104747, 25.964816290138195], [-111.44447565114103, 25.964816290176916], [-111.44447565123805, 25.964816290205974], [-111.4444756513375, 25.964816290225073], [-111.44805908198394, 25.965317875884672], [-111.44805908202669, 25.965317875894886], [-111.44805908202669, 25.96532683555073], [-111.44805908203122, 25.96532683564587], [-111.4480590820448, 25.96532683574015], [-111.44805908206727, 25.96532683583271], [-111.44805908209845, 25.96532683592271], [-111.44805908213806, 25.965326836009336], [-111.44805908218572, 25.965326836091805], [-111.44805908224102, 25.96532683616936], [-111.44805908230343, 25.965326836241307], [-111.44805908237241, 25.965326836306986], [-111.44805908244733, 25.965326836365804], [-111.44805908252751, 25.965326836417226], [-111.44805908261222, 25.96532683646079], [-111.44805908270068, 25.965326836496093], [-111.4480590827921, 25.965326836522824], [-111.44805908288565, 25.965326836540733], [-111.44840240473587, 25.965375751024897], [-111.44840240476906, 25.96537575103305], [-111.44840240478061, 25.965375751042554], [-111.44840240478206, 25.965375751081602], [-111.44812345504955, 25.96985134230831], [-111.44812345504761, 25.969851342370514], [-111.44812345504761, 25.973207924026138], [-111.448123455043, 25.97320792407282], [-111.44812345500678, 25.973207924102553], [-111.4464497573123, 25.97432676290611], [-111.44644975723286, 25.9743267629651], [-111.44644975715964, 25.97432676303165], [-111.44644975709335, 25.974326763105115], [-111.44644975703466, 25.97432676318477], [-111.44644975698411, 25.974326763269833], [-111.44644975694223, 25.97432676335948], [-111.4464497569094, 25.97432676345282], [-111.44644975688597, 25.97432676354895], [-111.44644975687214, 25.97432676364693], [-111.44644975686808, 25.97432676374579], [-111.44644975687379, 25.97432676384457], [-111.44644975688924, 25.9743267639423], [-111.44644975691428, 25.97432676403803], [-111.44644975694865, 25.97432676413081], [-111.44805908201137, 25.978088300131617], [-111.44805908202622, 25.978088300179056], [-111.44805908203125, 25.978088300228695], [-111.44805908203125, 25.978092007105168], [-111.44805908203635, 25.978092007205976], [-111.44805908205157, 25.978092007305758], [-111.4480590820768, 25.978092007403493], [-111.44805908211173, 25.97809200749819], [-111.4481234550174, 25.978242616996923], [-111.44812345505024, 25.978242617066265], [-111.4481234550883, 25.97824261713288], [-111.44951820309863, 25.980480188185787], [-111.44951820315416, 25.980480188265894], [-111.44951820321722, 25.98048018834021], [-111.44951820328723, 25.980480188408034], [-111.4495182033635, 25.98048018846872], [-111.44951820344531, 25.980480188521696], [-111.44951820353188, 25.980480188566457], [-111.44951820362242, 25.980480188602574], [-111.44951820371602, 25.980480188629706], [-111.44951820381185, 25.980480188647594], [-111.44951820390894, 25.98048018865607], [-111.44951820400641, 25.980480188655054], [-111.4495182041033, 25.980480188644556], [-111.44951820419872, 25.980480188624675], [-111.44951820429175, 25.980480188595596], [-111.4495182043815, 25.9804801885576], [-111.44951820446714, 25.98048018851105], [-111.44951820454783, 25.98048018845638], [-111.44951820462282, 25.980480188394115], [-111.45286560055226, 25.977413161436072], [-111.45286560058753, 25.977413161409235], [-111.45567655558455, 25.977123815035284], [-111.4556765556287, 25.977123815035103], [-111.45567655563354, 25.981888294618855], [-111.45567655562255, 25.98188829472294], [-111.454839706431, 25.985803896504333], [-111.45483970641688, 25.985803896548816], [-111.45483970638065, 25.98580389657833], [-111.4506340028292, 25.98860067508916], [-111.45063400273816, 25.98860067515749], [-111.45063400265546, 25.98860067523572], [-111.4506340025822, 25.988600675322843], [-111.44896030455284, 25.990838049784585], [-111.44896030449654, 25.99083804986834], [-111.44896030444897, 25.990838049957347], [-111.44896030441062, 25.990838050050694], [-111.44896030438187, 25.99083805014743], [-111.44896030436301, 25.990838050246573], [-111.44896030435424, 25.99083805034711], [-111.44896030435565, 25.990838050448023], [-111.44896030436723, 25.990838050548277], [-111.44896030438885, 25.990838050646854], [-111.44979715329185, 25.993904727061857], [-111.4497971533231, 25.99390472715723], [-111.44979715336376, 25.993904727248992], [-111.4497971534134, 25.99390472733622], [-111.44979715347154, 25.993904727418027], [-111.44979715353757, 25.993904727493597], [-111.44979715361086, 25.993904727562168], [-111.44979715369065, 25.993904727623047], [-111.44979715377615, 25.993904727675623], [-111.44979715386647, 25.993904727719364], [-111.44979715396073, 25.99390472775383], [-111.44979715405798, 25.993904727778673], [-111.44979715415721, 25.993904727793648], [-111.4553976051872, 25.994464050150366], [-111.45539760528226, 25.994464050155305], [-111.45539760537736, 25.994464050151187], [-111.45539760547163, 25.994464050138042], [-111.45539760556423, 25.994464050115997], [-111.45539760565431, 25.994464050085245], [-111.45539760574107, 25.99446405004607], [-111.45539760582369, 25.99446404999882], [-111.45539760590147, 25.994464049943932], [-111.45539760597366, 25.9944640498819], [-111.45539760603963, 25.994464049813278], [-111.45539760609877, 25.9944640497387], [-111.45539760615056, 25.994464049658834], [-111.45539760619452, 25.994464049574407], [-111.45707130430026, 25.99083805022126], [-111.45707130432238, 25.990838050183733], [-111.45707130435372, 25.990838050214016], [-111.46013975140146, 25.99446405018231], [-111.46013975141521, 25.9944640502024], [-111.46013975142563, 25.99446405023122], [-111.46013975141376, 25.99446405026773], [-111.45902395256938, 25.99699061157293], [-111.45902395253239, 25.996990611670046], [-111.45902395250569, 25.996990611770475], [-111.45902395248955, 25.996990611873134], [-111.45902395248415, 25.996990611976916], [-111.45902395248415, 26.004820677720947], [-111.45902395248906, 26.00482067782], [-111.45902395250377, 26.004820677918083], [-111.45902395252813, 26.004820678014223], [-111.45902395256188, 26.00482067810748], [-111.4590239526047, 26.004820678196936], [-111.45902395265617, 26.004820678281707], [-111.4590239527158, 26.004820678360964], [-111.45902395278297, 26.004820678433926], [-111.45902395285704, 26.004820678499875], [-111.45902395293727, 26.004820678558165], [-111.45902395302289, 26.004820678608215], [-111.45902395311306, 26.00482067864954], [-111.45902395320687, 26.004820678681735], [-111.4590239533034, 26.004820678704476], [-111.45902395340171, 26.004820678717543], [-111.45902395350083, 26.004820678720808], [-111.47636175150643, 26.00453139983554], [-111.47636175154328, 26.00453139983861], [-111.46880865101156, 26.010413264112568], [-111.4688086509681, 26.01041326413967], [-111.46267175684486, 26.012650223692976], [-111.46267175674691, 26.01265022373471], [-111.46267175665396, 26.012650223786615], [-111.45735025442278, 26.016005582964937], [-111.45735025433976, 26.016005583023382], [-111.45735025426309, 26.016005583089942], [-111.45735025419356, 26.016005583163935], [-111.4573502541319, 26.016005583244596], [-111.45735025407873, 26.016005583331093], [-111.45735025403461, 26.016005583422537], [-111.45735025399998, 26.01600558351798], [-111.4573502539752, 26.016005583616444], [-111.45707130432646, 26.017413262892287], [-111.4570713043175, 26.01741326294489], [-111.4567923545904, 26.019360846709564], [-111.45679235457975, 26.01936084675381], [-111.45679235454696, 26.019360846785595], [-111.45539760627042, 26.020479246329774], [-111.45539760619606, 26.020479246395727], [-111.45539760612861, 26.02047924646874], [-111.45539760606876, 26.020479246548085], [-111.45539760601707, 26.020479246632984], [-111.45539760597406, 26.020479246722594], [-111.45539760594016, 26.02047924681603], [-111.4553976059157, 26.02047924691237], [-111.45539760590094, 26.02047924701066], [-111.455397605896, 26.020479247109932], [-111.455397605896, 26.02607108608563], [-111.45539760589153, 26.026071086130575], [-111.45202875142107, 26.026360311961273], [-111.45202875137632, 26.02636031196082], [-111.45007610379783, 26.02188687404839], [-111.45007610375463, 26.02188687396126], [-111.45007610370318, 26.02188687387874], [-111.45007610364395, 26.021886873801602], [-111.45007610357752, 26.021886873730583], [-111.45007610350449, 26.021886873666354], [-111.45007610342557, 26.02188687360952], [-111.45007610334152, 26.02188687356062], [-111.4500761032531, 26.021886873520117], [-111.45007610316117, 26.021886873488395], [-111.45007610306659, 26.021886873465753], [-111.45007610297026, 26.021886873452402], [-111.4500761028731, 26.021886873448477], [-111.450076102776, 26.021886873454005], [-111.4500761026799, 26.021886873468937], [-111.45007610258571, 26.021886873493134], [-111.45007610249432, 26.021886873526366], [-111.45007610240658, 26.021886873568317], [-111.45007610232334, 26.021886873618595], [-111.45007610224536, 26.02188687367672], [-111.45007610217341, 26.021886873742144], [-111.44805908232334, 26.02390852284597], [-111.44805908225761, 26.02390852291865], [-111.44805908219931, 26.023908522997413], [-111.448059082149, 26.023908523081502], [-111.44805908210715, 26.023908523170114], [-111.4480590820742, 26.023908523262396], [-111.4480590820504, 26.02390852335746], [-111.44805908203605, 26.023908523454395], [-111.44805908203125, 26.02390852355227], [-111.44805908203125, 26.023911510686098], [-111.4480590820266, 26.02391151073327], [-111.44805908199659, 26.02391151076987], [-111.44561290743991, 26.026360311935093], [-111.44561290740758, 26.02636031196242], [-111.44256591801194, 26.028153496175065], [-111.44256591797378, 26.028153496192644], [-111.44256591797378, 26.028148626486736], [-111.44256591796878, 26.02814862638683], [-111.44256591795381, 26.028148626287923], [-111.44256591792904, 26.028148626191005], [-111.44256591789473, 26.028148626097046], [-111.44256591785118, 26.02814862600699], [-111.44256591779886, 26.02814862592173], [-111.44256591773829, 26.028148625842125], [-111.44256591767007, 26.02814862576897], [-111.44256591759488, 26.028148625703], [-111.44256591751346, 26.028148625644867], [-111.44256591742665, 26.02814862559516], [-111.44256591733532, 26.02814862555438], [-111.44256591724036, 26.028148625522924], [-111.44256591714273, 26.028148625501114], [-111.44256591704341, 26.028148625489163], [-111.44256591694341, 26.028148625487198], [-111.44256591684369, 26.028148625495234], [-111.4425659167453, 26.02814862551319], [-111.44256591664917, 26.028148625540886], [-111.44256591655629, 26.02814862557805], [-111.4425659164676, 26.028148625624304], [-111.44084930424502, 26.029156124875357], [-111.44084930419803, 26.029156124896605], [-111.43357515340155, 26.029156124902233], [-111.43357515335491, 26.02915612489749], [-111.43357515334317, 26.029156124852076], [-111.43301725402002, 26.02551191511754], [-111.43301725400116, 26.025511915024268], [-111.43301725397352, 26.02551191493321], [-111.43301725393735, 26.025511914845197], [-111.43301725389298, 26.025511914761015], [-111.4330172538408, 26.025511914681434], [-111.43301725378132, 26.025511914607172], [-111.43301725371502, 26.025511914538903], [-111.43301725364255, 26.025511914477242], [-111.43301725356453, 26.02551191442275], [-111.4330172534817, 26.02551191437592], [-111.43301725339478, 26.025511914337173], [-111.43301725330457, 26.025511914306865], [-111.4330172532119, 26.025511914285268], [-111.4330172531176, 26.025511914272577], [-111.4330172530225, 26.02551191426891], [-111.4330172529275, 26.025511914274293], [-111.42490625411595, 26.026360311933864], [-111.4249062540191, 26.026360311948824], [-111.42490625392418, 26.026360311973193], [-111.4249062538321, 26.02636031200673], [-111.42490625374376, 26.026360312049125], [-111.42490625365997, 26.02636031209996], [-111.42490625358157, 26.026360312158754], [-111.42323255588495, 26.027748585615694], [-111.42323255581458, 26.027748585679962], [-111.42323255575064, 26.027748585750636], [-111.42323255569374, 26.027748585827073], [-111.42323255564436, 26.027748585908583], [-111.42323255560297, 26.027748585994424], [-111.42323255556992, 26.027748586083813], [-111.42323255554555, 26.027748586175946], [-111.42323255553005, 26.027748586269976], [-111.42323255552358, 26.027748586365057], [-111.42323255552618, 26.02774858646032], [-111.42323255553785, 26.027748586554903], [-111.42323255555846, 26.02774858664795], [-111.42490625380141, 26.033899213713756], [-111.42490625380907, 26.033899213759963], [-111.42490625376843, 26.033899213783247], [-111.42239570622317, 26.035017475046967], [-111.42239570617824, 26.035017475062062], [-111.4187479020747, 26.030833580866965], [-111.41874790200933, 26.030833580798777], [-111.41874790193782, 26.030833580737067], [-111.41874790186081, 26.030833580682373], [-111.41874790177899, 26.030833580635193], [-111.41874790169307, 26.030833580595942], [-111.41735315347742, 26.030274431522436], [-111.41735315337839, 26.030274431488632], [-111.41735315327635, 26.03027443146536], [-111.41735315317246, 26.03027443145288], [-111.41735315306781, 26.03027443145133], [-111.41735315296359, 26.030274431460718], [-111.4134478573514, 26.030833580621326], [-111.41344785725862, 26.03083358063912], [-111.41344785716794, 26.030833580665583], [-111.41344785708016, 26.030833580700488], [-111.41344785699606, 26.030833580743522], [-111.41344785691639, 26.030833580794297], [-111.41344785684188, 26.030833580852367], [-111.41344785677317, 26.030833580917204], [-111.4134478567109, 26.030833580988237], [-111.41344785665561, 26.030833581064833], [-111.40980005267032, 26.036424926686554], [-111.40980005263967, 26.036424926724923], [-111.40980005259769, 26.03642492674807], [-111.40589475636254, 26.03810227854757], [-111.4058947563166, 26.038102278562132], [-111.40589475626858, 26.038102278557886], [-111.40141010289287, 26.037253965702288], [-111.40141010284877, 26.03725396568933], [-111.40141010284425, 26.037253965643657], [-111.40141010284425, 26.035017475805674], [-111.40141010283946, 26.035017475707946], [-111.40141010282515, 26.035017475611152], [-111.40141010280144, 26.03501747551622], [-111.40141010276857, 26.03501747542406], [-111.40141010272686, 26.035017475335554], [-111.40141010267668, 26.035017475251546], [-111.40141010261854, 26.035017475172847], [-111.40141010255299, 26.035017475100204], [-111.40141010248065, 26.03501747503432], [-111.40141010240222, 26.035017474975813], [-111.40141010231845, 26.035017474925258], [-111.40141010223013, 26.035017474883126], [-111.40141010213813, 26.035017474849834], [-111.3941359523117, 26.032780941893634], [-111.39413595222345, 26.032780941870843], [-111.39413595213348, 26.032780941856185], [-111.39413595204256, 26.03278094184978], [-111.39413595195143, 26.03278094185168], [-111.39413595186085, 26.03278094186187], [-111.39413595177157, 26.032780941880265], [-111.39413595168435, 26.032780941906715], [-111.38939380712405, 26.03445834551203], [-111.38939380703641, 26.034458345547776], [-111.38939380695255, 26.03445834559165], [-111.38939380687323, 26.03445834564325], [-111.38939380679912, 26.034458345702124], [-111.38939380673091, 26.034458345767735], [-111.38939380666922, 26.034458345839504], [-111.38939380661458, 26.034458345916782], [-111.3893938065675, 26.034458345998882], [-111.38939380652837, 26.034458346085064], [-111.3893938064976, 26.034458346174556], [-111.3893938064754, 26.03445834626656], [-111.389393806462, 26.03445834636025], [-111.38939380645752, 26.034458346454787], [-111.38939380645752, 26.035306678792825], [-111.38939380645367, 26.03530667883158], [-111.38939380643198, 26.035306678847398], [-111.38939380640997, 26.035306678856255], [-111.38463020379983, 26.03669484687383], [-111.38463020371005, 26.036694846904687], [-111.38463020362359, 26.036694846943924], [-111.38463020354124, 26.036694846991185], [-111.38463020346374, 26.03669484704604], [-111.3846302033918, 26.036694847107995], [-111.38463020332605, 26.0366948471765], [-111.38463020326711, 26.036694847250924], [-111.38463020321548, 26.036694847330608], [-111.38463020317164, 26.03669484741483], [-111.384630203136, 26.036694847502822], [-111.38463020310886, 26.036694847593807], [-111.3840723039272, 26.038950584677284], [-111.3840723039087, 26.038950584771086], [-111.38407230389925, 26.03895058486623], [-111.38407230389893, 26.03895058496184], [-111.38407230390774, 26.038950585057044], [-111.3840723039256, 26.03895058515097], [-111.38407230395237, 26.038950585242763], [-111.38407230398776, 26.038950585331577], [-111.38407230403148, 26.038950585416607], [-111.38407230408312, 26.038950585497076], [-111.3840723041422, 26.03895058557224], [-111.38407230420819, 26.038950585641423], [-111.3840723042805, 26.038950585703986], [-111.38797759972302, 26.04201600593214], [-111.38797759980359, 26.042016005989193], [-111.38797759988941, 26.042016006038022], [-111.38797759997962, 26.042016006078153], [-111.38797760007334, 26.04201600610919], [-111.38797760016968, 26.042016006130833], [-111.38797760026767, 26.042016006142873], [-111.38797760036637, 26.04201600614519], [-111.38797760046482, 26.042016006137764], [-111.38797760056207, 26.04201600612066], [-111.39162540430861, 26.041187000937633], [-111.39162540435639, 26.041187000931757], [-111.39162540439364, 26.04118700096221], [-111.39385700184626, 26.043423373482277], [-111.39385700191723, 26.043423373546887], [-111.39385700199408, 26.043423373604394], [-111.39385700207607, 26.043423373654267], [-111.39385700216249, 26.04342337369605], [-111.3938570022525, 26.043423373729357], [-111.3938570023453, 26.043423373753882], [-111.39385700244001, 26.043423373769397], [-111.39385700253578, 26.04342337377576], [-111.39385700263172, 26.04342337377291], [-111.39385700272693, 26.04342337376088], [-111.39385700282057, 26.043423373739774], [-111.39692544932464, 26.04257509952729], [-111.39692544936666, 26.042575099519954], [-111.39692544937135, 26.046777853316772], [-111.39692544936612, 26.04677785336699], [-111.39692544934114, 26.046777853410827], [-111.39553070071305, 26.048724949684825], [-111.39553070068122, 26.048724949720935], [-111.3955307006332, 26.04872494972288], [-111.39106750494503, 26.04845505711588], [-111.39106750482063, 26.04845505711611], [-111.38686180384535, 26.0487249495528], [-111.38686180374869, 26.048724949563745], [-111.38686180365355, 26.04872494958403], [-111.38686180356082, 26.048724949613465], [-111.38686180347139, 26.04872494965177], [-111.38686180338613, 26.048724949698585], [-111.38686180330579, 26.04872494975346], [-111.38686180323118, 26.048724949815885], [-111.38686180316299, 26.048724949885262], [-111.38686180310185, 26.04872494996094], [-111.38686180304836, 26.048724950042196], [-111.38686180300303, 26.048724950128264], [-111.38686180296627, 26.048724950218332], [-111.38686180293843, 26.04872495031155], [-111.38686180291978, 26.048724950407024], [-111.3868618029105, 26.048724950503864], [-111.38686180291067, 26.048724950601144], [-111.3868618029203, 26.04872495069795], [-111.38686180293928, 26.04872495079336], [-111.38686180296745, 26.048724950886477], [-111.38686180300452, 26.048724950976414], [-111.38686180305017, 26.048724951062326], [-111.38686180310394, 26.048724951143395], [-111.38686180316533, 26.048724951218855], [-111.38686180323377, 26.04872495128799], [-111.3868618033086, 26.04872495135015], [-111.38909339878094, 26.050402125410177], [-111.38909339885699, 26.05040212546203], [-111.38909339893748, 26.05040212550667], [-111.38909339902172, 26.05040212554372], [-111.38909339910903, 26.05040212557287], [-111.38909339919863, 26.050402125593866], [-111.38909339928979, 26.05040212560654], [-111.38909339938174, 26.050402125610773], [-111.39078855509577, 26.050402125610773], [-111.3907885551415, 26.050402125615314], [-111.39357805203205, 26.059924943472186], [-111.39357805206487, 26.059924943566482], [-111.39357805210693, 26.059924943657037], [-111.3935780521578, 26.059924943742946], [-111.393578052217, 26.05992494382335], [-111.3935780522839, 26.059924943897457], [-111.39357805235787, 26.059924943964518], [-111.39357805243816, 26.059924944023873], [-111.39357805252396, 26.059924944074922], [-111.39357805261443, 26.05992494411716], [-111.39357805270866, 26.05992494415017], [-111.39357805280571, 26.059924944173616], [-111.39357805290462, 26.05992494418727], [-111.39357805300439, 26.05992494419099], [-111.39357805310404, 26.059924944184743], [-111.39357805320256, 26.059924944168593], [-111.39357805329898, 26.059924944142697], [-111.39357805339235, 26.059924944107316], [-111.39357805348172, 26.059924944062796], [-111.3935780535662, 26.05992494400959], [-111.39357805364496, 26.059924943948225], [-111.3935780537172, 26.05992494387931], [-111.3988995551726, 26.054315442715932], [-111.39889955520871, 26.054315442684647], [-111.39889955525402, 26.054315442669505], [-111.40252590176708, 26.053486524362693], [-111.40252590179462, 26.053486524358007], [-111.40252590182254, 26.053486524356437], [-111.40561580654948, 26.053486524356437], [-111.4056158066095, 26.053486524360054], [-111.40784740443175, 26.05375640537885], [-111.40784740447592, 26.05375640538861], [-111.40896320325844, 26.059635801188723], [-111.40896320328174, 26.05963580128515], [-111.4089632033145, 26.059635801378793], [-111.40896320335636, 26.059635801468733], [-111.40896320340694, 26.05963580155408], [-111.40896320346572, 26.059635801633995], [-111.40896320353212, 26.059635801707696], [-111.40896320360551, 26.05963580177445], [-111.40896320368515, 26.05963580183361], [-111.40896320377026, 26.059635801884586], [-111.40896320385998, 26.059635801926877], [-111.40896320395348, 26.05963580196007], [-111.4089632040498, 26.059635801983838], [-111.408963204148, 26.059635801997942], [-111.4089632042471, 26.05963580200225], [-111.40896320434615, 26.059635801996716], [-111.41679525346217, 26.058806921435437], [-111.41679525355607, 26.05880692142096], [-111.41679525364817, 26.058806921397636], [-111.41679525373765, 26.05880692136568], [-111.4167952538237, 26.05880692132537], [-111.4167952539055, 26.058806921277082], [-111.41679525398239, 26.058806921221247], [-111.41819000240277, 26.05768888703133], [-111.41819000243993, 26.057688887007167], [-111.41819000246356, 26.057688887044726], [-111.41958475110825, 26.060483952965832], [-111.41958475112477, 26.060483953008568], [-111.4195847511245, 26.06048395305446], [-111.41930580139667, 26.063278952284506], [-111.41930580138698, 26.063278952331988], [-111.41707420353478, 26.06466678926608], [-111.41707420349097, 26.06466678928745], [-111.41344785707568, 26.063278952401244], [-111.41344785698897, 26.063278952372528], [-111.41344785689999, 26.06327895235184], [-111.4134478568095, 26.063278952339356], [-111.41344785671825, 26.063278952335185], [-111.40924215411665, 26.063278952335185], [-111.4092421540156, 26.063278952340305], [-111.40924215391559, 26.06327895235561], [-111.40924215381762, 26.063278952380944], [-111.40924215372272, 26.06327895241605], [-111.40924215363185, 26.06327895246056], [-111.40924215354595, 26.06327895251403], [-111.4092421534659, 26.063278952575907], [-111.4092421533925, 26.063278952645554], [-111.40924215332652, 26.063278952722264], [-111.40924215326862, 26.063278952805252], [-111.40924215321941, 26.06327895289366], [-111.40924215317938, 26.063278952986593], [-111.40924215314895, 26.063278953083092], [-111.40924215312843, 26.063278953182174], [-111.40924215311803, 26.063278953282822], [-111.40896320345627, 26.06859890421473], [-111.40896320345615, 26.06859890431739], [-111.40896320346658, 26.06859890441952], [-111.40896320348742, 26.068598904520044], [-111.40896320351844, 26.068598904617904], [-111.40896320355935, 26.068598904712065], [-111.40896320360969, 26.068598904801537], [-111.40896320366893, 26.068598904885373], [-111.40896320373646, 26.068598904962695], [-111.40896320381157, 26.068598905032687], [-111.41428470607786, 26.073070561779787], [-111.41428470611082, 26.073070561813562], [-111.41428470610997, 26.0730705618607], [-111.4137268066908, 26.077811873334245], [-111.41372680668408, 26.07781187343535], [-111.41372680668762, 26.077811873536618], [-111.41372680670139, 26.077811873637003], [-111.41372680672525, 26.077811873735484], [-111.41372680675894, 26.077811873831045], [-111.41372680680215, 26.077811873922702], [-111.4137268068544, 26.07781187400952], [-111.41372680691516, 26.077811874090603], [-111.41512155529709, 26.079488633207767], [-111.41512155532389, 26.079488633247284], [-111.41651630399161, 26.086214702737262], [-111.41651630402302, 26.0862147028532], [-111.41651630406811, 26.08621470296454], [-111.41958475110822, 26.092651324343503], [-111.41958475112442, 26.092651324388182], [-111.41930580139382, 26.099357367693212], [-111.41930580138626, 26.099357367744187], [-111.41679525403555, 26.103269048381588], [-111.41679525398756, 26.103269048464917], [-111.4167952539478, 26.10326904855247], [-111.41679525391663, 26.103269048643437], [-111.41679525389435, 26.103269048736976], [-111.41679525388115, 26.103269048832225], [-111.41679525387715, 26.1032690489283], [-111.41679525388241, 26.103269049024316], [-111.41679525389686, 26.103269049119383], [-111.41679525392037, 26.10326904921262], [-111.41679525395274, 26.10326904930317], [-111.42014264996877, 26.111381032826213], [-111.42014265001058, 26.111381032914927], [-111.42014265006088, 26.11138103299912], [-111.42014265011917, 26.111381033077983], [-111.42014265018493, 26.111381033150753], [-111.42014265025749, 26.11138103321673], [-111.42014265033616, 26.111381033275286], [-111.4201426504202, 26.111381033325852], [-111.42014265050878, 26.111381033367945], [-111.42014265060106, 26.111381033401155], [-111.42014265069615, 26.111381033425168], [-111.42014265079314, 26.11138103343975], [-111.42014265089108, 26.11138103344476], [-111.42014265098905, 26.111381033440157], [-111.42014265108608, 26.111381033425978], [-111.42014265118128, 26.11138103340236], [-111.4201426512737, 26.11138103336953], [-111.42014265136245, 26.111381033327806], [-111.4201426514467, 26.111381033277592], [-111.42014265152561, 26.111381033219363], [-111.42014265159844, 26.111381033153684], [-111.42014265166449, 26.111381033081187], [-111.42406940457346, 26.106621814206942], [-111.42406940463641, 26.106621814143253], [-111.42769575115358, 26.103558084134022], [-111.42769575118982, 26.103558084108922], [-111.4335751533124, 26.10887620574847], [-111.4335751533457, 26.108876205785542], [-111.4341330527978, 26.113905076315238], [-111.43413305281376, 26.11390507641382], [-111.43413305283947, 26.113905076510317], [-111.43413305287467, 26.11390507660377], [-111.43413305291902, 26.113905076693246], [-111.43413305297207, 26.113905076777854], [-111.43452208664708, 26.114461681181375], [-111.43608570004308, 26.11669879883344], [-111.4360857001029, 26.11669879891068], [-111.43608570016994, 26.116698798981716], [-111.43608570024361, 26.11669879904587], [-111.43608570032319, 26.11669879910253], [-111.43608570040792, 26.116698799151155], [-111.43608570049699, 26.116698799191283], [-111.43608570058954, 26.116698799222526], [-111.43608570068471, 26.11669879924459], [-111.43608570078158, 26.116698799257264], [-111.4360857008792, 26.116698799260426], [-111.43608570097669, 26.116698799254046], [-111.43608570107308, 26.116698799238186], [-111.43608570116747, 26.116698799212994], [-111.43608570125895, 26.116698799178714], [-111.43608570134664, 26.116698799135673], [-111.43608570142972, 26.116698799084283], [-111.43608570150738, 26.116698799025027], [-111.4360857015789, 26.11669879895848], [-111.43608570164358, 26.11669879888527], [-111.4360857017008, 26.1166987988061], [-111.43608570175003, 26.11669879872172], [-111.43773794171908, 26.113519730183537], [-111.43773794174462, 26.11351973014443], [-111.43774376616965, 26.113519730139508], [-111.43774376626858, 26.113519730134602], [-111.43774376636654, 26.113519730119933], [-111.43774376646257, 26.113519730095643], [-111.43774376655573, 26.11351973006197], [-111.4377437666451, 26.11351973001925], [-111.43774376672981, 26.113519729967894], [-111.437743766809, 26.11351972990841], [-111.43774376688195, 26.113519729841386], [-111.43774376694789, 26.11351972976747], [-111.4377437670062, 26.113519729687397], [-111.4377437670563, 26.113519729601947], [-111.43973350510028, 26.109704732232217], [-111.4397335051434, 26.109704732137914], [-111.43973350517652, 26.10970473203966], [-111.43973350519929, 26.1097047319385], [-111.43973350521145, 26.109704731835528], [-111.4397335052129, 26.10970473173185], [-111.4397335052036, 26.109704731628575], [-111.43917560582133, 26.10579326649317], [-111.43917560580405, 26.1057932664023], [-111.43917560577844, 26.10579326631342], [-111.43917560574474, 26.105793266227284], [-111.43917560570321, 26.105793266144634], [-111.43917560565424, 26.10579326606617], [-111.43917560559822, 26.105793265992567], [-111.43917560553564, 26.105793265924454], [-111.43692255023637, 26.103558084137763], [-111.43692255021486, 26.103558084111725], [-111.43692255021334, 26.103558084105707], [-111.4369225502505, 26.103558084098488], [-111.44001245493949, 26.103269048825172], [-111.4400124550331, 26.103269048811924], [-111.44589185710517, 26.102151439015476], [-111.44589185714855, 26.102151439010928], [-111.448059081981, 26.10228632351409], [-111.44805908202619, 26.102286323521508], [-111.44805908202619, 26.10229178827603], [-111.44805908203124, 26.10229178837627], [-111.44805908204629, 26.1022917884755], [-111.44805908207123, 26.10229178857272], [-111.44805908210577, 26.102291788666953], [-111.4480590821496, 26.102291788757245], [-111.44805908220225, 26.10229178884269], [-111.4480590822632, 26.10229178892243], [-111.44805908233184, 26.102291788995657], [-111.44805908240747, 26.102291789061635], [-111.44805908248934, 26.1022917891197], [-111.4480590825766, 26.102291789169264], [-111.44805908266841, 26.102291789209833], [-111.4480590827638, 26.102291789240994], [-111.44805908286186, 26.102291789262434], [-111.44805908296156, 26.10229178927394], [-111.45035505179833, 26.102440476977677], [-111.45035505189897, 26.102440476979115], [-111.45035505199925, 26.102440476970433], [-111.45035505209816, 26.102440476951713], [-111.45035505219468, 26.102440476923142], [-111.45035505228783, 26.102440476885015], [-111.4503550523767, 26.102440476837717], [-111.45035505246034, 26.102440476781723], [-111.45035505253793, 26.102440476717607], [-111.45035505260869, 26.102440476646013], [-111.4503550526719, 26.10244047656767], [-111.45035505272689, 26.102440476483366], [-111.45035505277315, 26.102440476393962], [-111.45035505281017, 26.102440476300362], [-111.45035505283761, 26.102440476203515], [-111.45035505285516, 26.102440476104398], [-111.45035505286266, 26.10244047600402], [-111.45035505286003, 26.102440475903396], [-111.45007610321426, 26.09879854553351], [-111.45007610321532, 26.098798545488002], [-111.45372390742249, 26.098239720558695], [-111.45372390746712, 26.09823972055626], [-111.45483970640798, 26.102440477003427], [-111.45483970641548, 26.102440477050173], [-111.45230770117884, 26.104675680412726], [-111.45230770111381, 26.104675680475584], [-111.45230770105474, 26.10467568054406], [-111.44812345507596, 26.109993751284385], [-111.44812345504482, 26.109993751317266], [-111.44391775145047, 26.11305731264677], [-111.44391775136316, 26.11305731271825], [-111.44391775128445, 26.113057312799114], [-111.44391775121535, 26.11305731288833], [-111.44256591797354, 26.115022574013956], [-111.44256591797352, 26.115018116881657], [-111.44256591796876, 26.115018116784196], [-111.44256591795452, 26.115018116687665], [-111.44256591793095, 26.115018116592978], [-111.44256591789825, 26.11501811650104], [-111.44256591785675, 26.115018116412728], [-111.44256591780685, 26.11501811632888], [-111.44256591774901, 26.115018116250297], [-111.44256591768378, 26.115018116177723], [-111.4425659176118, 26.11501811611185], [-111.44256591753373, 26.11501811605331], [-111.44256591745034, 26.115018116002652], [-111.4425659173624, 26.115018115960368], [-111.44256591727076, 26.115018115926855], [-111.44256591717628, 26.11501811590243], [-111.44256591707989, 26.11501811588733], [-111.44256591698247, 26.115018115881696], [-111.44256591688497, 26.115018115885587], [-111.44256591678831, 26.11501811589896], [-111.44256591669343, 26.115018115921686], [-111.4425659166012, 26.115018115953553], [-111.44256591651252, 26.11501811599426], [-111.44256591642822, 26.115018116043412], [-111.44256591634912, 26.11501811610055], [-111.44256591627597, 26.11501811616512], [-111.44256591620946, 26.115018116236516], [-111.44256591615022, 26.11501811631405], [-111.44140720461701, 26.11669879881914], [-111.44140720456544, 26.116698798902405], [-111.44140720452225, 26.116698798990313], [-111.44140720448787, 26.116698799082023], [-111.44140720446264, 26.11669879917666], [-111.44140720444676, 26.11669879927331], [-111.44140720444044, 26.116698799371047], [-111.44140720444369, 26.116698799468935], [-111.44140720445651, 26.116698799566034], [-111.44140720447878, 26.116698799661417], [-111.44140720451026, 26.11669879975416], [-111.44140720455066, 26.116698799843384], [-111.4414072045996, 26.116698799928223], [-111.4414072046566, 26.116698800007867], [-111.44140720472112, 26.116698800081558], [-111.44140720479254, 26.11669880014858], [-111.44140720487017, 26.116698800208294], [-111.44140720495328, 26.116698800260128], [-111.44140720504105, 26.116698800303585], [-111.44140720513266, 26.116698800338245], [-111.44140720522721, 26.11669880036378], [-111.44140720532381, 26.11669880037994], [-111.44256591685226, 26.116834708984914], [-111.44256591695127, 26.11683470899157], [-111.44256591705044, 26.116834708988378], [-111.44256591714881, 26.11683470897538], [-111.44256591724542, 26.11683470895269], [-111.4425659173393, 26.116834708920543], [-111.44256591742952, 26.11683470887925], [-111.44256591751521, 26.116834708829217], [-111.44256591759552, 26.116834708770938], [-111.44256591766965, 26.116834708704985], [-111.44256591773689, 26.116834708632013], [-111.44256591779657, 26.116834708552734], [-111.44256591784809, 26.116834708467934], [-111.44256591789096, 26.11683470837844], [-111.44256591792474, 26.116834708285143], [-111.44256591794911, 26.116834708188957], [-111.44256591796383, 26.116834708090828], [-111.44256591796876, 26.11683470799172], [-111.44256591796876, 26.11683366796239], [-111.44256591797317, 26.11683366791822], [-111.44617080640097, 26.117257536839492], [-111.44617080650144, 26.117257536846203], [-111.44617080660207, 26.11725753684277], [-111.44617080670186, 26.11725753682924], [-111.44617080679977, 26.11725753680574], [-111.44617080689483, 26.117257536772517], [-111.44617080698605, 26.1172575367299], [-111.44617080707253, 26.117257536678324], [-111.4461708071534, 26.117257536618315], [-111.4461708072278, 26.117257536550476], [-111.44756555553774, 26.115851056664024], [-111.44756555557449, 26.115851056633645], [-111.4475655556219, 26.115851056628948], [-111.44805908198212, 26.115851056628948], [-111.4480590820303, 26.115851056633694], [-111.44805908212365, 26.11585105666201], [-111.44805908221885, 26.115851056685855], [-111.44805908231592, 26.115851056700254], [-111.44805908241393, 26.11585105670507], [-111.4497971534336, 26.115851056628948], [-111.449797153464, 26.115851056631342], [-111.44979715346597, 26.115851056633563], [-111.4487671852295, 26.118452068441822], [-111.44876718520803, 26.118452068483432], [-111.4487671851614, 26.118452068488082], [-111.44876186346123, 26.118452068488082], [-111.44876186336207, 26.118452068493013], [-111.44876186326387, 26.11845206850775], [-111.44876186316762, 26.118452068532157], [-111.44876186307427, 26.118452068565983], [-111.44876186298474, 26.118452068608903], [-111.4487618628999, 26.118452068660492], [-111.44876186282059, 26.118452068720238], [-111.4487618627476, 26.11845206878755], [-111.44876186268165, 26.118452068861775], [-111.44876186262339, 26.118452068942172], [-111.44876186257338, 26.118452069027953], [-111.44876186253212, 26.118452069118266], [-111.44805908210215, 26.120217699052418], [-111.44805908207134, 26.120217699141932], [-111.44805908204914, 26.120217699233958], [-111.44805908203574, 26.12021769932767], [-111.44805908203125, 26.120217699422234], [-111.44805908203125, 26.12022457668742], [-111.4480590820268, 26.120224576734046], [-111.44805908201354, 26.12022457677919], [-111.44756555559137, 26.121457610045603], [-111.44756555556938, 26.121457610088033], [-111.44756555552281, 26.121457610092676], [-111.44728660913374, 26.121457610092676], [-111.44728660903571, 26.121457610097494], [-111.44728660893863, 26.121457610111896], [-111.44728660884341, 26.12145761013575], [-111.447286608751, 26.121457610168818], [-111.44728660866228, 26.12145761021079], [-111.4472866085781, 26.121457610261256], [-111.44728660849927, 26.12145761031973], [-111.44728660842655, 26.12145761038565], [-111.44728660836064, 26.121457610458382], [-111.44728660830219, 26.121457610537224], [-111.44728660825174, 26.12145761062142], [-111.4472866082098, 26.121457610710152], [-111.44728660817675, 26.12145761080257], [-111.44728660815292, 26.12145761089778], [-111.44728660813854, 26.121457610994874], [-111.44728660813374, 26.121457611092904], [-111.44728660813858, 26.121457611190937], [-111.44728660815301, 26.12145761128802], [-111.44728660817688, 26.12145761138322], [-111.44728660820996, 26.121457611475623], [-111.44728660825196, 26.121457611564338], [-111.44728660830245, 26.12145761164851], [-111.44728660836094, 26.121457611727323], [-111.44728660842688, 26.121457611800025], [-111.44728660849962, 26.121457611865914], [-111.44728660857848, 26.121457611924352], [-111.44896030422191, 26.122575035308316], [-111.44896030424667, 26.122575035328367], [-111.44896030426192, 26.12257503535799], [-111.4497971533024, 26.12592724625286], [-111.44979715333217, 26.12592724635061], [-111.44979715337178, 26.125927246444807], [-111.44979715342079, 26.12592724653447], [-111.44979715347868, 26.125927246618662], [-111.44979715354488, 26.12592724669651], [-111.44979715361868, 26.125927246767194], [-111.4497971536993, 26.125927246829978], [-111.4497971537859, 26.12592724688421], [-111.44979715387758, 26.12592724692932], [-111.44979715397339, 26.125927246964835], [-111.44979715407233, 26.12592724699039], [-111.44979715417335, 26.125927247005716], [-111.45539760488796, 26.126485939417403], [-111.45539760498679, 26.12648593942234], [-111.45539760508561, 26.12648593941749], [-111.45539760518346, 26.126485939402897], [-111.45539760527942, 26.126485939378703], [-111.45539760537248, 26.126485939345148], [-111.4553976054618, 26.126485939302558], [-111.45539760554645, 26.126485939251353], [-111.45539760562565, 26.12648593919203], [-111.45539760569858, 26.12648593912517], [-111.45539760576456, 26.126485939051435], [-111.45539760582292, 26.126485938971538], [-111.4553976058731, 26.126485938886265], [-111.45539760591461, 26.12648593879645], [-111.45539760594704, 26.126485938702974], [-111.45539760597008, 26.12648593860675], [-111.45539760598349, 26.12648593850872], [-111.45595550536483, 26.120051180447838], [-111.45595550536684, 26.120051180302944], [-111.45567655563637, 26.11529231324311], [-111.4556765556379, 26.115292313197227], [-111.45567655668401, 26.115292312142824], [-111.45743608471254, 26.113519730174545], [-111.45743608474928, 26.113519730144198], [-111.45743608479667, 26.113519730139508], [-111.45744642701693, 26.113519730139508], [-111.45744642711504, 26.113519730134684], [-111.4574464272122, 26.113519730120256], [-111.45744642730749, 26.113519730096364], [-111.45744642739997, 26.113519730063242], [-111.45744642748875, 26.113519730021203], [-111.45744642757298, 26.11351972997066], [-111.45744642765185, 26.113519729912095], [-111.45744642772458, 26.11351972984607], [-111.4595818519204, 26.111381034405085], [-111.45958185196247, 26.11138103437132], [-111.4595818520109, 26.11138103434752], [-111.46267175639099, 26.110263502218714], [-111.4626717564856, 26.11026350217889], [-111.46267175657565, 26.110263502129573], [-111.46267175666016, 26.110263502071284], [-111.46267175673825, 26.11026350200464], [-111.46267175680909, 26.110263501930337], [-111.46267175687194, 26.110263501849165], [-111.46267175692614, 26.110263501761974], [-111.46406650542649, 26.107739381269113], [-111.46601915329151, 26.104386648473962], [-111.46601915333687, 26.104386648386395], [-111.4660191533734, 26.10438664829479], [-111.46601915340072, 26.10438664820003], [-111.46601915341859, 26.10438664810304], [-111.4660191534268, 26.104386648004766], [-111.4660191534253, 26.104386647906157], [-111.46601915341408, 26.10438664780818], [-111.46601915339328, 26.104386647711777], [-111.46601915336308, 26.104386647617897], [-111.46601915332378, 26.10438664752745], [-111.46601915327577, 26.104386647441306], [-111.46462440506929, 26.10215143926717], [-111.4646244050128, 26.1021514391859], [-111.46462440494855, 26.102151439110607], [-111.46462440487717, 26.102151439042036], [-111.46462440479938, 26.102151438980854], [-111.4646244047159, 26.102151438927663], [-111.46462440462759, 26.102151438882988], [-111.46211385730818, 26.10103381853063], [-111.46211385723393, 26.1010338184897], [-111.46127700809986, 26.100475004289887], [-111.46127700806143, 26.100475004258], [-111.46127700804878, 26.100475004209635], [-111.4609766007395, 26.098509499043587], [-111.4609766007195, 26.098509498945745], [-111.46097660068985, 26.098509498850387], [-111.46097660065082, 26.098509498758464], [-111.46097660060283, 26.09850949867089], [-111.46097660054635, 26.098509498588538], [-111.46097660048191, 26.098509498512232], [-111.4609766004102, 26.09850949844273], [-111.46097660033192, 26.09850949838073], [-111.46097660024785, 26.098509498326845], [-111.4609766001588, 26.098509498281615], [-111.4609766000657, 26.098509498245495], [-111.45679235463147, 26.097122062692524], [-111.45679235459058, 26.097122062674227], [-111.45679235461033, 26.097122062634085], [-111.45818710324464, 26.094886714932596], [-111.45818710327418, 26.09488671489445], [-111.45818710332217, 26.094886714889572], [-111.46994590754255, 26.094886714889572], [-111.46994590758884, 26.094886714894233], [-111.4707827567939, 26.0979506720826], [-111.47078275680161, 26.097950672125183], [-111.47078275680181, 26.09795067216836], [-111.47050380714629, 26.101322858372477], [-111.47050380714306, 26.101322858473754], [-111.4705038071501, 26.101322858574836], [-111.47050380716733, 26.10132285867469], [-111.47050380719458, 26.10132285877228], [-111.47050380723157, 26.10132285886662], [-111.47050380727791, 26.101322858956728], [-111.47050380733313, 26.101322859041687], [-111.47050380739667, 26.10132285912062], [-111.47050380746786, 26.101322859192717], [-111.470503807546, 26.10132285925724], [-111.47050380763025, 26.101322859313527], [-111.47050380771977, 26.101322859360994], [-111.47050380781363, 26.10132285939916], [-111.47050380791087, 26.101322859427633], [-111.4705038080105, 26.101322859446118], [-111.47468805253449, 26.101881669441596], [-111.47468805263262, 26.10188166944981], [-111.47468805273108, 26.101881669448332], [-111.47468805282892, 26.101881669437176], [-111.4746880529252, 26.10188166941645], [-111.47468805301897, 26.10188166938636], [-111.47468805310932, 26.10188166934719], [-111.47468805319538, 26.101881669299324], [-111.47468805327631, 26.101881669243227], [-111.47468805335133, 26.101881669179438], [-111.47468805341971, 26.101881669108582], [-111.4746880534808, 26.101881669031343], [-111.48307800290205, 26.090126823453218], [-111.48307800293193, 26.090126823418796], [-111.48307800297727, 26.090126823414472], [-111.49118900294091, 26.090126823414472], [-111.49118900298407, 26.09012682341878], [-111.49118900297037, 26.090126823459993], [-111.48756265642437, 26.09823972050256], [-111.48756265639798, 26.098239720547927], [-111.48168325425694, 26.104675680456367], [-111.47889375712681, 26.10746962440356], [-111.47889375705927, 26.107469624478412], [-111.4788937569996, 26.107469624559688], [-111.47889375694841, 26.107469624646555], [-111.47889375690623, 26.107469624738137], [-111.4788937568735, 26.1074696248335], [-111.47889375685052, 26.107469624931674], [-111.47889375683756, 26.107469625031662], [-111.47841771382241, 26.113519729061068], [-111.4784177138195, 26.113519729158003], [-111.47841771382599, 26.11351972925477], [-111.47841771384184, 26.113519729350447], [-111.47841771386686, 26.113519729444143], [-111.47841771390085, 26.11351972953497], [-111.47841771394347, 26.11351972962208], [-111.47841771399433, 26.113519729704652], [-111.47841771405297, 26.11351972978191], [-111.47841771411879, 26.113519729853124], [-111.47841771419121, 26.113519729917627], [-111.47841771426954, 26.11351972997481], [-111.47841771435304, 26.11351973002414], [-111.47841771444092, 26.113519730065146], [-111.47841771453237, 26.11351973009745], [-111.4784177146265, 26.113519730120743], [-111.47841771472247, 26.113519730134804], [-111.47841771481933, 26.113519730139508], [-111.47842168803126, 26.113519730139508], [-111.47842168807477, 26.113519730143743], [-111.47805690765803, 26.118105270198416], [-111.47805690764928, 26.118105270247217], [-111.47805690760347, 26.118105270255587], [-111.47468805366461, 26.118375002259516], [-111.47468805356718, 26.118375002272156], [-111.47468805347147, 26.118375002294297], [-111.47468805337839, 26.11837500232572], [-111.47468805328884, 26.118375002366125], [-111.47468805320369, 26.118375002415124], [-111.47468805312376, 26.11837500247224], [-111.47468805304982, 26.118375002536926], [-111.47468805298259, 26.118375002608552], [-111.4746880529227, 26.11837500268643], [-111.47468805287075, 26.11837500276981], [-111.4746451378104, 26.118452068445812], [-111.4746451377844, 26.118452068483418], [-111.47463923684955, 26.118452068488082], [-111.47463923674911, 26.11845206849314], [-111.47463923664968, 26.11845206850826], [-111.47463923655228, 26.118452068533294], [-111.47463923645788, 26.118452068567983], [-111.47463923636744, 26.11845206861198], [-111.47463923628187, 26.118452068664837], [-111.47463923620205, 26.11845206872602], [-111.47463923612878, 26.118452068794912], [-111.4746392360628, 26.11845206887082], [-111.47463923600478, 26.118452068952966], [-111.47273540499509, 26.121457610050324], [-111.47273540496494, 26.121457610088775], [-111.47022485807223, 26.12284475665701], [-111.47022485798689, 26.12284475670991], [-111.4702248579073, 26.122844756771105], [-111.47022485783424, 26.122844756839974], [-111.47022485776846, 26.12284475691582], [-111.4702248577106, 26.122844756997882], [-111.47022485766128, 26.122844757085332], [-111.47022485762098, 26.122844757177283], [-111.47022485759008, 26.122844757272816], [-111.47022485756894, 26.122844757370967], [-111.47022485755774, 26.122844757470737], [-111.47022485755659, 26.122844757571134], [-111.47022485756553, 26.122844757671135], [-111.47022485758444, 26.12284475776974], [-111.47022485761315, 26.12284475786595], [-111.47329330413432, 26.131514051640266], [-111.47329330417217, 26.131514051732367], [-111.473293304219, 26.131514051820247], [-111.47329330427434, 26.131514051903032], [-111.47329330433763, 26.131514051979902], [-111.47329330440826, 26.1315140520501], [-111.47329330448552, 26.131514052112923], [-111.47329330456864, 26.131514052167752], [-111.4732933046568, 26.13151405221404], [-111.47329330474915, 26.13151405225133], [-111.47329330484473, 26.131514052279254], [-111.47329330494262, 26.131514052297533], [-111.47329330504184, 26.131514052305988], [-111.4732933051414, 26.13151405230453], [-111.47329330524032, 26.13151405229318], [-111.47329330533763, 26.131514052272045], [-111.476361751339, 26.130685681032418], [-111.4763617514234, 26.130685681005573], [-111.47636175150508, 26.130685680971368], [-111.47636175158343, 26.13068568093007], [-111.4763617516578, 26.130685680882003], [-111.47636175172764, 26.130685680827547], [-111.48028850553138, 26.127333605938883], [-111.48028850555522, 26.127333605920885], [-111.48028850558102, 26.1273336059059], [-111.48419380140318, 26.125368551921653], [-111.48419380148846, 26.12536855187336], [-111.48419380156861, 26.12536855181696], [-111.48419380164285, 26.125368551752977], [-111.48419380171046, 26.12536855168204], [-111.48419380177081, 26.125368551604822], [-111.48419380182332, 26.12536855152207], [-111.48419380186746, 26.125368551434576], [-111.48419380190285, 26.12536855134318], [-111.4841938019291, 26.12536855124876], [-111.48419380194599, 26.12536855115222], [-111.48447275161287, 26.12313374398368], [-111.48447275162735, 26.123133743911474], [-111.48533105848941, 26.120051180421445], [-111.48533105850487, 26.12005118038119], [-111.48867845530792, 26.121168619051904], [-111.48867845534981, 26.121168619070442], [-111.48867845537512, 26.121168619108502], [-111.4906311032328, 26.12480985322843], [-111.4906311032833, 26.12480985331243], [-111.49063110334178, 26.124809853391085], [-111.49063110340768, 26.12480985346364], [-111.49063110348037, 26.124809853529392], [-111.49063110355914, 26.124809853587717], [-111.49063110364324, 26.124809853638048], [-111.49063110373186, 26.124809853679903], [-111.49063110382416, 26.124809853712883], [-111.49063110391924, 26.124809853736668], [-111.49063110401619, 26.12480985375103], [-111.49063110411409, 26.124809853755835], [-111.49399995798915, 26.124809853755835], [-111.49399995803738, 26.124809853760592], [-111.4967894553654, 26.12565753230449], [-111.49678945541037, 26.125657532323295], [-111.49874210355114, 26.128720683086264], [-111.4987421035942, 26.128720683170474], [-111.49930000260969, 26.13012700736413], [-111.4993000026499, 26.13012700745267], [-111.49930000269852, 26.130127007536892], [-111.49930000275509, 26.13012700761599], [-111.49930000281908, 26.130127007689218], [-111.49930000288988, 26.130127007755885], [-111.49930000296683, 26.13012700781536], [-111.49930000304919, 26.13012700786708], [-111.49930000313617, 26.13012700791056], [-111.49930000322696, 26.13012700794538], [-111.49930000332071, 26.13012700797122], [-111.49930000341654, 26.130127007987827], [-111.49930000351351, 26.13012700799505], [-111.49930000361074, 26.13012700799282], [-111.49930000370728, 26.130127007981155], [-111.49930000380223, 26.13012700796017], [-111.4993000038947, 26.13012700793006], [-111.49930000398382, 26.13012700789111], [-111.49930000406871, 26.13012700784369], [-111.5015530583648, 26.128720683288282], [-111.50155305844602, 26.12872068323183], [-111.50155305852125, 26.12872068316763], [-111.50155305858978, 26.12872068309631], [-111.50155305865091, 26.128720683018575], [-111.50155305870409, 26.128720682935178], [-111.50155305874875, 26.128720682846936], [-111.50266885755494, 26.126216226235094], [-111.5026688575773, 26.12621622619558], [-111.50266885762251, 26.12621622619123], [-111.509943007539, 26.12621622619123], [-111.50994300763536, 26.126216226186575], [-111.50994300773083, 26.12621622617266], [-111.5099430078245, 26.126216226149605], [-111.50994300791552, 26.126216226117634], [-111.50994300800303, 26.12621622607704], [-111.50994300808624, 26.126216226028202], [-111.50994300816434, 26.126216225971575], [-111.50994300823663, 26.126216225907683], [-111.50994300830241, 26.126216225837123], [-111.5099430083611, 26.126216225760555], [-111.50994300841214, 26.126216225678682], [-111.50994300845505, 26.126216225592277], [-111.50994300848943, 26.126216225502137], [-111.50994300851497, 26.126216225409106], [-111.50994300853142, 26.126216225314046], [-111.5102219581545, 26.123962169089463], [-111.51077985750393, 26.121457610683326], [-111.51077985752065, 26.121457610585846], [-111.51077985752764, 26.121457610487195], [-111.51077985752485, 26.121457610388333], [-111.5107798575123, 26.12145761029023], [-111.51077985749015, 26.121457610193843], [-111.51077985745856, 26.12145761010012], [-111.51077985741787, 26.121457610009976], [-111.51077985736849, 26.12145760992429], [-111.51077985731088, 26.1214576098439], [-111.51077985724561, 26.121457609769596], [-111.51077985717332, 26.1214576097021], [-111.50722324993477, 26.118452068724284], [-111.5072232498551, 26.118452068663533], [-111.50722324976975, 26.118452068611056], [-111.50722324967958, 26.118452068567382], [-111.5072232495855, 26.118452068532953], [-111.50722324948843, 26.11845206850811], [-111.50722324938937, 26.118452068493102], [-111.50722324928931, 26.118452068488082], [-111.50721788411606, 26.118452068488082], [-111.50721788406605, 26.118452068482835], [-111.50713205341214, 26.11837500233534], [-111.50713205338295, 26.11837500230339], [-111.50713205342024, 26.118375002281564], [-111.51077985737692, 26.1166988003053], [-111.510779857459, 26.116698800262885], [-111.5107798575368, 26.11669880021308], [-111.51077985760969, 26.116698800156307], [-111.51077985767702, 26.11669880009305], [-111.51077985773823, 26.116698800023848], [-111.51077985779278, 26.11669879994929], [-111.51245355603457, 26.11417481835289], [-111.51245355606248, 26.114174818318382], [-111.51468515384158, 26.11473356705974], [-111.5146851539621, 26.114733567082173], [-111.51468515408446, 26.114733567089687], [-111.51833295817403, 26.114733567089687], [-111.51833295821925, 26.11473356709398], [-111.52028560635199, 26.116968535446432], [-111.52028560637854, 26.116968535483604], [-111.51749610933747, 26.12145760956373], [-111.51749610928846, 26.121457609652303], [-111.51749610924867, 26.121457609745374], [-111.51749610921847, 26.121457609841993], [-111.5174961091982, 26.121457609941167], [-111.51749610918807, 26.121457610041887], [-111.51749610918817, 26.12145761014311], [-111.5174961091985, 26.121457610243805], [-111.51749610921897, 26.121457610342944], [-111.51749610924934, 26.121457610439503], [-111.51749610928931, 26.1214576105325], [-111.5174961093385, 26.121457610620975], [-111.51889085770148, 26.123692449896705], [-111.52140140531617, 26.127892291744793], [-111.5214014053549, 26.127892291804628], [-111.52335405346884, 26.130685680932988], [-111.52335405349099, 26.13068568097255], [-111.51861190799818, 26.134596313582332], [-111.51861190795798, 26.134596313609148], [-111.51496410418954, 26.133767964048715], [-111.51496410408748, 26.13376796403104], [-111.51496410398416, 26.133767964024017], [-111.51496410388064, 26.13376796402772], [-111.51496410377807, 26.13376796404211], [-111.51496410367754, 26.13376796406703], [-111.51496410358013, 26.133767964102216], [-111.51496410348688, 26.133767964147292], [-111.51496410339878, 26.13376796420177], [-111.5149641033168, 26.133767964265065], [-111.51301145668067, 26.13544392017307], [-111.51301145660918, 26.13544392024083], [-111.51301145654469, 26.135443920315296], [-111.51301145648785, 26.135443920395744], [-111.51301145643919, 26.135443920481393], [-111.5130114563992, 26.135443920571415], [-111.51301145636826, 26.135443920664933], [-111.51301145634667, 26.135443920761045], [-111.51301145633464, 26.135443920858812], [-111.5130114563323, 26.135443920957286], [-111.51301145633964, 26.13544392105552], [-111.51301145635662, 26.135443921152547], [-111.51301145638305, 26.135443921247436], [-111.51301145641871, 26.135443921339267], [-111.51301145646322, 26.13544392142714], [-111.51301145651615, 26.13544392151021], [-111.51301145657702, 26.13544392158767], [-111.51301145664519, 26.135443921658762], [-111.51301145672004, 26.135443921722803], [-111.51301145680083, 26.135443921779174], [-111.51301145688676, 26.135443921827317], [-111.51580095286614, 26.136830902020133], [-111.51580095290629, 26.136830902045425], [-111.51580095291138, 26.14131921332357], [-111.51580095290619, 26.14131921337326], [-111.51356935522742, 26.14382334617926], [-111.51356935516189, 26.143823346261044], [-111.51356935510529, 26.14382334634923], [-111.51356935505822, 26.143823346442858], [-111.5135693550212, 26.1438233465409], [-111.51356935499466, 26.14382334664227], [-111.51356935497887, 26.14382334674587], [-111.5132904054069, 26.146635615070345], [-111.51329040540202, 26.146635615168503], [-111.51329040540679, 26.146635615266664], [-111.51329040542119, 26.146635615363884], [-111.51329040544505, 26.14663561545922], [-111.51329040547814, 26.146635615551755], [-111.51329040552018, 26.146635615640594], [-111.51329040557073, 26.14663561572488], [-111.51329040562929, 26.146635615803792], [-111.51329040569533, 26.146635615876576], [-111.5132904057682, 26.14663561594253], [-111.51329040584719, 26.14663561600101], [-111.51329040593153, 26.146635616051455], [-111.51329040602042, 26.146635616093377], [-111.51329040611299, 26.14663561612637], [-111.51329040620836, 26.146635616150117], [-111.51329040630559, 26.14663561616439], [-111.51329040640375, 26.14663561616905], [-111.51329040650191, 26.146635616164048], [-111.5132904065991, 26.14663561614944], [-111.5202856060187, 26.145229489962265], [-111.52028560611748, 26.14522948993711], [-111.52028560621319, 26.145229489902025], [-111.52028560630482, 26.145229489857385], [-111.52028560639144, 26.145229489803647], [-111.52028560647214, 26.145229489741368], [-111.52028560654608, 26.1452294896712], [-111.52028560661249, 26.145229489593866], [-111.52223825451408, 26.142706124511566], [-111.52223825455086, 26.142706124473364], [-111.5239119529316, 26.141588891850294], [-111.52391195297385, 26.14158889182773], [-111.52391195302152, 26.141588891823037], [-111.52588605875825, 26.141588891823037], [-111.52588605880298, 26.141588891827446], [-111.52588605880737, 26.14158889187213], [-111.52588605880737, 26.14802246429184], [-111.52588605880246, 26.14802246434061], [-111.52419090323596, 26.151104288663443], [-111.52419090319319, 26.151104288751064], [-111.52419090315915, 26.15110428884243], [-111.52419090313418, 26.151104288936676], [-111.52419090311851, 26.151104289032908], [-111.52419090311227, 26.15110428913021], [-111.52419090311555, 26.151104289227654], [-111.5241909031283, 26.15110428932432], [-111.5241909031504, 26.15110428941928], [-111.52419090318165, 26.15110428951164], [-111.52419090322174, 26.151104289600518], [-111.52419090327028, 26.151104289685065], [-111.52419090332684, 26.151104289764486], [-111.52419090339086, 26.15110428983802], [-111.52419090346174, 26.15110428990497], [-111.52419090353881, 26.151104289964703], [-111.52419090362132, 26.151104290016644], [-111.5241909037085, 26.1511042900603], [-111.52672290750277, 26.152221430955795], [-111.5267229075989, 26.152221430992427], [-111.52672290769827, 26.152221431018983], [-111.52672290779985, 26.152221431035194], [-111.52672290790257, 26.152221431040882], [-111.52672290800531, 26.152221431035986], [-111.52672290810702, 26.152221431020564], [-111.52672290820661, 26.152221430994775], [-111.52672290830301, 26.152221430958893], [-111.52672290839521, 26.152221430913293], [-111.52672290848226, 26.152221430858468], [-111.52951240513913, 26.15025679596212], [-111.52951240521885, 26.150256795899697], [-111.52951240529185, 26.15025679582953], [-111.5295124053574, 26.150256795752345], [-111.52951240541479, 26.150256795668923], [-111.52951240546345, 26.150256795580127], [-111.52951240550289, 26.150256795486865], [-111.53045654290833, 26.147665377144705], [-111.53045654293462, 26.147665377061436], [-111.53045654295353, 26.14766537697619], [-111.53045654296493, 26.14766537688962], [-111.53045654296875, 26.147665376802383], [-111.53045654296875, 26.14765649222884], [-111.53045654297264, 26.1476564921851], [-111.53045654298423, 26.147656492142737], [-111.53062820432991, 26.14719420996631], [-111.53062820434732, 26.147194209929925], [-111.53062820434879, 26.14719420992843], [-111.5320229529876, 26.146635616434278], [-111.53202295303095, 26.146635616421708], [-111.53202295305144, 26.146635616461904], [-111.53343915937532, 26.15025679573554], [-111.53343915938807, 26.150256795780905], [-111.53343915936479, 26.150256795821903], [-111.5314650543598, 26.153049648788706], [-111.53146505430642, 26.153049648872805], [-111.53146505426169, 26.153049648961797], [-111.53146505422602, 26.153049649054797], [-111.53146505419978, 26.153049649150887], [-111.53146505418324, 26.15304964924911], [-111.53146505417655, 26.15304964934849], [-111.53146505417978, 26.15304964944804], [-111.53146505419289, 26.15304964954678], [-111.53146505421576, 26.153049649643723], [-111.53146505424816, 26.15304964973791], [-111.53146505428978, 26.153049649828407], [-111.53146505434019, 26.153049649914315], [-111.5314650543989, 26.15304964999478], [-111.5314650544653, 26.15304965006901], [-111.53146505453878, 26.153049650136264], [-111.53146505461858, 26.15304965019587], [-111.53146505470392, 26.153049650247247], [-111.53146505479393, 26.15304965028988], [-111.53146505488775, 26.153049650323343], [-111.53427600855716, 26.153897123461867], [-111.53427600860235, 26.15389712348069], [-111.53427601450592, 26.1538971327879], [-111.53594970700603, 26.156535808490325], [-111.53594970702693, 26.156535808531352], [-111.53594970703125, 26.156535808577157], [-111.53594970703125, 26.156538554721596], [-111.53594970703568, 26.156538554815587], [-111.53594970704893, 26.156538554908746], [-111.53594970707086, 26.15653855500025], [-111.53594970710131, 26.156538555089284], [-111.53594970713998, 26.156538555175064], [-111.53594970718655, 26.15653855525683], [-111.53622865655394, 26.156978793261853], [-111.5362286566088, 26.156978793339906], [-111.53622865667083, 26.15697879341238], [-111.53622865673948, 26.156978793478615], [-111.53622865681415, 26.156978793538006], [-111.53622865689412, 26.156978793590014], [-111.5362286569787, 26.15697879363416], [-111.53622865706708, 26.15697879367005], [-111.53622865715849, 26.15697879369735], [-111.5395760535011, 26.157806978539828], [-111.53957605362028, 26.157806978561755], [-111.53957605374126, 26.1578069785691], [-111.54433965603724, 26.1578069785691], [-111.54433965613283, 26.15780697856452], [-111.54433965622756, 26.15780697855082], [-111.54433965632053, 26.15780697852813], [-111.54433965641093, 26.157806978496655], [-111.54433965649788, 26.157806978456684], [-111.54433965658062, 26.157806978408583], [-111.5443396566584, 26.15780697835279], [-111.54433965673046, 26.15780697828982], [-111.54433965679618, 26.157806978220247], [-111.54433965685496, 26.157806978144713], [-111.54433965690625, 26.157806978063903], [-111.54433965694956, 26.157806977978563], [-111.54433965698453, 26.15780697788947], [-111.54433965701082, 26.157806977797446], [-111.54545545576892, 26.15304964996992], [-111.54545545578142, 26.15304964993317], [-111.54545545579187, 26.153049649932903], [-111.54994010920987, 26.15501423828308], [-111.54994010924881, 26.155014238304705], [-111.5502190588811, 26.157248434987867], [-111.55021905889764, 26.15724843508284], [-111.55021905892325, 26.157248435175777], [-111.5502190589577, 26.157248435265817], [-111.55021905900064, 26.157248435352123], [-111.5502190590517, 26.157248435433893], [-111.55021905911039, 26.157248435510365], [-111.55021905917619, 26.15724843558083], [-111.55021905924845, 26.157248435644636], [-111.55021905932652, 26.157248435701185], [-111.55021905940967, 26.157248435749953], [-111.55021905949714, 26.15724843579049], [-111.5502190595881, 26.157248435822414], [-111.55021905968171, 26.15724843584543], [-111.5502190597771, 26.157248435859326], [-111.5502190598734, 26.157248435863973], [-111.55300855585249, 26.157248435863973], [-111.55300855594722, 26.157248435859476], [-111.5530085560411, 26.157248435846025], [-111.55300855613329, 26.15724843582374], [-111.55300855622295, 26.157248435792823], [-111.55300855630927, 26.15724843575355], [-111.55300855639149, 26.157248435706276], [-111.55300855646887, 26.157248435651425], [-111.55300855654069, 26.157248435589494], [-111.55300855660633, 26.157248435521034], [-111.55300855666518, 26.157248435446665], [-111.55440330502445, 26.15530314560851], [-111.55440330505468, 26.155303145574212], [-111.5566349029142, 26.15668989045986], [-111.55663490295007, 26.156689890487115], [-111.55721426009411, 26.160060382281667], [-111.55721426010132, 26.160060382366098], [-111.55721426010132, 26.160330014327762], [-111.55721426010604, 26.160330014424694], [-111.55721426012012, 26.160330014520714], [-111.55721426014344, 26.160330014614917], [-111.55721426017578, 26.160330014706414], [-111.55721426021684, 26.160330014794344], [-111.55721426026624, 26.160330014877882], [-111.55721426032349, 26.160330014956237], [-111.55721426038808, 26.160330015028677], [-111.55721426045938, 26.160330015094512], [-111.55721426053672, 26.160330015153125], [-111.55721426061939, 26.160330015203968], [-111.55721426070659, 26.160330015246558], [-111.55721426079751, 26.160330015280493], [-111.55721426089129, 26.160330015305455], [-111.55721426098705, 26.16033001532121], [-111.55721426108389, 26.16033001532761], [-111.55721426118089, 26.160330015324593], [-111.55721426127714, 26.160330015312187], [-111.55721426137173, 26.16033001529051], [-111.55721426146377, 26.160330015259763], [-111.5572142615524, 26.160330015220243], [-111.5572142616368, 26.160330015172313], [-111.55721426171614, 26.160330015116433], [-111.5572142617897, 26.160330015053123], [-111.55721426185676, 26.160330014982982], [-111.55721426191671, 26.16033001490667], [-111.55860900876158, 26.158365518638693], [-111.5586090087913, 26.158365518604278], [-111.56418800299537, 26.15780697862363], [-111.56418800309437, 26.15780697860868], [-111.56418800319139, 26.157806978583903], [-111.56418800328544, 26.15780697854955], [-111.56418800337558, 26.157806978505963], [-111.56418800346091, 26.157806978453582], [-111.56418800354058, 26.15780697839293], [-111.56418800361378, 26.15780697832461], [-111.56418800367979, 26.15780697824932], [-111.56418800373793, 26.1578069781678], [-111.56418800378762, 26.157806978080878], [-111.56560420987772, 26.155014238345682], [-111.56560420990184, 26.155014238307817], [-111.56560420994373, 26.155014238323883], [-111.56895160670551, 26.156689890462133], [-111.56895160674544, 26.156689890487424], [-111.5689516067505, 26.160888545366344], [-111.56895160674635, 26.160888545409946], [-111.56699895944129, 26.16117743800553], [-111.56699895934818, 26.161177438023856], [-111.56699895925723, 26.161177438050927], [-111.56699895916927, 26.161177438086494], [-111.56699895908505, 26.161177438130238], [-111.56699895900537, 26.16117743818177], [-111.56699895893094, 26.16117743824062], [-111.56699895886241, 26.16117743830626], [-111.56699895880043, 26.161177438378104], [-111.56699895874551, 26.161177438455496], [-111.56699895869819, 26.16117743853775], [-111.56699895865887, 26.16117743862411], [-111.56699895862793, 26.161177438713814], [-111.56699895860562, 26.161177438806046], [-111.56699895859215, 26.161177438899976], [-111.56699895858765, 26.161177438994763], [-111.56699895858765, 26.165645554333427], [-111.56699895858326, 26.16564555437811], [-111.56699895853852, 26.165645554382518], [-111.5658831604021, 26.165645554382518], [-111.56588316030184, 26.165645554387556], [-111.56588316020257, 26.165645554402623], [-111.56588316010534, 26.165645554427567], [-111.56588316001108, 26.16564555446213], [-111.56588315992077, 26.16564555450597], [-111.56588315983532, 26.165645554558647], [-111.56588315975557, 26.165645554619626], [-111.56588315968234, 26.165645554688293], [-111.56588315961636, 26.165645554763955], [-111.5658831595583, 26.165645554845852], [-111.56588315950874, 26.165645554933157], [-111.56588315946819, 26.16564555502499], [-111.56588315943705, 26.165645555120427], [-111.56504631043798, 26.168726914078206], [-111.56504631042137, 26.168726914121596], [-111.56000375855638, 26.168726914126633], [-111.56000375845963, 26.168726914131323], [-111.56000375836379, 26.168726914145353], [-111.56000375826976, 26.16872691416859], [-111.56000375817841, 26.168726914200814], [-111.56000375809062, 26.168726914241724], [-111.56000375800718, 26.168726914290936], [-111.56000375792891, 26.16872691434799], [-111.56000375785652, 26.168726914412346], [-111.5600037577907, 26.168726914483408], [-111.56000375773206, 26.1687269145605], [-111.56000375768116, 26.16872691464291], [-111.56000375763847, 26.168726914729852], [-111.56000375760438, 26.16872691482052], [-111.56000375757924, 26.16872691491406], [-111.56000375756325, 26.168726915009593], [-111.56000375755659, 26.168726915106227], [-111.5600037575593, 26.16872691520305], [-111.56028270714867, 26.172366664563633], [-111.56028270716153, 26.172366664664207], [-111.56028270718451, 26.172366664762958], [-111.56028270721738, 26.172366664858878], [-111.56028270725979, 26.172366664950975], [-111.5602827073113, 26.172366665038307], [-111.5602827073714, 26.17236666511997], [-111.56028270743946, 26.17236666519513], [-111.56028270751476, 26.172366665263013], [-111.56028270759657, 26.17236666532292], [-111.56028270768401, 26.172366665374234], [-111.56028270777621, 26.172366665416433], [-111.5602827078722, 26.172366665449076], [-111.56028270797101, 26.17236666547183], [-111.56028270807161, 26.172366665484464], [-111.56390905375295, 26.17263627210384], [-111.56390905379904, 26.172636272111916], [-111.56390905381741, 26.172636272154797], [-111.56532525998449, 26.177123205576105], [-111.56532526001814, 26.177123205667087], [-111.56532526006046, 26.17712320575438], [-111.56532526011102, 26.177123205837162], [-111.56532526016937, 26.177123205914658], [-111.56532526023496, 26.177123205986135], [-111.56532526030716, 26.177123206050922], [-111.5653252603853, 26.17712320610841], [-111.56532526046864, 26.17712320615805], [-111.56532526055639, 26.177123206199386], [-111.56532526064774, 26.177123206232025], [-111.56532526074183, 26.177123206255654], [-111.5681147562511, 26.177681653396604], [-111.5681147563468, 26.17768165341099], [-111.56811475644344, 26.177681653416055], [-111.5681147565401, 26.177681653411756], [-111.56811475663591, 26.177681653398135], [-111.56811475672994, 26.17768165337532], [-111.56811475682133, 26.17768165334352], [-111.56811475690922, 26.177681653303036], [-111.56811475699278, 26.177681653254247], [-111.56811475707124, 26.17768165319761], [-111.56811475714386, 26.177681653133657], [-111.56811475720995, 26.177681653062983], [-111.56811475726892, 26.177681652986248], [-111.56811475732017, 26.17768165290418], [-111.56811475736328, 26.177681652817537], [-111.56811475739778, 26.177681652727138], [-111.5681147574234, 26.177681652633822], [-111.56811475743989, 26.17768165253847], [-111.56811475744706, 26.177681652441972], [-111.56811475744489, 26.177681652345232], [-111.56783580780373, 26.17375320750179], [-111.56783580780485, 26.1737532074582], [-111.57257795329043, 26.173753207453544], [-111.57257795333369, 26.173753207457725], [-111.57202005386684, 26.18214913739364], [-111.57202005385892, 26.182149137440945], [-111.57202005382581, 26.182149137475612], [-111.56811475894777, 26.185499636685062], [-111.5681147588767, 26.185499636752347], [-111.56811475881256, 26.185499636826258], [-111.56811475875593, 26.185499636906084], [-111.56811475870738, 26.185499636991064], [-111.56811475866738, 26.18549963708038], [-111.56811475863628, 26.18549963717318], [-111.56811475861443, 26.185499637268578], [-111.568114758602, 26.185499637365652], [-111.56811475859911, 26.18549963746348], [-111.56811475860579, 26.18549963756112], [-111.56811475862199, 26.185499637657635], [-111.56811475864755, 26.18549963775211], [-111.56811475868223, 26.185499637843627], [-111.56811475872568, 26.185499637931322], [-111.5681147587775, 26.18549963801435], [-111.56811475883718, 26.185499638091912], [-111.56811475890416, 26.185499638163268], [-111.5681147589778, 26.185499638227736], [-111.56811475905738, 26.1854996382847], [-111.56811475914215, 26.18549963833361], [-111.56811475923129, 26.185499638373997], [-111.56811475932396, 26.185499638405478], [-111.57202005382075, 26.18661644995687], [-111.57202005390347, 26.186616449988712], [-111.57315731044017, 26.18717485196945], [-111.57315731048173, 26.187174851995387], [-111.57399415946124, 26.189138864874334], [-111.57399415950447, 26.189138864963304], [-111.57399415955626, 26.189138865047568], [-111.57399415961615, 26.189138865126303], [-111.57399415968351, 26.189138865198736], [-111.5739941597577, 26.189138865264162], [-111.573994159838, 26.189138865321937], [-111.5739941599236, 26.189138865371493], [-111.57399416001368, 26.189138865412353], [-111.57399416010736, 26.189138865444114], [-111.57399416020371, 26.189138865466465], [-111.57399416030181, 26.189138865479183], [-111.57762050623664, 26.189427688140317], [-111.57762050627049, 26.18942768814646], [-111.57762050628054, 26.189427688153792], [-111.57734155663664, 26.191930787543274], [-111.57734155663061, 26.191930787638622], [-111.5773415566337, 26.19193078773411], [-111.57734155664589, 26.191930787828866], [-111.57734155666706, 26.19193078792203], [-111.57734155669704, 26.191930788012744], [-111.57734155673553, 26.191930788100183], [-111.57734155678219, 26.19193078818355], [-111.5773415568366, 26.191930788262088], [-111.57734155689825, 26.19193078833507], [-111.57734155696657, 26.19193078840184], [-111.57734155704097, 26.191930788461786], [-111.57734155712075, 26.191930788514355], [-111.57734155720517, 26.191930788559073], [-111.57734155729348, 26.19193078859553], [-111.57868634048712, 26.19241214752426], [-111.57868634056918, 26.19241214754971], [-111.5786863406531, 26.192412147568024], [-111.5786863407383, 26.192412147579066], [-111.57868634082413, 26.192412147582758], [-111.57869338984949, 26.192412147582758], [-111.57869338989194, 26.192412147586424], [-111.57869338993319, 26.192412147597327], [-111.58126831050774, 26.19333635175952], [-111.58126831054369, 26.193336351775784], [-111.58126831055067, 26.193336351815397], [-111.58154726028101, 26.19641697940803], [-111.58154726028147, 26.196416979437817], [-111.58154726027543, 26.19641697948868], [-111.58135414124531, 26.197341151809677], [-111.58135414123177, 26.19734115185295], [-111.58135414118655, 26.19734115185737], [-111.58134430907697, 26.19734115185737], [-111.58134430898036, 26.197341151862048], [-111.58134430888465, 26.197341151876035], [-111.58134430879075, 26.197341151899206], [-111.58134430869953, 26.197341151931337], [-111.58134430861183, 26.197341151972132], [-111.58134430852849, 26.19734115202121], [-111.58134430845027, 26.19734115207811], [-111.58134430837792, 26.1973411521423], [-111.5813443083121, 26.197341152213177], [-111.58134430825345, 26.197341152290083], [-111.58134430820249, 26.197341152372296], [-111.58134430815973, 26.197341152459046], [-111.58134430812554, 26.197341152549523], [-111.58134430810024, 26.197341152642878], [-111.58068895342294, 26.20032540841677], [-111.5806889534055, 26.200325408523387], [-111.58068895339966, 26.20032540863126], [-111.58068895339966, 26.201730869870968], [-111.58068895340416, 26.201730869965676], [-111.5806889534176, 26.201730870059528], [-111.58068895343987, 26.20173087015169], [-111.58068895347077, 26.201730870241327], [-111.58068895351002, 26.201730870327633], [-111.58068895355727, 26.201730870409836], [-111.5806889536121, 26.201730870487193], [-111.580688953674, 26.20173087055901], [-111.58068895374241, 26.201730870624644], [-111.58068895381675, 26.2017308706835], [-111.58068895389633, 26.201730870735055], [-111.58068895398041, 26.201730870778842], [-111.58068895406828, 26.201730870814465], [-111.58068895415913, 26.201730870841608], [-111.58294200894689, 26.202289200209705], [-111.58294200899768, 26.2022892002209], [-111.58433675761148, 26.202558737657867], [-111.58433675765541, 26.20255873767095], [-111.58433675765991, 26.2025587377165], [-111.58433675765991, 26.205639120529415], [-111.58433675766484, 26.205639120628597], [-111.5843367576796, 26.205639120726797], [-111.584336757704, 26.205639120823054], [-111.58433675773783, 26.205639120916416], [-111.58433675778076, 26.20563912100596], [-111.58433675783236, 26.205639121090805], [-111.58433675789212, 26.205639121170112], [-111.58433675795945, 26.205639121243102], [-111.58433675803369, 26.20563912130906], [-111.5843367581141, 26.205639121367323], [-111.5843367581999, 26.205639121417324], [-111.58433675829023, 26.20563912145857], [-111.58433675838421, 26.205639121490655], [-111.5843367584809, 26.20563912151326], [-111.58740520472585, 26.206197432174978], [-111.58740520476822, 26.20619743218696]]]}}]}