{"type": "FeatureCollection", "name": "asentamiento_humanos", "features": [{"type": "Feature", "id": 1, "properties": {"AMBITO": "R", "AREA": "14.2278800000000007", "COV_": 54320, "COV_ID": 54321, "CVEGEO": "030090206", "CVE_ENT": "03", "CVE_LOC": "0206", "CVE_MUN": "009", "NOM_ENT": "Baja California Sur", "NOM_MAN": "San Javier", "NOM_MUN": "Loreto", "PERIMETER": "3.3132999999999999"}, "geometry": {"type": "Polygon", "coordinates": [[[-111.54850244521914, 25.856211299684976], [-111.5485024452118, 25.856211299706867], [-111.54837369919781, 25.856539561951664], [-111.54837369918715, 25.85653956197515], [-111.54837369916633, 25.856539561990125], [-111.54807329179717, 25.85673265700448], [-111.54807329177817, 25.85673265701554], [-111.54807329175748, 25.856732657023084], [-111.54721498491053, 25.857002989537897], [-111.54721498487669, 25.857002989547254], [-111.54584169390851, 25.85733124963018], [-111.54584169384842, 25.85733124964654], [-111.54476881044627, 25.857659508766975], [-111.54476881036149, 25.857659508797152], [-111.54476881027976, 25.85765950883483], [-111.54476881020175, 25.857659508879696], [-111.54476881012809, 25.8576595089314], [-111.54446840294577, 25.857891220571606], [-111.54446840286636, 25.857891220639775], [-111.54446840279451, 25.85789122071587], [-111.54418945314004, 25.85821947824599], [-111.54418945311089, 25.858219478281935], [-111.54384613039254, 25.858663590046415], [-111.54384613035168, 25.85866359010327], [-111.54345989232671, 25.859242863760638], [-111.54345989227708, 25.859242863843484], [-111.54345989223567, 25.85924286393073], [-111.54313802763058, 25.860015223393926], [-111.54313802759673, 25.86001522348819], [-111.54313802757247, 25.86001522358537], [-111.54313802755806, 25.860015223684492], [-111.54313802755365, 25.860015223784554], [-111.54313802755925, 25.860015223884556], [-111.54313802757484, 25.8600152239835], [-111.54313802760025, 25.86001522408038], [-111.54313802763522, 25.860015224174237], [-111.54313802767942, 25.860015224264124], [-111.54313802773237, 25.860015224349144], [-111.54313802779356, 25.860015224428434], [-111.54313802786238, 25.860015224501208], [-111.54313802793814, 25.860015224566734], [-111.54313802802007, 25.860015224624348], [-111.54313802810735, 25.860015224673482], [-111.54313802819911, 25.86001522471364], [-111.54313802829442, 25.860015224744412], [-111.5443611144777, 25.860343476171664], [-111.54436111450073, 25.860343476179107], [-111.54436111450195, 25.860343476203326], [-111.54436111450195, 25.86155993049871], [-111.54436111450083, 25.861559930522432], [-111.54436111449523, 25.861559930545432], [-111.54416799547532, 25.862216424415063], [-111.54416799545598, 25.86221642449193], [-111.54416799544279, 25.862216424570086], [-111.54410362243964, 25.86271844680635], [-111.54410362243551, 25.862718446829533], [-111.54410362241259, 25.86271844683482], [-111.54378175831208, 25.86277637217553], [-111.54378175821813, 25.862776372197164], [-111.5437817581267, 25.86277637222774], [-111.54378175803863, 25.86277637226698], [-111.54378175795476, 25.862776372314517], [-111.54378175787586, 25.862776372369908], [-111.54378175780265, 25.86277637243264], [-111.54378175773583, 25.862776372502132], [-111.543781757676, 25.862776372577738], [-111.54378175762373, 25.86277637265875], [-111.54378175757952, 25.86277637274442], [-111.54378175754375, 25.86277637283395], [-111.54378175751678, 25.862776372926504], [-111.54378175749883, 25.86277637302123], [-111.54378175749011, 25.862776373117242], [-111.54378175749066, 25.86277637321365], [-111.5437817575005, 25.862776373309554], [-111.54384613027622, 25.863201157981223], [-111.54384613029677, 25.863201158081733], [-111.54384613032751, 25.86320115817961], [-111.54384613036812, 25.86320115827382], [-111.54384613041817, 25.863201158363374], [-111.54384613047714, 25.86320115844733], [-111.54384613054438, 25.863201158524802], [-111.54384613061922, 25.863201158594975], [-111.54384613070086, 25.863201158657112], [-111.54384613078842, 25.86320115871056], [-111.54384613088101, 25.863201158754755], [-111.54384613097763, 25.86320115878923], [-111.54391050336105, 25.863220467029453], [-111.5439105033867, 25.863220467038715], [-111.54391050340793, 25.863220467055804], [-111.54401779172757, 25.86331700912196], [-111.54401779174685, 25.86331700914133], [-111.54401779176142, 25.86331700916445], [-111.54408216381391, 25.86343285784933], [-111.54408216386669, 25.863432857934047], [-111.54408216392764, 25.863432858013084], [-111.54408216399618, 25.86343285808565], [-111.5440821640716, 25.86343285815102], [-111.54408216415317, 25.86343285820855], [-111.54408216424005, 25.863432858257664], [-111.54408216433141, 25.863432858297866], [-111.54408216442631, 25.863432858328764], [-111.54408216452383, 25.863432858350045], [-111.54408216462299, 25.863432858361502], [-111.54408216472278, 25.863432858363016], [-111.54408216482224, 25.863432858354575], [-111.54408216492035, 25.86343285833626], [-111.54408216501616, 25.863432858308254], [-111.54408216510869, 25.86343285827084], [-111.54408216519704, 25.863432858224385], [-111.5440821652803, 25.863432858169357], [-111.54408216535768, 25.863432858106304], [-111.54408216542838, 25.86343285803585], [-111.5440821654917, 25.8634328579587], [-111.54408216554702, 25.86343285787562], [-111.54408216559378, 25.863432857787437], [-111.54425382613051, 25.863065999531713], [-111.54425382614238, 25.86306599950938], [-111.54425382616206, 25.86306599949363], [-111.54436111448321, 25.862988765681894], [-111.54436111450244, 25.862988765669364], [-111.5443611145238, 25.862988765660543], [-111.54446840284028, 25.86295014873744], [-111.54446840286272, 25.862950148730548], [-111.54446840288605, 25.86295014873244], [-111.54461860654546, 25.86296945719767], [-111.54461860656703, 25.862969457201423], [-111.54461860658606, 25.862969457212493], [-111.54476881025042, 25.863065999494527], [-111.54476881027121, 25.86306599950947], [-111.5447688102842, 25.863065999531518], [-111.54509067534232, 25.863683868390208], [-111.54509067535277, 25.863683868412984], [-111.5450906753559, 25.863683868437782], [-111.54517650603621, 25.864823055653016], [-111.54517650604595, 25.86482305573588], [-111.54517650606256, 25.864823055817645], [-111.5453481674135, 25.8655181476682], [-111.54534816741804, 25.865518147691592], [-111.54534816739675, 25.865518147702474], [-111.54479026799201, 25.86576915209458], [-111.54479026789915, 25.86576915214234], [-111.5444254875398, 25.86598154004569], [-111.54442548751865, 25.865981540056637], [-111.54442548750424, 25.86598154003786], [-111.54382467271428, 25.865112677903635], [-111.54382467270034, 25.865112677880944], [-111.54382467269434, 25.86511267785489], [-111.54365301133468, 25.864127959764904], [-111.54365301129889, 25.86412795962238], [-111.54335260392007, 25.863220467060664], [-111.54335260391383, 25.863220467038207], [-111.54335260393627, 25.86322046703199], [-111.54352426398562, 25.863181850467363], [-111.54352426407975, 25.863181850441297], [-111.5435242641709, 25.863181850406168], [-111.5435242642582, 25.863181850362317], [-111.54352426434077, 25.863181850310156], [-111.54352426441788, 25.863181850250186], [-111.54352426448878, 25.863181850182983], [-111.54352426455277, 25.86318185010918], [-111.54352426460926, 25.863181850029488], [-111.54352426465769, 25.863181849944663], [-111.54352426469764, 25.86318184985552], [-111.54352426472867, 25.863181849762903], [-111.54352426475054, 25.863181849667697], [-111.54352426476301, 25.863181849570815], [-111.54352426476598, 25.86318184947318], [-111.54352426475938, 25.863181849375717], [-111.54352426474333, 25.863181849279364], [-111.54352426471795, 25.86318184918504], [-111.54352426468348, 25.86318184909364], [-111.54352426464027, 25.863181849006036], [-111.54326677323732, 25.862718446854693], [-111.54326677322531, 25.86271844682996], [-111.54326677321907, 25.862718446803406], [-111.54294490826705, 25.86090343361222], [-111.54294490824589, 25.86090343351907], [-111.54294490821594, 25.860903433428366], [-111.54294490817749, 25.86090343334093], [-111.54294490813086, 25.860903433257562], [-111.54294490807649, 25.860903433179026], [-111.54294490801487, 25.86090343310603], [-111.54294490794658, 25.86090343303925], [-111.54294490787223, 25.860903432979292], [-111.54294490779249, 25.8609034329267], [-111.54294490770809, 25.86090343288196], [-111.54294490761981, 25.86090343284547], [-111.54294490752847, 25.860903432817572], [-111.54294490743486, 25.860903432798516], [-111.54219388964289, 25.860787580012666], [-111.54219388961914, 25.86078758000776], [-111.54219388961792, 25.86078757998362], [-111.54219388961792, 25.85945526353808], [-111.54219388961934, 25.859455263511645], [-111.54219388963168, 25.85945526348816], [-111.54251575468771, 25.858914609075235], [-111.54251575470062, 25.85891460905568], [-111.54251575471517, 25.858914609037587], [-111.54326677320925, 25.858065004215934], [-111.54326677322454, 25.858065004200107], [-111.5432667732412, 25.858065004185658], [-111.54470443723551, 25.856925751757593], [-111.54470443725646, 25.856925751742686], [-111.54470443728097, 25.856925751734924], [-111.54551982877845, 25.856713347531265], [-111.54551982881463, 25.856713347523264], [-111.5471076965262, 25.856423704801685], [-111.54710769654027, 25.85642370479933], [-111.54850244519625, 25.856211299687303], [-111.54850244521914, 25.856211299684976]]]}}, {"type": "Feature", "id": 1, "properties": {"AMBITO": "U", "AREA": "852.9050399999999854", "COV_": 54317, "COV_ID": 54318, "CVEGEO": "030090001", "CVE_ENT": "03", "CVE_LOC": "0001", "CVE_MUN": "009", "NOM_ENT": "Baja California Sur", "NOM_MAN": "Loreto", "NOM_MUN": "Loreto", "PERIMETER": "22.3848999999999982"}, "geometry": {"type": "Polygon", "coordinates": [[[-111.37418031691982, 26.00784842182856], [-111.37418031687538, 26.007848421838855], [-111.37327909474436, 26.007964130204865], [-111.37327909469974, 26.007964130206222], [-111.3732790946892, 26.007964130162932], [-111.37317180647669, 26.007212024702245], [-111.37317180645807, 26.00721202460589], [-111.37317180643011, 26.007212024511823], [-111.37317180639306, 26.007212024420948], [-111.37317180634729, 26.007212024334144], [-111.37317180629321, 26.007212024252247], [-111.37317180623138, 26.00721202417604], [-111.37317180616238, 26.007212024106263], [-111.37317180608687, 26.007212024043586], [-111.37317180600557, 26.00721202398861], [-111.37317180591928, 26.007212023941868], [-111.37317180582883, 26.00721202390381], [-111.37317180573508, 26.0072120238748], [-111.37317180563893, 26.00721202385512], [-111.37317180554133, 26.007212023844957], [-111.37317180544319, 26.007212023844414], [-111.37317180534548, 26.007212023853487], [-111.37181997371012, 26.00740487188922], [-111.37181997361535, 26.007404871907447], [-111.37181997352276, 26.007404871934725], [-111.37181997343323, 26.007404871970802], [-111.37181997334761, 26.00740487201534], [-111.37181997326668, 26.007404872067923], [-111.3718199731912, 26.007404872128063], [-111.37181997312186, 26.007404872195202], [-111.37181997305932, 26.00740487226871], [-111.37181997300415, 26.00740487234791], [-111.37181997295689, 26.007404872432055], [-111.37181997291795, 26.007404872520368], [-111.37181997288769, 26.00740487261202], [-111.37181997286643, 26.007404872706164], [-111.37175559998404, 26.00777128280202], [-111.37175559997186, 26.00777128284576], [-111.37175559992684, 26.007771282851625], [-111.37115478584886, 26.007790567578198], [-111.37115478574825, 26.007790567586525], [-111.371154785649, 26.007790567604957], [-111.3711547855521, 26.0077905676333], [-111.37115478545856, 26.007790567671268], [-111.37115478536933, 26.007790567718473], [-111.3711547852853, 26.00779056777444], [-111.37115478520735, 26.007790567838587], [-111.37115478513626, 26.00779056791027], [-111.37115478507276, 26.007790567988753], [-111.3711547850175, 26.00779056807324], [-111.37115478497104, 26.007790568162868], [-111.37115478493385, 26.00779056825672], [-111.3698673248317, 26.011589601645543], [-111.36986732482644, 26.011589601661516], [-111.3686013221829, 26.015542780666383], [-111.3672709465206, 26.018994472019802], [-111.36727094650107, 26.018994472058548], [-111.36727094646751, 26.018994472031125], [-111.3663053523774, 26.018030323799444], [-111.36630535230636, 26.018030323735015], [-111.36630535222949, 26.01803032367769], [-111.36630535214746, 26.018030323627986], [-111.36630535206108, 26.018030323586373], [-111.36630535197108, 26.018030323553223], [-111.36630535187832, 26.018030323528848], [-111.36630535178368, 26.018030323513468], [-111.36630535168797, 26.018030323507226], [-111.36630535159212, 26.01803032351018], [-111.36630535149699, 26.018030323522304], [-111.36630535140345, 26.01803032354348], [-111.36630535131239, 26.018030323573523], [-111.36630535122461, 26.018030323612148], [-111.36630535114094, 26.018030323659005], [-111.36630535106214, 26.018030323713663], [-111.36630535098894, 26.018030323775616], [-111.366305350922, 26.018030323844297], [-111.36630535086196, 26.01803032391907], [-111.36630535080936, 26.018030323999255], [-111.36630535076468, 26.01803032408411], [-111.36630535072833, 26.01803032417285], [-111.3656830791374, 26.019785067604786], [-111.36568307910908, 26.0197850676992], [-111.36568307909018, 26.01978506779594], [-111.3656830790809, 26.019785067894073], [-111.36568307908134, 26.019785067992643], [-111.36568307909145, 26.01978506809069], [-111.3656830791112, 26.019785068187268], [-111.36568307914034, 26.01978506828143], [-111.36568307917862, 26.019785068372265], [-111.36568307922565, 26.01978506845889], [-111.36568307928098, 26.019785068540468], [-111.36568307934408, 26.019785068616198], [-111.36568307941432, 26.01978506868535], [-111.36568307949103, 26.01978506874725], [-111.36568307957346, 26.019785068801298], [-111.36568307966081, 26.019785068846968], [-111.36568307975224, 26.019785068883813], [-111.36568307984685, 26.01978506891148], [-111.36632680801524, 26.019939330560977], [-111.3663268081141, 26.019939330579465], [-111.3663268082143, 26.01993933058793], [-111.36632680831484, 26.019939330586293], [-111.36632680841471, 26.019939330574566], [-111.36632680851291, 26.019939330552862], [-111.36632680860842, 26.019939330521414], [-111.3663268087003, 26.019939330480526], [-111.36632680878759, 26.01993933043062], [-111.36632680886945, 26.0199393303722], [-111.366326808945, 26.019939330305853], [-111.36632680901353, 26.01993933023225], [-111.36632680907432, 26.01993933015214], [-111.36632680912675, 26.01993933006633], [-111.36632680917029, 26.01993932997569], [-111.36632680920452, 26.019939329881133], [-111.36656284330857, 26.01916801816095], [-111.3665628433227, 26.019168018126962], [-111.36656284332909, 26.019168018123086], [-111.36716365809681, 26.019476543765737], [-111.36716365813623, 26.019476543791352], [-111.3670349123337, 26.020035743532514], [-111.3670349123164, 26.0200357436291], [-111.36703491230865, 26.020035743726922], [-111.36703491231053, 26.020035743825026], [-111.36703491232201, 26.020035743922477], [-111.36703491234299, 26.020035744018333], [-111.36703491237326, 26.02003574411167], [-111.36703491241254, 26.020035744201593], [-111.36703491246043, 26.020035744287235], [-111.36703491251649, 26.020035744367767], [-111.36703491258017, 26.02003574444242], [-111.36703491265087, 26.02003574451047], [-111.36703491272789, 26.020035744571267], [-111.3670349128105, 26.02003574462422], [-111.36703491289789, 26.02003574466882], [-111.36703491298925, 26.020035744704646], [-111.36703491308367, 26.02003574473134], [-111.36870861002828, 26.020421398505345], [-111.36870861012257, 26.020421398522362], [-111.36870861021806, 26.020421398530274], [-111.36870861031387, 26.020421398529013], [-111.36870861040912, 26.020421398518586], [-111.36870861050292, 26.020421398499092], [-111.36870861059444, 26.020421398470713], [-111.36870861068282, 26.0204213984337], [-111.36870861076726, 26.0204213983884], [-111.36870861084697, 26.02042139833523], [-111.36870861092122, 26.020421398274674], [-111.36879444118527, 26.020344267934412], [-111.36879444122576, 26.02034426790487], [-111.36879444127139, 26.020344267884123], [-111.36913776392836, 26.02022857173925], [-111.36913776397714, 26.020228571728225], [-111.36913776402629, 26.02022857173759], [-111.36926650996244, 26.020267137113844], [-111.36926651000655, 26.020267137131967], [-111.36933088299902, 26.020363550544932], [-111.36933088302149, 26.02036355058696], [-111.36939525597518, 26.020999876753404], [-111.36939525598984, 26.020999876850507], [-111.36939525601396, 26.020999876945705], [-111.36939525604731, 26.020999877038076], [-111.36939525608956, 26.02099987712673], [-111.3693952561403, 26.020999877210816], [-111.36939525619903, 26.020999877289515], [-111.36939525626521, 26.020999877362076], [-111.36939525633818, 26.020999877427798], [-111.36939525641725, 26.02099987748604], [-111.36939525650165, 26.020999877536248], [-111.36939525659056, 26.02099987757794], [-111.36939525668315, 26.020999877610702], [-111.36971712107795, 26.02109629026052], [-111.3697171211183, 26.021096290276997], [-111.36943817140468, 26.02182902534142], [-111.36943817138243, 26.021829025385827], [-111.3691806797929, 26.02215682585816], [-111.369180679735, 26.022156825940026], [-111.36918067968557, 26.022156826027278], [-111.36918067964514, 26.022156826119037], [-111.3691806796141, 26.02215682621439], [-111.36918067959276, 26.022156826312365], [-111.36918067958135, 26.022156826411987], [-111.36918067957997, 26.022156826512255], [-111.36918067958864, 26.022156826612154], [-111.36918067960725, 26.02215682671068], [-111.36918067963566, 26.022156826806853], [-111.36918067967355, 26.022156826899693], [-111.36918067972054, 26.022156826988272], [-111.36918067977618, 26.0221568270717], [-111.36922359463564, 26.02221467357086], [-111.36922359465943, 26.022214673610726], [-111.36860132236296, 26.023005248265655], [-111.36860132230579, 26.02300524834618], [-111.36860132225684, 26.02300524843195], [-111.36860132221659, 26.02300524852213], [-111.36860132218543, 26.02300524861584], [-111.36860132216366, 26.023005248712167], [-111.36860132215149, 26.023005248810172], [-111.36857986450597, 26.02329448183837], [-111.36857986449631, 26.023294481890737], [-111.36857986447556, 26.023294481939928], [-111.3684296608227, 26.023564432364395], [-111.36842966079293, 26.023564432406722], [-111.36842966075506, 26.023564432441855], [-111.36804342288178, 26.023853664282107], [-111.3680434228124, 26.023853664339097], [-111.36804342274843, 26.023853664402075], [-111.36804342269035, 26.02385366447054], [-111.36804342263865, 26.023853664543935], [-111.36804342259373, 26.023853664621672], [-111.367893219067, 26.0241428955745], [-111.36789321902376, 26.024142895669613], [-111.36789321899067, 26.024142895768716], [-111.36789321896812, 26.02414289587073], [-111.36782884598873, 26.024528536267987], [-111.36782884597561, 26.02452853639992], [-111.36780738830728, 26.025184122427238], [-111.36780738830099, 26.0251841224748], [-111.36763572694761, 26.0253769412126], [-111.36763572692767, 26.025376941232576], [-111.36763572690549, 26.02537694125025], [-111.36692762464857, 26.02587826788184], [-111.36692762457139, 26.025878267942375], [-111.3669276245005, 26.02587826801018], [-111.36692762443661, 26.025878268084607], [-111.36692762438032, 26.025878268164934], [-111.36692762433216, 26.02587826825039], [-111.36692762429261, 26.025878268340154], [-111.36692762426205, 26.025878268433356], [-111.36692762424076, 26.02587826852911], [-111.36692762422895, 26.025878268626485], [-111.36692762422675, 26.02587826872455], [-111.36692762423417, 26.02587826882236], [-111.36692762425112, 26.025878268918973], [-111.36692762427745, 26.025878269013457], [-111.36692762431292, 26.025878269104908], [-111.36692762435719, 26.025878269192443], [-111.36692762440981, 26.025878269275225], [-111.36692762447029, 26.025878269352447], [-111.36707782742221, 26.02605180435146], [-111.36707782744816, 26.02605180438798], [-111.36688470900927, 26.02637959263565], [-111.36688470896418, 26.026379592721426], [-111.36688470892761, 26.026379592811164], [-111.3668847088999, 26.02637959290402], [-111.3668847088813, 26.02637959299912], [-111.36688470887199, 26.026379593095577], [-111.36688470887208, 26.02637959319248], [-111.36688470888153, 26.026379593288922], [-111.36688470890027, 26.026379593383997], [-111.36688470892813, 26.02637959347681], [-111.36688470896483, 26.02637959356649], [-111.36688470901005, 26.026379593652198], [-111.36688470906336, 26.026379593733125], [-111.36688470912425, 26.026379593808514], [-111.36688470919214, 26.026379593877653], [-111.3668847092664, 26.0263795939399], [-111.36688470934635, 26.026379593994662], [-111.36688470943122, 26.026379594041433], [-111.36688470952022, 26.026379594079767], [-111.36714220042309, 26.02647600208031], [-111.36714220046078, 26.0264760020989], [-111.36645555511113, 26.027035169342202], [-111.3664555550405, 26.02703516940553], [-111.36645555497618, 26.027035169475262], [-111.36645555491876, 26.027035169550775], [-111.36645555486875, 26.027035169631386], [-111.3664126397108, 26.027112295620658], [-111.36641263966887, 26.027112295705187], [-111.36641263963509, 26.027112295793295], [-111.36641263960975, 26.02711229588419], [-111.36641263959311, 26.02711229597707], [-111.3663268089354, 26.02776786744976], [-111.36632680892552, 26.027767867493587], [-111.3662624359426, 26.027864274746204], [-111.36626243590953, 26.027864274785863], [-111.36626243586309, 26.027864274808366], [-111.36604785924132, 26.027941400551686], [-111.36604785919117, 26.027941400563964], [-111.3660478591395, 26.027941400565528], [-111.36476039890205, 26.027844993340484], [-111.36476039882737, 26.02784499333769], [-111.36430978784564, 26.02784499333769], [-111.36430978775067, 26.02784499334221], [-111.36430978765657, 26.02784499335573], [-111.36400938058284, 26.02790283763961], [-111.36400938048887, 26.027902837662467], [-111.36400938039755, 26.027902837694295], [-111.36400938030972, 26.027902837734796], [-111.36400938022622, 26.02790283778359], [-111.36400938014782, 26.027902837840223], [-111.3638162613569, 26.02805708909077], [-111.36381626129392, 26.028057089145534], [-111.36381626123573, 26.028057089205355], [-111.36293649676843, 26.029040437374608], [-111.36293649673327, 26.029040437406685], [-111.36259317490686, 26.028944031343773], [-111.36259317481358, 26.028944031322336], [-111.36259317471867, 26.02894403130992], [-111.36259317462302, 26.02894403130663], [-111.36259317452748, 26.0289440313125], [-111.36259317443294, 26.028944031327477], [-111.36259317434026, 26.028944031351426], [-111.3625931742503, 26.028944031384125], [-111.36259317416389, 26.028944031425272], [-111.3625931740818, 26.028944031474495], [-111.3625931740048, 26.028944031531342], [-111.36259317393358, 26.02894403159529], [-111.36259317386879, 26.028944031665752], [-111.36259317381105, 26.02894403174209], [-111.36259317376087, 26.028944031823592], [-111.36259317371871, 26.02894403190952], [-111.36259317368496, 26.028944031999092], [-111.3624000549453, 26.02954174900227], [-111.36222839357815, 26.029946652974324], [-111.36222839353802, 26.029946653087432], [-111.36207819012215, 26.030467240870692], [-111.36207819009981, 26.030467240965102], [-111.36207819008672, 26.030467241061228], [-111.36207819008301, 26.03046724115817], [-111.36207819008871, 26.030467241255018], [-111.36207819010377, 26.03046724135086], [-111.36207819012805, 26.030467241444786], [-111.3620781901613, 26.03046724153592], [-111.36207819020323, 26.030467241623406], [-111.36207819025346, 26.03046724170641], [-111.36207819031148, 26.030467241784162], [-111.36207819037676, 26.030467241855927], [-111.36207819044868, 26.030467241921023], [-111.36207819052659, 26.030467241978847], [-111.36207819060972, 26.03046724202885], [-111.36207819069732, 26.03046724207056], [-111.36207819078854, 26.030467242103587], [-111.36508226375766, 26.03139272722504], [-111.36508226385216, 26.031392727249173], [-111.36508226394855, 26.03139272726399], [-111.36508226404594, 26.031392727269345], [-111.36508226414338, 26.031392727265185], [-111.36718511576011, 26.03119991841761], [-111.36718511581348, 26.031199918418523], [-111.36960983271578, 26.031778344062268], [-111.3696098327607, 26.031778344077786], [-111.37033939358533, 26.03274238046392], [-111.37033939360512, 26.03274238049641], [-111.37033939360371, 26.032742380509383], [-111.36982440952036, 26.033282237407303], [-111.36982440948272, 26.0332822374394], [-111.36789321959512, 26.033455762307995], [-111.3678932194974, 26.033455762321665], [-111.36789321940151, 26.033455762344897], [-111.36789321930837, 26.033455762377468], [-111.36789321921889, 26.033455762419056], [-111.36789321913395, 26.033455762469263], [-111.36789321905437, 26.03345576252759], [-111.36789321898092, 26.033455762593483], [-111.36789321891433, 26.03345576266629], [-111.36789321885523, 26.033455762745305], [-111.36789321880421, 26.03345576282976], [-111.36789321876176, 26.033455762918834], [-111.36770010003372, 26.03391849400791], [-111.3677001000027, 26.03391849409287], [-111.36770009997947, 26.03391849418028], [-111.36770009996424, 26.033918494269436], [-111.36770009995713, 26.033918494359604], [-111.3677000999582, 26.03391849445004], [-111.36773751340358, 26.034574026951706], [-111.3677375134144, 26.034574027052], [-111.36773751343527, 26.034574027150693], [-111.36773751346597, 26.034574027246784], [-111.3677375135062, 26.03457402733929], [-111.36773751355555, 26.034574027427272], [-111.3677375136135, 26.034574027509834], [-111.3677375136795, 26.03457402758614], [-111.36773751375283, 26.034574027655406], [-111.36773751383276, 26.034574027716936], [-111.3677375139185, 26.034574027770095], [-111.36773751400915, 26.034574027814347], [-111.3677375141038, 26.034574027849242], [-111.36773751420148, 26.034574027874424], [-111.36773751430121, 26.034574027889636], [-111.36773751440195, 26.034574027894724], [-111.3677430152386, 26.034574027894717], [-111.36774301528442, 26.034574027899378], [-111.36778593062165, 26.035422359944107], [-111.36778593063191, 26.035422360045015], [-111.36778593065233, 26.035422360144363], [-111.36778593068271, 26.035422360241135], [-111.36778593072275, 26.035422360334326], [-111.36810779569379, 26.036077885378315], [-111.36810779570952, 26.03607788542023], [-111.36810779567175, 26.03607788544415], [-111.36722803120085, 26.036521326887986], [-111.36722803115724, 26.036521326905], [-111.36639118198863, 26.036675567025735], [-111.36639118194579, 26.03667556702982], [-111.36566162275773, 26.03661772714272], [-111.36566162265962, 26.036617727139774], [-111.36566162256169, 26.036617727146464], [-111.36566162246488, 26.036617727162717], [-111.36566162237015, 26.036617727188386], [-111.36566162227838, 26.036617727223216], [-111.36566162219047, 26.036617727266876], [-111.36566162210727, 26.036617727318944], [-111.36566162202956, 26.03661772737892], [-111.36566162195811, 26.036617727446224], [-111.36566162189361, 26.03661772752021], [-111.36566162183667, 26.03661772760016], [-111.36566162178785, 26.03661772768531], [-111.3656616217476, 26.036617727774836], [-111.36566162171633, 26.036617727867874], [-111.36566162169431, 26.03661772796353], [-111.36566162168181, 26.036617728060886], [-111.3656616216789, 26.036617728158998], [-111.3656616216856, 26.03661772825692], [-111.36566162170189, 26.03661772835372], [-111.3656616217276, 26.036617728448448], [-111.36566162176246, 26.036617728540204], [-111.36613368949726, 26.037697401857304], [-111.36613368953958, 26.03769740194275], [-111.36613368958984, 26.037697402023774], [-111.3661336896476, 26.037697402099642], [-111.36613368971231, 26.037697402169666], [-111.36613368978341, 26.03769740223321], [-111.36613368986023, 26.03769740228969], [-111.36613368994207, 26.037697402338598], [-111.36613369002822, 26.03769740237949], [-111.36613369011786, 26.03769740241199], [-111.36613369021019, 26.037697402435807], [-111.36613369030437, 26.037697402450718], [-111.36613369039954, 26.037697402456594], [-111.36613369049483, 26.037697402453382], [-111.36613369058938, 26.037697402441104], [-111.36613369068235, 26.03769740241988], [-111.36613369077286, 26.037697402389895], [-111.3688373565225, 26.03665628704647], [-111.36883735655435, 26.036656287037605], [-111.36883735656102, 26.03665628703869], [-111.36883735655448, 26.036656287075562], [-111.36804342271242, 26.039509693160532], [-111.36804342269556, 26.03950969320381], [-111.36803898603983, 26.03950969320382], [-111.36803898594016, 26.0395096932088], [-111.36803898584147, 26.03950969322369], [-111.36803898574476, 26.039509693248345], [-111.36803898565098, 26.039509693282515], [-111.3680389855611, 26.03950969332586], [-111.36803898547596, 26.039509693377955], [-111.36803898539645, 26.039509693438276], [-111.36803898532335, 26.03950969350622], [-111.36803898525739, 26.03950969358111], [-111.3680389851992, 26.039509693662207], [-111.36803898514941, 26.0395096937487], [-111.36803898510847, 26.03950969383972], [-111.36803898507682, 26.03950969393437], [-111.36787176134092, 26.040107357263246], [-111.36787176131274, 26.040107357400313], [-111.36780738834878, 26.040589341984322], [-111.36780738834037, 26.040589342088875], [-111.36780738834294, 26.04058934219373], [-111.3678073883565, 26.040589342297743], [-111.36780738838087, 26.040589342399763], [-111.3678073884158, 26.040589342498667], [-111.36780738846089, 26.040589342593368], [-111.36821508405235, 26.04134123487086], [-111.36821508406953, 26.041341234911716], [-111.36821508402863, 26.04134123492851], [-111.36795759308386, 26.041418351510778], [-111.3679575929905, 26.041418351543854], [-111.3679575929009, 26.041418351586003], [-111.36795759281588, 26.041418351636807], [-111.36795759273632, 26.04141835169577], [-111.36795759266298, 26.041418351762317], [-111.36795759259657, 26.04141835183579], [-111.36795759253775, 26.041418351915475], [-111.36795759248712, 26.04141835200058], [-111.36795759244514, 26.041418352090282], [-111.36795759241225, 26.041418352183694], [-111.36795759238875, 26.0414183522799], [-111.36795759237489, 26.04141835237796], [-111.3679575923708, 26.04141835247691], [-111.36795759237651, 26.04141835257578], [-111.36795759239197, 26.0414183526736], [-111.36795759241703, 26.04141835276941], [-111.36795759245145, 26.041418352862273], [-111.36827945707294, 26.042170239078477], [-111.36827945708622, 26.04217023912051], [-111.36647701268024, 26.04272933166221], [-111.36647701263695, 26.042729331671193], [-111.36499932436081, 26.039509693791672], [-111.36499932431711, 26.03950969370731], [-111.36499932426563, 26.039509693627465], [-111.36499932420678, 26.039509693552873], [-111.36499932414112, 26.039509693484202], [-111.36499932406925, 26.03950969342207], [-111.36499932399181, 26.039509693367037], [-111.36499932390949, 26.039509693319605], [-111.36499932382303, 26.0395096932802], [-111.36499932373323, 26.039509693249173], [-111.3649993236409, 26.03950969322681], [-111.36499932354685, 26.03950969321331], [-111.36499932345195, 26.0395096932088], [-111.36499643330565, 26.039509693208803], [-111.36499643326081, 26.039509693204526], [-111.36499643323826, 26.039509693165552], [-111.36390209198586, 26.037119006273876], [-111.36390209197366, 26.037119006248187], [-111.36332273484132, 26.03594292465413], [-111.36289358140851, 26.034978914551203], [-111.36289358135888, 26.034978914454268], [-111.36265754702224, 26.034574027937868], [-111.36265754700483, 26.034574027899705], [-111.36266827433872, 26.034574027899694], [-111.36266827443754, 26.0345740278948], [-111.36266827453538, 26.034574027880165], [-111.36266827463132, 26.034574027855932], [-111.36266827472437, 26.034574027822337], [-111.36266827481366, 26.03457402777971], [-111.3626682748983, 26.034574027728468], [-111.36266827497745, 26.034574027669116], [-111.36266827505037, 26.03457402760223], [-111.3626682751163, 26.034574027528468], [-111.36266827517463, 26.03457402744855], [-111.36266827522478, 26.03457402736326], [-111.36266827526626, 26.03457402727343], [-111.36266827529865, 26.034574027179943], [-111.36266827532164, 26.03457402708371], [-111.36266827533501, 26.03457402698568], [-111.36266827533863, 26.034574026886805], [-111.36266827533247, 26.034574026788057], [-111.36266827531657, 26.034574026690404], [-111.3626682752911, 26.034574026594797], [-111.36266827525631, 26.034574026502177], [-111.36266827521254, 26.034574026413445], [-111.36255025865015, 26.0343619438961], [-111.36255025862133, 26.034361943847596], [-111.36192798615733, 26.03337864022759], [-111.36192798613187, 26.03337864018934], [-111.36016845885081, 26.030862021154974], [-111.36016845879122, 26.03086202107802], [-111.36016845872444, 26.030862021007223], [-111.3601684586511, 26.03086202094325], [-111.36016845857188, 26.030862020886715], [-111.36016845848754, 26.030862020838143], [-111.36016845839887, 26.030862020798004], [-111.36016845830673, 26.030862020766673], [-111.36016845821199, 26.030862020744443], [-111.36016845811552, 26.030862020731533], [-111.36016845801826, 26.030862020728062], [-111.36016845792112, 26.03086202073406], [-111.36016845782503, 26.030862020749474], [-111.36016845773088, 26.030862020774155], [-111.36016845763959, 26.03086202080787], [-111.36016845755199, 26.030862020850304], [-111.36016845746894, 26.030862020901047], [-111.36016845739123, 26.030862020959624], [-111.36016845731957, 26.03086202102548], [-111.36016845725464, 26.030862021097988], [-111.36016845719709, 26.030862021176464], [-111.36016845714742, 26.030862021260166], [-111.36016845710614, 26.030862021348298], [-111.36016845707361, 26.030862021440026], [-111.36016845705015, 26.030862021534478], [-111.360168457036, 26.030862021630767], [-111.36016845703125, 26.030862021727977], [-111.36016845703125, 26.030872142581092], [-111.36016845703023, 26.030872142602142], [-111.36016845701728, 26.030872142585427], [-111.35332346014529, 26.021077008453766], [-111.35332346008514, 26.021077008376093], [-111.35332346001763, 26.021077008304704], [-111.35332345994345, 26.021077008240283], [-111.35332345986332, 26.02107700818345], [-111.353323459778, 26.021077008134753], [-111.3533234596883, 26.021077008094668], [-111.3533234595951, 26.021077008063575], [-111.35332345949931, 26.02107700804178], [-111.35332345940184, 26.021077008029486], [-111.35332345930362, 26.02107700802682], [-111.35332345920563, 26.0210770080338], [-111.35332345910878, 26.021077008050366], [-111.35332345901404, 26.021077008076354], [-111.3533234589223, 26.02107700811151], [-111.35332345883445, 26.0210770081555], [-111.35222911930452, 26.021694047671478], [-111.3522291192217, 26.021694047723685], [-111.35222911914437, 26.02169404778374], [-111.35222911907329, 26.021694047851067], [-111.35222911900914, 26.021694047925024], [-111.35222911895251, 26.0216940480049], [-111.35222911890398, 26.02169404808993], [-111.35222911886399, 26.0216940481793], [-111.35222911883294, 26.02169404827215], [-111.35222911881111, 26.021694048367593], [-111.35222911879872, 26.02169404846471], [-111.35222911879588, 26.021694048562576], [-111.35222911880263, 26.02169404866025], [-111.3522291188189, 26.021694048756796], [-111.35222911884453, 26.021694048851288], [-111.35222911887928, 26.021694048942823], [-111.35222911892282, 26.02169404903052], [-111.35222911897472, 26.021694049113535], [-111.35233640669357, 26.021848307809343], [-111.3523364067061, 26.021848307829444], [-111.35233640668677, 26.021848307843484], [-111.35076999665722, 26.022870272671913], [-111.35076999662932, 26.02287027269079], [-111.3483238226, 26.024586381911227], [-111.3483238225252, 26.02458638196917], [-111.34832382245622, 26.024586382033917], [-111.34832382239367, 26.024586382104893], [-111.3483238223381, 26.024586382181464], [-111.34832382229001, 26.024586382262942], [-111.34832382224984, 26.024586382348602], [-111.34832382221795, 26.024586382437672], [-111.34832382219462, 26.02458638252936], [-111.34832382218005, 26.02458638262284], [-111.3483238221744, 26.02458638271728], [-111.34832382217768, 26.024586382811833], [-111.34832382218988, 26.02458638290565], [-111.3483238222109, 26.024586382997896], [-111.34836673735907, 26.02474063810973], [-111.34836673736412, 26.024740638132084], [-111.34836673734155, 26.02474063812753], [-111.3472294821094, 26.024451408658592], [-111.34722948201103, 26.024451408638768], [-111.34722948191116, 26.024451408628906], [-111.34722948181081, 26.0244514086291], [-111.34722948171098, 26.02445140863935], [-111.34722948161269, 26.024451408659555], [-111.34722948151692, 26.02445140868951], [-111.34722948142462, 26.024451408728915], [-111.34722948133674, 26.024451408777367], [-111.34722948125416, 26.024451408834388], [-111.34722948117772, 26.02445140889939], [-111.34722948110817, 26.024451408971736], [-111.34722948104623, 26.024451409050684], [-111.3472294809925, 26.02445140913544], [-111.34722948094755, 26.024451409225158], [-111.3472294809118, 26.02445140931893], [-111.34722948088564, 26.02445140941581], [-111.34722948086932, 26.024451409514825], [-111.347229480863, 26.024451409614976], [-111.34722948086676, 26.024451409715258], [-111.34735822677472, 26.025916832051266], [-111.3473582267765, 26.02591683208387], [-111.347379684426, 26.026880915663327], [-111.347379684433, 26.026880915761225], [-111.34737968444955, 26.026880915857966], [-111.34737968447551, 26.026880915952617], [-111.34737968451063, 26.026880916044266], [-111.34737968455457, 26.026880916132036], [-111.34737968460689, 26.02688091621507], [-111.3473796846671, 26.02688091629258], [-111.34737968473462, 26.02688091636381], [-111.3473796848088, 26.02688091642808], [-111.34737968488892, 26.02688091648477], [-111.34737968497421, 26.02688091653333], [-111.34737968506386, 26.026880916573297], [-111.347379685157, 26.026880916604284], [-111.3473796852527, 26.02688091662599], [-111.34737968535009, 26.02688091663821], [-111.3473796854482, 26.026880916640824], [-111.34823799130864, 26.02686163504955], [-111.34823799133191, 26.026861635050164], [-111.34823799133379, 26.02686163507345], [-111.34825944900435, 26.027536489639353], [-111.34825944900396, 26.027536489662666], [-111.34825944898078, 26.02753648966484], [-111.34740114314602, 26.02757505262127], [-111.34740114304668, 26.027575052630713], [-111.34740114294878, 26.02757505265001], [-111.3474011428533, 26.027575052678966], [-111.34740114276119, 26.027575052717296], [-111.34740114267333, 26.02757505276461], [-111.34740114259064, 26.02757505282045], [-111.34740114251393, 26.02757505288425], [-111.34740114244396, 26.027575052955374], [-111.34740114238141, 26.027575053033118], [-111.34740114232693, 26.02757505311671], [-111.34740114228104, 26.027575053205315], [-111.34740114224422, 26.02757505329805], [-111.34740114221682, 26.027575053393996], [-111.34740114219913, 26.027575053492193], [-111.3474011421913, 26.02757505359166], [-111.34740114219343, 26.027575053691418], [-111.34750843047921, 26.029078999897244], [-111.34750843047973, 26.02907899992051], [-111.34750843045649, 26.029078999921126], [-111.34665012452051, 26.029059718689375], [-111.34665012442109, 26.02905971869209], [-111.34665012432244, 26.029059718704666], [-111.34665012422552, 26.029059718726977], [-111.34665012413129, 26.02905971875881], [-111.34665012404069, 26.02905971879984], [-111.34665012395463, 26.029059718849666], [-111.34665012387393, 26.029059718907796], [-111.3466501237994, 26.029059718973656], [-111.34665012373179, 26.029059719046593], [-111.34665012367176, 26.029059719125883], [-111.3466501236199, 26.029059719210746], [-111.34665012357672, 26.02905971930034], [-111.34665012354266, 26.02905971939378], [-111.34665012351805, 26.02905971949014], [-111.34665012350314, 26.029059719588467], [-111.34662866592656, 26.029271812253516], [-111.34662866592306, 26.029271812276765], [-111.34662866589976, 26.02927181227573], [-111.34538412096565, 26.029156124904507], [-111.34538412094254, 26.029156124901206], [-111.34538412094594, 26.029156124878195], [-111.3455557823056, 26.028288466011187], [-111.3455557823224, 26.0282884658834], [-111.34564161300224, 26.026996606348224], [-111.3456416130023, 26.02699660621661], [-111.34553432465275, 26.02535765947555], [-111.34553432464075, 26.025357659373306], [-111.3455343246183, 26.02535765927284], [-111.34544849396362, 26.025049149180518], [-111.34544849395853, 26.025049149158367], [-111.34544849395752, 26.025049149135906], [-111.34544849395752, 26.024856329972994], [-111.34544849395152, 26.024856329863713], [-111.34544849393363, 26.024856329755742], [-111.34521245957544, 26.023795818124682], [-111.34521245954785, 26.023795818025267], [-111.34495496751093, 26.023024530789947], [-111.34495496748387, 26.023024530718192], [-111.34441852570933, 26.02175189562407], [-111.3444185256802, 26.021751895561128], [-111.34398937226224, 26.020903464501437], [-111.34398937224374, 26.0209034644666], [-111.34287357331652, 26.018898057508], [-111.34287357328883, 26.018898057461243], [-111.3422298431648, 26.017876058084408], [-111.34222984311084, 26.017876058007086], [-111.34126424792517, 26.01662265039697], [-111.34126424785948, 26.01662265032009], [-111.34089946748264, 26.016236983775656], [-111.34089946746893, 26.016236983759885], [-111.34089946745821, 26.016236983742385], [-111.34085655213642, 26.016159850311386], [-111.3408565521253, 26.016159850288794], [-111.34085655212402, 26.016159850263712], [-111.34085655212402, 26.015986300163416], [-111.3408565521189, 26.015986300062306], [-111.34085655210357, 26.015986299962233], [-111.34085655207821, 26.015986299864224], [-111.34085655204308, 26.015986299769278], [-111.34085655199851, 26.015986299678374], [-111.34085655194498, 26.01598629959244], [-111.34085655188305, 26.01598629951236], [-111.34006261878649, 26.015060693434627], [-111.34006261871934, 26.015060693363676], [-111.3400626186456, 26.015060693299617], [-111.34006261856595, 26.015060693243058], [-111.34006261848117, 26.015060693194535], [-111.34006261839207, 26.01506069315452], [-111.34006261829947, 26.015060693123388], [-111.34006261820429, 26.01506069310144], [-111.34006261810741, 26.015060693088884], [-111.34006261800978, 26.01506069308584], [-111.34006261791231, 26.015060693092334], [-111.34006261781595, 26.01506069310831], [-111.34006261772159, 26.01506069313361], [-111.34006261763015, 26.015060693167996], [-111.34006261754251, 26.015060693211137], [-111.33905410768556, 26.015619914559863], [-111.3390541076657, 26.01561991456974], [-111.33905410764386, 26.01561991457401], [-111.33892536165763, 26.01563919802832], [-111.33892536163383, 26.015639198030698], [-111.33892536161875, 26.01563919801233], [-111.33836746217277, 26.014887140714563], [-111.33836746215941, 26.014887140694583], [-111.3383674621593, 26.014887140670595], [-111.33838891982921, 26.01440505014946], [-111.33838891983153, 26.014405050125166], [-111.33838891985327, 26.014405050114053], [-111.33843183515182, 26.01438576647056], [-111.33843183517342, 26.014385766462127], [-111.33843183517456, 26.014385766485045], [-111.33843183517456, 26.014925707517136], [-111.3384318351789, 26.014925707610114], [-111.33843183519186, 26.014925707702286], [-111.33843183521333, 26.014925707792855], [-111.33843183524313, 26.014925707881037], [-111.338431835281, 26.014925707966064], [-111.3384318353266, 26.0149257080472], [-111.33843183537957, 26.014925708123744], [-111.3389468188119, 26.015600630459428], [-111.33894681887477, 26.01560063053399], [-111.3389468189446, 26.015600630602066], [-111.33894681902075, 26.01560063066302], [-111.33894681910246, 26.015600630716264], [-111.33894681918898, 26.0156006307613], [-111.33894681927946, 26.01560063079769], [-111.33894681937305, 26.015600630825094], [-111.33894681946889, 26.01560063084325], [-111.33894681956602, 26.015600630851985], [-111.33894681966355, 26.015600630851214], [-111.33894681976054, 26.01560063084095], [-111.33894681985606, 26.015600630821282], [-111.33894681994921, 26.015600630792406], [-111.33894682003911, 26.01560063075459], [-111.33926868337078, 26.015446363763814], [-111.33926868345816, 26.01544636371646], [-111.3392686835404, 26.01544636366067], [-111.3392686836167, 26.015446363596986], [-111.3392686836863, 26.015446363526042], [-111.33926868374851, 26.015446363448543], [-111.33926868380273, 26.01544636336525], [-111.33926868384842, 26.015446363276986], [-111.33926868388511, 26.015446363184626], [-111.33926868391245, 26.015446363089076], [-111.33926868393019, 26.015446362991288], [-111.33926868393812, 26.01544636289222], [-111.33926868393617, 26.015446362792854], [-111.33926868392437, 26.015446362694174], [-111.33926868390284, 26.01544636259715], [-111.3392686838718, 26.015446362502743], [-111.33926868383152, 26.015446362411886], [-111.33926868378242, 26.015446362325473], [-111.33918285433249, 26.01531137975615], [-111.33918285427688, 26.01531137967736], [-111.33918285421395, 26.015311379604295], [-111.33918285414425, 26.015311379537632], [-111.33918285406848, 26.015311379477993], [-111.33918285398731, 26.015311379425928], [-111.33918285390149, 26.015311379381924], [-111.33918285381185, 26.01531137934639], [-111.3391828537192, 26.01531137931966], [-111.3391828536244, 26.015311379301977], [-111.33918285352833, 26.015311379293507], [-111.3391828534319, 26.01531137929433], [-111.33918285333598, 26.01531137930444], [-111.33918285324151, 26.015311379323737], [-111.33918285314932, 26.01531137935205], [-111.3391828530603, 26.015311379389107], [-111.33918285297524, 26.015311379434568], [-111.33918285289496, 26.01531137948801], [-111.33918285282022, 26.015311379548937], [-111.33913993837305, 26.01534994576353], [-111.3391399383548, 26.01534994577835], [-111.33913993834236, 26.0153499457584], [-111.33905410767788, 26.015195677642456], [-111.33905410767038, 26.01519567762728], [-111.33905410768227, 26.0151956776394], [-111.33913993790519, 26.01529209473959], [-111.3391399379746, 26.01529209481019], [-111.33913993805064, 26.015292094873576], [-111.33913993813259, 26.015292094929134], [-111.33913993821962, 26.015292094976317], [-111.3391399383109, 26.015292095014665], [-111.33913993840551, 26.015292095043797], [-111.33913993850254, 26.015292095063433], [-111.33913993860105, 26.015292095073377], [-111.33913993870004, 26.01529209507353], [-111.33913993879858, 26.015292095063895], [-111.33913993889567, 26.015292095044565], [-111.33913993899039, 26.015292095015727], [-111.339247225675, 26.01525352857844], [-111.3392472257657, 26.01525352854071], [-111.33924722585226, 26.01525352849426], [-111.33924722593385, 26.01525352843954], [-111.33924722600968, 26.015253528377084], [-111.339247226079, 26.015253528307483], [-111.33924722614117, 26.01525352823142], [-111.33924722619557, 26.01525352814962], [-111.33924722624168, 26.015253528062882], [-111.33924722627907, 26.015253527972035], [-111.33924722630735, 26.01525352787796], [-111.33924722632628, 26.01525352778156], [-111.33924722633564, 26.01525352768377], [-111.33924722633537, 26.015253527585536], [-111.33924722632547, 26.015253527487797], [-111.33924722630601, 26.015253527391504], [-111.33924722627721, 26.015253527297585], [-111.33924722623934, 26.015253527206944], [-111.33918285370916, 26.015118543487496], [-111.33918285370198, 26.015118543470372], [-111.33918285371558, 26.0151185434833], [-111.33931159971428, 26.01525352818655], [-111.33931159972961, 26.0152535282043], [-111.33931159971004, 26.01525352821739], [-111.33924722766186, 26.01529209467709], [-111.33924722758023, 26.015292094731606], [-111.33924722750434, 26.01529209479386], [-111.33924722743494, 26.015292094863256], [-111.33924722737265, 26.01529209493912], [-111.33924722731811, 26.015292095020726], [-111.33924722727184, 26.015292095107284], [-111.33924722723427, 26.015292095197964], [-111.33924722720577, 26.01529209529189], [-111.33924722718662, 26.01529209538816], [-111.339247227177, 26.015292095485837], [-111.339247227177, 26.01529209558399], [-111.33924722718662, 26.015292095681673], [-111.33924722720577, 26.015292095777937], [-111.33924722723427, 26.015292095871864], [-111.33924722727184, 26.015292095962543], [-111.33924722731811, 26.015292096049105], [-111.33924722737265, 26.01529209613071], [-111.33933305686749, 26.015407795564908], [-111.33933305692943, 26.015407795640403], [-111.33933305699844, 26.015407795709496], [-111.33933305707386, 26.01540779577153], [-111.33933305715497, 26.01540779582591], [-111.339333057241, 26.01540779587212], [-111.33933305733113, 26.01540779590972], [-111.3393330574245, 26.015407795938348], [-111.33933305752021, 26.015407795957735], [-111.33933305761735, 26.015407795967693], [-111.33933305771501, 26.01540779596813], [-111.33933305781223, 26.01540779595904], [-111.3393330579081, 26.015407795940504], [-111.33933305800173, 26.01540779591271], [-111.33933305809218, 26.015407795875916], [-111.33933305817862, 26.015407795830477], [-111.34001970200435, 26.01500284267223], [-111.34001970208412, 26.0150028426199], [-111.34001970215854, 26.015002842560207], [-111.34001970222694, 26.015002842493697], [-111.34001970228869, 26.01500284242097], [-111.34001970234321, 26.01500284234269], [-111.34001970239004, 26.01500284225957], [-111.34001970242873, 26.015002842172365], [-111.34001970245893, 26.01500284208187], [-111.34001970248038, 26.01500284198891], [-111.34001970249287, 26.01500284189433], [-111.34001970249629, 26.01500284179899], [-111.34001970249061, 26.015002841703755], [-111.34001970247587, 26.015002841609498], [-111.34001970245222, 26.015002841517074], [-111.34001970241988, 26.01500284142732], [-111.34001970237912, 26.01500284134106], [-111.34001970233034, 26.01500284125908], [-111.33954763464179, 26.014289348874275], [-111.33954763458229, 26.014289348793472], [-111.339547634515, 26.01428934871904], [-111.33954763444058, 26.014289348651726], [-111.3395476343598, 26.01428934859221], [-111.33954763427346, 26.01428934854109], [-111.33954763418242, 26.01428934849888], [-111.33954763408761, 26.014289348466008], [-111.33954763399, 26.014289348442798], [-111.33954763389053, 26.014289348429493], [-111.33954763379025, 26.014289348426217], [-111.33954763369013, 26.014289348433014], [-111.33954763359121, 26.014289348449807], [-111.33954763349446, 26.014289348476428], [-111.33954763340087, 26.014289348512612], [-111.33954763331137, 26.014289348557995], [-111.33883953096586, 26.01469430469225], [-111.33883953094514, 26.014694304702797], [-111.33883953093033, 26.014694304684735], [-111.33879661561555, 26.014636453865464], [-111.33879661560236, 26.014636453845668], [-111.33879661562263, 26.01463645383323], [-111.33978366748659, 26.014096511684503], [-111.33978366756865, 26.01409651163434], [-111.33978366764552, 26.014096511576522], [-111.33978366771647, 26.014096511511585], [-111.33978366778086, 26.014096511440133], [-111.33978366783809, 26.014096511362826], [-111.33978366788763, 26.01409651128038], [-111.33978366792901, 26.014096511193554], [-111.33978366796187, 26.014096511103155], [-111.33978366798588, 26.014096511010017], [-111.33978366800085, 26.014096510915], [-111.3397836680066, 26.014096510818987], [-111.33978366800311, 26.01409651072287], [-111.3397836679904, 26.014096510627525], [-111.33978366796859, 26.014096510533847], [-111.33978366793788, 26.014096510442698], [-111.33978366789856, 26.014096510354918], [-111.33978366785098, 26.014096510271326], [-111.33978366779559, 26.01409651019269], [-111.33963346482987, 26.01390367385224], [-111.33963346481451, 26.013903673830146], [-111.33963346480158, 26.01390367380645], [-111.33937597275931, 26.013363727759767], [-111.33937597274918, 26.013363727735257], [-111.33937597274449, 26.013363727709315], [-111.33886098861957, 26.009275483887997], [-111.33886098861782, 26.009275483867114], [-111.33886098861959, 26.009275483846228], [-111.33907556531756, 26.007578435335237], [-111.3390755653253, 26.007578435227106], [-111.33907556532131, 26.007578435118774], [-111.3390755653056, 26.007578435011506], [-111.33903265002178, 26.0073663024989], [-111.3390326499991, 26.007366302408638], [-111.33903264996812, 26.00736630232087], [-111.33903264992912, 26.007366302236363], [-111.33888244633583, 26.007077029818316], [-111.33888244628476, 26.007077029731068], [-111.33888244622516, 26.007077029649412], [-111.33778810503378, 26.005727081381636], [-111.33778810498602, 26.00572708132692], [-111.33720874794432, 26.005109957014117], [-111.33720874785935, 26.00510995693362], [-111.33720874776557, 26.005109956863603], [-111.33688688283877, 26.004897819695685], [-111.3368868827207, 26.004897819628887], [-111.33656501826623, 26.004743538037935], [-111.33656501817224, 26.004743537998642], [-111.33656501807475, 26.00474353796911], [-111.33656501797475, 26.00474353794965], [-111.3365650178733, 26.004743537940467], [-111.33656501777143, 26.00474353794165], [-111.33656501767022, 26.004743537953193], [-111.3365650175707, 26.00474353797497], [-111.33656501747392, 26.00474353800676], [-111.33656501738088, 26.00474353804823], [-111.33656501729253, 26.004743538098957], [-111.33656501720981, 26.004743538158404], [-111.33637189902696, 26.00489781935801], [-111.33637189895234, 26.00489781942397], [-111.33637189888465, 26.004897819497028], [-111.33637189882457, 26.004897819576456], [-111.33637189877267, 26.00489781966147], [-111.3363718987295, 26.00489781975122], [-111.33637189869548, 26.00489781984482], [-111.33637189867092, 26.00489781994134], [-111.33637189865608, 26.004897820039826], [-111.33637189865112, 26.0048978201393], [-111.33637189865112, 26.004974960503557], [-111.33637189864997, 26.004974960526923], [-111.3363718986266, 26.00497496052807], [-111.33628606798719, 26.00497496052807], [-111.33628606796381, 26.004974960526923], [-111.33628606796266, 26.004974960503557], [-111.33628606796266, 26.00491710531735], [-111.33628606795736, 26.004917105214556], [-111.33628606794153, 26.004917105112852], [-111.33628606791532, 26.004917105013316], [-111.33628606787902, 26.004917104917], [-111.33628606783302, 26.004917104824923], [-111.33628606777778, 26.004917104738063], [-111.33628606771391, 26.004917104657345], [-111.33628606764209, 26.004917104583615], [-111.33557796485903, 26.004261405619665], [-111.33557796477952, 26.004261405553343], [-111.33557796469357, 26.004261405495594], [-111.33538484575601, 26.004145693535705], [-111.33538484573468, 26.004145693521362], [-111.33538484572082, 26.00414569349927], [-111.33529901505642, 26.00399141066291], [-111.33529901504625, 26.003991410642474], [-111.33529901504832, 26.003991410620035], [-111.33532047269676, 26.003837127707957], [-111.33532047270552, 26.003837127609778], [-111.33532047270455, 26.003837127511215], [-111.3353204726939, 26.003837127413227], [-111.33527755737678, 26.00356713170223], [-111.33527755737421, 26.003567131678953], [-111.33527755738467, 26.00356713165785], [-111.33536338793539, 26.00341284826588], [-111.33536338798017, 26.0034128481748], [-111.33536338801548, 26.003412848079652], [-111.33536338804097, 26.00341284798141], [-111.33536338805636, 26.00341284788109], [-111.33536338806152, 26.003412847779728], [-111.33536338806152, 26.003181422222976], [-111.33536338806259, 26.003181422200104], [-111.33536338807576, 26.00318142218128], [-111.33555650709893, 26.00293071037436], [-111.33555650711116, 26.002930710359692], [-111.33555650712452, 26.002930710345964], [-111.33592128752161, 26.00258357001851], [-111.33592128753715, 26.002583570004894], [-111.33592128755464, 26.00258356999405], [-111.33701562879307, 26.001966429074358], [-111.33701562881357, 26.0019664290641], [-111.33701562881471, 26.001966429087013], [-111.33701562881471, 26.002043571833987], [-111.33701562881365, 26.002043571856618], [-111.33701562879462, 26.002043571869272], [-111.33695125628438, 26.002082142944552], [-111.33695125620635, 26.002082142996418], [-111.33695125613353, 26.00208214305536], [-111.33695125606654, 26.00208214312086], [-111.33695125600596, 26.00208214319234], [-111.33695125595236, 26.002082143269178], [-111.33695125590617, 26.00208214335069], [-111.33695125586782, 26.002082143436173], [-111.33695125583763, 26.00208214352487], [-111.33695125581588, 26.002082143616], [-111.33695125580275, 26.002082143708765], [-111.33695125579835, 26.002082143802355], [-111.33695125579835, 26.00212071376537], [-111.3369512558033, 26.0021207138647], [-111.3369512558181, 26.00212071396305], [-111.33695125584258, 26.00212071405944], [-111.33695125587651, 26.002120714152927], [-111.33695125591957, 26.00212071424258], [-111.33695125597131, 26.00212071432751], [-111.33695125603124, 26.00212071440688], [-111.33695125609876, 26.002120714479904], [-111.3369512561732, 26.002120714545864], [-111.33695125625381, 26.002120714604104], [-111.33695125633982, 26.002120714654044], [-111.33695125643037, 26.002120714695195], [-111.33695125652454, 26.002120714727152], [-111.33695125662143, 26.002120714749594], [-111.33705854390608, 26.002140000234384], [-111.33705854400581, 26.002140000247174], [-111.33705854410633, 26.002140000249884], [-111.3370585442066, 26.00214000024249], [-111.33705854430562, 26.002140000225065], [-111.3370585444024, 26.00214000019778], [-111.33723020537258, 26.002082143290817], [-111.3372302054781, 26.00208214324843], [-111.33723020557812, 26.002082143194336], [-111.33723020567136, 26.00208214312924], [-111.33740186673866, 26.001947143492462], [-111.33740186682053, 26.00194714342052], [-111.33740186689408, 26.0019471433401], [-111.33740186695844, 26.001947143252153], [-111.33740186701286, 26.00194714315772], [-111.33750915524793, 26.001735000423416], [-111.33750915529315, 26.00173500031984], [-111.33770227426011, 26.00121428432342], [-111.33770227428725, 26.001214284238916], [-111.33770227430679, 26.001214284152336], [-111.33770227431859, 26.001214284064364], [-111.33770227432252, 26.001214283975692], [-111.33770227432252, 26.001021425731818], [-111.3377022743234, 26.001021425711023], [-111.33770227432775, 26.00102142569054], [-111.33776664729177, 26.000770709443458], [-111.33776664731077, 26.000770709351862], [-111.33776664732113, 26.000770709258887], [-111.33776664732275, 26.000770709165355], [-111.33776664731563, 26.00077070907208], [-111.33774518966996, 26.000597136045076], [-111.33774518966815, 26.000597136019326], [-111.33774518967945, 26.00059713599623], [-111.33785247795667, 26.000404276688656], [-111.33785247799933, 26.000404276602435], [-111.33785247803353, 26.000404276512512], [-111.33785247805892, 26.000404276419722], [-111.33789539334772, 26.000211416894814], [-111.3378953933656, 26.00021141678686], [-111.3378953933716, 26.000211416677605], [-111.3378953933716, 25.999999270929777], [-111.33789539336644, 25.999999270828418], [-111.33789539335105, 25.999999270728104], [-111.33789539332555, 25.999999270629868], [-111.33789539329025, 25.99999927053472], [-111.33789539324547, 25.999999270443638], [-111.33785247803972, 25.99992212655498], [-111.33785247802878, 25.999922126532734], [-111.33785247803972, 25.9999221265105], [-111.33789539324547, 25.999844982571197], [-111.33789539329025, 25.999844982480116], [-111.33789539332555, 25.999844982384968], [-111.33789539335105, 25.99984498228673], [-111.33789539336644, 25.999844982186417], [-111.3378953933716, 25.999844982085058], [-111.3378953933716, 25.999478547502743], [-111.33789539336675, 25.999478547404465], [-111.33789539335227, 25.999478547307135], [-111.33789539332831, 25.9994785472117], [-111.33789539329507, 25.999478547119086], [-111.3378953932529, 25.999478547030183], [-111.33789539320219, 25.99947854694586], [-111.33789539314343, 25.999478546866925], [-111.3378953930772, 25.999478546794148], [-111.33789539300415, 25.99947854672823], [-111.33789539292496, 25.99947854666981], [-111.33789539284042, 25.999478546619457], [-111.33789539275135, 25.999478546577656], [-111.3378953926586, 25.99947854654481], [-111.33783102037876, 25.999459260650333], [-111.33783102036031, 25.999459260643803], [-111.3378310203798, 25.999459260641075], [-111.33804559577344, 25.999439974642087], [-111.33804559586913, 25.9994399746288], [-111.3380455959631, 25.999439974606343], [-111.33804559605446, 25.999439974574923], [-111.33804559614235, 25.999439974534834], [-111.33804559622597, 25.99943997448645], [-111.33804559630453, 25.99943997443022], [-111.3380455963773, 25.999439974366677], [-111.33804559644359, 25.999439974296404], [-111.33804559650281, 25.999439974220063], [-111.33804559655437, 25.999439974138365], [-111.33804559659781, 25.999439974052073], [-111.33804559663272, 25.99943997396199], [-111.33804559665877, 25.99943997386896], [-111.33804559667573, 25.99943997377385], [-111.33804559668343, 25.999439973677546], [-111.3380455966818, 25.99943997358095], [-111.33804559667085, 25.999439973484964], [-111.3380455966507, 25.99943997339048], [-111.33804559662153, 25.99943997329838], [-111.33802413941295, 25.999382116174353], [-111.3380241394057, 25.999382116151416], [-111.3380241394228, 25.999382116134452], [-111.33806705360651, 25.999343544912403], [-111.33806705367698, 25.999343544842432], [-111.33806705374018, 25.99934354476581], [-111.33806705379546, 25.999343544683303], [-111.33806705384227, 25.999343544595718], [-111.33806705388017, 25.999343544503922], [-111.33806705390877, 25.999343544408816], [-111.33806705392782, 25.999343544311344], [-111.33806705393708, 25.999343544212465], [-111.3380670539365, 25.999343544113152], [-111.33806705392607, 25.999343544014387], [-111.3380670539059, 25.999343543917146], [-111.33806705387617, 25.999343543822384], [-111.33806705383721, 25.999343543731037], [-111.33806705378936, 25.999343543644006], [-111.33806705373311, 25.99934354356215], [-111.33806705366904, 25.999343543486276], [-111.33806705359774, 25.999343543417137], [-111.33806705351995, 25.999343543355405], [-111.3380670534364, 25.999343543301695], [-111.33806705334796, 25.999343543256536], [-111.33802413942692, 25.99932425775881], [-111.33802413940639, 25.999324257748327], [-111.3380241394228, 25.99932425773203], [-111.33808851208912, 25.999266399615735], [-111.33808851215542, 25.99926639955031], [-111.33808851221535, 25.999266399478998], [-111.33808851226838, 25.99926639940242], [-111.33808851231406, 25.999266399321236], [-111.33808851235199, 25.99926639923616], [-111.33808851238183, 25.99926639914792], [-111.33808851240333, 25.999266399057284], [-111.3380885124163, 25.999266398965045], [-111.33808851242065, 25.999266398871995], [-111.33808851242065, 25.998649241044195], [-111.33808851241609, 25.998649240948772], [-111.33808851240244, 25.998649240854224], [-111.33800268173674, 25.998205656391324], [-111.33800268173331, 25.99820565636759], [-111.33800268173219, 25.99820565634414], [-111.33800268173219, 25.997858502212004], [-111.33800268172642, 25.99785850210483], [-111.33800268170921, 25.997858501998888], [-111.33800268168075, 25.9978585018954], [-111.33793830872337, 25.99766563811871], [-111.33793830871709, 25.99766563809635], [-111.33793830873013, 25.997665638076846], [-111.33798122404498, 25.997607778868705], [-111.33798122406081, 25.997607778849485], [-111.33798122408487, 25.997607778842784], [-111.33806705389699, 25.997588492617446], [-111.33806705398919, 25.99758849259204], [-111.33806705407855, 25.997588492557945], [-111.33806705416424, 25.997588492515465], [-111.33806705424549, 25.997588492465], [-111.33806705432153, 25.997588492406997], [-111.33806705439169, 25.997588492342], [-111.33806705445531, 25.997588492270594], [-111.33806705451182, 25.99758849219344], [-111.33806705456071, 25.997588492111237], [-111.33806705460152, 25.997588492024743], [-111.33806705463388, 25.997588491934742], [-111.3380670546575, 25.997588491842063], [-111.33806705467215, 25.997588491747553], [-111.33806705467771, 25.997588491652074], [-111.33806705467411, 25.997588491556503], [-111.33804559707937, 25.99733776868316], [-111.33804559707826, 25.997337768614212], [-111.33810997008621, 25.996122715195046], [-111.33810997008717, 25.996122715112808], [-111.33810997008139, 25.99612271503077], [-111.33810997006887, 25.996122714949482], [-111.33804559717606, 25.995794841825557], [-111.33804559715324, 25.99579484173291], [-111.33804559712168, 25.99579484164286], [-111.33804559708169, 25.995794841556226], [-111.33804559703361, 25.9957948414738], [-111.3380455969779, 25.99579484139633], [-111.33804559691508, 25.99579484132452], [-111.33804559684567, 25.99579484125903], [-111.33804559677036, 25.99579484120045], [-111.3380455966898, 25.995794841149316], [-111.33804559660473, 25.995794841106093], [-111.33800268175425, 25.99577555460814], [-111.33800268173516, 25.995775554598428], [-111.3380026817555, 25.995775554591244], [-111.33806705427119, 25.99575626801822], [-111.33806705436791, 25.995756267983737], [-111.3380670544606, 25.99575626793952], [-111.33806705454825, 25.99575626788603], [-111.33806705462995, 25.995756267823833], [-111.33806705470485, 25.995756267753585], [-111.33806705477214, 25.995756267676025], [-111.33806705483113, 25.995756267591975], [-111.3380670548812, 25.99575626750232], [-111.3380670549218, 25.995756267408], [-111.33813142775534, 25.995582687251304], [-111.33813142776623, 25.995582687226285], [-111.3381314277799, 25.995582687202432], [-111.33828163145472, 25.99535124598365], [-111.33828163147093, 25.995351245961434], [-111.3382816314894, 25.99535124594123], [-111.33898973463141, 25.994656919447884], [-111.33898973465006, 25.994656919431378], [-111.33898973467443, 25.994656919436157], [-111.34014844891848, 25.994946222643257], [-111.34014844894341, 25.9949462226509], [-111.34014844896299, 25.994946222668045], [-111.34040594067442, 25.995196951204186], [-111.34040594074726, 25.99519695126852], [-111.340405940826, 25.995196951325486], [-111.34040594090992, 25.995196951374535], [-111.34040594099818, 25.99519695141521], [-111.34040594108998, 25.995196951447124], [-111.34040594118444, 25.995196951469975], [-111.34040594128068, 25.995196951483546], [-111.34040594137778, 25.995196951487713], [-111.34040594147483, 25.995196951482438], [-111.34600639340883, 25.99461834561601], [-111.34600639343171, 25.99461834561475], [-111.34600639343604, 25.994618345637146], [-111.34662866588539, 25.998919247866485], [-111.346628665906, 25.99891924796997], [-111.34662866593737, 25.998919248070706], [-111.34662866597921, 25.998919248167578], [-111.34662866603101, 25.9989192482595], [-111.3466286660922, 25.99891924834546], [-111.34673595406521, 25.999054251217796], [-111.34673595412907, 25.999054251290616], [-111.34673595419969, 25.999054251356917], [-111.34673595427637, 25.999054251416077], [-111.34673595435842, 25.999054251467538], [-111.34673595444508, 25.99905425151082], [-111.3467359545355, 25.999054251545516], [-111.34673595462887, 25.9990542515713], [-111.346821784952, 25.999073537670853], [-111.3468217849943, 25.999073537679408], [-111.34692907320276, 25.99909282383052], [-111.34692907329016, 25.99909282384228], [-111.34692907337823, 25.999092823846293], [-111.34692907346634, 25.99909282384253], [-111.34759426114346, 25.99903496531144], [-111.34759426116905, 25.999034965310553], [-111.34759426119031, 25.99903496532482], [-111.34772300718348, 25.999131396187497], [-111.34772300720113, 25.999131396202046], [-111.34772300720427, 25.999131396224847], [-111.34785175323212, 26.00055856412257], [-111.34785175323938, 26.00055856418273], [-111.34804487213592, 26.001831428073114], [-111.34804487215519, 26.0018314281685], [-111.34804487218362, 26.001831428261564], [-111.34804487222098, 26.001831428351423], [-111.34804487226688, 26.001831428437228], [-111.34804487232091, 26.001831428518162], [-111.34804487238256, 26.00183142859346], [-111.34804487245123, 26.00183142866241], [-111.34804487252627, 26.001831428724362], [-111.34804487260699, 26.001831428778722], [-111.34804487269261, 26.001831428824982], [-111.34804487278231, 26.001831428862705], [-111.34804487287526, 26.001831428891524], [-111.34804487297056, 26.001831428911174], [-111.34804487306734, 26.00183142892147], [-111.34804487316464, 26.00183142892231], [-111.34804487326157, 26.001831428913686], [-111.3491606712106, 26.00167714313266], [-111.34916067123352, 26.001677143130593], [-111.34916067124503, 26.001677143150744], [-111.34963274001167, 26.002602855588588], [-111.34963274002001, 26.00260285560669], [-111.3496327400269, 26.002602855625454], [-111.35025501225861, 26.00453139904874], [-111.35025501229347, 26.004531399140948], [-111.35025501233724, 26.004531399229275], [-111.3502550123895, 26.004531399312864], [-111.35025501244972, 26.004531399390903], [-111.35025501251734, 26.004531399462632], [-111.35025501259169, 26.00453139952736], [-111.35025501267205, 26.004531399584447], [-111.35025501275764, 26.004531399633347], [-111.35025501284763, 26.00453139967358], [-111.35025501294115, 26.004531399704764], [-111.35025501303727, 26.004531399726584], [-111.35025501313508, 26.004531399738834], [-111.35025501323364, 26.004531399741392], [-111.35025501333195, 26.00453139973424], [-111.35403156277862, 26.00406855211108], [-111.35403156283199, 26.004068552107427], [-111.35534048080068, 26.00404926674635], [-111.35534048080812, 26.004049266746293], [-111.35733604428732, 26.004049266746293], [-111.35733604433561, 26.004049266748634], [-111.35812997816898, 26.004126408172368], [-111.35812997819087, 26.004126408174983], [-111.35812997853758, 26.004126408224185], [-111.35812997853995, 26.00412640822452], [-111.36061906765615, 26.004473543900307], [-111.36061906775774, 26.004473543909224], [-111.36061906785972, 26.00447354390775], [-111.36061906796101, 26.004473543895894], [-111.36061906806056, 26.004473543873786], [-111.36061906815735, 26.00447354384165], [-111.36061906825037, 26.004473543799826], [-111.36061906833864, 26.004473543748745], [-111.36061906842124, 26.00447354368894], [-111.36061906849733, 26.004473543621028], [-111.3608336448695, 26.0042614055521], [-111.36083364490591, 26.004261405527135], [-111.36152029033462, 26.003875698372507], [-111.36152029037576, 26.003875698354143], [-111.36152029042071, 26.003875698351806], [-111.36585473992423, 26.00404926673754], [-111.36585474003186, 26.00404926673605], [-111.36585474013872, 26.004049266723], [-111.36585474024353, 26.004049266698544], [-111.36585474034513, 26.00404926666296], [-111.36636972422745, 26.00383712757944], [-111.36636972426912, 26.003837127566968], [-111.36636972427192, 26.003837127610304], [-111.36632680899642, 26.005052099451138], [-111.36632680899781, 26.00505209954979], [-111.36632680900891, 26.005052099647827], [-111.36632680902962, 26.00505209974429], [-111.36632680905973, 26.005052099838245], [-111.36632680909895, 26.005052099928776], [-111.3663268091469, 26.005052100015], [-111.36632680920312, 26.00505210009608], [-111.36632680926705, 26.005052100171223], [-111.36632680933808, 26.005052100239702], [-111.36632680941551, 26.00505210030085], [-111.36632680949859, 26.005052100354067], [-111.36632680958651, 26.005052100398842], [-111.36632680967841, 26.00505210043473], [-111.3663268097734, 26.005052100461395], [-111.36632680987056, 26.005052100478565], [-111.36632680996894, 26.005052100486076], [-111.36632681006758, 26.00505210048386], [-111.3663268101655, 26.005052100471932], [-111.3663268102618, 26.00505210045041], [-111.36632681035549, 26.00505210041951], [-111.36632681044568, 26.005052100379523], [-111.3663268105315, 26.00505210033084], [-111.3696098327228, 26.002969281472353], [-111.36960983276454, 26.002969281451225], [-111.37029647809726, 26.003046423563312], [-111.3702964781838, 26.00304642356925], [-111.37029647827055, 26.003046423567664], [-111.3702964783568, 26.003046423558565], [-111.37029647844197, 26.003046423542024], [-111.37061834330416, 26.002969281458196], [-111.37061834335344, 26.002969281451538], [-111.37061834340307, 26.00296928145489], [-111.3714122771742, 26.003104280143905], [-111.37141227721615, 26.003104280155274], [-111.37141227720606, 26.003104280197626], [-111.37089729344837, 26.004608539900826], [-111.37089729342117, 26.004608539995147], [-111.37089729340335, 26.004608540091677], [-111.37089729339507, 26.004608540189494], [-111.37089729339644, 26.00460854028765], [-111.37089729340741, 26.0046085403852], [-111.3708972934279, 26.0046085404812], [-111.3708972934577, 26.00460854057473], [-111.37089729349654, 26.004608540664886], [-111.37089729354402, 26.004608540750805], [-111.3708972935997, 26.00460854083165], [-111.37089729366303, 26.00460854090665], [-111.37089729373342, 26.004608540975077], [-111.37089729381017, 26.004608541036273], [-111.37089729389255, 26.00460854108965], [-111.37089729397978, 26.00460854113469], [-111.370897294071, 26.004608541170963], [-111.37089729416533, 26.004608541198117], [-111.37179851527333, 26.004820678726826], [-111.37179851531711, 26.004820678741655], [-111.3719058036511, 26.00495567527846], [-111.37190580367623, 26.00495567531706], [-111.37194871902962, 26.00516781253443], [-111.37197017669236, 26.005399234358723], [-111.37197017669222, 26.005399234401043], [-111.37197017665038, 26.005399234394478], [-111.37121915927607, 26.00520638311687], [-111.37121915917808, 26.005206383096873], [-111.37121915907859, 26.00520638308676], [-111.37121915897858, 26.005206383086637], [-111.37121915887906, 26.005206383096503], [-111.37121915878103, 26.00520638311626], [-111.37121915868545, 26.00520638314571], [-111.3712191585933, 26.005206383184557], [-111.37121915850548, 26.005206383232416], [-111.3712191584229, 26.005206383288805], [-111.37121915834635, 26.005206383353162], [-111.37121915827662, 26.00520638342484], [-111.37121915821439, 26.00520638350313], [-111.37121915816029, 26.005206383587243], [-111.37121915811487, 26.005206383676335], [-111.37121915807856, 26.005206383769522], [-111.37121915805176, 26.00520638386587], [-111.3712191580347, 26.00520638396441], [-111.3710474969469, 26.006614190793314], [-111.37104749693978, 26.006614190892556], [-111.37104749694257, 26.00661419099201], [-111.37104749695521, 26.006614191090698], [-111.37104749697761, 26.00661419118764], [-111.37104749700953, 26.006614191281876], [-111.37104749705065, 26.006614191372478], [-111.37104749710058, 26.00661419145854], [-111.37104749715881, 26.006614191539217], [-111.37104749722477, 26.006614191613707], [-111.3710474972978, 26.006614191681273], [-111.37104749737719, 26.00661419174125], [-111.37104749746214, 26.006614191793037], [-111.37104749755183, 26.006614191836128], [-111.37104749764534, 26.006614191870096], [-111.37104749774177, 26.0066141918946], [-111.37104749784017, 26.0066141919094], [-111.37104749793953, 26.006614191914352], [-111.3710474980389, 26.006614191909403], [-111.37201309200141, 26.006517767288184], [-111.37297868718845, 26.006498482326833], [-111.37297868728581, 26.006498482320126], [-111.37297868738206, 26.00649848230396], [-111.37377262110218, 26.00632491755959], [-111.37377262120864, 26.006324917548085], [-111.37387990946138, 26.006324917548085], [-111.37387990951349, 26.006324917553734], [-111.37394428249006, 26.006363487495666], [-111.3739442825274, 26.006363487523284], [-111.3741803169172, 26.007848421783006], [-111.37418031691982, 26.00784842182856]]]}}, {"type": "Feature", "id": 1, "properties": {"AMBITO": "R", "AREA": "312.8479899999999816", "COV_": 54321, "COV_ID": 54322, "CVEGEO": "030090118", "CVE_ENT": "03", "CVE_LOC": "0118", "CVE_MUN": "009", "NOM_ENT": "Baja California Sur", "NOM_MAN": "Nopoló", "NOM_MUN": "Loreto", "PERIMETER": "10.1612200000000001"}, "geometry": {"type": "Polygon", "coordinates": [[[-111.360082626, 25.94037104], [-111.360082626, 25.940371041], [-111.357250214, 25.939464134], [-111.357250213, 25.939464134], [-111.356971265, 25.939464134], [-111.356971264, 25.939464134], [-111.356971264, 25.939464135], [-111.356906891, 25.939985124], [-111.356799603, 25.94000442], [-111.356799602, 25.94000442], [-111.35673523, 25.939965828], [-111.356735229, 25.939965828], [-111.35645628, 25.939985124], [-111.355791092, 25.939830757], [-111.355576515, 25.939850053], [-111.355190277, 25.939734277], [-111.354932785, 25.939753573], [-111.354675293, 25.939714981], [-111.354675293, 25.939710158], [-111.354675293, 25.939710157], [-111.354675292, 25.939710157], [-111.354589463, 25.939695685], [-111.354589462, 25.939695685], [-111.354589462, 25.939695686], [-111.354460716, 25.939772869], [-111.354095936, 25.939869348], [-111.353988647, 25.939830757], [-111.353816986, 25.939637798], [-111.353709698, 25.93948343], [-111.35368824, 25.939329063], [-111.35368824, 25.939329062], [-111.353688239, 25.939329062], [-111.353580952, 25.939329062], [-111.353237629, 25.939213286], [-111.353130341, 25.939116806], [-111.353023052, 25.938943142], [-111.352980137, 25.938730886], [-111.352980137, 25.938730885], [-111.352915764, 25.938653701], [-111.352872849, 25.938402852], [-111.352915764, 25.93836426], [-111.352915764, 25.938364259], [-111.353023052, 25.938364259], [-111.35304451, 25.938306371], [-111.353108883, 25.938267779], [-111.353108883, 25.938267778], [-111.353151798, 25.938074817], [-111.353216171, 25.937997632], [-111.353280544, 25.937939744], [-111.353430748, 25.937901151], [-111.353816986, 25.937843263], [-111.354181766, 25.937669597], [-111.354181767, 25.937669597], [-111.35433197, 25.937669597], [-111.35433197, 25.937669596], [-111.354675293, 25.937422604], [-111.354675293, 25.937418745], [-111.354868412, 25.937283671], [-111.354997158, 25.937032819], [-111.354997158, 25.937032818], [-111.355082989, 25.936685484], [-111.355061531, 25.936318852], [-111.355061531, 25.936318851], [-111.355018616, 25.936241665], [-111.355061531, 25.936125887], [-111.355061531, 25.936125886], [-111.355319023, 25.936067997], [-111.355512142, 25.935894328], [-111.355576515, 25.935701363], [-111.355576515, 25.935701362], [-111.355555058, 25.935450507], [-111.355555057, 25.935450507], [-111.355512142, 25.935373321], [-111.355512142, 25.93537332], [-111.355748176, 25.934948794], [-111.355748177, 25.934948794], [-111.355748177, 25.934755827], [-111.355748176, 25.934755827], [-111.355683804, 25.93462075], [-111.355748177, 25.934466376], [-111.355941295, 25.934273408], [-111.355941296, 25.934273408], [-111.356112957, 25.933887471], [-111.356220245, 25.932941921], [-111.356220245, 25.932691059], [-111.356112957, 25.932112146], [-111.35589838, 25.931320959], [-111.355855465, 25.930799932], [-111.355855465, 25.930799931], [-111.355683804, 25.929970141], [-111.355340481, 25.928947369], [-111.355082989, 25.928349139], [-111.353945732, 25.926535134], [-111.35413885, 25.926400049], [-111.35413885, 25.926400048], [-111.354138851, 25.926400048], [-111.354138851, 25.926400047], [-111.35413885, 25.926400047], [-111.352808476, 25.924894787], [-111.352808475, 25.924894787], [-111.352207661, 25.924354432], [-111.350533962, 25.923119326], [-111.34871006, 25.922077195], [-111.34806633, 25.921594724], [-111.346929073, 25.921363137], [-111.34649992, 25.921401735], [-111.34622097, 25.92132454], [-111.34557724, 25.921478931], [-111.345469952, 25.921536827], [-111.345469952, 25.921536828], [-111.345469951, 25.921536828], [-111.345384121, 25.921691219], [-111.345083714, 25.921729816], [-111.344954968, 25.921691219], [-111.344954967, 25.921691219], [-111.344740391, 25.92149823], [-111.344697475, 25.921363137], [-111.344718933, 25.921266643], [-111.344890594, 25.921054354], [-111.344890595, 25.921054354], [-111.344954967, 25.920822766], [-111.344954968, 25.920822766], [-111.345191002, 25.920571879], [-111.345491409, 25.920456085], [-111.345491409, 25.920456084], [-111.345448494, 25.920243795], [-111.345448493, 25.920243795], [-111.34529829, 25.920205197], [-111.345191002, 25.920128], [-111.345019341, 25.920070103], [-111.34501934, 25.920070103], [-111.344633103, 25.920012205], [-111.344633102, 25.920012205], [-111.344504356, 25.920031504], [-111.344354153, 25.91989641], [-111.344332695, 25.919838513], [-111.344439983, 25.919703419], [-111.344439983, 25.919703418], [-111.344439983, 25.919645522], [-111.344439983, 25.919645521], [-111.344439982, 25.919645521], [-111.34437561, 25.91966482], [-111.344311237, 25.919529726], [-111.344354153, 25.919394631], [-111.344439983, 25.919375332], [-111.344439983, 25.919375331], [-111.344482899, 25.91916304], [-111.344482898, 25.91916304], [-111.344311237, 25.918950748], [-111.34428978, 25.918873551], [-111.344289779, 25.918873551], [-111.344289779, 25.91887355], [-111.343903542, 25.918854251], [-111.343903541, 25.918854251], [-111.343581677, 25.918989346], [-111.343581676, 25.918989346], [-111.343345642, 25.918391066], [-111.343195439, 25.918217372], [-111.343195438, 25.918217372], [-111.343195438, 25.918217371], [-111.343109608, 25.918198072], [-111.343109607, 25.918198072], [-111.343002319, 25.918236671], [-111.342959404, 25.918178773], [-111.342895031, 25.917947179], [-111.342895031, 25.917657687], [-111.343002319, 25.91752259], [-111.343624592, 25.91750329], [-111.343817711, 25.917561189], [-111.344203949, 25.917387493], [-111.344482899, 25.917213797], [-111.344740391, 25.916905003], [-111.344740391, 25.916905002], [-111.344847679, 25.916615508], [-111.344847679, 25.916615507], [-111.344954967, 25.915611919], [-111.344976425, 25.914704822], [-111.34521246, 25.914376722], [-111.34521246, 25.914376721], [-111.345319748, 25.914164421], [-111.345319748, 25.91416442], [-111.345405579, 25.913913519], [-111.345469952, 25.913276613], [-111.345877647, 25.913180111], [-111.345963478, 25.913527515], [-111.345963478, 25.913527516], [-111.346135139, 25.913874919], [-111.34613514, 25.913874919], [-111.346564293, 25.914473222], [-111.346886158, 25.914743422], [-111.347830296, 25.91539962], [-111.349482536, 25.91642251], [-111.351821423, 25.918005078], [-111.358044147, 25.921942104], [-111.358044148, 25.921942104], [-111.359803677, 25.923003534], [-111.363794804, 25.925512332], [-111.36484623, 25.926226365], [-111.365704536, 25.926978989], [-111.366734505, 25.928117566], [-111.367228031, 25.928792987], [-111.367614269, 25.929449107], [-111.368515491, 25.931320959], [-111.368751526, 25.932189334], [-111.368858814, 25.933173485], [-111.36890173, 25.935238244], [-111.368772984, 25.937476634], [-111.368794441, 25.939329062], [-111.368708611, 25.940988505], [-111.3671422, 25.941084983], [-111.362228394, 25.940930618], [-111.362335682, 25.940525407], [-111.362013817, 25.939850053], [-111.362013816, 25.939850052], [-111.360833645, 25.939599206], [-111.360211373, 25.940043011], [-111.360211372, 25.940043011], [-111.360211372, 25.940043012], [-111.360168457, 25.940152354], [-111.360168457, 25.940152355], [-111.360168457, 25.940158786], [-111.360082626, 25.94037104]]]}}, {"type": "Feature", "id": 1, "properties": {"AMBITO": "R", "AREA": "6.0045799999999998", "COV_": 54323, "COV_ID": 54324, "CVEGEO": "030090183", "CVE_ENT": "03", "CVE_LOC": "0183", "CVE_MUN": "009", "NOM_ENT": "Baja California Sur", "NOM_MAN": "Tripuí", "NOM_MUN": "Loreto", "PERIMETER": "1.0093600000000000"}, "geometry": {"type": "Polygon", "coordinates": [[[-111.32079362869113, 25.805261676443333], [-111.32079362867393, 25.805261676460464], [-111.31963491442062, 25.80630483774473], [-111.31963491439713, 25.806304837763445], [-111.31963491437162, 25.806304837779166], [-111.3178324699621, 25.807270719676943], [-111.31783246994121, 25.807270719686844], [-111.31783246993822, 25.807270719663848], [-111.31774663925366, 25.80618893142929], [-111.31774663925292, 25.806188931404904], [-111.31774663925454, 25.806188931380913], [-111.31783246993764, 25.80545485518081], [-111.31783246994114, 25.805454855159244], [-111.31783246995191, 25.805454855140283], [-111.31811141966432, 25.805010543664242], [-111.31811141967869, 25.805010543643732], [-111.31811141969703, 25.80501054362637], [-111.31937742231351, 25.80392873474082], [-111.31937742233278, 25.803928734725957], [-111.31937742235203, 25.80392873474083], [-111.3206863403132, 25.805049179476867], [-111.32068634033105, 25.805049179493746], [-111.32068634034324, 25.805049179515194], [-111.32079362868134, 25.805261676421228], [-111.32079362869113, 25.805261676443333]]]}}, {"type": "Feature", "id": 2, "properties": {"AMBITO": "R", "AREA": "32.9125200000000007", "COV_": 54322, "COV_ID": 54323, "CVEGEO": "030090176", "CVE_ENT": "03", "CVE_LOC": "0176", "CVE_MUN": "009", "NOM_ENT": "Baja California Sur", "NOM_MAN": "Puerto Escondido", "NOM_MUN": "Loreto", "PERIMETER": "5.0724900000000002"}, "geometry": {"type": "Polygon", "coordinates": [[[-111.314377785, 25.816330309], [-111.314313412, 25.816272361], [-111.314334869, 25.816214412], [-111.314635276, 25.816195096], [-111.314635277, 25.816195096], [-111.314678192, 25.816137148], [-111.314678192, 25.816137147], [-111.314678192, 25.815847406], [-111.314635277, 25.815712193], [-111.314635277, 25.815712192], [-111.314463615, 25.815596295], [-111.314184666, 25.815461082], [-111.313261986, 25.815209971], [-111.313197614, 25.815229287], [-111.313197613, 25.815229287], [-111.313197613, 25.815229288], [-111.31321907, 25.815480398], [-111.31313324, 25.815499714], [-111.31313324, 25.815094073], [-111.313326359, 25.814669114], [-111.313884258, 25.814186205], [-111.313884258, 25.814186204], [-111.313884258, 25.814186203], [-111.313712597, 25.81399304], [-111.313712596, 25.81399304], [-111.313154697, 25.814398685], [-111.313154697, 25.814244155], [-111.313154697, 25.814244154], [-111.313154696, 25.814244154], [-111.313090325, 25.814244154], [-111.313090324, 25.814244154], [-111.313068867, 25.814379368], [-111.312961579, 25.814398685], [-111.312961578, 25.814398685], [-111.312918663, 25.814572532], [-111.312789917, 25.814649798], [-111.312317848, 25.814514583], [-111.312124729, 25.814379369], [-111.312124729, 25.814379368], [-111.311888695, 25.814321419], [-111.311888694, 25.814321419], [-111.311802864, 25.814379368], [-111.310966015, 25.814147571], [-111.310901642, 25.814108938], [-111.310858727, 25.813973723], [-111.311137676, 25.813857824], [-111.311244964, 25.813780559], [-111.311244965, 25.813780559], [-111.311244965, 25.813780558], [-111.311459541, 25.813259012], [-111.311459541, 25.813259011], [-111.311395168, 25.813181746], [-111.311395168, 25.813181745], [-111.311159134, 25.812679513], [-111.310858727, 25.812351129], [-111.310858726, 25.812351129], [-111.310622692, 25.812196595], [-111.31008625, 25.811984111], [-111.31008625, 25.81198411], [-111.309807301, 25.811964794], [-111.3098073, 25.811964794], [-111.309421063, 25.812003427], [-111.309421062, 25.812003427], [-111.309142113, 25.812061378], [-111.308820248, 25.812196595], [-111.308541298, 25.812409079], [-111.308283806, 25.812776096], [-111.307811737, 25.812544296], [-111.307446957, 25.811308021], [-111.307361126, 25.810709195], [-111.30759716, 25.810516025], [-111.307618618, 25.810438757], [-111.307532787, 25.810052416], [-111.307940483, 25.809975147], [-111.308133602, 25.81080578], [-111.308133603, 25.81080578], [-111.309549808, 25.810728512], [-111.309549809, 25.810728512], [-111.309592724, 25.811230752], [-111.309592724, 25.811230753], [-111.309592725, 25.811230753], [-111.310408115, 25.811114852], [-111.311395168, 25.81080578], [-111.313798427, 25.809627439], [-111.313798428, 25.809627439], [-111.313798428, 25.809627438], [-111.313841343, 25.809569487], [-111.314527988, 25.809762659], [-111.315364838, 25.810149001], [-111.315879822, 25.810593293], [-111.316351891, 25.811134169], [-111.317059994, 25.812235228], [-111.317059994, 25.812235229], [-111.31727457, 25.812486346], [-111.317532063, 25.813007896], [-111.317124367, 25.813143112], [-111.316931248, 25.813143112], [-111.31618023, 25.81293063], [-111.316180229, 25.81293063], [-111.316072941, 25.813201062], [-111.315729619, 25.813104479], [-111.315729618, 25.813104479], [-111.315729618, 25.81310448], [-111.315708161, 25.813220378], [-111.315708161, 25.813220379], [-111.315901279, 25.813278328], [-111.315965652, 25.813355595], [-111.316072941, 25.813799875], [-111.316180229, 25.814012356], [-111.316115857, 25.814089622], [-111.316115856, 25.814089622], [-111.316115856, 25.814089623], [-111.316137314, 25.814147571], [-111.316137315, 25.814147571], [-111.316244602, 25.814147571], [-111.316330433, 25.814224837], [-111.316609383, 25.814842961], [-111.31654501, 25.815345184], [-111.31654501, 25.815345185], [-111.316480637, 25.815557663], [-111.316416264, 25.815654244], [-111.316330433, 25.815712193], [-111.316008568, 25.815750825], [-111.315858364, 25.815596295], [-111.315836906, 25.814958859], [-111.315686703, 25.814553216], [-111.315321922, 25.813954407], [-111.315021515, 25.81360671], [-111.315042973, 25.813432861], [-111.31534338, 25.813220379], [-111.315600871, 25.813220379], [-111.315600872, 25.813220379], [-111.315600872, 25.813220378], [-111.315643787, 25.813085163], [-111.315643787, 25.813085162], [-111.315643786, 25.813085162], [-111.315321922, 25.812988579], [-111.315364837, 25.812834047], [-111.315364837, 25.812834046], [-111.31525755, 25.81281473], [-111.315257549, 25.81281473], [-111.315150261, 25.813104479], [-111.314785481, 25.813336278], [-111.31478548, 25.813336278], [-111.314356327, 25.813259012], [-111.314163208, 25.813027213], [-111.314291954, 25.812563614], [-111.314291954, 25.812563613], [-111.314291953, 25.812563613], [-111.313776971, 25.812409079], [-111.31377697, 25.812409079], [-111.31377697, 25.81240908], [-111.313540936, 25.813162428], [-111.313540936, 25.813162429], [-111.313540937, 25.813162429], [-111.314249039, 25.813355595], [-111.314313412, 25.81354876], [-111.313798428, 25.81393509], [-111.313798428, 25.813935091], [-111.313970088, 25.814128254], [-111.313970089, 25.814128254], [-111.313970089, 25.814128255], [-111.31397009, 25.814128255], [-111.31397009, 25.814128254], [-111.314485073, 25.813780558], [-111.314828396, 25.813857824], [-111.314957142, 25.81399304], [-111.315214634, 25.814437318], [-111.315450668, 25.815209971], [-111.315407753, 25.815557663], [-111.315236092, 25.815905354], [-111.314914227, 25.81617578], [-111.31469965, 25.816291677], [-111.314377785, 25.816330309]]]}}, {"type": "Feature", "id": 1, "properties": {"AMBITO": "R", "AREA": "34.0240399999999994", "COV_": 54318, "COV_ID": 54319, "CVEGEO": "030090161", "CVE_ENT": "03", "CVE_LOC": "0161", "CVE_MUN": "009", "NOM_ENT": "Baja California Sur", "NOM_MAN": "Ligüí", "NOM_MUN": "Loreto", "PERIMETER": "3.7847300000000001"}, "geometry": {"type": "Polygon", "coordinates": [[[-111.2758183479295, 25.73674066046844], [-111.27581834791891, 25.73674066048951], [-111.27521753312485, 25.737803753127558], [-111.27521753311044, 25.737803753150118], [-111.27521753309156, 25.737803753169054], [-111.27455234554316, 25.73840294641395], [-111.27455234547323, 25.738402946483486], [-111.27455234541048, 25.73840294655957], [-111.27455234535554, 25.738402946641465], [-111.27455234530895, 25.73840294672837], [-111.27455234527112, 25.73840294681945], [-111.27455234524245, 25.738402946913805], [-111.27455234522323, 25.738402947010528], [-111.27450942993542, 25.738692877885185], [-111.27450942993048, 25.738692877909845], [-111.27450942990895, 25.738692877922947], [-111.27440214270082, 25.73875086346638], [-111.27440214261894, 25.73875086351584], [-111.27440214254214, 25.7387508635729], [-111.27440214247116, 25.738750863637033], [-111.27440214240663, 25.73875086370766], [-111.27440214234915, 25.73875086378413], [-111.27440214229922, 25.73875086386574], [-111.27440214225733, 25.73875086395175], [-111.27440214222385, 25.738750864041368], [-111.2744021421991, 25.738750864133774], [-111.27440214218328, 25.738750864228127], [-111.27440214217654, 25.738750864323556], [-111.27440214217896, 25.738750864419192], [-111.27440214219051, 25.73875086451416], [-111.27440214221107, 25.738750864607592], [-111.27440214224049, 25.738750864698627], [-111.27440214227845, 25.73875086478644], [-111.27440214232463, 25.73875086487022], [-111.27440214237862, 25.738750864949203], [-111.2744021424399, 25.738750865022666], [-111.27491712568548, 25.739311395541563], [-111.2749171257002, 25.73931139555923], [-111.27491712568155, 25.739311395572486], [-111.27410173423823, 25.73983326727256], [-111.2741017341639, 25.739833267325043], [-111.27410173409467, 25.73983326738406], [-111.27352237769405, 25.740374464612117], [-111.27352237762456, 25.74037446468385], [-111.27352237756259, 25.740374464762155], [-111.27352237750871, 25.740374464846255], [-111.27352237746351, 25.740374464935307], [-111.27352237742741, 25.740374465028424], [-111.27352237740078, 25.740374465124678], [-111.27352237738388, 25.740374465223105], [-111.27352237737689, 25.74037446532273], [-111.27352237737986, 25.740374465422555], [-111.27352237739278, 25.740374465521587], [-111.27352237741552, 25.740374465618835], [-111.27352237744783, 25.74037446571333], [-111.27352237748941, 25.74037446580413], [-111.27352237753985, 25.74037446589033], [-111.27352237759862, 25.740374465971072], [-111.27403736113, 25.741012302476594], [-111.27403736114331, 25.741012302494806], [-111.27403736112323, 25.741012302505155], [-111.27234220506979, 25.74178543395342], [-111.27234220504808, 25.741785433962075], [-111.27234220503516, 25.741785433942717], [-111.27146244050294, 25.74031647989348], [-111.2714624404922, 25.740316479873425], [-111.27146244051077, 25.740316479859985], [-111.2723207466481, 25.73975595360623], [-111.27232074672536, 25.739755953550354], [-111.27232074679692, 25.73975595348738], [-111.27232074686218, 25.73975595341787], [-111.27232074692051, 25.739755953342467], [-111.2723207469714, 25.73975595326185], [-111.27232074701439, 25.73975595317675], [-111.27232074704908, 25.739755953087947], [-111.27232074707514, 25.739755952996244], [-111.27232074709237, 25.739755952902474], [-111.27232074710057, 25.739755952807492], [-111.2723207470997, 25.73975595271216], [-111.27232074708975, 25.739755952617344], [-111.27232074707082, 25.739755952523904], [-111.27232074704308, 25.739755952432695], [-111.27232074700677, 25.73975595234454], [-111.27191305161543, 25.738886165043454], [-111.27191305160662, 25.73888616502204], [-111.2719130516242, 25.738886165006853], [-111.27240657715657, 25.738499591196028], [-111.27240657723262, 25.73849959113003], [-111.27240657730162, 25.73849959105672], [-111.27240657736293, 25.738499590976843], [-111.27240657741588, 25.738499590891205], [-111.27240657745995, 25.738499590800675], [-111.27240657749469, 25.738499590706176], [-111.27240657751976, 25.73849959060866], [-111.2724065775349, 25.738499590509118], [-111.27240657753994, 25.73849959040856], [-111.27240657753484, 25.738499590308002], [-111.27240657751966, 25.738499590208466], [-111.27240657749456, 25.738499590110962], [-111.27240657745978, 25.738499590016477], [-111.27240657741567, 25.73849958992597], [-111.27240657736267, 25.738499589840355], [-111.27240657730134, 25.738499589760504], [-111.27240657723229, 25.738499589687226], [-111.27141952516244, 25.737552477572173], [-111.2714195251473, 25.737552477556303], [-111.27141952513512, 25.737552477537914], [-111.27071142207241, 25.736373408235213], [-111.27071142201589, 25.736373408151096], [-111.27071142195116, 25.736373408073128], [-111.27071142187889, 25.736373408002112], [-111.27071142179977, 25.736373407938775], [-111.2700676924057, 25.73590950909118], [-111.27006769232325, 25.735909509037718], [-111.27006769223597, 25.735909508992606], [-111.27006769214466, 25.735909508956276], [-111.27006769205025, 25.735909508929083], [-111.27006769195361, 25.73590950891129], [-111.27006769185569, 25.735909508903067], [-111.27006769175743, 25.73590950890449], [-111.2700676916598, 25.735909508915555], [-111.27006769156372, 25.735909508936142], [-111.27006769147013, 25.735909508966063], [-111.27006769137992, 25.735909509005026], [-111.27006769129397, 25.73590950905265], [-111.27006769121311, 25.73590950910848], [-111.26920938568227, 25.736566698357137], [-111.26920938560913, 25.736566698418912], [-111.26920938554224, 25.736566698487398], [-111.2692093854822, 25.736566698561965], [-111.26920938542956, 25.736566698641933], [-111.26920938538481, 25.73656669872657], [-111.26920938534836, 25.736566698815096], [-111.26920938532055, 25.736566698906703], [-111.26920938530162, 25.736566699000548], [-111.26920938529175, 25.736566699095775], [-111.26920938529103, 25.73656669919151], [-111.26920938529948, 25.736566699286872], [-111.269209385317, 25.73656669938099], [-111.26920938534343, 25.736566699473006], [-111.26920938537856, 25.73656669956207], [-111.26920938542203, 25.736566699647362], [-111.26920938547346, 25.73656669972811], [-111.26950979231411, 25.736991937759207], [-111.2695097923264, 25.736991937778487], [-111.269509792309, 25.736991937793302], [-111.26725673677537, 25.738731535342588], [-111.26725673675547, 25.73873153535641], [-111.26725673673687, 25.738731535340587], [-111.26678466798735, 25.73828697397176], [-111.26678466797, 25.73828697395367], [-111.26678466796876, 25.738286973928993], [-111.26678466796876, 25.737571806491275], [-111.26678466796987, 25.73757180646808], [-111.26678466798646, 25.737571806452095], [-111.26916646878144, 25.73548426664233], [-111.26916646885013, 25.735484266576062], [-111.26916646891219, 25.735484266503548], [-111.26916646896707, 25.735484266425445], [-111.26916646901424, 25.735484266342468], [-111.26916646905329, 25.73548426625537], [-111.26916646908386, 25.73548426616495], [-111.26916646910566, 25.73548426607202], [-111.2691664691185, 25.73548426597744], [-111.26916646912227, 25.735484265882068], [-111.26916646911694, 25.735484265786766], [-111.26916646910253, 25.73548426569241], [-111.2691664690792, 25.735484265599858], [-111.26916646904715, 25.73548426550995], [-111.26916646900668, 25.735484265423505], [-111.26916646895815, 25.735484265341317], [-111.269166468902, 25.73548426526413], [-111.26916646883875, 25.735484265192643], [-111.26809358598466, 25.734382493686777], [-111.26809358596948, 25.73438249366962], [-111.26809358598283, 25.73438249365092], [-111.26856565472306, 25.73378327993797], [-111.26856565478198, 25.73378327985479], [-111.26899480818338, 25.733106744611216], [-111.26899480819777, 25.73310674459089], [-111.26899480822235, 25.73310674458741], [-111.26942396161554, 25.73306808531508], [-111.26942396163892, 25.7330680853141], [-111.26942396165487, 25.73306808533125], [-111.26983165736551, 25.733551325316473], [-111.26983165746053, 25.733551325414627], [-111.27017498006416, 25.73386059788408], [-111.2701749801326, 25.733860597940442], [-111.27017498020575, 25.733860597990518], [-111.27017498028306, 25.73386059803392], [-111.27071142188802, 25.734131210803195], [-111.270711421968, 25.73413121083923], [-111.27071142205084, 25.73413121086812], [-111.27199888227166, 25.734517799580615], [-111.27199888229335, 25.73451779958823], [-111.27199888231414, 25.73451779959775], [-111.27229928967495, 25.73467243471834], [-111.27229928972973, 25.73467243475113], [-111.27266406990117, 25.734923716258507], [-111.27266406997758, 25.734923716306223], [-111.27266407005798, 25.734923716346866], [-111.27266407014173, 25.734923716380106], [-111.27266407022812, 25.734923716405678], [-111.27266407031645, 25.734923716423367], [-111.27266407040602, 25.734923716433038], [-111.27420902249841, 25.735020363073886], [-111.27420902252149, 25.73502036307643], [-111.27420902253813, 25.73502036309262], [-111.27581834791427, 25.73674066045046], [-111.2758183479295, 25.73674066046844]]]}}, {"type": "Feature", "id": 1, "properties": {"AMBITO": "R", "AREA": "33.6745999999999981", "COV_": 54324, "COV_ID": 54325, "CVEGEO": "030090156", "CVE_ENT": "03", "CVE_LOC": "0156", "CVE_MUN": "009", "NOM_ENT": "Baja California Sur", "NOM_MAN": "Ensenada Blanca", "NOM_MUN": "Loreto", "PERIMETER": "3.1546900000000000"}, "geometry": {"type": "Polygon", "coordinates": [[[-111.25888824462714, 25.73061319549287], [-111.25888824461043, 25.730613195508134], [-111.25672101976316, 25.73241087566929], [-111.25672101974492, 25.73241087568301], [-111.2567210197272, 25.73241087566835], [-111.25459671084121, 25.730477885709877], [-111.25459671076283, 25.730477885645506], [-111.25459671067833, 25.730477885589405], [-111.25459671058857, 25.730477885542157], [-111.2545967104945, 25.73047788550424], [-111.25459671039707, 25.73047788547605], [-111.25459671029728, 25.730477885457873], [-111.25459671019617, 25.730477885449897], [-111.25459671009476, 25.730477885452206], [-111.25459670999412, 25.730477885464776], [-111.25459670989527, 25.730477885487474], [-111.25459670979922, 25.73047788552007], [-111.25459670970696, 25.73047788556223], [-111.25459670961946, 25.730477885613517], [-111.2545967095376, 25.7304778856734], [-111.25350236894609, 25.731367064673623], [-111.25350236892655, 25.73136706468797], [-111.25350236890253, 25.731367064691405], [-111.25288009645898, 25.73142505442711], [-111.25288009643587, 25.73142505442817], [-111.25288009641702, 25.73142505441491], [-111.25210762025915, 25.73082582576554], [-111.25210762024108, 25.730825825750003], [-111.25210762025722, 25.73082582573254], [-111.25260114591403, 25.73034257538296], [-111.25260114598049, 25.73034257531119], [-111.25260114603961, 25.730342575233276], [-111.25260114609084, 25.730342575149955], [-111.2526011461337, 25.730342575062025], [-111.25260114616775, 25.730342574970333], [-111.25260114619267, 25.730342574875753], [-111.25260114620825, 25.730342574779186], [-111.25260114621432, 25.730342574681565], [-111.25260114621081, 25.730342574583815], [-111.25260114619778, 25.730342574486876], [-111.25260114617534, 25.730342574391674], [-111.25260114614369, 25.73034257429912], [-111.25260114610316, 25.7303425742101], [-111.25260114605413, 25.730342574125462], [-111.25260114599708, 25.73034257404602], [-111.25260114593252, 25.730342573972536], [-111.25260114586109, 25.730342573905713], [-111.25150680543761, 25.729414726945226], [-111.25150680542083, 25.729414726929615], [-111.25150680541077, 25.72941472690878], [-111.25139951714091, 25.72916343379383], [-111.25139951709595, 25.729163433701856], [-111.25139951704182, 25.729163433614968], [-111.25139951697908, 25.729163433534065], [-111.2513995169084, 25.729163433460002], [-111.25097036368417, 25.72875749716925], [-111.25097036361434, 25.728757497109047], [-111.25097036353927, 25.72875749705553], [-111.24953269964804, 25.727829637091613], [-111.2495326995836, 25.727829637053365], [-111.24953269951646, 25.727829637020047], [-111.24828815462413, 25.727269051435673], [-111.24828815460276, 25.727269051424766], [-111.24828815458531, 25.72726905140812], [-111.24815940858306, 25.72713373727261], [-111.24815940856989, 25.727133737257624], [-111.24815940855818, 25.72713373724195], [-111.24788045884523, 25.726727793851172], [-111.24788045883314, 25.726727793831646], [-111.24788045884577, 25.72672779381251], [-111.24845981591153, 25.72593523371605], [-111.24845981597335, 25.72593523362051], [-111.24845981602391, 25.725935233518562], [-111.24856710432934, 25.725683932966692], [-111.24856710434072, 25.725683932943504], [-111.24856710436052, 25.725683932926948], [-111.24869585035349, 25.725587278707266], [-111.24869585037241, 25.72558727869441], [-111.24869585039325, 25.725587278704346], [-111.24970436093545, 25.72612854146441], [-111.24970436096086, 25.726128541480087], [-111.24970436098428, 25.726128541498756], [-111.25058412487375, 25.72692109981696], [-111.25058412494752, 25.72692109987729], [-111.25058412502668, 25.726921099930333], [-111.25058412511054, 25.7269210999756], [-111.25058412519832, 25.726921100012675], [-111.25058412528924, 25.72692110004123], [-111.25058412538245, 25.726921100061002], [-111.25058412547713, 25.72692110007181], [-111.2505841255724, 25.726921100073557], [-111.25058412566742, 25.726921100066228], [-111.25058412576129, 25.72692110004989], [-111.2505841258532, 25.726921100024686], [-111.25058412594228, 25.726921099990854], [-111.25058412602773, 25.726921099948694], [-111.25058412610879, 25.72692109989859], [-111.25058412618472, 25.726921099841004], [-111.25118494031909, 25.72641850268763], [-111.25118494033815, 25.726418502673244], [-111.25118494035723, 25.7264185026878], [-111.25152826241685, 25.72670846258744], [-111.25152826249348, 25.72670846264605], [-111.25152826257538, 25.726708462697015], [-111.25152826266182, 25.72670846273985], [-111.25152826275198, 25.726708462774155], [-111.25152826284503, 25.72670846279961], [-111.2515282629401, 25.726708462815985], [-111.25152826303629, 25.726708462823122], [-111.25152826313274, 25.72670846282096], [-111.25152826322852, 25.72670846280951], [-111.25152826332277, 25.726708462788885], [-111.25152826341457, 25.726708462759277], [-111.2515282635031, 25.72670846272096], [-111.25152826358753, 25.72670846267429], [-111.25152826366707, 25.7267084626197], [-111.25152826374098, 25.726708462557706], [-111.25234365461458, 25.72595456444001], [-111.25234365463281, 25.725954564424747], [-111.25234365465472, 25.72595456443347], [-111.25429630277327, 25.72684377779911], [-111.25429630279476, 25.726843777810195], [-111.25429630281535, 25.72684377782351], [-111.255884170512, 25.727984280881643], [-111.25588417053144, 25.727984280897125], [-111.25588417054915, 25.727984280914374], [-111.2566566467123, 25.728815488101226], [-111.2566566467275, 25.72881548811925], [-111.25665664673491, 25.728815488141663], [-111.25693559604728, 25.729820659674367], [-111.25693559607889, 25.729820659769466], [-111.25693559611985, 25.72982065986092], [-111.25693559616975, 25.72982065994782], [-111.2569355962281, 25.729820660029286], [-111.25693559629433, 25.729820660104505], [-111.25693559636774, 25.729820660172717], [-111.2569355964476, 25.729820660233237], [-111.25693559653314, 25.729820660285462], [-111.25693559662345, 25.729820660328866], [-111.25693559671767, 25.72982066036301], [-111.25693559681483, 25.729820660387553], [-111.25693559691396, 25.72982066040225], [-111.25693559701405, 25.729820660406954], [-111.25693559711412, 25.72982066040161], [-111.25693559721316, 25.729820660386284], [-111.25693559731016, 25.72982066036112], [-111.25693559740415, 25.729820660326375], [-111.25693559749419, 25.729820660282396], [-111.25693559757939, 25.729820660229628], [-111.25693559765887, 25.729820660168595], [-111.2573218345461, 25.729492047862646], [-111.2573218345643, 25.729492047848595], [-111.25732183458344, 25.729492047860983], [-111.2588882446094, 25.73061319547883], [-111.25888824462714, 25.73061319549287]]]}}, {"type": "Feature", "id": 2, "properties": {"AMBITO": "R", "AREA": "34.0240399999999994", "COV_": 54318, "COV_ID": 54319, "CVEGEO": "030090161", "CVE_ENT": "03", "CVE_LOC": "0161", "CVE_MUN": "009", "NOM_ENT": "Baja California Sur", "NOM_MAN": "Ligüí", "NOM_MUN": "Loreto", "PERIMETER": "3.7847300000000001"}, "geometry": {"type": "MultiPolygon", "coordinates": [[[[-111.27227783203021, 25.73838361787664], [-111.27227783201378, 25.73838361786221], [-111.27141952516209, 25.737552477571974], [-111.27141952514724, 25.737552477556285], [-111.27141952513536, 25.737552477538333], [-111.27071142207241, 25.736373408235213], [-111.27071142201589, 25.736373408151096], [-111.27071142195116, 25.736373408073128], [-111.27071142187889, 25.736373408002112], [-111.27071142179977, 25.736373407938775], [-111.2700676924057, 25.73590950909118], [-111.27006769232325, 25.735909509037718], [-111.27006769223597, 25.735909508992606], [-111.27006769214466, 25.735909508956276], [-111.27006769205025, 25.735909508929083], [-111.27006769195361, 25.73590950891129], [-111.27006769185569, 25.735909508903067], [-111.27006769175743, 25.73590950890449], [-111.2700676916598, 25.735909508915555], [-111.27006769156372, 25.735909508936142], [-111.27006769147013, 25.735909508966063], [-111.27006769137992, 25.735909509005026], [-111.27006769129397, 25.73590950905265], [-111.27006769121311, 25.73590950910848], [-111.26920938568227, 25.736566698357137], [-111.26920938560913, 25.736566698418912], [-111.26920938554224, 25.736566698487398], [-111.2692093854822, 25.736566698561965], [-111.26920938542956, 25.736566698641933], [-111.26920938538481, 25.73656669872657], [-111.26920938534836, 25.736566698815096], [-111.26920938532055, 25.736566698906703], [-111.26920938530162, 25.736566699000548], [-111.26920938529175, 25.736566699095775], [-111.26920938529103, 25.73656669919151], [-111.26920938529948, 25.736566699286872], [-111.269209385317, 25.73656669938099], [-111.26920938534343, 25.736566699473006], [-111.26920938537856, 25.73656669956207], [-111.26920938542203, 25.736566699647362], [-111.26920938547346, 25.73656669972811], [-111.26950979231411, 25.736991937759207], [-111.2695097923264, 25.736991937778487], [-111.269509792309, 25.736991937793302], [-111.26725673677542, 25.738731535342556], [-111.26725673675547, 25.738731535356404], [-111.26725673673702, 25.738731535340655], [-111.26639842988838, 25.737919726339772], [-111.26639842987231, 25.737919726323007], [-111.26639842988905, 25.737919726306757], [-111.26916646878428, 25.735484266642516], [-111.26916646885277, 25.7354842665762], [-111.26916646891463, 25.73548426650366], [-111.26916646896932, 25.735484266425562], [-111.26916646901631, 25.735484266342613], [-111.26916646905518, 25.73548426625556], [-111.2691664690856, 25.735484266165205], [-111.26916646910726, 25.735484266072366], [-111.26916646912, 25.73548426597788], [-111.26916646912368, 25.735484265882615], [-111.26916646911826, 25.735484265787434], [-111.26916646910381, 25.7354842656932], [-111.26916646908045, 25.735484265600768], [-111.26916646904839, 25.735484265510983], [-111.26916646900793, 25.735484265424656], [-111.26916646895943, 25.735484265342578], [-111.26916646890334, 25.73548426526549], [-111.26916646884015, 25.735484265194092], [-111.26809358598466, 25.734382493686777], [-111.26809358596948, 25.73438249366962], [-111.26809358598283, 25.73438249365092], [-111.26856565472306, 25.73378327993797], [-111.26856565478198, 25.73378327985479], [-111.26899480818338, 25.733106744611216], [-111.26899480819777, 25.73310674459089], [-111.26899480822235, 25.73310674458741], [-111.26942396161554, 25.73306808531508], [-111.26942396163892, 25.7330680853141], [-111.26942396165487, 25.73306808533125], [-111.26983165736551, 25.733551325316473], [-111.26983165746053, 25.733551325414627], [-111.27017498006416, 25.73386059788408], [-111.2701749801326, 25.733860597940442], [-111.27017498020575, 25.733860597990518], [-111.27017498028306, 25.73386059803392], [-111.27071142188802, 25.734131210803195], [-111.270711421968, 25.73413121083923], [-111.27071142205084, 25.73413121086812], [-111.27199888227453, 25.734517799581475], [-111.27199888229343, 25.734517799587987], [-111.2719988823117, 25.734517799595963], [-111.27227783200838, 25.734653105339657], [-111.27227783203, 25.734653105351533], [-111.27227783203126, 25.734653105376225], [-111.27227783203126, 25.73838361785493], [-111.27227783203021, 25.73838361787664]]], [[[-111.27227783203017, 25.739775281685603], [-111.27227783203126, 25.739775281707953], [-111.27227783203126, 25.741669464538845], [-111.2722778320302, 25.74166946456014], [-111.27227783201835, 25.741669464542518], [-111.27146244050304, 25.74031647989351], [-111.2714624404922, 25.740316479873403], [-111.27146244051059, 25.740316479859896], [-111.2722778320108, 25.739775281697128], [-111.27227783203017, 25.739775281685603]]], [[[-111.27227783203031, 25.739659310318018], [-111.27227783202099, 25.7396593103005], [-111.27191305161541, 25.738886165043258], [-111.27191305160662, 25.738886165022027], [-111.2719130516241, 25.73888616500672], [-111.27227783201212, 25.738596234252473], [-111.2722778320302, 25.738596234239495], [-111.27227783203126, 25.738596234261486], [-111.27227783203126, 25.739659310298237], [-111.27227783203031, 25.739659310318018]]]]}}, {"type": "Feature", "id": 1, "properties": {"AMBITO": "R", "AREA": "63.1548799999999986", "COV_": 54319, "COV_ID": 54320, "CVEGEO": "030090222", "CVE_ENT": "03", "CVE_LOC": "0222", "CVE_MUN": "009", "NOM_ENT": "Baja California Sur", "NOM_MAN": "Puerto Agua Verde", "NOM_MUN": "Loreto", "PERIMETER": "4.3326200000000004"}, "geometry": {"type": "Polygon", "coordinates": [[[-111.07308626174783, 25.516088892712254], [-111.07308626174266, 25.51608889273809], [-111.07295751572255, 25.516592376025322], [-111.0729575157159, 25.516592376046937], [-111.07295751569687, 25.516592376034907], [-111.07160568239692, 25.515643501863202], [-111.07160568234819, 25.515643501831082], [-111.07003927238264, 25.514675255178616], [-111.07003927230666, 25.514675255136105], [-111.07003927222726, 25.51467525510036], [-111.06819391262471, 25.513939382454403], [-111.06819391254484, 25.51393938242641], [-111.0681939124629, 25.513939382405272], [-111.06819391237946, 25.513939382391136], [-111.06619834902347, 25.5136876354422], [-111.06619834900046, 25.51368763543813], [-111.06619834900476, 25.51368763541502], [-111.0662627220092, 25.513416522755424], [-111.06626272201669, 25.51341652272998], [-111.06626272203182, 25.513416522708162], [-111.06641292570706, 25.513222870435914], [-111.06641292572088, 25.513222870419597], [-111.06641292573839, 25.51322287040736], [-111.06677770574235, 25.512990487491418], [-111.06677770582328, 25.51299048743403], [-111.06677770589812, 25.51299048736891], [-111.06677770596613, 25.51299048729669], [-111.06677770602667, 25.51299048721809], [-111.06677770607911, 25.512990487133877], [-111.06677770612295, 25.51299048704488], [-111.06677770615775, 25.51299048695198], [-111.06677770618319, 25.51299048685609], [-111.06677770619899, 25.51299048675815], [-111.06679916381572, 25.512796834260516], [-111.06679916381944, 25.512796834237303], [-111.06679916384095, 25.512796834227217], [-111.06703519788672, 25.512700007753836], [-111.0670351979741, 25.512700007712958], [-111.06703519805716, 25.51270000766385], [-111.06703519813507, 25.51270000760697], [-111.06703519820715, 25.512700007542843], [-111.0670351982727, 25.51270000747207], [-111.06703519833115, 25.51270000739531], [-111.06703519838192, 25.512700007313274], [-111.0671424864055, 25.512506354455372], [-111.06714248644741, 25.512506354370487], [-111.0671424864811, 25.512506354282017], [-111.06714248650628, 25.51250635419076], [-111.06714248652271, 25.51250635409753], [-111.06714248653026, 25.512506354003165], [-111.06714248652884, 25.512506353908506], [-111.06714248651848, 25.51250635381441], [-111.06709957123186, 25.512235238801015], [-111.06709957122926, 25.512235238777173], [-111.06709957124215, 25.512235238757068], [-111.06729268994641, 25.511964123251463], [-111.06729268999737, 25.511964123172284], [-111.06729269004066, 25.511964123088664], [-111.06729269007589, 25.51196412300134], [-111.06729269010275, 25.511964122911092], [-111.067292690121, 25.511964122818718], [-111.06729269013047, 25.511964122725036], [-111.0672926901311, 25.51196412263088], [-111.06729269012287, 25.51196412253708], [-111.06729269010586, 25.51196412244447], [-111.06729269008021, 25.511964122353874], [-111.06729269004614, 25.51196412226609], [-111.06720685987304, 25.511770468775705], [-111.06720685982702, 25.511770468684723], [-111.067206859772, 25.511770468598897], [-111.0672068597085, 25.51177046851912], [-111.06720685963722, 25.511770468446226], [-111.0672068595589, 25.511770468380966], [-111.06720685947433, 25.511770468324023], [-111.0672068593844, 25.511770468275987], [-111.06720685929004, 25.511770468237355], [-111.06720685919225, 25.511770468208532], [-111.06720685909202, 25.51177046818982], [-111.06720685899042, 25.511770468181407], [-111.06720685888848, 25.511770468183382], [-111.06583356859717, 25.511867295497954], [-111.06583356857368, 25.51186729549847], [-111.0658335685619, 25.51186729547822], [-111.06536149985943, 25.5109571153205], [-111.06536149980634, 25.510957115230074], [-111.06536149974407, 25.510957115145704], [-111.0653614996733, 25.510957115068322], [-111.06512546541076, 25.510724727626645], [-111.0651254653943, 25.510724727608746], [-111.06512546539308, 25.510724727584517], [-111.06512546539308, 25.510318048303127], [-111.06512546539426, 25.51031804827905], [-111.0651254654067, 25.510318048258203], [-111.0653185842531, 25.510027562483593], [-111.06531858430141, 25.51002756240298], [-111.06531858434192, 25.510027562318182], [-111.0653185843743, 25.510027562229954], [-111.06531858439824, 25.51002756213908], [-111.06531858441355, 25.51002756204636], [-111.0653185844201, 25.51002756195261], [-111.06531858441781, 25.51002756185866], [-111.06527566909965, 25.509427222098957], [-111.06527566909914, 25.509427222075942], [-111.0652756691222, 25.509427222077523], [-111.06576919499572, 25.509485319571215], [-111.06576919509828, 25.50948531957797], [-111.065769195201, 25.50948531957416], [-111.06576919530278, 25.50948531955983], [-111.06576919540255, 25.509485319535127], [-111.06576919549926, 25.50948531950031], [-111.06576919559188, 25.509485319455756], [-111.06576919567944, 25.509485319401925], [-111.065769195761, 25.509485319339394], [-111.06576919583573, 25.50948531926882], [-111.06576919590282, 25.509485319190944], [-111.06606960280125, 25.509098002235145], [-111.06606960286126, 25.509098002148754], [-111.06606960291185, 25.509098002056533], [-111.0660696029525, 25.509098001959508], [-111.06606960298271, 25.509098001858753], [-111.06606960300218, 25.509098001755383], [-111.06615543364316, 25.50845892531295], [-111.06615543365099, 25.50845892522607], [-111.06615543365122, 25.50845892513884], [-111.06613397598775, 25.507936041805042], [-111.06613397598102, 25.507936041723248], [-111.0661339759676, 25.50793604164228], [-111.06613397594761, 25.507936041562687], [-111.06604814536239, 25.507645550070073], [-111.06604814533138, 25.507645549980882], [-111.0660481452921, 25.50764554989501], [-111.0660481452449, 25.507645549813226], [-111.0660481451902, 25.507645549736257], [-111.06604814512848, 25.50764554966479], [-111.06591939980288, 25.507509987309216], [-111.06591939973416, 25.507509987243424], [-111.06591939965948, 25.50750998718446], [-111.06591939957954, 25.507509987132856], [-111.06591939949507, 25.507509987089087], [-111.06591939940681, 25.507509987053542], [-111.06591939931558, 25.507509987026545], [-111.0659193992222, 25.50750998700834], [-111.0659193991275, 25.507509986999093], [-111.06591939903235, 25.507509986998887], [-111.06591939893762, 25.507509987007726], [-111.06591939884416, 25.50750998702553], [-111.06591939875281, 25.50750998705213], [-111.0659193986644, 25.507509987087293], [-111.06591939857974, 25.507509987130703], [-111.0654473305895, 25.50778111272054], [-111.06544733051554, 25.50778111276744], [-111.06544733044596, 25.507781112820634], [-111.0654473303813, 25.507781112879712], [-111.06503963472247, 25.50818780069162], [-111.06503963470439, 25.508187800707912], [-111.06503963468285, 25.50818780069681], [-111.06473922786273, 25.508013506383364], [-111.06473922777677, 25.5080135063389], [-111.06473922768691, 25.508013506302962], [-111.064739227594, 25.508013506275873], [-111.06473922749892, 25.508013506257893], [-111.06473922740253, 25.50801350624919], [-111.06473922730575, 25.508013506249842], [-111.06473922720949, 25.50801350625985], [-111.06473922711466, 25.508013506279113], [-111.06473922702212, 25.508013506307453], [-111.06473922693276, 25.508013506344607], [-111.06473922684741, 25.508013506390224], [-111.06473922676686, 25.508013506443877], [-111.06450319292128, 25.50818780069492], [-111.06450319290205, 25.508187800707724], [-111.06450319289098, 25.50818780068734], [-111.06428861619075, 25.507742380552827], [-111.06428861618149, 25.50774238053101], [-111.06428861617432, 25.507742380508407], [-111.06415987015498, 25.507258226317347], [-111.06415987014358, 25.507258226262056], [-111.06398820877429, 25.50609624817033], [-111.06398820877199, 25.50609624814714], [-111.06398820879245, 25.50609624813573], [-111.0644173621198, 25.505883217646936], [-111.06441736221025, 25.505883217596026], [-111.06441736229493, 25.50588321753601], [-111.0645890235204, 25.505747652566033], [-111.06458902358737, 25.505747652508145], [-111.06458902364898, 25.505747652444562], [-111.06476068483374, 25.505553987982207], [-111.06476068489573, 25.505553987904854], [-111.06476068494977, 25.505553987821745], [-111.0647606849953, 25.505553987733695], [-111.06476068503191, 25.50555398764157], [-111.06484651558259, 25.505302223495924], [-111.0648465156075, 25.505302223410585], [-111.06484651562474, 25.50530222332337], [-111.06484651563417, 25.505302223234967], [-111.06484651563571, 25.505302223146078], [-111.06484651562934, 25.505302223057402], [-111.0648036003142, 25.50493425878467], [-111.06480360031263, 25.504934258760517], [-111.06480360033483, 25.504934258750513], [-111.06752872464727, 25.50386909195429], [-111.06752872466974, 25.50386909194677], [-111.06752872467898, 25.50386909196839], [-111.06789350494128, 25.5048567919807], [-111.06789350497776, 25.504856792066835], [-111.06789350502213, 25.50485679214919], [-111.067893505074, 25.504856792227038], [-111.06789350513291, 25.504856792299698], [-111.06789350519836, 25.504856792366535], [-111.06789350526977, 25.504856792426963], [-111.0678935053465, 25.504856792480457], [-111.0678935054279, 25.504856792526546], [-111.06789350551325, 25.504856792564823], [-111.06873035428364, 25.505186024070937], [-111.06873035430834, 25.505186024082246], [-111.06873035432987, 25.505186024098524], [-111.06907367704402, 25.50547652185662], [-111.06907367706185, 25.505476521873288], [-111.0690736770648, 25.505476521897247], [-111.06918096540153, 25.50694836624833], [-111.06918096541348, 25.50694836634581], [-111.06918096543492, 25.506948366441645], [-111.06918096546566, 25.506948366534917], [-111.06918096550541, 25.506948366624723], [-111.06918096555377, 25.506948366710198], [-111.06918096561027, 25.506948366790517], [-111.06958866101634, 25.507471254169047], [-111.06958866107732, 25.507471254240123], [-111.06958866114468, 25.507471254305184], [-111.06958866121784, 25.507471254363654], [-111.06958866129612, 25.50747125441503], [-111.06958866137889, 25.507471254458853], [-111.06958866146539, 25.507471254494746], [-111.07012510297366, 25.50766491597558], [-111.07012510299626, 25.50766491598502], [-111.07012510301654, 25.507664915998696], [-111.07100486752934, 25.50832336302611], [-111.07100486757574, 25.508323363065475], [-111.07134819010044, 25.508652585021913], [-111.0713481901706, 25.508652585083187], [-111.07134819024616, 25.50865258513766], [-111.07134819032646, 25.50865258518487], [-111.0713481904108, 25.5086525852244], [-111.07134819049845, 25.508652585255913], [-111.07134819058867, 25.508652585279133], [-111.07218503949704, 25.50882687894364], [-111.07218503951903, 25.50882687894932], [-111.07218503951653, 25.508826878972148], [-111.07182025909785, 25.511131405539604], [-111.07182025908862, 25.511131405584496], [-111.07164859781255, 25.511809198713557], [-111.07164859779402, 25.511809198804173], [-111.07164859778393, 25.511809198896113], [-111.07164859778239, 25.51180919898859], [-111.07164859778939, 25.51180919908082], [-111.07164859780488, 25.511809199172003], [-111.07164859782873, 25.511809199261364], [-111.07164859786074, 25.511809199348143], [-111.07164859790063, 25.51180919943159], [-111.07197046272962, 25.51240952717455], [-111.07197046277969, 25.512409527257926], [-111.07197046283761, 25.512409527336043], [-111.07197046290285, 25.512409527408163], [-111.0725498199267, 25.512990487214473], [-111.07254981994504, 25.512990487235015], [-111.07254981996117, 25.512990487257756], [-111.07300043104827, 25.51370700058932], [-111.07300043105973, 25.513707000609582], [-111.07300043105857, 25.5137070006325], [-111.0728502273742, 25.51527556882487], [-111.07285022736964, 25.515275568919204], [-111.07285022737402, 25.515275569013546], [-111.07285022738726, 25.515275569107057], [-111.07285022740928, 25.515275569198902], [-111.07308626174184, 25.516088892686568], [-111.07308626174783, 25.516088892712254]]]}}]}