{"type": "FeatureCollection", "name": "humedales", "features": [{"type": "Feature", "id": 1, "properties": {"COV_": 15430, "COV_ID": 15431, "Clase": 5, "Descrip": "Manglar", "fid": 13, "ha": 1.14727565611, "layer": "mexman2010gw", "path": "D:\\Back-up\\DOCUMENTOS\\Mi Garmin\\Ecoalianza-L\\Capas\\Manglares\\mexman2010gw.shp"}, "geometry": {"type": "Polygon", "coordinates": [[[-113.5381221771229, 29.031857642406475], [-113.5381221771099, 29.031857642425294], [-113.53795051595188, 29.032082780082042], [-113.53795051589897, 29.03208278015856], [-113.53795051585341, 29.03208278023967], [-113.53795051581558, 29.032082780324657], [-113.53795051578581, 29.032082780412797], [-113.53795051576436, 29.03208278050332], [-113.53795051575142, 29.03208278059544], [-113.53795051574708, 29.03208278068837], [-113.53795051574708, 29.032533054741567], [-113.53795051574599, 29.03253305476485], [-113.53795051572911, 29.03253305478108], [-113.53777885471192, 29.032683145501633], [-113.53777885464368, 29.032683145567244], [-113.53777885458194, 29.032683145639023], [-113.53777885452728, 29.032683145716312], [-113.53777885448017, 29.032683145798426], [-113.53777885444103, 29.03268314588463], [-113.53777885441022, 29.032683145974147], [-113.53777885438802, 29.032683146066173], [-113.53777885437462, 29.03268314615989], [-113.53777885437013, 29.032683146254453], [-113.53777885437013, 29.032983327191214], [-113.53777885436894, 29.032983327215273], [-113.53777885434815, 29.032983327227523], [-113.53734970094956, 29.03320846269331], [-113.53734970092857, 29.033208462703044], [-113.53734970092316, 29.03320846268067], [-113.53726387024368, 29.03275819125933], [-113.53726387024045, 29.032758191236613], [-113.5372638702572, 29.03275819122051], [-113.53743553100006, 29.03260810084893], [-113.53743553107056, 29.032608100780926], [-113.53743553113405, 29.03260810070635], [-113.53743553118996, 29.032608100625925], [-113.53743553123772, 29.03260810054041], [-113.53743553127688, 29.032608100450638], [-113.53743553130708, 29.03260810035746], [-113.53743553132801, 29.03260810026178], [-113.5374355313395, 29.032608100164506], [-113.5374355313414, 29.032608100066575], [-113.53743553133371, 29.032608099968932], [-113.53743553131652, 29.032608099872505], [-113.53743553128997, 29.032608099778226], [-113.53743553125432, 29.032608099686996], [-113.53743553120992, 29.03260809959969], [-113.53734970094007, 29.03245800918752], [-113.53734970092971, 29.0324580091671], [-113.53734970095266, 29.032458009165964], [-113.5375213613047, 29.032458009165964], [-113.53752136140271, 29.03245800916115], [-113.53752136149978, 29.03245800914675], [-113.53752136159498, 29.032458009122905], [-113.53752136168738, 29.032458009089844], [-113.5375213617761, 29.032458009047886], [-113.53752136186027, 29.032458008997434], [-113.53752136193908, 29.032458008938974], [-113.5375213620118, 29.03245800887307], [-113.53752136207771, 29.032458008800358], [-113.53752136213616, 29.032458008721534], [-113.53752136218662, 29.03245800863736], [-113.53752136222857, 29.032458008548648], [-113.53752136226164, 29.03245800845625], [-113.53752136228549, 29.032458008361054], [-113.53752136229988, 29.03245800826398], [-113.5375213623047, 29.032458008165964], [-113.5375213623047, 29.03178259697054], [-113.53752136230004, 29.031782596874137], [-113.53752136228611, 29.03178259677863], [-113.53752136226304, 29.03178259668491], [-113.53752136223103, 29.031782596593853], [-113.5375213621904, 29.031782596506304], [-113.53752136214153, 29.03178259642308], [-113.53752136208486, 29.031782596344957], [-113.53752136202091, 29.03178259627266], [-113.5375213619503, 29.031782596206863], [-113.53752136187367, 29.031782596148183], [-113.53752136179173, 29.031782596097162], [-113.53752136170527, 29.031782596054274], [-113.53717803974233, 29.031632504055565], [-113.53717803964597, 29.031632504019225], [-113.53717803954638, 29.031632503992988], [-113.53717803944461, 29.031632503977136], [-113.53717803934175, 29.03163250397183], [-113.53631973269064, 29.03163250397183], [-113.53631973267234, 29.03163250397093], [-113.53631973268958, 29.031632503964968], [-113.53683471677037, 29.031482411416835], [-113.53683471679713, 29.03148241141062], [-113.5368347168245, 29.031482411407385], [-113.53803634641152, 29.031407365047407], [-113.53803634643465, 29.03140736504708], [-113.53803634644007, 29.03140736506953], [-113.53812217711969, 29.03185764238391], [-113.5381221771229, 29.031857642406475]]]}}, {"type": "Feature", "id": 2, "properties": {"COV_": 15432, "COV_ID": 15433, "Clase": 5, "Descrip": "Manglar", "fid": 15, "ha": 1.49648036786, "layer": "mexman2010gw", "path": "D:\\Back-up\\DOCUMENTOS\\Mi Garmin\\Ecoalianza-L\\Capas\\Manglares\\mexman2010gw.shp"}, "geometry": {"type": "Polygon", "coordinates": [[[-113.54327201843148, 29.04071269800403], [-113.54327201843263, 29.040712698027395], [-113.54327201843263, 29.04086277711848], [-113.54327201843148, 29.040862777141445], [-113.54327201840981, 29.040862777133224], [-113.54310035736793, 29.04078773773683], [-113.54310035728031, 29.04078773770333], [-113.54310035718994, 29.040787737678187], [-113.5431003570976, 29.040787737661624], [-113.54310035700412, 29.040787737653787], [-113.54310035691033, 29.040787737654743], [-113.54310035681702, 29.040787737664484], [-113.54310035672505, 29.040787737682923], [-113.54249954226079, 29.040937816625405], [-113.54249954223754, 29.040937816629985], [-113.54249954223634, 29.040937816606366], [-113.54249954223634, 29.0407877385079], [-113.54249954223151, 29.040787738409794], [-113.54249954221709, 29.040787738312634], [-113.5424995421932, 29.040787738217357], [-113.54249954216009, 29.040787738124887], [-113.54249954211805, 29.04078773803611], [-113.54249954206752, 29.040787737951884], [-113.54249954200895, 29.040787737873025], [-113.54249954194295, 29.04078773780029], [-113.54249954187011, 29.04078773773438], [-113.54249954179117, 29.040787737675934], [-113.54249954170687, 29.040787737625518], [-113.54249954161804, 29.04078773758361], [-113.54249954152552, 29.040787737550623], [-113.5424995414302, 29.04078773752687], [-113.54249954133303, 29.040787737512584], [-113.54172706606589, 29.04071269800539], [-113.5417270660406, 29.040712698001602], [-113.5417270660205, 29.04071269798579], [-113.541555404681, 29.040562618659955], [-113.5415554046642, 29.04056261864379], [-113.5415554046631, 29.040562618620505], [-113.5415554046631, 29.04026246007732], [-113.54155540465841, 29.040262459980642], [-113.5415554046444, 29.040262459884868], [-113.5415554046212, 29.0402624597909], [-113.54155540458902, 29.040262459699616], [-113.54155540454816, 29.040262459611867], [-113.54155540449902, 29.04026245952848], [-113.54155540444205, 29.040262459450236], [-113.54155540437777, 29.040262459377864], [-113.5415554043068, 29.040262459312046], [-113.54155540422981, 29.0402624592534], [-113.5415554041475, 29.04026245920247], [-113.54155540406065, 29.040262459159738], [-113.54155540397008, 29.040262459125604], [-113.54155540387663, 29.040262459100383], [-113.54086875918004, 29.04011237926429], [-113.5408687591564, 29.040112379257852], [-113.54086875915169, 29.04011237923372], [-113.54078292847035, 29.03951205704731], [-113.54078292846819, 29.03951205702397], [-113.54078292849127, 29.03951205702684], [-113.54121208187979, 29.039587097487953], [-113.54121208190864, 29.039587097494795], [-113.54121208193662, 29.039587097505084], [-113.54189872739484, 29.039887258819828], [-113.54189872741588, 29.039887258830262], [-113.541898727417, 29.03988725885371], [-113.541898727417, 29.040037338460657], [-113.54189872742151, 29.040037338555468], [-113.54189872743498, 29.040037338649423], [-113.54189872745731, 29.040037338741676], [-113.54189872748827, 29.0400373388314], [-113.54189872752761, 29.040037338917784], [-113.54189872757496, 29.040037339000047], [-113.54189872762989, 29.040037339077454], [-113.54189872769192, 29.040037339149304], [-113.54189872776047, 29.040037339214948], [-113.54189872783493, 29.040037339273795], [-113.54189872791466, 29.04003733932532], [-113.5418987279989, 29.04003733936905], [-113.5418987280869, 29.0400373394046], [-113.54275703427899, 29.04033749918917], [-113.5427570343009, 29.040337499198046], [-113.5427570343104, 29.040337499219778], [-113.54284286474481, 29.040562618000546], [-113.5428428647853, 29.040562618092537], [-113.5428428648348, 29.04056261818], [-113.54284286489283, 29.04056261826205], [-113.54284286495881, 29.040562618337866], [-113.54284286503207, 29.04056261840667], [-113.54284286511187, 29.040562618467778], [-113.54284286519739, 29.040562618520568], [-113.54284286528778, 29.040562618564504], [-113.54284286538213, 29.040562618599147], [-113.54284286547947, 29.040562618624143], [-113.54284286557883, 29.040562618639242], [-113.5428428656792, 29.040562618644294], [-113.54301452634267, 29.040562618644294], [-113.54301452636605, 29.040562618645442], [-113.5430145263672, 29.040562618668808], [-113.5430145263672, 29.04071269700288], [-113.54301452637202, 29.040712697100897], [-113.54301452638641, 29.04071269719797], [-113.54301452641026, 29.040712697293166], [-113.54301452644333, 29.040712697385565], [-113.54301452648528, 29.040712697474277], [-113.54301452653574, 29.04071269755845], [-113.54301452659419, 29.040712697637275], [-113.5430145266601, 29.04071269770999], [-113.54301452673282, 29.04071269777589], [-113.54301452681163, 29.04071269783435], [-113.5430145268958, 29.040712697884803], [-113.54301452698452, 29.04071269792676], [-113.54301452707692, 29.040712697959822], [-113.54301452717212, 29.04071269798367], [-113.5430145272692, 29.040712697998067], [-113.5430145273672, 29.04071269800288], [-113.5432720184081, 29.04071269800288], [-113.54327201843148, 29.04071269800403]]]}}, {"type": "Feature", "id": 3, "properties": {"COV_": 15428, "COV_ID": 15429, "Clase": 5, "Descrip": "Manglar", "fid": 12, "ha": 1.70551638215, "layer": "mexman2010gw", "path": "D:\\Back-up\\DOCUMENTOS\\Mi Garmin\\Ecoalianza-L\\Capas\\Manglares\\mexman2010gw.shp"}, "geometry": {"type": "Polygon", "coordinates": [[[-113.54910850524759, 28.95933770349148], [-113.54910850524409, 28.959337703513725], [-113.54893684387706, 28.960163786134935], [-113.54893684387108, 28.960163786157967], [-113.5489368438485, 28.96016378616578], [-113.54867935223051, 28.960238884132888], [-113.54867935213241, 28.96023888416712], [-113.54867935203839, 28.960238884211343], [-113.54867935194947, 28.960238884265085], [-113.54867935186661, 28.96023888432776], [-113.54867935179071, 28.960238884398695], [-113.54867935172255, 28.960238884477125], [-113.54867935166293, 28.9602388845622], [-113.54867935161244, 28.960238884653005], [-113.54842185975221, 28.9607645693922], [-113.54842185974037, 28.960764569413584], [-113.54842185971687, 28.960764569419965], [-113.548078537571, 28.960839666948814], [-113.54807853747651, 28.960839666974387], [-113.54807853738498, 28.960839667009072], [-113.54807853729729, 28.96083966705254], [-113.54807853721425, 28.960839667104374], [-113.54807853713669, 28.960839667164077], [-113.54807853706534, 28.960839667231077], [-113.54807853700086, 28.960839667304732], [-113.54807853694392, 28.960839667384338], [-113.548078536895, 28.96083966746913], [-113.54807853685463, 28.960839667558297], [-113.54807853682317, 28.960839667650983], [-113.54790687561706, 28.961440446386746], [-113.54790687560944, 28.9614404464092], [-113.54790687558653, 28.961440446415402], [-113.54756355329053, 28.961515543486826], [-113.54756355320082, 28.96151554351087], [-113.5475635531137, 28.961515543543133], [-113.54756355302997, 28.961515543583335], [-113.54756355295034, 28.961515543631137], [-113.54756355287547, 28.961515543686122], [-113.54756355280603, 28.961515543747815], [-113.54756355274262, 28.961515543815686], [-113.54756355268577, 28.96151554388915], [-113.54756355263599, 28.961515543967568], [-113.54739189149146, 28.96181593170242], [-113.54739189147885, 28.96181593172223], [-113.54739189145558, 28.961815931723347], [-113.54722023110256, 28.961815931723347], [-113.54722023100454, 28.96181593172816], [-113.54722023090747, 28.96181593174256], [-113.54722023081227, 28.961815931766406], [-113.54722023071987, 28.961815931799467], [-113.54722023063115, 28.961815931841425], [-113.54722023054698, 28.961815931891877], [-113.54722023046817, 28.961815931950337], [-113.54722023039545, 28.96181593201624], [-113.54722023032954, 28.961815932088953], [-113.5472202302711, 28.961815932167777], [-113.54722023022063, 28.96181593225195], [-113.54722023017868, 28.961815932340663], [-113.54722023014561, 28.961815932433062], [-113.54722023012177, 28.961815932528257], [-113.54722023010737, 28.96181593262533], [-113.54722023010255, 28.961815932723347], [-113.54722023010255, 28.962041222232948], [-113.54722023010137, 28.962041222256676], [-113.5472202300788, 28.96204122226449], [-113.54696273875714, 28.962116318783348], [-113.54696273866362, 28.96211631881572], [-113.54696273857377, 28.96211631885718], [-113.54696273848845, 28.962116318907317], [-113.54696273840851, 28.96211631896564], [-113.54696273833471, 28.962116319031583], [-113.5469627382678, 28.962116319104496], [-113.54696273820842, 28.962116319183664], [-113.54696273815716, 28.962116319268315], [-113.54696273811452, 28.962116319357616], [-113.54696273808091, 28.962116319450693], [-113.54696273805666, 28.96211631954664], [-113.54696273804203, 28.96211631964451], [-113.54696273803712, 28.96211631974335], [-113.54696273803712, 28.962266512277296], [-113.54696273803599, 28.96226651230077], [-113.54696273801497, 28.962266512311192], [-113.54679107719383, 28.9623416086404], [-113.54679107710794, 28.962341608682983], [-113.54679107702654, 28.962341608733595], [-113.54679107695034, 28.962341608791775], [-113.54679107688007, 28.962341608856978], [-113.54679107681638, 28.96234160892861], [-113.54679107675982, 28.962341609006014], [-113.54679107671093, 28.96234160908848], [-113.54679107667017, 28.962341609175244], [-113.54679107663792, 28.96234160926551], [-113.54679107661444, 28.962341609358454], [-113.54679107659997, 28.96234160945322], [-113.54670524597418, 28.963167667550646], [-113.54670524597066, 28.963167667573753], [-113.54670524594972, 28.963167667584134], [-113.54653358461715, 28.963242763483365], [-113.54653358459552, 28.963242763491593], [-113.54653358458931, 28.963242763469417], [-113.5464477539117, 28.962867283378902], [-113.54644775390747, 28.96286728335512], [-113.5464477539126, 28.962867283331533], [-113.54679107665376, 28.961590640722687], [-113.54679107666124, 28.961590640699526], [-113.5467910766787, 28.96159064068267], [-113.5469627380178, 28.961440446427094], [-113.5469627380376, 28.961440446411483], [-113.54696273806282, 28.961440446410187], [-113.54722022964263, 28.961440446410187], [-113.54722022973829, 28.9614404464056], [-113.54722022983304, 28.96144044639189], [-113.54722022992607, 28.961440446369178], [-113.5472202300165, 28.96144044633767], [-113.54722023010349, 28.961440446297658], [-113.54722023018627, 28.961440446249508], [-113.54722023026406, 28.961440446193663], [-113.54722023033614, 28.961440446130634], [-113.54722023040188, 28.961440446061], [-113.54747772184011, 28.961140057561618], [-113.54747772189747, 28.96114005748802], [-113.5474777219477, 28.9611400574094], [-113.5474777219904, 28.961140057326435], [-113.54747772202518, 28.961140057239856], [-113.54747772205174, 28.961140057150413], [-113.54747772206984, 28.961140057058884], [-113.54747772207934, 28.961140056966062], [-113.54747772208015, 28.961140056872765], [-113.54747772207224, 28.961140056779794], [-113.54747772205572, 28.961140056687967], [-113.54739189148508, 28.960764569438997], [-113.54739189148098, 28.960764569415808], [-113.54739189150445, 28.96076456941464], [-113.54807853619012, 28.96076456941464], [-113.54807853628611, 28.96076456941002], [-113.54807853638123, 28.960764569396208], [-113.54807853647458, 28.960764569373328], [-113.5480785365653, 28.960764569341592], [-113.54807853665255, 28.960764569301293], [-113.54807853673553, 28.960764569252802], [-113.54807853681348, 28.960764569196574], [-113.54807853688567, 28.96076456913312], [-113.54807853695142, 28.960764569063027], [-113.54807853701016, 28.960764568986946], [-113.54807853706131, 28.960764568905578], [-113.54807853710442, 28.960764568819677], [-113.54807853713908, 28.960764568730035], [-113.54807853716497, 28.960764568637476], [-113.54816436767042, 28.96038908031182], [-113.54816436767668, 28.96038908028946], [-113.54816436769985, 28.960389080288348], [-113.54842185924598, 28.960389080288348], [-113.54842185934798, 28.960389080283132], [-113.54842185944894, 28.960389080267536], [-113.54842185954776, 28.960389080241725], [-113.54842185964344, 28.960389080205964], [-113.54842185973497, 28.96038908016063], [-113.5484218598214, 28.9603890801062], [-113.54842185990184, 28.96038908004323], [-113.54842185997542, 28.96038907997239], [-113.54842186004139, 28.96038907989441], [-113.54859352091358, 28.96016378642741], [-113.54859352096645, 28.96016378635092], [-113.54859352101197, 28.96016378626984], [-113.54859352104975, 28.960163786184886], [-113.5485935210795, 28.96016378609679], [-113.54859352110093, 28.96016378600631], [-113.54859352111386, 28.960163785914233], [-113.54859352111818, 28.96016378582135], [-113.54859352111818, 28.959788294878315], [-113.54859352111936, 28.959788294854587], [-113.54859352114192, 28.95978829484677], [-113.54885101246359, 28.95971319663924], [-113.54885101255711, 28.959713196606867], [-113.54885101264696, 28.959713196565406], [-113.54885101273229, 28.95971319651527], [-113.54885101281222, 28.959713196456946], [-113.54885101288602, 28.959713196391004], [-113.54885101295294, 28.95971319631809], [-113.54885101301231, 28.959713196238923], [-113.54885101306357, 28.959713196154272], [-113.54885101310622, 28.95971319606497], [-113.54885101313982, 28.959713195971894], [-113.54885101316407, 28.959713195875946], [-113.5488510131787, 28.959713195778075], [-113.54885101318361, 28.959713195679235], [-113.54885101318361, 28.95941280221133], [-113.54885101318479, 28.9594128021876], [-113.54885101320735, 28.959412802179784], [-113.54910850522545, 28.95933770349678], [-113.54910850524759, 28.95933770349148]]]}}, {"type": "Feature", "id": 4, "properties": {"COV_": 15431, "COV_ID": 15432, "Clase": 5, "Descrip": "Manglar", "fid": 14, "ha": 1.80575066987, "layer": "mexman2010gw", "path": "D:\\Back-up\\DOCUMENTOS\\Mi Garmin\\Ecoalianza-L\\Capas\\Manglares\\mexman2010gw.shp"}, "geometry": {"type": "Polygon", "coordinates": [[[-113.54069709777701, 29.039587097493715], [-113.54069709777173, 29.03958709751618], [-113.54061126709666, 29.039887258805713], [-113.54061126708896, 29.03988725882833], [-113.54061126706502, 29.03988725882952], [-113.54035377504896, 29.03988725882952], [-113.54035377502558, 29.039887258828372], [-113.54035377502443, 29.039887258805006], [-113.54035377502443, 29.03973718203333], [-113.54035377501971, 29.03973718193637], [-113.54035377500563, 29.03973718184032], [-113.54035377498228, 29.03973718174609], [-113.54035377494992, 29.03973718165457], [-113.54035377490884, 29.039737181566615], [-113.54035377485941, 29.039737181483062], [-113.54035377480213, 29.039737181404693], [-113.5403537747375, 29.039737181332246], [-113.54035377466616, 29.03973718126641], [-113.54035377458878, 29.039737181207798], [-113.54035377450607, 29.039737181156966], [-113.54035377441883, 29.039737181114393], [-113.54035377432787, 29.039737181080483], [-113.54035377423405, 29.03973718105555], [-113.54035377413825, 29.039737181039833], [-113.54035377404139, 29.039737181033477], [-113.54035377394436, 29.039737181036543], [-113.54035377384808, 29.039737181049002], [-113.54035377375347, 29.039737181070738], [-113.54035377366141, 29.039737181101547], [-113.54035377357278, 29.039737181141135], [-113.54035377348839, 29.039737181189132], [-113.54035377340907, 29.039737181245084], [-113.54035377333554, 29.039737181308464], [-113.54035377326849, 29.039737181378676], [-113.54035377320858, 29.039737181455056], [-113.54035377315635, 29.039737181536886], [-113.54026794434783, 29.039887258808744], [-113.5402679443353, 29.039887258828415], [-113.54026794431208, 29.03988725882952], [-113.54009628298414, 29.03988725882952], [-113.54009628295985, 29.039887258828298], [-113.54009628295002, 29.039887258805955], [-113.54001045251596, 29.039662138552803], [-113.54001045247547, 29.039662138460812], [-113.54001045242597, 29.039662138373348], [-113.54001045236794, 29.0396621382913], [-113.54001045230196, 29.039662138215483], [-113.5400104522287, 29.039662138146678], [-113.5400104521489, 29.03966213808557], [-113.54001045206338, 29.03966213803278], [-113.54001045197299, 29.039662137988845], [-113.54001045187864, 29.039662137954203], [-113.5400104517813, 29.039662137929206], [-113.54001045168194, 29.039662137914107], [-113.54001045158157, 29.039662137909055], [-113.53958129885201, 29.039662137909055], [-113.53958129882881, 29.039662137907943], [-113.53958129881626, 29.03966213788828], [-113.53949546842765, 29.03951205752612], [-113.5394954683763, 29.03951205744555], [-113.53949546831751, 29.039512057370246], [-113.53949546825181, 29.039512057300893], [-113.53949546817978, 29.03951205723813], [-113.5394954681021, 29.039512057182524], [-113.53949546801945, 29.039512057134587], [-113.53949546793262, 29.039512057094754], [-113.53949546784239, 29.03951205706339], [-113.53949546774956, 29.039512057040778], [-113.539495467655, 29.03951205702713], [-113.53949546755958, 29.039512057022566], [-113.5393238067874, 29.039512057022566], [-113.53932380676368, 29.039512057021394], [-113.53932380675808, 29.039512056998277], [-113.53923797616461, 29.039061813527635], [-113.53923797614104, 29.03906181343058], [-113.53923797610788, 29.039061813336353], [-113.53923797606551, 29.039061813245908], [-113.53923797601432, 29.039061813160142], [-113.53923797595483, 29.03906181307991], [-113.53923797588763, 29.03906181300601], [-113.53923797581339, 29.039061812939188], [-113.53923797573286, 29.0390618128801], [-113.53923797564684, 29.039061812829342], [-113.53880882265419, 29.0388366903441], [-113.53880882263289, 29.038836690331507], [-113.53880882262492, 29.038836690308163], [-113.53872299209513, 29.03853652647094], [-113.53872299206256, 29.038536526375516], [-113.53872299202054, 29.03853652628386], [-113.53872299196951, 29.0385365261969], [-113.53872299190998, 29.03853652611552], [-113.53872299184256, 29.038536526040552], [-113.53872299176794, 29.038536525972752], [-113.53872299168687, 29.03853652591281], [-113.53872299160017, 29.038536525861343], [-113.53872299150872, 29.038536525818863], [-113.53872299141347, 29.038536525785805], [-113.53820800783708, 29.03838644342394], [-113.5382080078135, 29.038386443415728], [-113.53820800780336, 29.038386443392778], [-113.5381221772735, 29.038161319614364], [-113.53812217723357, 29.038161319523482], [-113.53812217718483, 29.038161319437005], [-113.53812217712776, 29.038161319355787], [-113.53812217706293, 29.038161319280626], [-113.53812217699095, 29.038161319212264], [-113.53812217691257, 29.038161319151374], [-113.53812217682851, 29.038161319098556], [-113.53812217673965, 29.038161319054332], [-113.5374355316384, 29.03786115287558], [-113.53743553161735, 29.03786115286514], [-113.53743553161623, 29.037861152841693], [-113.53743553161623, 29.037636027550167], [-113.53743553161738, 29.03763602752685], [-113.53743553164061, 29.037636027527963], [-113.53820800778804, 29.037711069357883], [-113.53820800781135, 29.03771106936131], [-113.53820800781251, 29.037711069384926], [-113.53820800781251, 29.037861152411878], [-113.538208007817, 29.037861152506444], [-113.5382080078304, 29.03786115260016], [-113.5382080078526, 29.03786115269219], [-113.53820800788343, 29.037861152781712], [-113.53820800792256, 29.037861152867915], [-113.53820800796967, 29.03786115295003], [-113.53820800802434, 29.037861153027322], [-113.53820800808607, 29.0378611530991], [-113.53820800815431, 29.037861153164716], [-113.53846549973237, 29.03808627758781], [-113.53846549980716, 29.038086277647142], [-113.53846549988725, 29.038086277699072], [-113.53846549997195, 29.03808627774313], [-113.53846550006045, 29.038086277778913], [-113.53889465329794, 29.03823636066725], [-113.53889465331925, 29.038236360675857], [-113.53889465332033, 29.03823636069861], [-113.53889465332033, 29.03846148370579], [-113.53889465332514, 29.038461483803808], [-113.53889465333954, 29.038461483900882], [-113.53889465336339, 29.038461483996077], [-113.53889465339645, 29.038461484088476], [-113.5388946534384, 29.038461484177187], [-113.53889465348887, 29.03846148426136], [-113.53889465354732, 29.038461484340186], [-113.53889465361323, 29.0384614844129], [-113.53889465368594, 29.038461484478802], [-113.53889465376476, 29.03846148453726], [-113.53889465384893, 29.038461484587714], [-113.53889465393765, 29.03846148462967], [-113.53889465403005, 29.038461484662733], [-113.53889465412524, 29.03846148468658], [-113.53889465422232, 29.038461484700978], [-113.53889465432033, 29.038461484705792], [-113.53915214536012, 29.038461484705792], [-113.53915214538526, 29.03846148470708], [-113.53915214540505, 29.038461484722678], [-113.53940963743204, 29.03868660822871], [-113.53940963744971, 29.03868660824581], [-113.53940963744213, 29.038686608269202], [-113.5393238072798, 29.03891172993774], [-113.53932380724976, 29.03891173002967], [-113.53932380722874, 29.038911730124074], [-113.53932380721693, 29.038911730220065], [-113.53932380721444, 29.038911730316748], [-113.53932380722132, 29.03891173041322], [-113.53932380723748, 29.038911730508573], [-113.53932380726279, 29.03891173060192], [-113.53932380729698, 29.038911730692387], [-113.53932380733976, 29.038911730779127], [-113.53932380739072, 29.03891173086133], [-113.53932380744936, 29.038911730938228], [-113.53932380751517, 29.038911731009097], [-113.53932380758752, 29.038911731073277], [-113.53932380766574, 29.03891173113017], [-113.53932380774908, 29.03891173117924], [-113.53932380783677, 29.038911731220033], [-113.539323807928, 29.03891173125216], [-113.53932380802189, 29.038911731275327], [-113.53932380811759, 29.038911731289314], [-113.53932380821419, 29.03891173129399], [-113.539752959625, 29.03891173129399], [-113.53975295972043, 29.038911731289424], [-113.53975295981499, 29.03891173127578], [-113.53975295990782, 29.038911731253165], [-113.53975295999805, 29.038911731221802], [-113.53975296008488, 29.03891173118197], [-113.53975296016753, 29.038911731134032], [-113.53975296024521, 29.038911731078425], [-113.53975296031724, 29.03891173101566], [-113.53975296038296, 29.03891173094631], [-113.53975296044175, 29.038911730871003], [-113.53975296049308, 29.03891173079043], [-113.53983879088146, 29.038761649337367], [-113.53983879089257, 29.038761649319962], [-113.53983879089357, 29.038761649340554], [-113.53983879089357, 29.039061812053543], [-113.53983879089839, 29.03906181215156], [-113.53983879091278, 29.039061812248633], [-113.53983879093663, 29.039061812343828], [-113.5398387909697, 29.039061812436227], [-113.53983879101165, 29.03906181252494], [-113.53983879106211, 29.039061812609113], [-113.53983879112056, 29.039061812687937], [-113.53983879118647, 29.03906181276065], [-113.53983879125919, 29.039061812826553], [-113.539838791338, 29.039061812885013], [-113.53983879142217, 29.039061812935465], [-113.53983879151089, 29.039061812977423], [-113.53983879160329, 29.039061813010484], [-113.53983879169849, 29.03906181303433], [-113.53983879179556, 29.03906181304873], [-113.53983879189357, 29.039061813053543], [-113.54009628293386, 29.039061813053543], [-113.54009628295817, 29.039061813054765], [-113.54009628296791, 29.039061813076895], [-113.54018211340204, 29.039286934639854], [-113.54018211344251, 29.039286934731845], [-113.54018211349202, 29.03928693481931], [-113.54018211355006, 29.039286934901362], [-113.54018211361604, 29.039286934977174], [-113.5401821136893, 29.039286935045983], [-113.54018211376909, 29.03928693510709], [-113.54018211385461, 29.039286935159875], [-113.54018211394501, 29.039286935203815], [-113.54018211403935, 29.039286935238458], [-113.5401821141367, 29.039286935263455], [-113.54018211423606, 29.039286935278554], [-113.54018211433643, 29.039286935283606], [-113.5403537749999, 29.039286935283606], [-113.54035377502328, 29.039286935284753], [-113.54035377502443, 29.03928693530812], [-113.54035377502443, 29.039437015843244], [-113.54035377502909, 29.03943701593965], [-113.54035377504302, 29.03943701603516], [-113.5403537750661, 29.039437016128883], [-113.5403537750981, 29.039437016219942], [-113.54035377513873, 29.03943701630749], [-113.54035377518761, 29.039437016390718], [-113.54035377524428, 29.039437016468842], [-113.54035377530823, 29.03943701654114], [-113.54035377537885, 29.039437016606936], [-113.54035377545549, 29.039437016665616], [-113.54035377553741, 29.039437016716636], [-113.54035377562388, 29.03943701675952], [-113.54069709775642, 29.039587097483516], [-113.54069709777701, 29.039587097493715]]]}}, {"type": "Feature", "id": 1, "properties": {"COV_": 15421, "COV_ID": 15422, "Clase": 5, "Descrip": "Manglar", "fid": 11, "ha": 11.3980615935, "layer": "mexman2010gw", "path": "D:\\Back-up\\DOCUMENTOS\\Mi Garmin\\Ecoalianza-L\\Capas\\Manglares\\mexman2010gw.shp"}, "geometry": {"type": "Polygon", "coordinates": [[[-113.4871387481674, 28.88714269027026], [-113.48713874816161, 28.887142690292663], [-113.48688125625698, 28.887969347810778], [-113.48688125623302, 28.887969347902953], [-113.48688125621794, 28.887969347996986], [-113.48688125621186, 28.887969348092028], [-113.48688125621486, 28.887969348187216], [-113.48688125622691, 28.88796934828169], [-113.48688125624788, 28.88796934837459], [-113.4868812562776, 28.88796934846507], [-113.48688125631578, 28.887969348552314], [-113.4868812563621, 28.887969348635533], [-113.48688125641611, 28.887969348713966], [-113.48705291746535, 28.88819479933263], [-113.48705291747874, 28.888194799352156], [-113.48705291745893, 28.888194799365085], [-113.48679542591093, 28.888345099490504], [-113.48679542583147, 28.888345099542082], [-113.48679542575725, 28.888345099600947], [-113.48679542568892, 28.88834509966657], [-113.48679542562712, 28.888345099738366], [-113.48679542557238, 28.888345099815684], [-113.48679542552522, 28.888345099897837], [-113.48679542548604, 28.888345099984086], [-113.48679542545518, 28.888345100073654], [-113.48679542543294, 28.88834510016574], [-113.48679542541953, 28.888345100259514], [-113.48679542541504, 28.88834510035414], [-113.48679542541504, 28.88849539996578], [-113.48679542541394, 28.888495399988543], [-113.48679542539114, 28.88849539998568], [-113.486366272665, 28.88842025003334], [-113.4863662725637, 28.88842025002089], [-113.48636627246165, 28.88842025001883], [-113.48636627235993, 28.888420250027178], [-113.48636627225959, 28.888420250045854], [-113.48636627216167, 28.88842025007466], [-113.48636627206722, 28.888420250113295], [-113.48636627197718, 28.88842025016136], [-113.4863662718925, 28.888420250218353], [-113.48636627181409, 28.888420250283676], [-113.48636627174274, 28.888420250356653], [-113.48636627167919, 28.888420250436525], [-113.48636627162412, 28.888420250522454], [-113.48628044129603, 28.8885705499925], [-113.48628044128355, 28.888570550012123], [-113.4862804412603, 28.888570550013235], [-113.48602294990808, 28.888570550013235], [-113.48602294980766, 28.88857055001829], [-113.48602294970826, 28.8885705500334], [-113.48602294961088, 28.888570550058418], [-113.4860229495165, 28.88857055009309], [-113.48602294942609, 28.88857055013706], [-113.48602294934054, 28.88857055018989], [-113.48602294926073, 28.88857055025104], [-113.48602294918746, 28.888570550319898], [-113.48602294912148, 28.888570550395762], [-113.48602294906345, 28.88857055047787], [-113.48602294901396, 28.88857055056539], [-113.48602294897351, 28.888570550657438], [-113.48593711853889, 28.888795999734437], [-113.48593711852983, 28.888795999755178], [-113.48593711851218, 28.888795999741173], [-113.4856796281236, 28.888570551465566], [-113.48567962804556, 28.888570551403816], [-113.48567962796176, 28.888570551350128], [-113.48567962787304, 28.888570551305033], [-113.48567962778029, 28.88857055126898], [-113.48567962768439, 28.888570551242328], [-113.48567962758634, 28.88857055122534], [-113.48567962748707, 28.88857055121818], [-113.48567962738758, 28.888570551220926], [-113.48567962728886, 28.888570551233546], [-113.48567962719189, 28.888570551255913], [-113.48567962709762, 28.88857055128781], [-113.48567962700699, 28.888570551328918], [-113.48567962692088, 28.888570551378834], [-113.48567962684018, 28.88857055143706], [-113.48567962676564, 28.88857055150302], [-113.48567962669806, 28.888570551576063], [-113.48567962663805, 28.88857055165546], [-113.48567962658623, 28.88857055174043], [-113.48567962654312, 28.888570551830128], [-113.48567962650914, 28.888570551923667], [-113.48567962648463, 28.888570552020123], [-113.48567962646982, 28.888570552118537], [-113.48567962646486, 28.888570552217935], [-113.48567962646486, 28.888795999732512], [-113.4856796264637, 28.888795999755878], [-113.48567962644033, 28.888795999757026], [-113.48550796681054, 28.888795999757026], [-113.4855079667112, 28.88879599976197], [-113.48550796661284, 28.888795999776764], [-113.48550796651644, 28.888795999801253], [-113.48550796642294, 28.8887959998352], [-113.48550796633327, 28.888795999878266], [-113.48550796624833, 28.888795999930025], [-113.48550796616897, 28.88879599998997], [-113.48550796609594, 28.8887960000575], [-113.48550796602999, 28.888796000131954], [-113.48550796597175, 28.88879600021259], [-113.48550796592181, 28.888796000298612], [-113.48550796588066, 28.88879600038917], [-113.48550796584871, 28.88879600048337], [-113.48550796582629, 28.888796000580275], [-113.4855079658136, 28.88879600067893], [-113.48550796581077, 28.888796000778356], [-113.48550796581783, 28.888796000877573], [-113.48550796583473, 28.888796000975596], [-113.48550796586126, 28.888796001071455], [-113.4855079658972, 28.888796001164206], [-113.48550796594216, 28.888796001252928], [-113.48559379576412, 28.888946299292808], [-113.48559379577442, 28.888946299313154], [-113.4855937957515, 28.888946299314295], [-113.48533630420643, 28.888946299314295], [-113.48533630410438, 28.888946299319514], [-113.4853363040034, 28.88894629933512], [-113.48533630390453, 28.888946299360953], [-113.48533630380882, 28.888946299396736], [-113.48533630371726, 28.8889462994421], [-113.48533630363082, 28.888946299496574], [-113.48533630355037, 28.88894629955958], [-113.48533630347679, 28.888946299630472], [-113.4853363034108, 28.888946299708497], [-113.48516464253838, 28.88917174797386], [-113.48516464248559, 28.88917174805034], [-113.48516464244011, 28.889171748131385], [-113.48516464240235, 28.889171748216306], [-113.48516464237264, 28.889171748304364], [-113.48516464235124, 28.889171748394798], [-113.48516464233832, 28.889171748486827], [-113.485164642334, 28.88917174857966], [-113.485164642334, 28.889397196657175], [-113.48516464233289, 28.889397196680317], [-113.48516464231624, 28.889397196696354], [-113.4849929812983, 28.889547495069078], [-113.48499298123016, 28.889547495134686], [-113.48499298116853, 28.88954749520644], [-113.48499298111395, 28.889547495283697], [-113.48499298106691, 28.889547495365765], [-113.48499298102783, 28.88954749545191], [-113.48499298099708, 28.88954749554136], [-113.48499298097491, 28.88954749563332], [-113.48499298096152, 28.88954749572696], [-113.48499298095705, 28.889547495821446], [-113.48499298095705, 28.889998390099223], [-113.4849929809559, 28.88999839012259], [-113.48499298093252, 28.889998390123736], [-113.48482132130275, 28.889998390123736], [-113.4848213212034, 28.88999839012868], [-113.48482132110504, 28.889998390143475], [-113.48482132100864, 28.889998390167964], [-113.48482132091515, 28.88999839020191], [-113.48482132082547, 28.889998390244976], [-113.48482132074054, 28.88999839029674], [-113.48482132066117, 28.88999839035668], [-113.48482132058814, 28.88999839042421], [-113.48482132052217, 28.889998390498665], [-113.48482132046394, 28.8899983905793], [-113.484821320414, 28.889998390665326], [-113.48482132037286, 28.889998390755885], [-113.48482132034091, 28.88999839085008], [-113.48482132031849, 28.88999839094699], [-113.4848213203058, 28.88999839104564], [-113.48482132030297, 28.889998391145067], [-113.48482132031003, 28.889998391244283], [-113.48482132032693, 28.889998391342306], [-113.48482132035346, 28.88999839143817], [-113.4848213203894, 28.889998391530916], [-113.48482132043436, 28.889998391619642], [-113.48490715025625, 28.89014868791902], [-113.48490715026661, 28.89014868793945], [-113.48490715024369, 28.89014868794059], [-113.48473548891677, 28.89014868794059], [-113.48473548889247, 28.890148687939366], [-113.48473548888262, 28.890148687916962], [-113.48456382784315, 28.88969779470018], [-113.48456382780323, 28.889697794609194], [-113.48456382775447, 28.88969779452262], [-113.48456382769737, 28.889697794441307], [-113.48456382763247, 28.889697794366068], [-113.48456382756044, 28.889697794297636], [-113.48456382748196, 28.889697794236692], [-113.48456382739784, 28.889697794183835], [-113.48456382730888, 28.88969779413959], [-113.48456382721595, 28.88969779410439], [-113.48456382712001, 28.889697794078586], [-113.48456382702197, 28.889697794062428], [-113.48456382692281, 28.889697794056083], [-113.48456382682352, 28.889697794059604], [-113.48456382672506, 28.889697794072966], [-113.48456382662842, 28.889697794096026], [-113.48430633616907, 28.889772942780457], [-113.48430633607558, 28.889772942812847], [-113.48430633598574, 28.889772942854314], [-113.48430633590044, 28.889772942904457], [-113.4843063358205, 28.889772942962786], [-113.48430633574674, 28.889772943028724], [-113.48430633567985, 28.889772943101633], [-113.48430633562049, 28.889772943180795], [-113.48430633556924, 28.889772943265438], [-113.48430633552661, 28.88977294335473], [-113.484306335493, 28.889772943447795], [-113.48430633546877, 28.88977294354373], [-113.48430633545414, 28.889772943641585], [-113.48430633544923, 28.88977294374041], [-113.48430633544923, 28.889998390099223], [-113.48430633544808, 28.88999839012259], [-113.4843063354247, 28.889998390123736], [-113.4841346746528, 28.889998390123736], [-113.48413467455731, 28.889998390128305], [-113.4841346744627, 28.889998390141972], [-113.48413467436983, 28.889998390164607], [-113.48413467427953, 28.88999839019601], [-113.48413467419266, 28.88999839023589], [-113.48413467410998, 28.88999839028388], [-113.48413467403228, 28.889998390339546], [-113.48413467396023, 28.88999839040238], [-113.48413467389452, 28.889998390471803], [-113.48413467383574, 28.889998390547184], [-113.48413467378441, 28.88999839062783], [-113.48404884339506, 28.890148687920885], [-113.4840488433831, 28.890148687939774], [-113.48404884336287, 28.890148687949758], [-113.48353385927658, 28.890374134247622], [-113.48353385925266, 28.89037413425665], [-113.48353385922715, 28.890374134257968], [-113.4831905365242, 28.890374134257968], [-113.48319053650008, 28.890374134256753], [-113.48319053649494, 28.890374134232918], [-113.48310470594745, 28.889848092928307], [-113.48310470592628, 28.889848092829954], [-113.48310470589533, 28.88984809273423], [-113.48310470585493, 28.889848092642097], [-113.48310470580546, 28.889848092554494], [-113.48310470574744, 28.889848092472302], [-113.48310470568147, 28.889848092396356], [-113.48310470560818, 28.889848092327423], [-113.48310470552835, 28.889848092266202], [-113.48310470544277, 28.889848092213313], [-113.48310470535232, 28.88984809216929], [-113.48310470525789, 28.88984809213458], [-113.48310470516044, 28.88984809210953], [-113.48310470506098, 28.8898480920944], [-113.48310470496051, 28.88984809208934], [-113.48293304501412, 28.88984809208934], [-113.48293304491864, 28.88984809209391], [-113.48293304482402, 28.889848092107577], [-113.48293304473115, 28.88984809213021], [-113.48293304464086, 28.889848092161614], [-113.48293304455399, 28.889848092201493], [-113.48293304447131, 28.889848092249483], [-113.4829330443936, 28.88984809230515], [-113.48293304432156, 28.889848092367984], [-113.48293304425584, 28.889848092437408], [-113.48293304419707, 28.88984809251279], [-113.48293304414574, 28.889848092593436], [-113.48284721375691, 28.8899983901031], [-113.48284721374449, 28.889998390122624], [-113.48284721372124, 28.889998390123736], [-113.48267555336818, 28.889998390123736], [-113.48267555327017, 28.88999839012855], [-113.4826755531731, 28.88999839014295], [-113.4826755530779, 28.889998390166795], [-113.4826755529855, 28.889998390199857], [-113.48267555289678, 28.889998390241814], [-113.48267555281261, 28.889998390292266], [-113.4826755527338, 28.889998390350726], [-113.48267555266108, 28.88999839041663], [-113.48267555259517, 28.889998390489342], [-113.48267555253672, 28.889998390568167], [-113.48267555248626, 28.88999839065234], [-113.4826755524443, 28.889998390741052], [-113.48267555241124, 28.88999839083345], [-113.48267555238739, 28.889998390928646], [-113.482675552373, 28.88999839102572], [-113.48267555236818, 28.889998391123736], [-113.48267555236818, 28.890223835767436], [-113.482675552373, 28.890223835865452], [-113.48267555238739, 28.890223835962527], [-113.48267555241124, 28.89022383605772], [-113.4826755524443, 28.89022383615012], [-113.48267555248626, 28.89022383623883], [-113.48267555253672, 28.890223836323006], [-113.48267555259517, 28.89022383640183], [-113.48267555266108, 28.890223836474544], [-113.4826755527338, 28.890223836540446], [-113.48267555281261, 28.890223836598906], [-113.48267555289678, 28.89022383664936], [-113.4826755529855, 28.890223836691316], [-113.4826755530779, 28.890223836724378], [-113.4826755531731, 28.890223836748223], [-113.48267555327017, 28.890223836762623], [-113.48267555336818, 28.890223836767436], [-113.48284721372124, 28.890223836767436], [-113.48284721374448, 28.89022383676855], [-113.48284721375691, 28.890223836788074], [-113.48293304442112, 28.8903741342361], [-113.48293304443229, 28.89037413425819], [-113.48293304442886, 28.890374134282908], [-113.48284721374958, 28.89082502540083], [-113.48284721374418, 28.890825025423307], [-113.48284721372212, 28.89082502542994], [-113.48224639894998, 28.890975322038436], [-113.48224639892636, 28.890975322043104], [-113.48224639891335, 28.890975322022715], [-113.48207473756123, 28.89067472860804], [-113.4820747375508, 28.89067472858747], [-113.48207473757373, 28.89067472858633], [-113.48224639792578, 28.89067472858633], [-113.48224639802379, 28.890674728581516], [-113.48224639812086, 28.890674728567117], [-113.48224639821606, 28.89067472854327], [-113.48224639830846, 28.89067472851021], [-113.48224639839718, 28.89067472846825], [-113.48224639848135, 28.8906747284178], [-113.48224639856016, 28.89067472835934], [-113.48224639863288, 28.890674728293437], [-113.48224639869879, 28.890674728220723], [-113.48224639875724, 28.8906747281419], [-113.4822463988077, 28.890674728057725], [-113.48224639884965, 28.890674727969014], [-113.48224639888272, 28.890674727876615], [-113.48224639890657, 28.89067472778142], [-113.48224639892096, 28.890674727684345], [-113.48224639892578, 28.89067472758633], [-113.48224639892578, 28.89052443155555], [-113.48224639892696, 28.890524431531812], [-113.48224639894954, 28.89052443152399], [-113.48250389037253, 28.89044928310222], [-113.48250389046271, 28.89044928307116], [-113.48250389054952, 28.89044928303165], [-113.48250389063217, 28.890449282984047], [-113.48250389070992, 28.890449282928788], [-113.48250389078206, 28.890449282866374], [-113.4825038908479, 28.89044928279737], [-113.48250389090688, 28.890449282722408], [-113.48250389095844, 28.890449282642166], [-113.48250389100212, 28.890449282557377], [-113.48250389103754, 28.89044928246881], [-113.48250389106435, 28.890449282377276], [-113.48250389108232, 28.8904492822836], [-113.4825897216761, 28.889848092114477], [-113.48258972168084, 28.889848092090215], [-113.48258972170295, 28.889848092079163], [-113.48293304383463, 28.88969779409959], [-113.48293304392104, 28.889697794056683], [-113.48293304400292, 28.88969779400565], [-113.48293304407949, 28.88969779394696], [-113.48293304415004, 28.88969779388117], [-113.48293304421394, 28.889697793808885], [-113.48293304427057, 28.88969779373078], [-113.48293304431941, 28.889697793647578], [-113.48293304436001, 28.88969779356006], [-113.48293304439198, 28.889697793469036], [-113.48293304441503, 28.889697793375355], [-113.48293304442895, 28.88969779327989], [-113.48293304443361, 28.889697793183526], [-113.48293304443361, 28.88954749539209], [-113.48293304443474, 28.88954749536861], [-113.48293304445578, 28.889547495358162], [-113.48310470529096, 28.889472346278993], [-113.483104705375, 28.8894723462374], [-113.48310470545479, 28.889472346188114], [-113.4831047055296, 28.889472346131573], [-113.48310470559879, 28.889472346068274], [-113.48310470566175, 28.88947234599877], [-113.4831047057179, 28.889472345923675], [-113.4831047057668, 28.889472345843647], [-113.48310470580797, 28.889472345759394], [-113.48310470584107, 28.889472345671653], [-113.48310470586581, 28.889472345581197], [-113.48310470588197, 28.889472345488823], [-113.48319053649602, 28.88879599978074], [-113.48319053650009, 28.888795999757665], [-113.483190536519, 28.888795999743916], [-113.48353385923275, 28.888570550026497], [-113.4835338592533, 28.888570550014382], [-113.48353385927716, 28.888570550013235], [-113.48379135031837, 28.888570550013235], [-113.48379135041638, 28.88857055000842], [-113.48379135051346, 28.88857054999402], [-113.48379135060866, 28.888570549970176], [-113.48379135070105, 28.888570549937114], [-113.48379135078977, 28.888570549895157], [-113.48379135087394, 28.888570549844705], [-113.48379135095276, 28.888570549786245], [-113.48379135102547, 28.88857054972034], [-113.48379135109138, 28.88857054964763], [-113.48379135114983, 28.888570549568804], [-113.4837913512003, 28.88857054948463], [-113.48379135124225, 28.88857054939592], [-113.48379135127531, 28.88857054930352], [-113.48379135129916, 28.888570549208325], [-113.48379135131356, 28.88857054911125], [-113.48379135131837, 28.888570549013235], [-113.48379135131837, 28.88842024993636], [-113.48379135131951, 28.88842024991313], [-113.48379135134259, 28.888420249909455], [-113.48447799531047, 28.888345099945845], [-113.48447799540823, 28.888345099930216], [-113.48447799550395, 28.888345099905003], [-113.4844779955967, 28.888345099870445], [-113.48447799568561, 28.888345099826886], [-113.48447799576975, 28.88834509977475], [-113.48447799584834, 28.888345099714552], [-113.48447799592059, 28.888345099646877], [-113.48447799598578, 28.888345099572394], [-113.48447799604331, 28.888345099491826], [-113.48447799609258, 28.888345099405967], [-113.48447799613312, 28.888345099315657], [-113.48447799616453, 28.88834509922178], [-113.48447799618651, 28.88834509912526], [-113.48447799619883, 28.88834509902704], [-113.48447799620139, 28.888345098928077], [-113.48447799619414, 28.88834509882935], [-113.48447799617718, 28.888345098731826], [-113.48447799615066, 28.888345098636453], [-113.48447799611483, 28.88834509854417], [-113.48447799607005, 28.888345098455883], [-113.48439216646294, 28.888194799922022], [-113.48439216641097, 28.888194799840463], [-113.48439216635138, 28.8881947997643], [-113.4843921662847, 28.88819479969425], [-113.48439216621158, 28.88819479963097], [-113.48439216613268, 28.88819479957505], [-113.48439216604874, 28.888194799527014], [-113.48439216596056, 28.88819479948731], [-113.48439216586895, 28.888194799456304], [-113.48439216577479, 28.888194799434295], [-113.48439216567893, 28.888194799421488], [-113.48439216558229, 28.888194799417995], [-113.48439216548576, 28.888194799423857], [-113.48370552065447, 28.888269949590736], [-113.48370552063106, 28.888269949592132], [-113.4837055206299, 28.888269949568596], [-113.4837055206299, 28.887969348327054], [-113.483705520631, 28.887969348303923], [-113.4837055206477, 28.887969348287836], [-113.48387718166559, 28.887819047630906], [-113.48387718173373, 28.887819047565298], [-113.48387718179536, 28.887819047493544], [-113.48387718184995, 28.88781904741629], [-113.48387718189699, 28.887819047334222], [-113.48387718193607, 28.887819047248076], [-113.48387718196682, 28.887819047158626], [-113.48387718198899, 28.887819047066667], [-113.48387718200237, 28.88781904697303], [-113.48387718200685, 28.88781904687854], [-113.48387718200685, 28.887443293975707], [-113.48387718200796, 28.887443293952575], [-113.48387718202466, 28.88744329393649], [-113.48404884311347, 28.887292992456064], [-113.48404884318431, 28.887292992387593], [-113.48404884324806, 28.887292992312485], [-113.48404884330411, 28.887292992231465], [-113.48404884335193, 28.887292992145326], [-113.48404884339102, 28.8872929920549], [-113.48404884342104, 28.887292991961065], [-113.48404884344167, 28.88729299186473], [-113.48413467406819, 28.886766934466806], [-113.48413467407332, 28.88676693444296], [-113.48413467409745, 28.886766934441745], [-113.48430633444923, 28.886766934441745], [-113.48430633454724, 28.88676693443693], [-113.48430633464432, 28.886766934422532], [-113.48430633473951, 28.886766934398686], [-113.48430633483191, 28.886766934365625], [-113.48430633492063, 28.886766934323667], [-113.4843063350048, 28.886766934273215], [-113.48430633508362, 28.886766934214755], [-113.48430633515633, 28.886766934148852], [-113.48430633522224, 28.88676693407614], [-113.48430633528069, 28.886766933997315], [-113.48430633533115, 28.88676693391314], [-113.4843063353731, 28.88676693382443], [-113.48430633540617, 28.88676693373203], [-113.48430633543002, 28.886766933636835], [-113.48430633544442, 28.88676693353976], [-113.48430633544923, 28.886766933441745], [-113.48430633544923, 28.886541480317224], [-113.48430633545038, 28.886541480293857], [-113.48430633547376, 28.88654148029271], [-113.48447799595881, 28.88654148029271], [-113.48447799605394, 28.886541480288177], [-113.4844779961482, 28.886541480274612], [-113.48447799624074, 28.886541480252145], [-113.48447799633072, 28.88654148022098], [-113.48447799641734, 28.886541480181393], [-113.48447799649979, 28.886541480133747], [-113.48447799657734, 28.886541480078478], [-113.48447799664928, 28.886541480016078], [-113.48447799671496, 28.88654147994712], [-113.48447799677378, 28.88654147987223], [-113.4844779968252, 28.88654147979208], [-113.48447799686878, 28.8865414797074], [-113.48447799690409, 28.886541479618963], [-113.48447799693085, 28.88654147952757], [-113.48447799694877, 28.88654147943404], [-113.48456382751115, 28.885940266860242], [-113.48456382751527, 28.885940266838976], [-113.48456382752703, 28.88594026685736], [-113.48473548860375, 28.88624087349517], [-113.48473548865506, 28.886240873575822], [-113.48473548871385, 28.886240873651204], [-113.48473548877956, 28.88624087372063], [-113.4847354888516, 28.886240873783464], [-113.48473548892932, 28.88624087383913], [-113.484735489012, 28.886240873887125], [-113.48473548909887, 28.886240873927004], [-113.48473548918916, 28.886240873958407], [-113.48473548928203, 28.88624087398104], [-113.48473548937665, 28.88624087399471], [-113.48473548947213, 28.886240873999277], [-113.48542213322305, 28.886240873999277], [-113.48542213331916, 28.886240873994648], [-113.48542213341437, 28.886240873980807], [-113.48542213350781, 28.886240873957878], [-113.48542213359862, 28.886240873926074], [-113.48542213368594, 28.88624087388569], [-113.48542213376899, 28.886240873837103], [-113.48542213384698, 28.886240873780757], [-113.4854221339192, 28.886240873717178], [-113.48542213398497, 28.886240873646955], [-113.48542213404369, 28.886240873570735], [-113.4854221340948, 28.886240873489225], [-113.48542213413786, 28.886240873403178], [-113.48542213417244, 28.886240873313394], [-113.48542213419823, 28.8862408732207], [-113.485422134215, 28.88624087312596], [-113.48542213422257, 28.886240873030044], [-113.48542213422091, 28.886240872933843], [-113.48542213421, 28.88624087283825], [-113.48533630371486, 28.885714810915978], [-113.48533630371224, 28.885714810893102], [-113.48533630373501, 28.885714810892004], [-113.48576545615332, 28.885714810892004], [-113.48576545625133, 28.88571481088719], [-113.4857654563484, 28.88571481087279], [-113.4857654564436, 28.885714810848945], [-113.485765456536, 28.885714810815884], [-113.48576545662472, 28.885714810773926], [-113.48576545670889, 28.885714810723474], [-113.4857654567877, 28.885714810665014], [-113.48576545686042, 28.88571481059911], [-113.48576545692633, 28.885714810526398], [-113.48576545698478, 28.885714810447574], [-113.48576545703524, 28.8857148103634], [-113.48576545707719, 28.88571481027469], [-113.48576545711026, 28.88571481018229], [-113.48576545713411, 28.885714810087094], [-113.4857654571485, 28.88571480999002], [-113.48576545715332, 28.885714809892004], [-113.48576545715332, 28.88556450668213], [-113.48576545715447, 28.885564506658763], [-113.48576545717785, 28.885564506657616], [-113.48602294919453, 28.885564506657616], [-113.486022949216, 28.885564506658657], [-113.48602294920056, 28.885564506673553], [-113.48585128984317, 28.885714809139646], [-113.48585128977348, 28.88571480920691], [-113.48585128971061, 28.885714809280596], [-113.48585128965517, 28.88571480936002], [-113.48585128960768, 28.885714809444437], [-113.48585128956857, 28.885714809533052], [-113.48585128953822, 28.885714809625032], [-113.48585128951692, 28.88571480971952], [-113.48585128950485, 28.885714809815624], [-113.48585128950214, 28.885714809912447], [-113.4858512895088, 28.885714810009073], [-113.48585128952479, 28.885714810104606], [-113.48585128954994, 28.88571481019814], [-113.48585128958402, 28.885714810288807], [-113.48585128962672, 28.88571481037575], [-113.48585128967763, 28.88571481045815], [-113.48585128973626, 28.885714810535244], [-113.48585128980208, 28.885714810606302], [-113.48585128987447, 28.885714810670656], [-113.48585128995275, 28.88571481072771], [-113.48585129003618, 28.885714810776918], [-113.48585129012397, 28.885714810817827], [-113.48585129021531, 28.88571481085005], [-113.48585129030934, 28.885714810873285], [-113.48585129040518, 28.885714810887315], [-113.48585129050193, 28.885714810892004], [-113.48602294919306, 28.885714810892004], [-113.48602294921828, 28.8857148108933], [-113.48602294923802, 28.885714810908862], [-113.48628044126649, 28.885940266820203], [-113.48628044128309, 28.88594026683618], [-113.4862804412842, 28.88594026685933], [-113.4862804412842, 28.886090569526264], [-113.48628044128901, 28.88609056962428], [-113.4862804413034, 28.886090569721354], [-113.48628044132725, 28.88609056981655], [-113.48628044136032, 28.886090569908948], [-113.48628044140227, 28.88609056999766], [-113.48628044145273, 28.886090570081834], [-113.48628044151118, 28.886090570160658], [-113.4862804415771, 28.88609057023337], [-113.48628044164981, 28.886090570299274], [-113.48628044172862, 28.886090570357734], [-113.4862804418128, 28.886090570408186], [-113.48628044190151, 28.886090570450143], [-113.48628044199391, 28.886090570483205], [-113.48628044208911, 28.88609057050705], [-113.48628044218619, 28.88609057052145], [-113.4862804422842, 28.886090570526264], [-113.4865379333254, 28.886090570526264], [-113.48653793334687, 28.886090570527305], [-113.48653793333146, 28.886090570542166], [-113.48628044328557, 28.88631602390185], [-113.48628044321588, 28.886316023969112], [-113.486280443153, 28.886316024042802], [-113.48628044309757, 28.886316024122227], [-113.48628044305008, 28.886316024206643], [-113.48628044301097, 28.886316024295255], [-113.48628044298061, 28.886316024387238], [-113.48628044295931, 28.886316024481722], [-113.48628044294725, 28.886316024577827], [-113.48628044294453, 28.88631602467465], [-113.4862804429512, 28.88631602477128], [-113.48628044296719, 28.88631602486681], [-113.48628044299234, 28.886316024960347], [-113.48628044302642, 28.886316025051013], [-113.48628044306912, 28.886316025137955], [-113.48628044312002, 28.886316025220356], [-113.48628044317866, 28.88631602529745], [-113.48628044324448, 28.886316025368508], [-113.48628044331687, 28.886316025432862], [-113.48628044339515, 28.886316025489915], [-113.48628044347858, 28.886316025539124], [-113.48628044356637, 28.886316025580033], [-113.4862804436577, 28.886316025612256], [-113.48628044375174, 28.88631602563549], [-113.48628044384758, 28.88631602564952], [-113.48628044394432, 28.88631602565421], [-113.4864521026366, 28.88631602565421], [-113.48645210265998, 28.886316025655358], [-113.48645210266113, 28.886316025678724], [-113.48645210266113, 28.88661663149849], [-113.48645210266528, 28.8866166315894], [-113.48645210267766, 28.886616631679562], [-113.4864521026982, 28.88661663176822], [-113.48645210272672, 28.886616631854647], [-113.48645210276295, 28.886616631938125], [-113.4867095944523, 28.887142689708757], [-113.48670959450142, 28.887142689797432], [-113.48670959455927, 28.88714268988068], [-113.48670959462525, 28.887142689957642], [-113.4867095946987, 28.887142690027527], [-113.48670959477883, 28.88714269008962], [-113.48670959486483, 28.887142690143282], [-113.48670959495584, 28.887142690187957], [-113.4867095950509, 28.887142690223193], [-113.48670959514902, 28.88714269024862], [-113.48670959524924, 28.887142690263985], [-113.48670959535048, 28.887142690269123], [-113.48713874814433, 28.887142690269123], [-113.4871387481674, 28.88714269027026]]]}}, {"type": "Feature", "id": 2, "properties": {"COV_": 15420, "COV_ID": 15421, "Clase": 5, "Descrip": "Manglar", "fid": 10, "ha": 1.36615762808, "layer": "mexman2010gw", "path": "D:\\Back-up\\DOCUMENTOS\\Mi Garmin\\Ecoalianza-L\\Capas\\Manglares\\mexman2010gw.shp"}, "geometry": {"type": "Polygon", "coordinates": [[[-113.49486351013056, 28.88849539999048], [-113.49486351012835, 28.888495400014374], [-113.49477767944698, 28.889096598628736], [-113.49477767944227, 28.889096598652987], [-113.49477767941865, 28.88909659865942], [-113.49443435671505, 28.889171748236684], [-113.49443435668962, 28.889171748240873], [-113.49443435666541, 28.88917174823175], [-113.49426269533468, 28.889096598663716], [-113.49426269531365, 28.889096598653268], [-113.49426269531251, 28.889096598629788], [-113.49426269531251, 28.888946300843703], [-113.4942626953076, 28.888946300744692], [-113.4942626952929, 28.88894630064666], [-113.49426269526857, 28.888946300550558], [-113.49426269523485, 28.888946300457338], [-113.49426269519208, 28.888946300367916], [-113.49426269514065, 28.888946300283166], [-113.49426269508108, 28.88894630020393], [-113.49426269501396, 28.88894630013098], [-113.49426269493995, 28.88894630006503], [-113.49426269485976, 28.888946300006733], [-113.4942626947742, 28.888946299956665], [-113.49426269468411, 28.88894629991531], [-113.49426269459036, 28.88894629988308], [-113.49426269449388, 28.88894629986029], [-113.49426269439563, 28.888946299847163], [-113.49426269429655, 28.88894629984383], [-113.49426269419764, 28.88894629985032], [-113.49426269409985, 28.888946299866575], [-113.49426269400415, 28.88894629989243], [-113.49426269391148, 28.88894629992764], [-113.49409103395858, 28.889021449001273], [-113.49409103393697, 28.88902144900947], [-113.49409103393873, 28.889021448986433], [-113.49417686448116, 28.888345100905852], [-113.49417686448876, 28.888345100806358], [-113.49417686448642, 28.8883451007066], [-113.49417686447414, 28.888345100607577], [-113.49417686445206, 28.888345100510268], [-113.4941768644204, 28.888345100415645], [-113.49417686437945, 28.888345100324646], [-113.49417686432965, 28.888345100238183], [-113.49417686427147, 28.888345100157114], [-113.4941768642055, 28.888345100082248], [-113.4941768641324, 28.888345100014327], [-113.49417686405289, 28.88834509995403], [-113.49417686396778, 28.888345099901954], [-113.4941768638779, 28.888345099858626], [-113.49417686378413, 28.888345099824466], [-113.49417686368744, 28.88834509979982], [-113.49417686358878, 28.888345099784935], [-113.49417686348912, 28.888345099779958], [-113.49400520327097, 28.888345099779958], [-113.49400520324774, 28.888345099778846], [-113.49400520323525, 28.888345099759224], [-113.49391937257099, 28.888194799374176], [-113.49391937255992, 28.88819479935234], [-113.49391937256543, 28.888194799328616], [-113.49400520300718, 28.887894198685167], [-113.49400520302902, 28.887894198591976], [-113.49400520304185, 28.887894198497126], [-113.49400520304556, 28.88789419840148], [-113.4940052030401, 28.887894198305922], [-113.49400520302554, 28.88789419821132], [-113.494005203002, 28.887894198118545], [-113.49400520296969, 28.887894198028444], [-113.49400520292892, 28.887894197941847], [-113.49400520288006, 28.887894197859545], [-113.49400520282356, 28.887894197782288], [-113.49400520275992, 28.88789419771079], [-113.49400520268973, 28.887894197645704], [-113.49400520261366, 28.887894197587624], [-113.49400520253238, 28.887894197537083], [-113.49400520244663, 28.887894197494546], [-113.49383354269371, 28.887819047692663], [-113.4938335426025, 28.88781904765793], [-113.49383354250834, 28.887819047632256], [-113.49383354241212, 28.887819047615885], [-113.49383354231476, 28.88781904760897], [-113.4938335422172, 28.88781904761158], [-113.49383354212036, 28.887819047623687], [-113.49383354202516, 28.887819047645177], [-113.49383354193249, 28.887819047675844], [-113.49383354184327, 28.8878190477154], [-113.49383354175832, 28.88781904776346], [-113.49383354167847, 28.88781904781958], [-113.49383354160447, 28.887819047883212], [-113.49383354153703, 28.887819047953755], [-113.49383354147677, 28.88781904803054], [-113.4938335414243, 28.887819048112828], [-113.49374771119349, 28.887969348282695], [-113.49374771118102, 28.887969348302317], [-113.49374771115777, 28.88796934830343], [-113.4934902191418, 28.88796934830343], [-113.49349021911685, 28.887969348302153], [-113.49349021910075, 28.887969348283097], [-113.49331855821562, 28.887743897390482], [-113.49331855815444, 28.887743897317606], [-113.4933185580866, 28.88774389725087], [-113.49331855801275, 28.887743897190884], [-113.4933185579335, 28.887743897138193], [-113.49331855784962, 28.88774389709327], [-113.49331855776185, 28.887743897056524], [-113.49331855767097, 28.887743897028287], [-113.49331855757784, 28.88774389700881], [-113.49331855748326, 28.88774389699828], [-113.49331855738812, 28.887743896996785], [-113.49331855729326, 28.887743897004338], [-113.49331855719956, 28.887743897020876], [-113.49331855710786, 28.887743897046242], [-113.49331855701897, 28.887743897080217], [-113.49314689638513, 28.88781904732213], [-113.49314689636346, 28.887819047330357], [-113.49314689636232, 28.88781904730741], [-113.49314689636232, 28.887668747143255], [-113.4931468963575, 28.88766874704524], [-113.4931468963431, 28.887668746948165], [-113.49314689631926, 28.88766874685297], [-113.49314689628619, 28.88766874676057], [-113.49314689624424, 28.88766874667186], [-113.49314689619378, 28.887668746587686], [-113.49314689613533, 28.88766874650886], [-113.49314689606942, 28.887668746436148], [-113.4931468959967, 28.887668746370245], [-113.49314689591789, 28.887668746311785], [-113.49314689583372, 28.887668746261333], [-113.493146895745, 28.887668746219376], [-113.4931468956526, 28.887668746186314], [-113.4931468955574, 28.88766874616247], [-113.49314689546033, 28.88766874614807], [-113.49314689536232, 28.887668746143255], [-113.4929752350099, 28.887668746143255], [-113.49297523498652, 28.887668746142108], [-113.49297523498537, 28.88766874611874], [-113.49297523498537, 28.88729299224359], [-113.4929752349865, 28.8872929922201], [-113.49297523500749, 28.887292992209677], [-113.49331855735501, 28.88714269043735], [-113.49331855744384, 28.88714269039308], [-113.49331855752786, 28.88714269034022], [-113.49331855760622, 28.887142690279294], [-113.49331855767815, 28.8871426902109], [-113.49331855774294, 28.88714269013571], [-113.49331855779997, 28.88714269005447], [-113.49331855784865, 28.887142689967977], [-113.49331855788853, 28.88714268987708], [-113.49340438841888, 28.886917236959142], [-113.49340438842678, 28.886917236941123], [-113.49340438842775, 28.886917236960524], [-113.49340438842775, 28.887292991765797], [-113.49340438843223, 28.887292991860285], [-113.49340438844561, 28.887292991953924], [-113.49340438846778, 28.887292992045882], [-113.49340438849853, 28.887292992135333], [-113.49340438853761, 28.88729299222148], [-113.49340438858465, 28.887292992303546], [-113.49340438863923, 28.8872929923808], [-113.49340438870087, 28.887292992452554], [-113.49340438876901, 28.887292992518162], [-113.49357604952188, 28.887443293704447], [-113.49357604960251, 28.887443293768037], [-113.49357604968924, 28.887443293823026], [-113.49357604978115, 28.887443293868827], [-113.49357604987728, 28.887443293904962], [-113.4935760499766, 28.887443293931046], [-113.49357605007806, 28.88744329394681], [-113.49357605018062, 28.88744329395208], [-113.4938335418456, 28.88744329395208], [-113.49383354186898, 28.88744329395323], [-113.49383354187013, 28.887443293976595], [-113.49383354187013, 28.88766874533847], [-113.49383354187482, 28.887668745435125], [-113.49383354188882, 28.887668745530878], [-113.49383354191201, 28.887668745624826], [-113.49383354194417, 28.887668745716095], [-113.49383354198501, 28.887668745803825], [-113.49383354203414, 28.8876687458872], [-113.49383354209108, 28.887668745965435], [-113.49383354215533, 28.8876687460378], [-113.49383354222627, 28.887668746103614], [-113.49383354230325, 28.887668746162266], [-113.49383354238553, 28.8876687462132], [-113.49383354247234, 28.887668746255944], [-113.49383354256288, 28.8876687462901], [-113.4938335426563, 28.88766874631534], [-113.49417686459978, 28.887743896759567], [-113.49417686462316, 28.88774389676591], [-113.49417686463282, 28.887743896787935], [-113.4943485258754, 28.888194799022607], [-113.49434852591422, 28.888194799111403], [-113.49434852596147, 28.888194799196025], [-113.49434852601668, 28.888194799275674], [-113.49434852607935, 28.888194799349606], [-113.49434852614887, 28.888194799417125], [-113.49434852622461, 28.888194799477596], [-113.49434852630584, 28.88819479953045], [-113.49486351011046, 28.888495399977383], [-113.49486351013056, 28.88849539999048]]]}}, {"type": "Feature", "id": 3, "properties": {"COV_": 15411, "COV_ID": 15412, "Clase": 5, "Descrip": "Manglar", "fid": 8, "ha": 7.07953570561, "layer": "mexman2010gw", "path": "D:\\Back-up\\DOCUMENTOS\\Mi Garmin\\Ecoalianza-L\\Capas\\Manglares\\mexman2010gw.shp"}, "geometry": {"type": "Polygon", "coordinates": [[[-113.36560249328507, 28.820763139841716], [-113.36560249328615, 28.820763139864457], [-113.36560249328615, 28.8209135377404], [-113.365602493285, 28.820913537763765], [-113.36560249326162, 28.820913537764913], [-113.3654308329092, 28.820913537764913], [-113.36543083281119, 28.820913537769727], [-113.36543083271411, 28.820913537784126], [-113.36543083261891, 28.82091353780797], [-113.36543083252651, 28.820913537841033], [-113.3654308324378, 28.82091353788299], [-113.36543083235362, 28.820913537933443], [-113.36543083227481, 28.820913537991903], [-113.3654308322021, 28.820913538057805], [-113.36543083213618, 28.82091353813052], [-113.36543083207773, 28.820913538209343], [-113.36543083202727, 28.820913538293517], [-113.36543083198532, 28.82091353838223], [-113.36543083195225, 28.820913538474628], [-113.3654308319284, 28.820913538569823], [-113.36543083191401, 28.820913538666897], [-113.3654308319092, 28.820913538764913], [-113.3654308319092, 28.821665524102727], [-113.36543083190804, 28.821665524126093], [-113.36543083188467, 28.82166552412724], [-113.36474418670053, 28.82166552412724], [-113.3647441866038, 28.82166552413193], [-113.36474418650796, 28.821665524145956], [-113.36474418641394, 28.82166552416919], [-113.3647441863226, 28.821665524201407], [-113.3647441862348, 28.821665524242313], [-113.36474418615138, 28.821665524291515], [-113.36440086366788, 28.821891118963542], [-113.36440086364858, 28.82189111897492], [-113.36440086364748, 28.821891118952614], [-113.36440086364748, 28.82166552512724], [-113.36440086364266, 28.821665525029225], [-113.36440086362826, 28.82166552493215], [-113.36440086360442, 28.821665524836956], [-113.36440086357135, 28.821665524744557], [-113.3644008635294, 28.821665524655845], [-113.36440086347893, 28.82166552457167], [-113.36440086342049, 28.821665524492847], [-113.36440086335458, 28.821665524420133], [-113.36440086328186, 28.82166552435423], [-113.36440086320304, 28.82166552429577], [-113.36440086311887, 28.82166552424532], [-113.36440086303016, 28.82166552420336], [-113.36440086293776, 28.8216655241703], [-113.36440086284256, 28.821665524146454], [-113.36440086274548, 28.821665524132055], [-113.36440086264747, 28.82166552412724], [-113.36422920229505, 28.82166552412724], [-113.36422920227167, 28.821665524126093], [-113.36422920227052, 28.821665524102727], [-113.36422920227052, 28.82151512828922], [-113.3642292022657, 28.821515128191205], [-113.36422920225131, 28.82151512809413], [-113.36422920222746, 28.821515127998936], [-113.3642292021944, 28.821515127906537], [-113.36422920215244, 28.821515127817825], [-113.36422920210198, 28.82151512773365], [-113.36422920204353, 28.821515127654827], [-113.36422920197762, 28.821515127582114], [-113.3642292019049, 28.82151512751621], [-113.36422920182609, 28.82151512745775], [-113.36422920174192, 28.8215151274073], [-113.3642292016532, 28.82151512736534], [-113.3642292015608, 28.82151512733228], [-113.3642292014656, 28.821515127308434], [-113.36422920136853, 28.821515127294035], [-113.36422920127052, 28.82151512728922], [-113.3639717102296, 28.82151512728922], [-113.36397171020623, 28.821515127288073], [-113.36397171020508, 28.821515127264707], [-113.36397171020508, 28.82128953233408], [-113.36397171020057, 28.821289532239323], [-113.36397171018712, 28.821289532145414], [-113.36397171016482, 28.821289532053207], [-113.36397171013388, 28.821289531963526], [-113.36397171009459, 28.82128953187718], [-113.3639717100473, 28.821289531794946], [-113.36397170999241, 28.821289531717564], [-113.36397170993045, 28.821289531645732], [-113.36397170986196, 28.821289531580092], [-113.36397170978756, 28.821289531521238], [-113.36397170970791, 28.821289531469702], [-113.36397170962374, 28.82128953142594], [-113.3639717095358, 28.821289531390356], [-113.3635425567853, 28.82113913425173], [-113.36354255676328, 28.821139134242806], [-113.36354255674473, 28.821139134228066], [-113.36328506471511, 28.82091353778054], [-113.36328506469839, 28.820913537764415], [-113.36328506469728, 28.820913537741262], [-113.36328506469728, 28.820763140840775], [-113.36328506469246, 28.82076314074276], [-113.36328506467807, 28.820763140645685], [-113.36328506465422, 28.82076314055049], [-113.36328506462115, 28.82076314045809], [-113.3632850645792, 28.82076314036938], [-113.36328506452874, 28.820763140285205], [-113.36328506447029, 28.82076314020638], [-113.36328506440438, 28.820763140133668], [-113.36328506433166, 28.820763140067765], [-113.36328506425285, 28.820763140009305], [-113.36328506416868, 28.820763139958853], [-113.36328506407996, 28.820763139916895], [-113.36328506398756, 28.820763139883834], [-113.36328506389236, 28.820763139859988], [-113.36328506379529, 28.82076313984559], [-113.36328506369728, 28.820763139840775], [-113.36311340334605, 28.820763139840775], [-113.36311340332081, 28.820763139839478], [-113.36311340330101, 28.820763139823857], [-113.36277008058632, 28.820462343358287], [-113.36277008056759, 28.820462343340026], [-113.36277008055538, 28.820462343316677], [-113.36259841919849, 28.820086346513833], [-113.36259841919036, 28.82008634649378], [-113.3625984191877, 28.82008634647248], [-113.36251258857588, 28.81903354901935], [-113.36251258856292, 28.81903354892094], [-113.36251258854026, 28.819033548824308], [-113.36251258850814, 28.819033548730395], [-113.36251258846686, 28.819033548640128], [-113.36251258841683, 28.819033548554398], [-113.36251258835857, 28.81903354847405], [-113.36251258829262, 28.819033548399872], [-113.36251258821963, 28.8190335483326], [-113.36251258814035, 28.819033548272895], [-113.36251258805552, 28.81903354822134], [-113.36251258796601, 28.819033548178453], [-113.36251258787269, 28.81903354814465], [-113.36251258777648, 28.81903354812026], [-113.36251258767832, 28.819033548105534], [-113.36251258757919, 28.819033548100606], [-113.36208343508314, 28.819033548100606], [-113.36208343505976, 28.81903354809946], [-113.36208343505861, 28.819033548076092], [-113.36208343505861, 28.81865754709495], [-113.36208343505379, 28.818657546996935], [-113.3620834350394, 28.81865754689986], [-113.36208343501555, 28.818657546804666], [-113.36208343498248, 28.818657546712267], [-113.36208343494053, 28.818657546623555], [-113.36208343489007, 28.81865754653938], [-113.36208343483162, 28.818657546460557], [-113.36208343476571, 28.818657546387843], [-113.36208343469299, 28.81865754632194], [-113.36208343461418, 28.81865754626348], [-113.36208343453, 28.81865754621303], [-113.36208343444129, 28.81865754617107], [-113.36208343434889, 28.81865754613801], [-113.36208343425369, 28.818657546114164], [-113.36208343415662, 28.818657546099764], [-113.3620834340586, 28.81865754609495], [-113.36191177370618, 28.81865754609495], [-113.3619117736828, 28.818657546093803], [-113.36191177368165, 28.818657546070437], [-113.36191177368165, 28.81850714493752], [-113.36191177368285, 28.818507144913664], [-113.36191177370644, 28.818507144910598], [-113.36285591123068, 28.818431944241855], [-113.36285591125375, 28.81843194424114], [-113.36285591125488, 28.81843194426432], [-113.36285591125488, 28.81865754509495], [-113.3628559112597, 28.818657545192966], [-113.3628559112741, 28.81865754529004], [-113.36285591129794, 28.818657545385236], [-113.36285591133101, 28.818657545477635], [-113.36285591137296, 28.818657545566346], [-113.36285591142342, 28.81865754565052], [-113.36285591148187, 28.818657545729344], [-113.36285591154778, 28.818657545802058], [-113.3628559116205, 28.81865754586796], [-113.36285591169931, 28.81865754592642], [-113.36285591178348, 28.818657545976873], [-113.3628559118722, 28.81865754601883], [-113.3628559119646, 28.81865754605189], [-113.3628559120598, 28.818657546075737], [-113.36285591215687, 28.818657546090137], [-113.36285591225489, 28.81865754609495], [-113.36328506467275, 28.81865754609495], [-113.36328506469613, 28.818657546096098], [-113.36328506469728, 28.818657546119464], [-113.36328506469728, 28.818807947035605], [-113.36328506469613, 28.81880794705897], [-113.36328506467275, 28.81880794706012], [-113.36311340432033, 28.81880794706012], [-113.36311340422232, 28.818807947064933], [-113.36311340412524, 28.818807947079332], [-113.36311340403005, 28.818807947103178], [-113.36311340393765, 28.81880794713624], [-113.36311340384893, 28.818807947178197], [-113.36311340376476, 28.81880794722865], [-113.36311340368594, 28.81880794728711], [-113.36311340361323, 28.81880794735301], [-113.36311340354732, 28.818807947425725], [-113.36311340348887, 28.81880794750455], [-113.3631134034384, 28.818807947588724], [-113.36311340339645, 28.818807947677435], [-113.36311340336339, 28.818807947769834], [-113.36311340333954, 28.81880794786503], [-113.36311340332514, 28.818807947962103], [-113.36311340332033, 28.81880794806012], [-113.36311340332033, 28.819710347289668], [-113.36311340332514, 28.819710347387684], [-113.36311340333954, 28.819710347484758], [-113.36311340336339, 28.819710347579953], [-113.36311340339645, 28.819710347672352], [-113.3631134034384, 28.819710347761063], [-113.36311340348887, 28.819710347845238], [-113.36311340354732, 28.81971034792406], [-113.36311340361323, 28.819710347996775], [-113.36311340368594, 28.819710348062678], [-113.36311340376476, 28.819710348121138], [-113.36311340384893, 28.81971034817159], [-113.36311340393765, 28.819710348213547], [-113.36311340403005, 28.81971034824661], [-113.36311340412524, 28.819710348270455], [-113.36311340422232, 28.819710348284854], [-113.36311340432033, 28.819710348289668], [-113.3635425557627, 28.819710348289668], [-113.36354255586072, 28.819710348284854], [-113.36354255595779, 28.819710348270455], [-113.36354255605299, 28.81971034824661], [-113.36354255614539, 28.819710348213547], [-113.36354255623411, 28.81971034817159], [-113.36354255631828, 28.819710348121138], [-113.36354255639709, 28.819710348062678], [-113.36354255646981, 28.819710347996775], [-113.36354255653572, 28.81971034792406], [-113.36354255659417, 28.819710347845238], [-113.36354255664463, 28.819710347761063], [-113.36354255668658, 28.819710347672352], [-113.36354255671965, 28.819710347579953], [-113.3635425567435, 28.819710347484758], [-113.36354255675789, 28.819710347387684], [-113.36354255676271, 28.819710347289668], [-113.36354255676271, 28.818807947084633], [-113.36354255676386, 28.818807947061266], [-113.36354255678724, 28.81880794706012], [-113.36371421713966, 28.81880794706012], [-113.36371421723767, 28.818807947055305], [-113.36371421733475, 28.818807947040906], [-113.36371421742994, 28.81880794701706], [-113.36371421752234, 28.818807946984], [-113.36371421761106, 28.81880794694204], [-113.36371421769523, 28.81880794689159], [-113.36371421777405, 28.81880794683313], [-113.36371421784676, 28.818807946767226], [-113.36371421791267, 28.818807946694513], [-113.36371421797112, 28.81880794661569], [-113.36371421802158, 28.818807946531514], [-113.36371421806354, 28.818807946442803], [-113.3637142180966, 28.818807946350404], [-113.36371421812045, 28.81880794625521], [-113.36371421813485, 28.818807946158135], [-113.36371421813966, 28.81880794606012], [-113.36371421813966, 28.818281542756246], [-113.36371421814081, 28.81828154273288], [-113.36371421816419, 28.818281542731732], [-113.36431503293446, 28.818281542731732], [-113.36431503295783, 28.81828154273288], [-113.36431503295898, 28.818281542756246], [-113.36431503295898, 28.81858234453091], [-113.3643150329638, 28.818582344628926], [-113.3643150329782, 28.818582344726], [-113.36431503300204, 28.818582344821195], [-113.36431503303511, 28.818582344913594], [-113.36431503307706, 28.818582345002305], [-113.36431503312753, 28.81858234508648], [-113.36431503318597, 28.818582345165304], [-113.36431503325188, 28.818582345238017], [-113.3643150333246, 28.81858234530392], [-113.36431503340341, 28.81858234536238], [-113.36431503348759, 28.818582345412832], [-113.3643150335763, 28.81858234545479], [-113.3643150336687, 28.81858234548785], [-113.3643150337639, 28.818582345511697], [-113.36431503386098, 28.818582345526096], [-113.36431503395899, 28.81858234553091], [-113.36457252500041, 28.81858234553091], [-113.36457252502355, 28.818582345532025], [-113.36457252502977, 28.818582345554322], [-113.36474418622392, 28.819334347950218], [-113.3647441862498, 28.8193343480428], [-113.36474418628444, 28.819334348132475], [-113.36474418632753, 28.819334348218405], [-113.36474418637867, 28.8193343482998], [-113.3647441864374, 28.81933434837591], [-113.36474418650317, 28.81933434844603], [-113.36474418657536, 28.81933434850951], [-113.36474418665331, 28.819334348565764], [-113.3647441867363, 28.819334348614273], [-113.36474418682357, 28.81933434865459], [-113.36474418691432, 28.81933434868634], [-113.36474418700769, 28.81933434870923], [-113.36474418710281, 28.819334348723046], [-113.36474418719884, 28.81933434872767], [-113.36500167844227, 28.81933434872767], [-113.36500167846565, 28.819334348728816], [-113.3650016784668, 28.819334348752182], [-113.3650016784668, 28.819484747715393], [-113.36500167847161, 28.81948474781341], [-113.36500167848601, 28.819484747910483], [-113.36500167850986, 28.819484748005678], [-113.36500167854292, 28.819484748098077], [-113.36500167858487, 28.819484748186788], [-113.36500167863534, 28.819484748270963], [-113.36500167869379, 28.819484748349787], [-113.3650016787597, 28.8194847484225], [-113.36500167883241, 28.819484748488403], [-113.36500167891123, 28.819484748546863], [-113.3650016789954, 28.819484748597315], [-113.36500167908412, 28.819484748639272], [-113.36500167917652, 28.819484748672334], [-113.36500167927171, 28.81948474869618], [-113.36500167936879, 28.81948474871058], [-113.3650016794668, 28.819484748715393], [-113.36517333981924, 28.819484748715393], [-113.36517333984261, 28.81948474871654], [-113.36517333984376, 28.819484748739907], [-113.36517333984376, 28.819710348265154], [-113.36517333984261, 28.81971034828852], [-113.36517333981924, 28.819710348289668], [-113.36500167935915, 28.819710348289668], [-113.36500167926216, 28.819710348294382], [-113.36500167916608, 28.819710348308483], [-113.36500167907184, 28.819710348331835], [-113.36500167898029, 28.819710348364218], [-113.36500167889231, 28.819710348405327], [-113.36500167880874, 28.819710348454777], [-113.36500167873035, 28.819710348512096], [-113.3650016786579, 28.819710348576752], [-113.36500167859207, 28.819710348648126], [-113.36500167853346, 28.81971034872555], [-113.36500167848264, 28.819710348808297], [-113.36500167844008, 28.81971034889558], [-113.36500167840619, 28.81971034898658], [-113.36500167838129, 28.819710349080434], [-113.3650016783656, 28.819710349176265], [-113.36491584790542, 28.820462342227447], [-113.36491584789908, 28.820462342326287], [-113.36491584790254, 28.820462342425273], [-113.36491584791578, 28.820462342523427], [-113.36491584793866, 28.82046234261979], [-113.36491584797098, 28.82046234271342], [-113.36491584801237, 28.820462342803395], [-113.36491584806248, 28.82046234288883], [-113.36491584812079, 28.82046234296889], [-113.36491584818674, 28.820462343042788], [-113.36491584825967, 28.820462343109803], [-113.36491584833887, 28.82046234316927], [-113.36491584842356, 28.820462343220616], [-113.36491584851294, 28.82046234326333], [-113.36491584860607, 28.820462343296995], [-113.3649158487021, 28.820462343321278], [-113.36491584880005, 28.820462343335944], [-113.36491584889897, 28.82046234334085], [-113.36508750913076, 28.82046234334085], [-113.36508750915414, 28.820462343341998], [-113.36508750915529, 28.820462343365364], [-113.36508750915529, 28.820687939932675], [-113.3650875091598, 28.820687940027586], [-113.3650875091733, 28.820687940121637], [-113.36508750919567, 28.820687940213986], [-113.36508750922671, 28.82068794030379], [-113.36508750926612, 28.820687940390247], [-113.36508750931357, 28.820687940472574], [-113.3650875093686, 28.820687940550027], [-113.36508750943075, 28.8206879406219], [-113.36508750949943, 28.82068794068756], [-113.36508750957404, 28.8206879407464], [-113.36508750965389, 28.820687940797892], [-113.36508750973827, 28.820687940841573], [-113.36508750982642, 28.82068794087705], [-113.36508750991753, 28.820687940904], [-113.3650875100108, 28.82068794092218], [-113.3656024932626, 28.820763139837336], [-113.36560249328507, 28.820763139841716]]]}}, {"type": "Feature", "id": 4, "properties": {"COV_": 15417, "COV_ID": 15418, "Clase": 5, "Descrip": "Manglar", "fid": 9, "ha": 9.69271979284, "layer": "mexman2010gw", "path": "D:\\Back-up\\DOCUMENTOS\\Mi Garmin\\Ecoalianza-L\\Capas\\Manglares\\mexman2010gw.shp"}, "geometry": {"type": "Polygon", "coordinates": [[[-113.49288940429412, 28.885414202206743], [-113.49288940427869, 28.88541420222164], [-113.49271774293875, 28.88556450664114], [-113.49271774291964, 28.88556450665625], [-113.49271774289588, 28.885564506650596], [-113.4924602520678, 28.88548935481296], [-113.49246025197041, 28.885489354789755], [-113.49246025187118, 28.885489354776407], [-113.49246025177112, 28.885489354773046], [-113.49246025167122, 28.88548935477971], [-113.4924602515725, 28.885489354796327], [-113.49246025147592, 28.885489354822734], [-113.49246025138247, 28.885489354858667], [-113.49246025129308, 28.885489354903765], [-113.49246025120866, 28.88548935495757], [-113.49246025113003, 28.88548935501955], [-113.49246025105799, 28.885489355089085], [-113.49246025099326, 28.885489355165472], [-113.4924602509365, 28.885489355247948], [-113.49246025088829, 28.885489355335686], [-113.49246025084906, 28.885489355427808], [-113.49246025081926, 28.885489355523386], [-113.49246025079917, 28.885489355621466], [-113.49246025078898, 28.885489355721067], [-113.49237442022061, 28.887142689217278], [-113.49237442022022, 28.887142689312693], [-113.49237442022891, 28.88714268940771], [-113.49237442024663, 28.887142689501463], [-113.49237442027321, 28.887142689593105], [-113.4923744203084, 28.887142689681795], [-113.49237442035187, 28.88714268976673], [-113.49237442040324, 28.88714268984713], [-113.49237442046204, 28.887142689922275], [-113.49237442052774, 28.887142689991467], [-113.49237442059973, 28.887142690054088], [-113.49237442067736, 28.88714269010956], [-113.49237442075993, 28.887142690157383], [-113.49237442084667, 28.887142690197116], [-113.49237442093681, 28.8871426902284], [-113.49237442102952, 28.887142690250958], [-113.49237442112396, 28.88714269026457], [-113.49237442121927, 28.887142690269123], [-113.49254608151834, 28.887142690269123], [-113.49254608154172, 28.887142690270274], [-113.49254608154043, 28.887142690293707], [-113.49246025096906, 28.887969347200155], [-113.49246025096372, 28.887969347298455], [-113.49246025096808, 28.887969347396805], [-113.49246025098208, 28.88796934749425], [-113.4924602510056, 28.887969347589845], [-113.49246025103841, 28.887969347682663], [-113.49246025108017, 28.887969347771808], [-113.49246025113051, 28.887969347856412], [-113.49246025118893, 28.887969347935655], [-113.49246025125484, 28.887969348008774], [-113.49246025132763, 28.887969348075057], [-113.49246025140658, 28.88796934813386], [-113.49246025149094, 28.887969348184615], [-113.49246025157987, 28.887969348226832], [-113.49246025167253, 28.887969348260096], [-113.49246025176801, 28.88796934828409], [-113.49246025186538, 28.887969348298583], [-113.4924602519637, 28.88796934830343], [-113.49263191220693, 28.88796934830343], [-113.49263191223031, 28.887969348304576], [-113.49263191223146, 28.887969348327942], [-113.49263191223146, 28.888420249887428], [-113.4926319122305, 28.888420249906833], [-113.49263191222265, 28.888420249888963], [-113.49254608178823, 28.88819479999671], [-113.49254608174779, 28.888194799904664], [-113.4925460816983, 28.888194799817143], [-113.49254608164027, 28.888194799735036], [-113.49254608157429, 28.888194799659168], [-113.49254608150102, 28.888194799590313], [-113.49254608142121, 28.88819479952916], [-113.49254608133566, 28.88819479947633], [-113.49254608124525, 28.88819479943236], [-113.49254608115088, 28.888194799397688], [-113.49254608105349, 28.888194799372673], [-113.49254608095409, 28.88819479935756], [-113.49254608085367, 28.888194799352505], [-113.49237442019054, 28.888194799352505], [-113.49237442016717, 28.888194799351357], [-113.49237442016602, 28.88819479932799], [-113.49237442016602, 28.888044499707497], [-113.4923744201612, 28.88804449960948], [-113.4923744201468, 28.888044499512407], [-113.49237442012296, 28.888044499417212], [-113.49237442008989, 28.888044499324813], [-113.49237442004794, 28.888044499236102], [-113.49237441999747, 28.888044499151928], [-113.49237441993903, 28.888044499073104], [-113.49237441987312, 28.88804449900039], [-113.4923744198004, 28.888044498934487], [-113.49237441972159, 28.888044498876027], [-113.49237441963741, 28.888044498825575], [-113.4923744195487, 28.888044498783618], [-113.4923744194563, 28.888044498750556], [-113.4923744193611, 28.88804449872671], [-113.49237441926402, 28.88804449871231], [-113.49237441916601, 28.888044498707497], [-113.49220275881402, 28.888044498707497], [-113.49220275879054, 28.888044498706325], [-113.4922027587946, 28.88804449868332], [-113.49228858919827, 28.887668747365943], [-113.49228858921559, 28.88766874726776], [-113.49228858922307, 28.887668747168338], [-113.49228858922059, 28.887668747068666], [-113.4922885892082, 28.887668746969737], [-113.49228858918603, 28.887668746872535], [-113.49228858915428, 28.88766874677802], [-113.4922885891133, 28.887668746687137], [-113.49228858906345, 28.887668746600788], [-113.49228858900526, 28.887668746519832], [-113.49228858893929, 28.887668746445073], [-113.49228858886622, 28.887668746377255], [-113.49228858878674, 28.887668746317047], [-113.49228858870167, 28.887668746265057], [-113.49228858861184, 28.887668746221795], [-113.49228858851815, 28.887668746187693], [-113.49228858842154, 28.887668746163087], [-113.49228858832295, 28.887668746148226], [-113.49228858822337, 28.887668746143255], [-113.49185943678961, 28.887668746143255], [-113.49185943669033, 28.887668746148194], [-113.49185943659205, 28.887668746162966], [-113.4918594364957, 28.88766874618742], [-113.49185943640227, 28.88766874622132], [-113.49185943631267, 28.887668746264325], [-113.49185943622777, 28.887668746316013], [-113.49185943614842, 28.887668746375876], [-113.4918594360754, 28.88766874644332], [-113.49185943600945, 28.88766874651768], [-113.4918594359512, 28.887668746598216], [-113.49185943590123, 28.887668746684138], [-113.49185943586005, 28.887668746774597], [-113.49185943582803, 28.887668746868698], [-113.49177360535347, 28.887969348279675], [-113.4917736053458, 28.88796934830224], [-113.49177360532187, 28.88796934830343], [-113.49160194399427, 28.88796934830343], [-113.49160194397089, 28.88796934830228], [-113.49160194396974, 28.887969348278915], [-113.49160194396974, 28.88751844592718], [-113.49160194396505, 28.887518445830434], [-113.49160194395101, 28.887518445734596], [-113.49160194392778, 28.887518445640566], [-113.49160194389556, 28.887518445549222], [-113.49160194385465, 28.887518445461428], [-113.49160194380543, 28.887518445378], [-113.49160194374839, 28.887518445299726], [-113.49160194368403, 28.887518445227336], [-113.49160194361298, 28.887518445161515], [-113.49160194353588, 28.887518445102877], [-113.49160194345347, 28.88751844505197], [-113.49160194336653, 28.887518445009277], [-113.49160194327587, 28.887518444975193], [-113.49160194318233, 28.887518444950043], [-113.4916019430868, 28.887518444934056], [-113.49160194299017, 28.88751844492739], [-113.49160194289335, 28.8875184449301], [-113.49160194279725, 28.88751844494217], [-113.49117279055126, 28.887593595463063], [-113.49117279052845, 28.887593595465926], [-113.49117279052736, 28.887593595443164], [-113.49117279052736, 28.8871426916027], [-113.4911727905226, 28.887142691505236], [-113.49117279050836, 28.8871426914087], [-113.49117279048478, 28.88714269131401], [-113.49117279045208, 28.88714269122207], [-113.49117279041059, 28.887142691133757], [-113.49117279036066, 28.887142691049906], [-113.49117279030283, 28.88714269097132], [-113.4911727902376, 28.887142690898745], [-113.4911727901656, 28.88714269083287], [-113.49117279008753, 28.887142690774333], [-113.49117279000413, 28.887142690723678], [-113.49117278991619, 28.887142690681394], [-113.49117278982455, 28.88714269064788], [-113.49117278973007, 28.887142690623463], [-113.49117278963367, 28.887142690608368], [-113.49117278953625, 28.88714269060274], [-113.49117278943874, 28.887142690606634], [-113.49117278934209, 28.887142690620013], [-113.49117278924719, 28.88714269064275], [-113.4909152989918, 28.887217841116797], [-113.49091529889655, 28.887217841149887], [-113.49091529880512, 28.887217841192403], [-113.49091529871845, 28.88721784124391], [-113.49091529863739, 28.88721784130388], [-113.4909152985628, 28.88721784137171], [-113.4909152984954, 28.887217841446706], [-113.49091529843591, 28.88721784152811], [-113.4909152983849, 28.887217841615087], [-113.49091529834293, 28.88721784170676], [-113.49091529831038, 28.887217841802194], [-113.49082946778024, 28.887518444713077], [-113.49082946777256, 28.88751844473566], [-113.49082946774863, 28.887518444736852], [-113.49065780642138, 28.887518444736852], [-113.49065780639846, 28.88751844473571], [-113.4906578064088, 28.887518444715308], [-113.49082946759788, 28.887217841578906], [-113.49082946764192, 28.887217841492266], [-113.49082946767733, 28.887217841401757], [-113.4908294677038, 28.887217841308242], [-113.49082946772106, 28.887217841212596], [-113.49082946772896, 28.887217841115728], [-113.49082946772741, 28.88721784101855], [-113.49082946771644, 28.88721784092198], [-113.49074363725099, 28.886691784130583], [-113.49074363722997, 28.88669178403278], [-113.49074363719927, 28.88669178393757], [-113.49074363715923, 28.886691783845905], [-113.49074363711021, 28.886691783758696], [-113.49074363705273, 28.886691783676824], [-113.49074363698736, 28.8866917836011], [-113.49074363691476, 28.88669178353229], [-113.49074363683563, 28.886691783471075], [-113.49074363675079, 28.886691783418073], [-113.49074363666108, 28.886691783373813], [-113.4907436365674, 28.886691783338737], [-113.49074363647068, 28.886691783313196], [-113.49074363637189, 28.886691783297447], [-113.49074363627203, 28.886691783291646], [-113.49074363617207, 28.886691783295852], [-113.49074363607305, 28.88669178331002], [-113.48997116091213, 28.88684208571143], [-113.48997116088924, 28.886842085714754], [-113.48997116087686, 28.886842085695296], [-113.4898853320686, 28.886691786384954], [-113.48988533201641, 28.88669178630307], [-113.48988533195653, 28.886691786226635], [-113.48988533188951, 28.88669178615637], [-113.489885331816, 28.886691786092932], [-113.48988533173667, 28.886691786036923], [-113.4898853316523, 28.886691785988873], [-113.48988533156366, 28.886691785949232], [-113.4898853314716, 28.886691785918373], [-113.48988533137697, 28.88669178589659], [-113.48988533128068, 28.88669178588409], [-113.48988533118363, 28.886691785880984], [-113.48988533108674, 28.886691785887304], [-113.48988533099092, 28.886691785902993], [-113.48988533089705, 28.886691785927905], [-113.48988533080606, 28.886691785961798], [-113.48988533071879, 28.886691786004356], [-113.48988533063606, 28.88669178605518], [-113.48988533055864, 28.886691786113786], [-113.48988533048727, 28.886691786179625], [-113.48988533042262, 28.88669178625208], [-113.48988533036531, 28.88669178633046], [-113.48988533031586, 28.886691786414026], [-113.48988533027476, 28.886691786501995], [-113.48988533024237, 28.886691786593538], [-113.48988533021902, 28.886691786687788], [-113.48988533020493, 28.88669178678386], [-113.48988533020021, 28.886691786880846], [-113.48988533020021, 28.886842085691764], [-113.48988533019907, 28.886842085715255], [-113.48988533017808, 28.88684208572568], [-113.48971367319994, 28.886917235019787], [-113.4897136731127, 28.886917235063162], [-113.48971367303011, 28.886917235114815], [-113.48971367295292, 28.886917235174263], [-113.48971367288189, 28.88691723524094], [-113.48971367281769, 28.88691723531421], [-113.48971367276091, 28.886917235393383], [-113.48971367271211, 28.886917235477704], [-113.48971367267175, 28.886917235566372], [-113.4897136726402, 28.886917235658547], [-113.48971367261778, 28.886917235753355], [-113.4897136726047, 28.886917235849896], [-113.48971367260106, 28.88691723594725], [-113.48971367260691, 28.8869172360445], [-113.4897136726222, 28.886917236140714], [-113.48971367264677, 28.886917236234986], [-113.48971367268041, 28.88691723632642], [-113.48971367272279, 28.886917236414146], [-113.4897136727735, 28.88691723649733], [-113.48971367283207, 28.886917236575187], [-113.48971367289792, 28.886917236646976], [-113.48971367297045, 28.886917236712012], [-113.48971367304898, 28.886917236769687], [-113.48971367313274, 28.886917236819443], [-113.48971367322095, 28.886917236860814], [-113.48971367331275, 28.886917236893407], [-113.4897136734073, 28.88691723691691], [-113.48971367350369, 28.8869172369311], [-113.48971367360099, 28.886917236935847], [-113.49014282224142, 28.886917236935847], [-113.49014282226405, 28.88691723693694], [-113.49014282225704, 28.886917236958425], [-113.4900569915861, 28.887142690245632], [-113.49005699157632, 28.887142690267897], [-113.49005699155201, 28.887142690269123], [-113.48962783913478, 28.887142690269123], [-113.48962783903677, 28.887142690273937], [-113.4896278389397, 28.887142690288336], [-113.4896278388445, 28.88714269031218], [-113.4896278387521, 28.887142690345243], [-113.48962783866338, 28.8871426903872], [-113.48962783857921, 28.887142690437653], [-113.4896278385004, 28.887142690496113], [-113.48962783842768, 28.887142690562015], [-113.48962783836177, 28.88714269063473], [-113.48962783830332, 28.887142690713553], [-113.48962783825286, 28.887142690797727], [-113.48962783821091, 28.88714269088644], [-113.48962783817784, 28.887142690978838], [-113.489627838154, 28.887142691074033], [-113.4896278381396, 28.887142691171107], [-113.48962783813478, 28.887142691269123], [-113.48962783813478, 28.88729299219485], [-113.48962783813363, 28.887292992218217], [-113.48962783811025, 28.887292992219365], [-113.48937034609388, 28.887292992219365], [-113.4893703460705, 28.887292992218217], [-113.48937034606935, 28.88729299219485], [-113.48937034606935, 28.88714269179854], [-113.48937034606443, 28.88714269169953], [-113.48937034604974, 28.887142691601493], [-113.48937034602541, 28.887142691505392], [-113.48937034599169, 28.887142691412173], [-113.4893703459489, 28.88714269132275], [-113.48937034589747, 28.887142691238], [-113.48937034583791, 28.887142691158765], [-113.48937034577078, 28.887142691085813], [-113.48937034569677, 28.887142691019864], [-113.48937034561659, 28.887142690961568], [-113.48937034553103, 28.8871426909115], [-113.48937034544095, 28.887142690870146], [-113.4893703453472, 28.887142690837916], [-113.48937034525072, 28.887142690815125], [-113.48937034515245, 28.887142690802], [-113.48937034505339, 28.88714269079867], [-113.48937034495447, 28.887142690805163], [-113.48937034485667, 28.887142690821417], [-113.48937034476097, 28.887142690847277], [-113.4893703446683, 28.88714269088248], [-113.48919868529136, 28.887217841009228], [-113.48919868520495, 28.887217841052138], [-113.48919868512309, 28.887217841103173], [-113.4891986850465, 28.88721784116186], [-113.48919868497595, 28.887217841227653], [-113.48919868491205, 28.887217841299936], [-113.48919868485542, 28.887217841378042], [-113.4891986848066, 28.88721784146124], [-113.489198684766, 28.88721784154876], [-113.48919868473402, 28.88721784163978], [-113.48919868471097, 28.887217841733463], [-113.48919868469706, 28.887217841828928], [-113.4891986846924, 28.88721784192529], [-113.4891986846924, 28.88744329270951], [-113.48919868469731, 28.887443292808584], [-113.48919868471204, 28.887443292906685], [-113.4891986847364, 28.887443293002846], [-113.48919868477016, 28.88744329309612], [-113.489198684813, 28.88744329318559], [-113.48919868486449, 28.887443293270373], [-113.48919868492413, 28.88744329334964], [-113.48919868499134, 28.887443293422606], [-113.48919868506543, 28.887443293488555], [-113.48919868514571, 28.88744329354684], [-113.48919868523136, 28.887443293596885], [-113.48919868532154, 28.8874432936382], [-113.48919868541537, 28.887443293670373], [-113.48919868551194, 28.887443293693092], [-113.48919868561028, 28.88744329370613], [-113.48919868570941, 28.887443293709364], [-113.48919868580839, 28.88744329370276], [-113.48919868590623, 28.88744329368638], [-113.48954200742072, 28.887368143118522], [-113.48954200744615, 28.887368143114333], [-113.48954200747033, 28.887368143123442], [-113.49005699155485, 28.88759359545748], [-113.49005699157256, 28.88759359546628], [-113.49005699155276, 28.887593595467248], [-113.48962783913478, 28.887593595467248], [-113.48962783903677, 28.88759359547206], [-113.4896278389397, 28.88759359548646], [-113.4896278388445, 28.887593595510307], [-113.4896278387521, 28.88759359554337], [-113.48962783866338, 28.887593595585326], [-113.48962783857921, 28.887593595635778], [-113.4896278385004, 28.887593595694238], [-113.48962783842768, 28.88759359576014], [-113.48962783836177, 28.887593595832854], [-113.48962783830332, 28.887593595911678], [-113.48962783825286, 28.887593595995853], [-113.48962783821091, 28.887593596084564], [-113.48962783817784, 28.887593596176963], [-113.489627838154, 28.887593596272158], [-113.4896278381396, 28.887593596369232], [-113.48962783813478, 28.887593596467248], [-113.48962783813478, 28.887819047307282], [-113.48962783813361, 28.88781904733082], [-113.48962783811021, 28.887819047329423], [-113.48894119373577, 28.88774389688623], [-113.48894119363717, 28.887743896880348], [-113.48894119353848, 28.887743896884217], [-113.48894119344064, 28.887743896897806], [-113.48894119334463, 28.88774389692098], [-113.48894119325136, 28.887743896953513], [-113.48894119316176, 28.88774389699509], [-113.48894119307671, 28.8877438970453], [-113.48894119299702, 28.887743897103658], [-113.48894119292348, 28.88774389716959], [-113.4889411928568, 28.88774389724246], [-113.48894119279764, 28.88774389732155], [-113.48894119274655, 28.88774389740609], [-113.48894119270408, 28.887743897495255], [-113.4889411926706, 28.88774389758818], [-113.48894119264644, 28.887743897683954], [-113.48894119263186, 28.887743897781643], [-113.48894119262697, 28.887743897880295], [-113.48894119262697, 28.887894197820454], [-113.48894119262582, 28.88789419784382], [-113.48894119260244, 28.887894197844968], [-113.48876953127454, 28.887894197844968], [-113.48876953125117, 28.88789419784382], [-113.48876953125001, 28.887894197820454], [-113.48876953125001, 28.887368143862783], [-113.48876953124511, 28.887368143763958], [-113.48876953123047, 28.8873681436661], [-113.48876953120624, 28.887368143570168], [-113.48876953117264, 28.8873681434771], [-113.48876953113002, 28.88736814338781], [-113.48876953107876, 28.88736814330317], [-113.4887695310194, 28.887368143224005], [-113.48876953095251, 28.887368143151097], [-113.48876953087874, 28.88736814308516], [-113.4887695307988, 28.88736814302683], [-113.48876953071351, 28.887368142976687], [-113.48876953062367, 28.88736814293522], [-113.48876953053018, 28.887368142902833], [-113.48825454714328, 28.887217841278485], [-113.48825454712058, 28.887217841270598], [-113.48825454712473, 28.887217841247033], [-113.48834037767472, 28.886842086297854], [-113.4883403776918, 28.88684208620156], [-113.4883403776994, 28.886842086104057], [-113.48834037769745, 28.88684208600628], [-113.48834037768594, 28.88684208590916], [-113.48834037766501, 28.886842085813626], [-113.48834037763486, 28.886842085720595], [-113.48834037759575, 28.886842085630956], [-113.48834037754807, 28.886842085545563], [-113.48834037749228, 28.88684208546524], [-113.48834037742891, 28.886842085390747], [-113.48834037735857, 28.886842085322805], [-113.48816871644857, 28.886691783128786], [-113.48816871643177, 28.88669178311262], [-113.48816871643068, 28.886691783089496], [-113.48816871643068, 28.886240874025237], [-113.488168716432, 28.886240873999636], [-113.48816871644352, 28.886240873976792], [-113.48825454710723, 28.886090570547132], [-113.48825454711981, 28.886090570527376], [-113.48825454714304, 28.886090570526264], [-113.4884262074961, 28.886090570526264], [-113.48842620759412, 28.88609057052145], [-113.48842620769119, 28.88609057050705], [-113.48842620778639, 28.886090570483205], [-113.48842620787879, 28.886090570450143], [-113.4884262079675, 28.886090570408186], [-113.48842620805168, 28.886090570357734], [-113.48842620813049, 28.886090570299274], [-113.48842620820321, 28.88609057023337], [-113.48842620826912, 28.886090570160658], [-113.48842620832757, 28.886090570081834], [-113.48842620837803, 28.88609056999766], [-113.48842620841998, 28.886090569908948], [-113.48842620845305, 28.88609056981655], [-113.4884262084769, 28.886090569721354], [-113.48842620849129, 28.88609056962428], [-113.48842620849611, 28.886090569526264], [-113.48842620849611, 28.885940268169282], [-113.48842620849135, 28.885940268071817], [-113.48842620847711, 28.885940267975283], [-113.48842620845353, 28.885940267880592], [-113.48842620842083, 28.88594026778865], [-113.48842620837934, 28.885940267700338], [-113.48842620832941, 28.885940267616487], [-113.48842620827158, 28.8859402675379], [-113.48842620820635, 28.885940267465326], [-113.48842620813436, 28.88594026739945], [-113.48842620805628, 28.885940267340914], [-113.48842620797288, 28.88594026729026], [-113.48842620788494, 28.885940267247975], [-113.4884262077933, 28.885940267214462], [-113.48842620769882, 28.885940267190044], [-113.48842620760242, 28.88594026717495], [-113.488426207505, 28.88594026716932], [-113.48842620740749, 28.885940267173215], [-113.48842620731084, 28.885940267186594], [-113.48842620721594, 28.88594026720933], [-113.48816871645414, 28.886015418701337], [-113.4881687164318, 28.886015418706688], [-113.48816871643068, 28.886015418683836], [-113.48816871643068, 28.885865114933093], [-113.48816871643182, 28.885865114909603], [-113.4881687164528, 28.88586511489918], [-113.48834037720867, 28.885789963189843], [-113.48834037729507, 28.885789963146934], [-113.48834037737694, 28.8857899630959], [-113.48834037745353, 28.88578996303721], [-113.48834037752408, 28.88578996297142], [-113.48834037758797, 28.885789962899135], [-113.4883403776446, 28.88578996282103], [-113.48834037769343, 28.88578996273783], [-113.48834037773403, 28.88578996265031], [-113.48834037776601, 28.88578996255929], [-113.48834037778906, 28.88578996246561], [-113.48834037780297, 28.885789962370144], [-113.48834037780763, 28.885789962273783], [-113.48834037780763, 28.885639658826513], [-113.48834037780878, 28.885639658803147], [-113.48834037783216, 28.885639658802], [-113.48851203818458, 28.885639658802], [-113.4885120382826, 28.885639658797185], [-113.48851203837967, 28.885639658782786], [-113.48851203847487, 28.88563965875894], [-113.48851203856726, 28.88563965872588], [-113.48851203865598, 28.88563965868392], [-113.48851203874015, 28.88563965863347], [-113.48851203881897, 28.88563965857501], [-113.48851203889168, 28.885639658509106], [-113.4885120389576, 28.885639658436393], [-113.48851203901604, 28.88563965835757], [-113.4885120390665, 28.885639658273394], [-113.48851203910846, 28.885639658184683], [-113.48851203914153, 28.885639658092284], [-113.48851203916537, 28.88563965799709], [-113.48851203917977, 28.885639657900015], [-113.48851203918458, 28.885639657802], [-113.48851203918458, 28.88548935448293], [-113.48851203918568, 28.88548935446017], [-113.48851203920849, 28.885489354463033], [-113.4889411871361, 28.88556450569607], [-113.48894118723483, 28.885564505708334], [-113.48894118733428, 28.88556450571073], [-113.48894118743347, 28.885564505703233], [-113.48894118753144, 28.885564505685913], [-113.48894118762719, 28.88556450565895], [-113.48894118771979, 28.885564505622607], [-113.48894118780832, 28.88556450557724], [-113.48894118789191, 28.885564505523302], [-113.48894118796973, 28.88556450546133], [-113.488941188041, 28.885564505391926], [-113.48894118810503, 28.885564505315788], [-113.48894118816118, 28.885564505233667], [-113.48894118820888, 28.885564505146373], [-113.48894118824768, 28.88556450505477], [-113.48894118827718, 28.885564504959767], [-113.48894118829709, 28.8855645048623], [-113.48894118830724, 28.885564504763337], [-113.48894118830748, 28.885564504663858], [-113.48894118829786, 28.885564504564847], [-113.48894118827843, 28.885564504467283], [-113.48894118824941, 28.88556450437213], [-113.48894118821107, 28.88556450428033], [-113.48894118816382, 28.885564504192793], [-113.48894118810809, 28.885564504110388], [-113.48894118804445, 28.885564504033923], [-113.48894118797354, 28.88556450396416], [-113.48894118789603, 28.885564503901794], [-113.48894118781273, 28.885564503847426], [-113.4886837005819, 28.885414202217586], [-113.48868370056262, 28.88541420220507], [-113.48868370056154, 28.885414202181956], [-113.48868370056154, 28.885263897560943], [-113.48868370056267, 28.88526389753799], [-113.48868370058426, 28.88526389754619], [-113.4891986846694, 28.885489354448783], [-113.48919868469025, 28.885489354459185], [-113.48919868467353, 28.88548935447537], [-113.48894119296821, 28.885714810593214], [-113.48894119290007, 28.885714810658826], [-113.48894119283844, 28.885714810730576], [-113.48894119278386, 28.885714810807833], [-113.48894119273682, 28.885714810889898], [-113.48894119269775, 28.885714810976044], [-113.488941192667, 28.885714811065494], [-113.48894119264483, 28.88571481115745], [-113.48894119263144, 28.885714811251088], [-113.48894119262697, 28.885714811345572], [-113.48894119262697, 28.885940265502118], [-113.48894119263173, 28.885940265599583], [-113.48894119264597, 28.885940265696117], [-113.48894119266954, 28.885940265790808], [-113.48894119270224, 28.88594026588275], [-113.48894119274374, 28.885940265971062], [-113.48894119279366, 28.885940266054913], [-113.4889411928515, 28.8859402661335], [-113.48894119291673, 28.885940266206074], [-113.48894119298872, 28.885940266271948], [-113.4889411930668, 28.885940266330486], [-113.4889411931502, 28.88594026638114], [-113.48894119323813, 28.885940266423425], [-113.48894119332978, 28.885940266456938], [-113.48894119342425, 28.885940266481356], [-113.48894119352066, 28.88594026649645], [-113.48894119361807, 28.88594026650208], [-113.48894119371559, 28.885940266498185], [-113.48894119381224, 28.885940266484806], [-113.48894119390714, 28.885940266462068], [-113.48919868416253, 28.885865115063517], [-113.48919868425777, 28.885865115030427], [-113.4891986843492, 28.88586511498791], [-113.48919868443588, 28.885865114936404], [-113.48919868451694, 28.88586511487643], [-113.48919868459153, 28.885865114808603], [-113.48919868465893, 28.885865114733605], [-113.48919868471843, 28.885865114652205], [-113.48919868476942, 28.885865114565224], [-113.4891986848114, 28.88586511447355], [-113.48919868484394, 28.885865114378117], [-113.48928451537398, 28.885564506681767], [-113.48928451538164, 28.885564506659254], [-113.48928451540387, 28.88556450666768], [-113.48945617535678, 28.88563965818863], [-113.48945617544945, 28.885639658223834], [-113.48945617554514, 28.885639658249694], [-113.48945617564294, 28.885639658265948], [-113.48945617574186, 28.885639658272442], [-113.48945617584093, 28.88563965826911], [-113.4894561759392, 28.885639658255986], [-113.48945617603567, 28.885639658233195], [-113.48945617612942, 28.885639658200965], [-113.4894561762195, 28.88563965815961], [-113.48945617630507, 28.885639658109543], [-113.48945617638525, 28.885639658051247], [-113.48945617645926, 28.885639657985298], [-113.48945617652639, 28.885639657912346], [-113.48945617658595, 28.88563965783311], [-113.48945617663738, 28.88563965774836], [-113.48945617668016, 28.88563965765894], [-113.48945617671389, 28.88563965756572], [-113.48945617673822, 28.885639657469618], [-113.48945617675291, 28.88563965737158], [-113.48945617675783, 28.88563965727257], [-113.48945617675783, 28.885339049922386], [-113.48945617675896, 28.8853390498989], [-113.48945617678001, 28.88533904988845], [-113.48979949891277, 28.88518874538217], [-113.48979949899918, 28.885188745339264], [-113.48979949908104, 28.88518874528823], [-113.48979949915763, 28.88518874522954], [-113.48979949922818, 28.88518874516375], [-113.48979949929208, 28.885188745091465], [-113.4897994993487, 28.88518874501336], [-113.48979949939753, 28.885188744930158], [-113.48979949943813, 28.88518874484264], [-113.48979949947011, 28.88518874475162], [-113.48979949949316, 28.88518874465794], [-113.48979949950707, 28.885188744562473], [-113.48979949951173, 28.885188744466113], [-113.48979949951173, 28.884888134935437], [-113.48979949951288, 28.88488813491207], [-113.48979949953626, 28.884888134910923], [-113.48997116086416, 28.884888134910923], [-113.48997116088754, 28.88488813491207], [-113.48997116088869, 28.884888134935437], [-113.48997116088869, 28.885113591649265], [-113.4899711608935, 28.88511359174728], [-113.4899711609079, 28.885113591844355], [-113.48997116093174, 28.88511359193955], [-113.48997116096481, 28.88511359203195], [-113.48997116100676, 28.88511359212066], [-113.48997116105723, 28.885113592204835], [-113.48997116111568, 28.88511359228366], [-113.48997116118159, 28.885113592356372], [-113.4899711612543, 28.885113592422275], [-113.48997116133312, 28.885113592480735], [-113.48997116141729, 28.885113592531187], [-113.489971161506, 28.885113592573145], [-113.4899711615984, 28.885113592606206], [-113.4899711616936, 28.885113592630052], [-113.48997116179068, 28.88511359264445], [-113.48997116188869, 28.885113592649265], [-113.49031448361806, 28.885113592649265], [-113.49031448364144, 28.885113592650413], [-113.49031448364259, 28.88511359267378], [-113.49031448364259, 28.885339049873934], [-113.49031448364146, 28.885339049897425], [-113.49031448362047, 28.88533904990785], [-113.48997116091122, 28.885489354448982], [-113.48997116089036, 28.885489354456915], [-113.48997116089542, 28.885489354435276], [-113.49005699121325, 28.885188746394498], [-113.49005699123538, 28.88518874629977], [-113.4900569912482, 28.885188746203347], [-113.49005699125158, 28.885188746106135], [-113.49005699124551, 28.88518874600905], [-113.49005699123003, 28.885188745913016], [-113.4900569912053, 28.88518874581894], [-113.49005699117154, 28.885188745727714], [-113.49005699112908, 28.885188745640196], [-113.49005699107832, 28.88518874555722], [-113.49005699101973, 28.885188745479567], [-113.49005699095387, 28.885188745407973], [-113.49005699088138, 28.885188745343118], [-113.49005699080293, 28.88518874528561], [-113.49005699071925, 28.885188745236], [-113.49005699063116, 28.885188745194753], [-113.49005699053947, 28.88518874516226], [-113.49005699044507, 28.885188745138827], [-113.49005699034883, 28.88518874512468], [-113.49005699025167, 28.885188745119947], [-113.48988533120021, 28.885188745119947], [-113.4898853311022, 28.88518874512476], [-113.48988533100513, 28.88518874513916], [-113.48988533090993, 28.885188745163006], [-113.48988533081753, 28.885188745196068], [-113.48988533072881, 28.885188745238025], [-113.48988533064464, 28.885188745288477], [-113.48988533056583, 28.885188745346937], [-113.48988533049311, 28.88518874541284], [-113.4898853304272, 28.885188745485554], [-113.48988533036875, 28.885188745564378], [-113.48988533031829, 28.885188745648552], [-113.48988533027634, 28.885188745737263], [-113.48988533024327, 28.885188745829662], [-113.48988533021942, 28.885188745924857], [-113.48988533020503, 28.88518874602193], [-113.48988533020021, 28.885188746119947], [-113.48988533020021, 28.885714809892004], [-113.48988533020503, 28.88571480999002], [-113.48988533021942, 28.885714810087094], [-113.48988533024327, 28.88571481018229], [-113.48988533027634, 28.88571481027469], [-113.48988533031829, 28.8857148103634], [-113.48988533036875, 28.885714810447574], [-113.4898853304272, 28.885714810526398], [-113.48988533049311, 28.88571481059911], [-113.48988533056583, 28.885714810665014], [-113.48988533064464, 28.885714810723474], [-113.48988533072881, 28.885714810773926], [-113.48988533081753, 28.885714810815884], [-113.48988533090993, 28.885714810848945], [-113.48988533100513, 28.88571481087279], [-113.4898853311022, 28.88571481088719], [-113.48988533120021, 28.885714810892004], [-113.4904861448495, 28.885714810892004], [-113.49048614496155, 28.885714810885705], [-113.4904861450722, 28.88571481086689], [-113.49048614518004, 28.885714810835793], [-113.49091529779247, 28.885564506892084], [-113.49091529788043, 28.88556450685651], [-113.49091529796462, 28.88556450681276], [-113.49091529804429, 28.885564506761224], [-113.49091529811871, 28.885564506702373], [-113.49091529818722, 28.885564506636733], [-113.4909152982492, 28.885564506564894], [-113.4909152983041, 28.885564506487505], [-113.49091529835141, 28.885564506405263], [-113.49091529839072, 28.885564506318907], [-113.49091529842165, 28.885564506229212], [-113.49091529844397, 28.88556450613699], [-113.49091529845742, 28.88556450604307], [-113.49091529846193, 28.885564505948295], [-113.49091529846193, 28.885414202230713], [-113.49091529846314, 28.885414202206704], [-113.49091529848656, 28.88541420220139], [-113.49134445188298, 28.885339049901894], [-113.49134445190434, 28.8853390498991], [-113.491344451926, 28.88533904989816], [-113.49168777463368, 28.88533904989816], [-113.49168777465705, 28.885339049899308], [-113.4916877746582, 28.885339049922674], [-113.4916877746582, 28.885489353458848], [-113.49168777466302, 28.885489353556864], [-113.49168777467742, 28.885489353653938], [-113.49168777470126, 28.885489353749133], [-113.49168777473433, 28.885489353841532], [-113.49168777477628, 28.885489353930243], [-113.49168777482674, 28.885489354014418], [-113.4916877748852, 28.88548935409324], [-113.4916877749511, 28.885489354165955], [-113.49168777502382, 28.885489354231858], [-113.49168777510263, 28.885489354290318], [-113.4916877751868, 28.88548935434077], [-113.49168777527552, 28.885489354382727], [-113.49168777536792, 28.88548935441579], [-113.49168777546312, 28.885489354439635], [-113.4916877755602, 28.885489354454034], [-113.4916877756582, 28.885489354458848], [-113.49185943503517, 28.885489354458848], [-113.49185943513318, 28.885489354454034], [-113.49185943523025, 28.885489354439635], [-113.49185943532545, 28.88548935441579], [-113.49185943541785, 28.885489354382727], [-113.49185943550657, 28.88548935434077], [-113.49185943559074, 28.885489354290318], [-113.49185943566955, 28.885489354231858], [-113.49185943574227, 28.885489354165955], [-113.49185943580818, 28.88548935409324], [-113.49185943586663, 28.885489354014418], [-113.49185943591709, 28.885489353930243], [-113.49185943595904, 28.885489353841532], [-113.49185943599211, 28.885489353749133], [-113.49185943601596, 28.885489353653938], [-113.49185943603035, 28.885489353556864], [-113.49185943603517, 28.885489353458848], [-113.49185943603517, 28.885339049922674], [-113.49185943603632, 28.885339049899308], [-113.4918594360597, 28.88533904989816], [-113.4920310967228, 28.88533904989816], [-113.49203109682321, 28.885339049893105], [-113.49203109692262, 28.88533904987799], [-113.49203109702, 28.885339049852977], [-113.49203109711438, 28.885339049818306], [-113.4920310972048, 28.885339049774334], [-113.49203109729034, 28.885339049721505], [-113.49203109737014, 28.885339049660352], [-113.49203109744342, 28.885339049591494], [-113.4920310975094, 28.885339049515625], [-113.49203109756742, 28.88533904943352], [-113.49203109761692, 28.885339049345998], [-113.49203109765736, 28.885339049253947], [-113.49211692793253, 28.885113593090733], [-113.49211692796288, 28.88511359299752], [-113.49211692798394, 28.88511359290178], [-113.49211692799555, 28.88511359280444], [-113.49211692799756, 28.885113592706432], [-113.49211692798997, 28.8851135926087], [-113.49211692797283, 28.885113592512177], [-113.49211692794634, 28.885113592417795], [-113.49211692791073, 28.885113592326466], [-113.49211692786635, 28.88511359223906], [-113.49203109763947, 28.884963287942888], [-113.49203109758821, 28.884963287862316], [-113.4920310975295, 28.884963287787006], [-113.49203109746388, 28.884963287717635], [-113.49203109739193, 28.88496328765484], [-113.49203109731432, 28.8849632875992], [-113.49203109723177, 28.88496328755121], [-113.492031097145, 28.884963287511315], [-113.49203109705483, 28.884963287479877], [-113.49203109696208, 28.884963287457186], [-113.49125862124004, 28.884812982227412], [-113.491258621217, 28.884812982221742], [-113.49125862121583, 28.88481298219827], [-113.49125862121583, 28.88458752385629], [-113.49125862121699, 28.884587523832923], [-113.49125862124036, 28.884587523831776], [-113.49151611270075, 28.884587523831776], [-113.49151611279623, 28.884587523827207], [-113.49151611289085, 28.88458752381354], [-113.49151611298372, 28.884587523790902], [-113.49151611307401, 28.884587523759503], [-113.4915161131609, 28.88458752371962], [-113.49151611324356, 28.884587523671627], [-113.49151611332128, 28.88458752361596], [-113.49151611339332, 28.884587523553126], [-113.49151611345904, 28.8845875234837], [-113.49151611351782, 28.884587523408314], [-113.49151611356913, 28.88458752332766], [-113.49160194395779, 28.884437217986854], [-113.49160194397041, 28.884437217967022], [-113.49160194399363, 28.884437217965917], [-113.49194526669989, 28.884437217965917], [-113.49194526672294, 28.884437217967015], [-113.49194526673352, 28.884437217987532], [-113.49211692789297, 28.88481298176821], [-113.4921169279405, 28.884812981859508], [-113.49211692799716, 28.884812981945437], [-113.49211692806236, 28.884812982025085], [-113.4921169281354, 28.88481298209761], [-113.49211692821551, 28.88481298216224], [-113.49211692830183, 28.8848129822183], [-113.49211692839347, 28.88481298226518], [-113.49211692848944, 28.8848129823024], [-113.49211692858871, 28.884812982329553], [-113.49246025083191, 28.884888134905978], [-113.49246025085392, 28.884888134911872], [-113.49246025086956, 28.88488813492849], [-113.4927177429035, 28.88518874510076], [-113.49271774291867, 28.885188745120402], [-113.49271774291994, 28.88518874514528], [-113.49271774291994, 28.885414201205702], [-113.49271774292475, 28.885414201303718], [-113.49271774293915, 28.885414201400792], [-113.492717742963, 28.885414201495987], [-113.49271774299606, 28.885414201588386], [-113.49271774303801, 28.885414201677097], [-113.49271774308848, 28.88541420176127], [-113.49271774314693, 28.885414201840096], [-113.49271774321284, 28.88541420191281], [-113.49271774328555, 28.885414201978712], [-113.49271774336437, 28.885414202037172], [-113.49271774344854, 28.885414202087624], [-113.49271774353726, 28.88541420212958], [-113.49271774362965, 28.885414202162643], [-113.49271774372485, 28.88541420218649], [-113.49271774382193, 28.885414202200888], [-113.49271774391994, 28.885414202205702], [-113.49288940427266, 28.885414202205702], [-113.49288940429412, 28.885414202206743]]]}}, {"type": "Feature", "id": 1, "properties": {"ESTADO": "Baja California Sur", "FECHA": "2008/02/02", "MUNICIPIOS": "Comondu, Mulege y Loreto", "NUMERO": 1761, "RAMSAR": "Humedal Los Comond�", "fid": 1, "layer": "RAMSAR142_Mexico_geoITRF92_Mayo15", "objectid": 294337, "path": "D:\\Back-up\\DOCUMENTOS\\Mi Garmin\\Ecoalianza-L\\Ramsar\\RAMSAR142_Mexico_geoITRF92_Mayo15.shp", "wdpaid": 903102}, "geometry": {"type": "Polygon", "coordinates": [[[-111.785888672, 25.781266432], [-111.86167717, 25.797804737], [-111.999607086, 25.775933496], [-112.060461044, 25.778561349], [-112.09985733, 25.786367277], [-112.124662399, 25.802904871], [-112.11856842, 25.823380469], [-112.100458145, 25.853353448], [-112.022609711, 25.943149604], [-111.846485139, 26.059712906], [-111.846485139, 26.059712907], [-111.846485138, 26.059712907], [-111.846485138, 26.059712908], [-111.846485139, 26.059712908], [-111.878043882, 26.106120832], [-111.878043883, 26.106120832], [-111.878070831, 26.106120832], [-111.91789627, 26.164682612], [-111.917896271, 26.164682612], [-111.917896271, 26.164682613], [-111.966648102, 26.162987816], [-112.040805816, 26.166223316], [-112.040805817, 26.166223315], [-112.088184357, 26.121072289], [-112.088184357, 26.121072288], [-112.138774187, 26.08007213], [-112.174873352, 26.050768402], [-112.258300781, 26.055626278], [-112.284049988, 26.062797061], [-112.283363342, 26.091629968], [-112.281691436, 26.106120831], [-112.281691436, 26.106120832], [-112.281691437, 26.106120832], [-112.281732559, 26.106120832], [-112.278385162, 26.134866008], [-112.268514633, 26.142031934], [-112.176074982, 26.152972607], [-112.176074981, 26.152972607], [-112.15641753, 26.173711579], [-112.133674622, 26.197726221], [-112.133674622, 26.197726222], [-112.123117447, 26.214668026], [-112.091531754, 26.249237056], [-112.060289383, 26.28410363], [-112.069559097, 26.346037139], [-112.053337097, 26.375568907], [-112.053337097, 26.375568908], [-112.082433701, 26.441065564], [-112.082432457, 26.441065564], [-112.082432456, 26.441065564], [-112.082432456, 26.441065565], [-112.101917267, 26.484862978], [-112.100715637, 26.522346464], [-112.025270462, 26.60142102], [-112.025270462, 26.601421021], [-112.017631531, 26.632268318], [-112.017116547, 26.632268318], [-112.017116546, 26.632268318], [-112.003726959, 26.647458703], [-112.00003624, 26.642625618], [-112.00003624, 26.642625617], [-112.000036239, 26.642625617], [-111.989049912, 26.636488072], [-111.989049911, 26.636488072], [-111.976604462, 26.634339853], [-111.962785721, 26.624672368], [-111.95892334, 26.615464479], [-111.951026917, 26.608097634], [-111.951026916, 26.608097634], [-111.943731308, 26.59865817], [-111.937465668, 26.590906483], [-111.93780899, 26.584535893], [-111.93780899, 26.584535892], [-111.927938461, 26.570335107], [-111.927938461, 26.566650291], [-111.923818588, 26.561122845], [-111.919698715, 26.553906056], [-111.91403389, 26.552447288], [-111.908884048, 26.55045105], [-111.907682419, 26.54200504], [-111.901674271, 26.533558408], [-111.901245117, 26.525571931], [-111.901245117, 26.52557193], [-111.901245116, 26.52557193], [-111.895065308, 26.525725521], [-111.893005371, 26.522653655], [-111.888885499, 26.521348087], [-111.888885498, 26.521348087], [-111.883821488, 26.525111154], [-111.883821487, 26.525111154], [-111.880474091, 26.530025996], [-111.874980927, 26.533328037], [-111.874980926, 26.533328037], [-111.867599487, 26.529258066], [-111.861848831, 26.52211607], [-111.852149963, 26.516586477], [-111.850175858, 26.510979813], [-111.847171784, 26.504067111], [-111.847171783, 26.504067111], [-111.843996048, 26.502146842], [-111.836442947, 26.502761332], [-111.83052063, 26.501378726], [-111.819705963, 26.501225102], [-111.817302704, 26.499842477], [-111.818675995, 26.494926344], [-111.815929413, 26.488704062], [-111.815929413, 26.488704061], [-111.812067032, 26.483326509], [-111.80786133, 26.480600488], [-111.807861329, 26.480600488], [-111.807861328, 26.480600488], [-111.807861328, 26.480600489], [-111.807861328, 26.480637639], [-111.799621582, 26.475259709], [-111.792652342, 26.471907035], [-111.787004471, 26.469190029], [-111.785888672, 26.469113196], [-111.785888672, 26.469088699], [-111.785888672, 26.469088698], [-111.785888671, 26.469088698], [-111.781082154, 26.468652194], [-111.781082153, 26.468652194], [-111.775932312, 26.473185297], [-111.768465042, 26.478947459], [-111.754217148, 26.476335315], [-111.753702164, 26.470726687], [-111.752414703, 26.461890623], [-111.753015518, 26.458970732], [-111.753015518, 26.458970731], [-111.747350693, 26.456050765], [-111.734476089, 26.447213575], [-111.735162735, 26.435685786], [-111.735162735, 26.435685785], [-111.729755402, 26.430997489], [-111.729755402, 26.430997488], [-111.729755401, 26.430997488], [-111.729755401, 26.430997489], [-111.725978851, 26.43437923], [-111.717567444, 26.421389725], [-111.785888671, 26.421389725], [-111.785888672, 26.421389725], [-111.785888672, 26.421389724], [-111.785888672, 25.781266432]]]}}, {"type": "Feature", "id": 1, "properties": {"COV_": 14540, "COV_ID": 14541, "Clase": 5, "Descrip": "Manglar", "fid": 6, "ha": 2.65931320563, "layer": "mexman2010gw", "path": "D:\\Back-up\\DOCUMENTOS\\Mi Garmin\\Ecoalianza-L\\Capas\\Manglares\\mexman2010gw.shp"}, "geometry": {"type": "Polygon", "coordinates": [[[-111.439990997313, 26.365725822912655], [-111.43999099730794, 26.365725822934888], [-111.43990516663278, 26.36603343196788], [-111.43990516662488, 26.366033431991504], [-111.43990516660497, 26.366033432006404], [-111.43956184389249, 26.36626413825193], [-111.43956184387316, 26.366264138263585], [-111.43956184387206, 26.366264138241018], [-111.43956184387206, 26.36611033513457], [-111.43956184386724, 26.366110335036556], [-111.43956184385284, 26.36611033493948], [-111.439561843829, 26.366110334844286], [-111.43956184379593, 26.366110334751887], [-111.43956184375398, 26.366110334663176], [-111.43956184370352, 26.366110334579], [-111.43956184364507, 26.366110334500178], [-111.43956184357916, 26.366110334427464], [-111.43956184350644, 26.36611033436156], [-111.43956184342763, 26.3661103343031], [-111.43956184334345, 26.36611033425265], [-111.43956184325474, 26.366110334210692], [-111.43956184316234, 26.36611033417763], [-111.43956184306714, 26.366110334153785], [-111.43956184297006, 26.366110334139385], [-111.43956184287205, 26.36611033413457], [-111.43930435280664, 26.36611033413457], [-111.43930435270863, 26.366110334139385], [-111.43930435261156, 26.366110334153785], [-111.43930435251636, 26.36611033417763], [-111.43930435242396, 26.366110334210692], [-111.43930435233524, 26.36611033425265], [-111.43930435225107, 26.3661103343031], [-111.43930435217226, 26.36611033436156], [-111.43930435209954, 26.366110334427464], [-111.43930435203363, 26.366110334500178], [-111.43930435197518, 26.366110334579], [-111.43930435192472, 26.366110334663176], [-111.43930435188277, 26.366110334751887], [-111.4393043518497, 26.366110334844286], [-111.43930435182585, 26.36611033493948], [-111.43930435181146, 26.366110335036556], [-111.43930435180664, 26.36611033513457], [-111.43930435180664, 26.366264138241142], [-111.43930435180549, 26.36626413826451], [-111.43930435178213, 26.366264138265656], [-111.43836021425973, 26.366264138265656], [-111.43836021423367, 26.36626413826428], [-111.43836021420937, 26.366264138254888], [-111.4381885528787, 26.36618723623566], [-111.43818855285738, 26.366187236224842], [-111.43818855284992, 26.366187236202386], [-111.43810272237201, 26.365879628285484], [-111.4381027223404, 26.36587962819076], [-111.4381027222995, 26.365879628099663], [-111.43810272224972, 26.365879628013094], [-111.43810272219156, 26.365879627931925], [-111.43810272212559, 26.36587962785696], [-111.43810272205248, 26.365879627788946], [-111.43810272197294, 26.365879627728567], [-111.43810272188779, 26.36587962767642], [-111.43810272179785, 26.365879627633024], [-111.43810272170403, 26.36587962759882], [-111.43810272160727, 26.365879627574138], [-111.43810272150853, 26.365879627559227], [-111.4381027214088, 26.365879627554243], [-111.43758773806172, 26.365879627554243], [-111.43758773803745, 26.365879627553046], [-111.43758773801663, 26.365879627540494], [-111.43724441530355, 26.365648920527143], [-111.43724441528659, 26.36564892051449], [-111.43724441530765, 26.365648920513458], [-111.43750190658945, 26.365648920513458], [-111.43750190668918, 26.365648920508473], [-111.43750190678792, 26.365648920493562], [-111.43750190688468, 26.36564892046888], [-111.4375019069785, 26.365648920434676], [-111.43750190706844, 26.36564892039128], [-111.43750190715359, 26.365648920339133], [-111.43750190723313, 26.365648920278755], [-111.43750190730624, 26.36564892021074], [-111.43750190737221, 26.365648920135776], [-111.43750190743037, 26.365648920054607], [-111.43750190748015, 26.365648919968038], [-111.43750190752105, 26.36564891987694], [-111.43750190755266, 26.365648919782217], [-111.43758773803032, 26.3653413104338], [-111.43758773803805, 26.36534131041065], [-111.4375877380622, 26.365341310407256], [-111.43844604489799, 26.365264407757753], [-111.43844604492126, 26.365264407756786], [-111.43844604493356, 26.365264407776507], [-111.4385318737371, 26.365418209655445], [-111.43853187378869, 26.36541820973814], [-111.43853187384808, 26.36541820981542], [-111.43853187391471, 26.36541820988655], [-111.43853187398796, 26.365418209950857], [-111.43853187406711, 26.365418210007725], [-111.43853187415142, 26.36541821005662], [-111.43853187424008, 26.365418210097076], [-111.43853187433228, 26.365418210128706], [-111.43853187442711, 26.365418210151212], [-111.43853187452368, 26.36541821016438], [-111.43853187462108, 26.365418210168084], [-111.43853187471836, 26.36541821016229], [-111.43853187481463, 26.36541821014705], [-111.43853187490896, 26.36541821012251], [-111.43853187500045, 26.365418210088908], [-111.43853187508823, 26.365418210046556], [-111.43853187517148, 26.365418209995862], [-111.43853187524938, 26.365418209937303], [-111.43853187532123, 26.36541820987144], [-111.43853187538632, 26.365418209798893], [-111.43853187544403, 26.365418209720357], [-111.43853187549384, 26.365418209636573], [-111.43853187553523, 26.36541820954834], [-111.43853187556786, 26.365418209456497], [-111.43853187559138, 26.365418209361913], [-111.43853187560559, 26.36541820926549], [-111.43853187561034, 26.36541820916814], [-111.43853187561034, 26.365264407779556], [-111.43853187561145, 26.36526440775633], [-111.43853187563215, 26.365264407745837], [-111.43870353271801, 26.365187506963167], [-111.43870353280461, 26.3651875069192], [-111.43870353288654, 26.365187506867045], [-111.43870353296302, 26.365187506807185], [-111.43870353303332, 26.36518750674019], [-111.4387035330968, 26.365187506666693], [-111.43870353315286, 26.365187506587382], [-111.43870353320095, 26.365187506503005], [-111.43870353324064, 26.365187506414365], [-111.43870353327154, 26.365187506322293], [-111.43870353329335, 26.365187506227656], [-111.4387035333059, 26.36518750613135], [-111.43870353330902, 26.36518750603428], [-111.43870353330273, 26.365187505937367], [-111.43870353328707, 26.36518750584152], [-111.43870353326218, 26.365187505747645], [-111.4387035332283, 26.365187505656625], [-111.43870353318576, 26.365187505569324], [-111.43870353313494, 26.36518750548656], [-111.43870353307634, 26.365187505409114], [-111.4387035330105, 26.365187505337722], [-111.43870353293804, 26.365187505273052], [-111.43870353285965, 26.365187505215715], [-111.43870353277606, 26.36518750516625], [-111.43870353268808, 26.36518750512513], [-111.43870353259652, 26.365187505092738], [-111.43870353250226, 26.36518750506938], [-111.43870353240617, 26.365187505055275], [-111.43870353230916, 26.36518750505056], [-111.43853187563488, 26.36518750505056], [-111.43853187561149, 26.365187505049413], [-111.43853187561034, 26.365187505026046], [-111.43853187561034, 26.364956796653253], [-111.43853187561155, 26.364956796629176], [-111.43853187563259, 26.364956796617037], [-111.43913268988541, 26.364649184961362], [-111.43913268997181, 26.364649184911535], [-111.43913269005283, 26.364649184853352], [-111.43913269012764, 26.364649184787385], [-111.4391326901955, 26.364649184714295], [-111.43913269025576, 26.364649184634807], [-111.43913269030779, 26.364649184549712], [-111.43913269035109, 26.36464918445986], [-111.43913269038521, 26.36464918436614], [-111.43913269040983, 26.364649184269485], [-111.43913269042471, 26.36464918417086], [-111.43913269042969, 26.364649184071244], [-111.43913269042969, 26.364495378426923], [-111.4391326904308, 26.36449537840378], [-111.4391326904532, 26.364495378397613], [-111.4394760131591, 26.364418475191723], [-111.43947601318267, 26.364418475187673], [-111.43947601318818, 26.364418475210798], [-111.4395618438674, 26.36487989369361], [-111.43956184387069, 26.364879893718285], [-111.43956184385307, 26.364879893735765], [-111.43939018282781, 26.36503369918888], [-111.43939018276129, 26.365033699254333], [-111.43939018270116, 26.3650336993257], [-111.43939018264794, 26.36503369940236], [-111.4393901826021, 26.36503369948365], [-111.43939018256404, 26.365033699568855], [-111.43939018253408, 26.365033699657243], [-111.4393901825125, 26.365033699748032], [-111.43939018249948, 26.365033699840442], [-111.43939018249512, 26.36503369993366], [-111.43939018249512, 26.365264407010628], [-111.43939018249996, 26.365264407108974], [-111.43939018251446, 26.365264407206368], [-111.43939018253847, 26.36526440730186], [-111.43939018257174, 26.365264407394534], [-111.43939018261398, 26.365264407483483], [-111.43939018266475, 26.36526440756785], [-111.43939018272359, 26.36526440764681], [-111.4393901827899, 26.365264407719604], [-111.43939018286304, 26.365264407785524], [-111.4393901829423, 26.36526440784393], [-111.43939018302694, 26.36526440789426], [-111.4393901831161, 26.36526440793602], [-111.43939018320896, 26.365264407968805], [-111.43964767453691, 26.36534131040245], [-111.4396476745594, 26.365341310410383], [-111.43964767456055, 26.36534131043392], [-111.43964767456055, 26.365725821911546], [-111.43964767456536, 26.365725822009562], [-111.43964767457976, 26.365725822106636], [-111.4396476746036, 26.36572582220183], [-111.43964767463667, 26.36572582229423], [-111.43964767467862, 26.36572582238294], [-111.43964767472909, 26.365725822467116], [-111.43964767478754, 26.36572582254594], [-111.43964767485345, 26.365725822618653], [-111.43964767492616, 26.365725822684556], [-111.43964767500498, 26.365725822743016], [-111.43964767508915, 26.36572582279347], [-111.43964767517787, 26.365725822835426], [-111.43964767527027, 26.365725822868487], [-111.43964767536546, 26.365725822892333], [-111.43964767546254, 26.365725822906732], [-111.43964767556055, 26.365725822911546], [-111.4399909972902, 26.365725822911546], [-111.439990997313, 26.365725822912655]]]}}, {"type": "Feature", "id": 2, "properties": {"COV_": 14541, "COV_ID": 14542, "Clase": 5, "Descrip": "Manglar", "fid": 7, "ha": 1.30398587435, "layer": "mexman2010gw", "path": "D:\\Back-up\\DOCUMENTOS\\Mi Garmin\\Ecoalianza-L\\Capas\\Manglares\\mexman2010gw.shp"}, "geometry": {"type": "Polygon", "coordinates": [[[-111.45501136779629, 26.39117770495135], [-111.45501136778948, 26.391177704972716], [-111.45492553711759, 26.39140836099515], [-111.45492553710851, 26.39140836101643], [-111.45492553708732, 26.391408361025725], [-111.45432472321401, 26.3916390162688], [-111.45432472312481, 26.391639016308137], [-111.45432472303986, 26.39163901635597], [-111.45432472295997, 26.39163901641185], [-111.4543247228859, 26.391639016475246], [-111.45432472281837, 26.39163901654555], [-111.45432472275799, 26.391639016622097], [-111.45432472270535, 26.391639016704158], [-111.45432472266096, 26.391639016790958], [-111.45432472262523, 26.391639016881665], [-111.4543247225985, 26.39163901697542], [-111.45432472258103, 26.391639017071334], [-111.45432472257299, 26.391639017168494], [-111.45432472257444, 26.391639017265973], [-111.45432472258537, 26.39163901736285], [-111.45432472260569, 26.3916390174582], [-111.45432472263519, 26.39163901755112], [-111.45441055297016, 26.39186967174656], [-111.45441055297697, 26.391869671767925], [-111.45441055295443, 26.39186967176901], [-111.45423889162566, 26.39186967176901], [-111.45423889160222, 26.391869671767882], [-111.45423889158975, 26.391869671747884], [-111.45415306099454, 26.391715901869162], [-111.45415306093552, 26.39171590177592], [-111.45415306086659, 26.39171590168975], [-111.45415306078858, 26.391715901611697], [-111.45398139986415, 26.39156213176649], [-111.45398139978346, 26.39156213170142], [-111.45398139969646, 26.391562131645053], [-111.45398139960409, 26.391562131597993], [-111.45398139950734, 26.39156213156075], [-111.45398139940727, 26.39156213153372], [-111.45398139930494, 26.391562131517198], [-111.45398139920142, 26.391562131511357], [-111.45398139909788, 26.391562131516263], [-111.45320892336429, 26.391639016621095], [-111.45320892334098, 26.391639016622264], [-111.45320892333983, 26.391639016598845], [-111.45320892333983, 26.391485247270545], [-111.45320892333501, 26.39148524717253], [-111.45320892332062, 26.391485247075455], [-111.45320892329677, 26.39148524698026], [-111.4532089232637, 26.39148524688786], [-111.45320892322175, 26.39148524679915], [-111.45320892317129, 26.391485246714975], [-111.45320892311284, 26.39148524663615], [-111.45320892304693, 26.391485246563438], [-111.45320892297421, 26.391485246497535], [-111.4532089228954, 26.391485246439075], [-111.45320892281123, 26.391485246388623], [-111.45320892272251, 26.391485246346665], [-111.45320892263011, 26.391485246313604], [-111.45320892253491, 26.391485246289758], [-111.45320892243784, 26.39148524627536], [-111.45320892233983, 26.391485246270545], [-111.45286560158593, 26.391485246270545], [-111.45286560148791, 26.39148524627536], [-111.45286560139084, 26.391485246289758], [-111.45286560129564, 26.391485246313604], [-111.45286560120324, 26.391485246346665], [-111.45286560111452, 26.391485246388623], [-111.45286560103035, 26.391485246439075], [-111.45286560095154, 26.391485246497535], [-111.45286560087882, 26.391485246563438], [-111.45286560081291, 26.39148524663615], [-111.45286560075446, 26.391485246714975], [-111.452865600704, 26.39148524679915], [-111.45286560066205, 26.39148524688786], [-111.45286560062898, 26.39148524698026], [-111.45286560060514, 26.391485247075455], [-111.45286560059074, 26.39148524717253], [-111.45286560058592, 26.391485247270545], [-111.45286560058592, 26.3916390159757], [-111.45286560059051, 26.39163901607136], [-111.45286560060423, 26.391639016166145], [-111.45286560062695, 26.391639016259184], [-111.45286560065847, 26.39163901634962], [-111.45286560069849, 26.391639016436628], [-111.45286560074665, 26.39163901651941], [-111.45286560080251, 26.3916390165972], [-111.45286560086556, 26.391639016669295], [-111.45286560093521, 26.391639016735024], [-111.45286560101084, 26.39163901679379], [-111.45286560109173, 26.39163901684505], [-111.45286560117717, 26.39163901688834], [-111.45303726194078, 26.39171590171331], [-111.45303726195839, 26.39171590172225], [-111.45303726193856, 26.391715901723217], [-111.45277976992199, 26.391715901723217], [-111.45277976989861, 26.39171590172207], [-111.45277976989746, 26.391715901698703], [-111.45277976989746, 26.391562132120477], [-111.45277976989287, 26.391562132024816], [-111.45277976987916, 26.39156213193003], [-111.45277976985643, 26.39156213183699], [-111.45277976982491, 26.391562131746554], [-111.4527797697849, 26.391562131659548], [-111.45277976973674, 26.391562131576766], [-111.45277976968087, 26.391562131498976], [-111.45277976961782, 26.39156213142688], [-111.45277976954817, 26.39156213136115], [-111.45277976947254, 26.391562131302386], [-111.45277976939165, 26.391562131251124], [-111.45277976930622, 26.391562131207834], [-111.45260810854239, 26.391485246280354], [-111.45260810852162, 26.391485246269824], [-111.4526081085205, 26.391485246246603], [-111.4526081085205, 26.3911008195167], [-111.45260810852164, 26.391100819493335], [-111.45260810854502, 26.391100819492188], [-111.45312309165136, 26.391100819492188], [-111.45312309174938, 26.391100819487374], [-111.45312309184645, 26.391100819472975], [-111.45312309194165, 26.39110081944913], [-111.45312309203405, 26.391100819416067], [-111.45312309212277, 26.39110081937411], [-111.45312309220694, 26.391100819323658], [-111.45312309228575, 26.391100819265198], [-111.45312309235847, 26.391100819199295], [-111.45312309242438, 26.39110081912658], [-111.45312309248283, 26.391100819047757], [-111.45312309253329, 26.391100818963583], [-111.45312309257524, 26.39110081887487], [-111.45312309260831, 26.391100818782473], [-111.45312309263215, 26.391100818687278], [-111.45312309264655, 26.391100818590203], [-111.45312309265137, 26.391100818492188], [-111.45312309265137, 26.390947048446986], [-111.45312309265252, 26.39094704842362], [-111.4531230926759, 26.390947048422472], [-111.45389556882134, 26.390947048422472], [-111.45389556884736, 26.390947048423843], [-111.45389556887169, 26.39094704843324], [-111.45441055278347, 26.3911777048629], [-111.45441055288164, 26.391177704900805], [-111.45441055298323, 26.39117770492818], [-111.45441055308716, 26.391177704944727], [-111.45441055319223, 26.391177704950262], [-111.45501136777375, 26.391177704950262], [-111.45501136779629, 26.39117770495135]]]}}, {"type": "Feature", "id": 3, "properties": {"ESTADO": "Baja California Sur", "FECHA": "2008/02/02", "MUNICIPIOS": "Comondu, Mulege y Loreto", "NUMERO": 1761, "RAMSAR": "Humedal Los Comond�", "fid": 1, "layer": "RAMSAR142_Mexico_geoITRF92_Mayo15", "objectid": 294337, "path": "D:\\Back-up\\DOCUMENTOS\\Mi Garmin\\Ecoalianza-L\\Ramsar\\RAMSAR142_Mexico_geoITRF92_Mayo15.shp", "wdpaid": 903102}, "geometry": {"type": "MultiPolygon", "coordinates": [[[[-111.366262436, 25.808082054], [-111.372356415, 25.795950089], [-111.426858902, 25.740838347], [-111.456298828, 25.721121767], [-111.456298828, 25.888492497], [-111.44282341, 25.885480988], [-111.418876648, 25.871426264], [-111.403341293, 25.849723105], [-111.395273209, 25.841844104], [-111.391324997, 25.831955989], [-111.391324997, 25.831955988], [-111.375617981, 25.82314869], [-111.368751526, 25.816504153], [-111.366262436, 25.808082054]]], [[[-111.734819412, 26.441065564], [-111.735162735, 26.435685786], [-111.735162735, 26.435685785], [-111.729755402, 26.430997489], [-111.729755402, 26.430997488], [-111.729755401, 26.430997488], [-111.729755401, 26.430997489], [-111.725978851, 26.43437923], [-111.715250015, 26.417853867], [-111.673107147, 26.350113587], [-111.629676819, 26.311573881], [-111.609935761, 26.297262461], [-111.60993576, 26.297262461], [-111.605558395, 26.289413514], [-111.605558395, 26.289413513], [-111.606330872, 26.28248753], [-111.609163284, 26.26871129], [-111.605644226, 26.236919649], [-111.6010952, 26.208199628], [-111.596803665, 26.178163072], [-111.587963104, 26.144112282], [-111.587963104, 26.144112281], [-111.566419601, 26.106120832], [-111.807861328, 26.106120832], [-111.807861328, 26.441065564], [-111.734819412, 26.441065564]]]]}}, {"type": "Feature", "id": 1, "properties": {"ESTADO": "Baja California Sur", "FECHA": "2008/02/02", "MUNICIPIOS": "Loreto", "NUMERO": 1793, "RAMSAR": "Oasis Sierra de La Giganta", "fid": 3, "layer": "RAMSAR142_Mexico_geoITRF92_Mayo15", "objectid": 302105, "path": "D:\\Back-up\\DOCUMENTOS\\Mi Garmin\\Ecoalianza-L\\Ramsar\\RAMSAR142_Mexico_geoITRF92_Mayo15.shp", "wdpaid": 478011}, "geometry": {"type": "Polygon", "coordinates": [[[-111.372442245, 25.795872811], [-111.367992841, 25.80466335], [-111.366262436, 25.808082054], [-111.366262436, 25.808082055], [-111.36677742, 25.809781976], [-111.366764837, 25.809781976], [-111.366764836, 25.809781976], [-111.366764836, 25.809781977], [-111.368751526, 25.816504153], [-111.368751526, 25.816504154], [-111.375617981, 25.82314869], [-111.391324997, 25.831955988], [-111.395273209, 25.841844104], [-111.403341293, 25.849723105], [-111.418876648, 25.871426264], [-111.43432617, 25.880493827], [-111.434326171, 25.880493827], [-111.434326172, 25.880493827], [-111.434326172, 25.880493826], [-111.434326172, 25.880461636], [-111.44282341, 25.885480988], [-111.456298828, 25.888492497], [-111.456298828, 25.888522182], [-111.456298828, 25.888522183], [-111.456298829, 25.888522183], [-111.46780014, 25.891117852], [-111.483335495, 25.942146241], [-111.489772797, 25.977953273], [-111.492862701, 25.994155458], [-111.492862701, 25.994155459], [-111.492862702, 25.994155459], [-111.524620056, 26.02007431], [-111.524705887, 26.020151441], [-111.524362564, 26.020922747], [-111.521444321, 26.026398875], [-111.499814987, 26.04398246], [-111.499814987, 26.043982461], [-111.481189728, 26.063645189], [-111.455612183, 26.07112387], [-111.433124542, 26.073668055], [-111.415958405, 26.073282576], [-111.401195526, 26.067037639], [-111.396903992, 26.06079237], [-111.395101547, 26.042825727], [-111.398534775, 26.035036755], [-111.421794891, 26.027170141], [-111.421794891, 26.02717014], [-111.456298828, 26.011743875], [-111.456298828, 26.011778225], [-111.456298828, 26.011778226], [-111.456298829, 26.011778226], [-111.45629883, 26.011778226], [-111.458959579, 26.010586823], [-111.458959579, 26.010586822], [-111.45629883, 26.003991193], [-111.456298829, 26.003991193], [-111.456298828, 26.003991193], [-111.456298828, 26.003991194], [-111.456298828, 26.004029981], [-111.436300278, 25.954417551], [-111.436300277, 25.95441755], [-111.406860352, 25.962829218], [-111.382656097, 25.959742437], [-111.377506256, 25.953568633], [-111.370038986, 25.923003535], [-111.370038986, 25.923003534], [-111.363601685, 25.921768414], [-111.36059761, 25.91991571], [-111.357164383, 25.91752259], [-111.357164382, 25.91752259], [-111.353902817, 25.918448965], [-111.349697113, 25.917368193], [-111.347465516, 25.9170594], [-111.347465515, 25.9170594], [-111.346092224, 25.919375332], [-111.344032288, 25.91991571], [-111.342916489, 25.918834952], [-111.343774796, 25.912736205], [-111.344976425, 25.908644463], [-111.344804764, 25.889341883], [-111.346435547, 25.87945774], [-111.353988647, 25.87544207], [-111.35390282, 25.87567374], [-111.35390282, 25.875673741], [-111.353902821, 25.875673741], [-111.362485886, 25.863162542], [-111.372871398, 25.853739649], [-111.372871399, 25.853739649], [-111.372871399, 25.853739648], [-111.372871398, 25.853739648], [-111.3555336, 25.832728528], [-111.3555336, 25.832728527], [-111.355533599, 25.832728527], [-111.333732605, 25.834428095], [-111.329870224, 25.827166136], [-111.329870224, 25.827166135], [-111.324033737, 25.824925654], [-111.31819725, 25.822298828], [-111.316995621, 25.815886038], [-111.314680288, 25.809781976], [-111.314680287, 25.809781976], [-111.314678192, 25.809781976], [-111.314592361, 25.80955017], [-111.314163208, 25.805841212], [-111.315536499, 25.791545183], [-111.309957504, 25.773073707], [-111.30566597, 25.766349067], [-111.30566597, 25.766349066], [-111.279830933, 25.74640479], [-111.263437271, 25.736354079], [-111.254081726, 25.731637683], [-111.251420975, 25.722900259], [-111.24584198, 25.71524482], [-111.233568192, 25.712847561], [-111.233568191, 25.712847561], [-111.227388382, 25.71547681], [-111.221981049, 25.719420575], [-111.220436096, 25.713466213], [-111.220178604, 25.700705863], [-111.22215271, 25.695214624], [-111.225500107, 25.692507583], [-111.225500107, 25.692507582], [-111.230478287, 25.667522551], [-111.232624054, 25.662416606], [-111.241550446, 25.65614992], [-111.281547546, 25.66342234], [-111.299657822, 25.663190248], [-111.334762573, 25.663577068], [-111.338281631, 25.665124332], [-111.338710785, 25.670616957], [-111.338024139, 25.693358374], [-111.331586838, 25.702097967], [-111.331586838, 25.702097968], [-111.331586839, 25.702097968], [-111.366519928, 25.719884539], [-111.370382309, 25.724910697], [-111.369352341, 25.730091283], [-111.365060806, 25.740297151], [-111.361026764, 25.745631688], [-111.349697114, 25.752821337], [-111.349697114, 25.752821338], [-111.360168457, 25.765962581], [-111.370032133, 25.789999562], [-111.370032133, 25.789999563], [-111.370032134, 25.789999563], [-111.370038986, 25.789999563], [-111.372442245, 25.795872811]]]}}, {"type": "Feature", "id": 2, "properties": {"ESTADO": "Baja California Sur", "FECHA": "2008/02/02", "MUNICIPIOS": "Comondu, Mulege y Loreto", "NUMERO": 1761, "RAMSAR": "Humedal Los Comond�", "fid": 1, "layer": "RAMSAR142_Mexico_geoITRF92_Mayo15", "objectid": 294337, "path": "D:\\Back-up\\DOCUMENTOS\\Mi Garmin\\Ecoalianza-L\\Ramsar\\RAMSAR142_Mexico_geoITRF92_Mayo15.shp", "wdpaid": 903102}, "geometry": {"type": "Polygon", "coordinates": [[[-111.80786132812388, 25.786058140924254], [-111.807861328125, 25.786058140947425], [-111.807861328125, 26.12585018565583], [-111.80786132812385, 26.125850185679194], [-111.80786132810047, 26.125850185680342], [-111.57757759096637, 26.125850185680342], [-111.57757759094305, 26.12585018567922], [-111.57757759093057, 26.125850185659456], [-111.56066894532763, 26.095946583416524], [-111.56066894529565, 26.095946583363823], [-111.54779434205433, 26.076135090280175], [-111.54779434204221, 26.07613509025938], [-111.54779434204363, 26.076135090235347], [-111.55062675471376, 26.04992018140929], [-111.55062675471953, 26.049920181306447], [-111.5506267547147, 26.049920181203557], [-111.55062675469931, 26.04992018110171], [-111.55062675467352, 26.049920181001987], [-111.5506267546376, 26.049920180905445], [-111.55062675459196, 26.04992018081311], [-111.55062675453705, 26.04992018072596], [-111.55062675447347, 26.04992018064492], [-111.52462005620818, 26.020074310039455], [-111.52462005614986, 26.020074309977986], [-111.52462005608655, 26.02007430992168], [-111.49286270143539, 25.994155458844357], [-111.49286270141712, 25.994155458827883], [-111.49286270141134, 25.994155458804006], [-111.48977279663133, 25.977953272736045], [-111.48977279663029, 25.97795327273046], [-111.48333549500553, 25.942146241433257], [-111.48333549497796, 25.942146241318948], [-111.4678001405502, 25.89111785268307], [-111.46780014051797, 25.89111785259294], [-111.46780014047727, 25.89111785250631], [-111.46780014042848, 25.89111785242396], [-111.46780014037203, 25.891117852346657], [-111.46780014030846, 25.8911178522751], [-111.46780014023834, 25.891117852209955], [-111.4678001401623, 25.891117852151808], [-111.46780014008105, 25.8911178521012], [-111.46780013999535, 25.891117852058592], [-111.46780013990596, 25.89111785202437], [-111.4678001398137, 25.891117851998853], [-111.44282341005953, 25.88548098791786], [-111.44282341003468, 25.885480987910878], [-111.44282341001174, 25.88548098789889], [-111.43432617189528, 25.880461635753782], [-111.43432617187607, 25.880461635741177], [-111.43432617187499, 25.880461635718373], [-111.43432617187499, 25.73581286274467], [-111.43432617187615, 25.735812862720806], [-111.43432617189539, 25.735812862706545], [-111.48608207687909, 25.701247238947957], [-111.48608207694974, 25.701247238896155], [-111.48608207701558, 25.70124723883837], [-111.48608207707612, 25.70124723877504], [-111.48608207713089, 25.701247238706657], [-111.56744956968308, 25.589981501066053], [-111.5674495697244, 25.589981501016602], [-111.58049583433292, 25.576278900487747], [-111.58049583435132, 25.576278900470303], [-111.580495834375, 25.576278900461674], [-111.60890579222175, 25.567530092119828], [-111.60890579225106, 25.567530092111763], [-111.673364639254, 25.551889036950318], [-111.67336463928244, 25.551889036945145], [-111.67336463931126, 25.551889036943308], [-111.68752670285787, 25.551811600898134], [-111.68752670288069, 25.55181160089906], [-111.68752670290233, 25.55181160090614], [-111.70572280881372, 25.558703212986444], [-111.70572280883702, 25.558703212996686], [-111.70572280885222, 25.558703213017136], [-111.71499252317957, 25.572640093205962], [-111.7149925231921, 25.57264009322698], [-111.71499252319063, 25.57264009325145], [-111.71207427978801, 25.599115696311774], [-111.71207427978388, 25.59911569633714], [-111.7120742797678, 25.599115696356975], [-111.67842865041007, 25.636496696070573], [-111.67842865034707, 25.63649669614802], [-111.6784286502921, 25.636496696231358], [-111.67842865024572, 25.636496696319764], [-111.67842865020839, 25.636496696412355], [-111.67842865018046, 25.636496696508207], [-111.67842865016225, 25.636496696606365], [-111.6784286501539, 25.636496696705848], [-111.67842865015552, 25.63649669680567], [-111.67842865016709, 25.636496696904832], [-111.67842865018848, 25.636496697002347], [-111.67842865021949, 25.63649669709724], [-111.6784286502598, 25.636496697188573], [-111.67842865030903, 25.63649669727543], [-111.71078681944722, 25.687480056311742], [-111.71078681945735, 25.68748005632923], [-111.71078681946584, 25.68748005634699], [-111.71765327452712, 25.703490055974843], [-111.71765327454617, 25.703490056016566], [-111.75172805764927, 25.773846629238758], [-111.7517280576976, 25.773846629326957], [-111.75172805775456, 25.773846629409856], [-111.75172805781955, 25.773846629486616], [-111.75172805789192, 25.773846629556456], [-111.75172805797095, 25.773846629618678], [-111.75172805805582, 25.773846629672644], [-111.75172805814569, 25.773846629717813], [-111.75172805823964, 25.773846629753724], [-111.75172805833671, 25.773846629780017], [-111.80786132810124, 25.786058140918172], [-111.80786132812388, 25.786058140924254]]]}}, {"type": "Feature", "id": 2, "properties": {"COV_": 14538, "COV_ID": 14539, "Clase": 5, "Descrip": "Manglar", "fid": 5, "ha": 2.25242602717, "layer": "mexman2010gw", "path": "D:\\Back-up\\DOCUMENTOS\\Mi Garmin\\Ecoalianza-L\\Capas\\Manglares\\mexman2010gw.shp"}, "geometry": {"type": "Polygon", "coordinates": [[[-111.42848968505668, 26.350036674509013], [-111.42848968504651, 26.350036674529537], [-111.42823219300492, 26.350498150409482], [-111.42823219299251, 26.35049815042941], [-111.42823219296906, 26.350498150430543], [-111.4273738864909, 26.350498150430543], [-111.4273738863867, 26.350498150435985], [-111.42737388628365, 26.350498150452253], [-111.42737388618285, 26.350498150479172], [-111.4273738860854, 26.350498150516444], [-111.42737388599237, 26.350498150563666], [-111.42737388590477, 26.350498150620325], [-111.42737388582354, 26.350498150685805], [-111.42711639406116, 26.350728887685165], [-111.42711639404259, 26.35072888770024], [-111.4271163940188, 26.35072888769786], [-111.42660141105983, 26.350651975500377], [-111.42660141096485, 26.3506519754908], [-111.42660141086938, 26.35065197549032], [-111.42660141077431, 26.35065197549895], [-111.42660141068049, 26.3506519755166], [-111.42660141058879, 26.350651975543126], [-111.42660141050003, 26.35065197557827], [-111.42660141041502, 26.35065197562172], [-111.42660141033454, 26.350651975673077], [-111.42660141025932, 26.350651975731875], [-111.42660141019007, 26.350651975797575], [-111.42660141012739, 26.35065197586958], [-111.42660141007185, 26.350651975947237], [-111.42660141002399, 26.350651976029834], [-111.42660140998422, 26.35065197611662], [-111.4266014099529, 26.3506519762068], [-111.42660140993031, 26.35065197629956], [-111.42660140991669, 26.350651976394047], [-111.42660140991212, 26.350651976489406], [-111.42660140991212, 26.351036536233412], [-111.42660140991649, 26.351036536326625], [-111.4266014099295, 26.351036536419027], [-111.42660140995109, 26.351036536509813], [-111.42660140998103, 26.351036536598194], [-111.42660141001909, 26.351036536683395], [-111.42660141006492, 26.35103653676468], [-111.42660141011814, 26.351036536841338], [-111.42660141017826, 26.3510365369127], [-111.42660141024477, 26.351036536978153], [-111.42677307127107, 26.351190360846402], [-111.42677307128692, 26.351190360862052], [-111.42677307126598, 26.351190360869424], [-111.42625808718256, 26.351344184833145], [-111.4262580871587, 26.351344184838965], [-111.426258087143, 26.35134418481995], [-111.4260864264351, 26.351113449675754], [-111.42608642637302, 26.3511134496003], [-111.42608642630387, 26.351113449531265], [-111.4260864262283, 26.35111344946931], [-111.42608642614705, 26.351113449415024], [-111.42608642606089, 26.351113449368928], [-111.42608642597065, 26.35111344933146], [-111.42608642587717, 26.35111344930298], [-111.42608642578136, 26.351113449283755], [-111.42608642568415, 26.351113449273974], [-111.42608642558643, 26.351113449273733], [-111.42608642548916, 26.351113449283027], [-111.42608642539327, 26.351113449301767], [-111.42608642529964, 26.35111344932978], [-111.4260864252092, 26.351113449366796], [-111.42608642512282, 26.351113449412463], [-111.4260864250413, 26.35111344946634], [-111.42608642496543, 26.351113449527915], [-111.42591476442203, 26.351267272861165], [-111.42591476440398, 26.351267272875855], [-111.42591476438112, 26.35126727287185], [-111.4255714416749, 26.351190360868017], [-111.42557144165143, 26.351190360861498], [-111.42557144164435, 26.351190360838107], [-111.42539978027949, 26.350498150454968], [-111.42539978027496, 26.350498150431736], [-111.42539978029865, 26.350498150430543], [-111.42582893333334, 26.350498150430543], [-111.42582893343753, 26.3504981504251], [-111.42582893354059, 26.350498150408832], [-111.42582893364138, 26.350498150381913], [-111.42582893373883, 26.35049815034464], [-111.42582893383187, 26.35049815029742], [-111.42582893391946, 26.35049815024076], [-111.42582893400069, 26.35049815017528], [-111.42617225645027, 26.35019050003743], [-111.42617225647027, 26.350190500021327], [-111.42617225649586, 26.35019050001999], [-111.42651557863648, 26.35019050001999], [-111.42651557873286, 26.350190500015337], [-111.42651557882834, 26.35019050000141], [-111.42651557892205, 26.35019049997835], [-111.42651557901308, 26.350190499946365], [-111.42651557910062, 26.350190499905754], [-111.42651557918383, 26.350190499856897], [-111.42651557926195, 26.350190499800245], [-111.42651557933424, 26.35019049973633], [-111.42651557940003, 26.350190499665743], [-111.42651557945871, 26.350190499589146], [-111.42651557950974, 26.350190499507246], [-111.42660140989979, 26.35003667452999], [-111.42660140991292, 26.35003667450903], [-111.42660140993725, 26.350036674504132], [-111.4271163940188, 26.34995976167873], [-111.4271163940426, 26.349959761676356], [-111.42711639406116, 26.34995976169142], [-111.4272022244466, 26.35003667425262], [-111.42720222452783, 26.3500366743181], [-111.42720222461543, 26.35003667437476], [-111.42720222470847, 26.350036674421982], [-111.42720222480591, 26.350036674459254], [-111.42720222490671, 26.350036674486173], [-111.42720222500976, 26.35003667450244], [-111.42720222511396, 26.350036674507884], [-111.42848968503385, 26.350036674507884], [-111.42848968505668, 26.350036674509013]]]}}, {"type": "Feature", "id": 3, "properties": {"ESTADO": "Baja California Su", "FECHA": "2004/02/02", "MUNICIPIOS": "Loreto", "NUMERO": 1358, "RAMSAR": "Parque Nacional Bah�a de Loreto", "fid": 2, "layer": "RAMSAR142_Mexico_geoITRF92_Mayo15", "objectid": 31005, "path": "D:\\Back-up\\DOCUMENTOS\\Mi Garmin\\Ecoalianza-L\\Ramsar\\RAMSAR142_Mexico_geoITRF92_Mayo15.shp", "wdpaid": 902309}, "geometry": {"type": "Polygon", "coordinates": [[[-111.35295867919788, 26.130550829235588], [-111.35295867917421, 26.130550829236775], [-111.08276367189953, 26.130550829236775], [-111.08276367187615, 26.130550829235627], [-111.082763671875, 26.13055082921226], [-111.082763671875, 26.106120832380004], [-111.08276367187615, 26.106120832356638], [-111.08276367189953, 26.10612083235549], [-111.33810997006724, 26.10612083235549], [-111.33810997009252, 26.10612083235678], [-111.33810997011615, 26.106120832365598], [-111.34042739865683, 26.10712279383171], [-111.34042739868086, 26.10712279384368], [-111.34042739870179, 26.10712279386054], [-111.34171485898801, 26.10827889256217], [-111.34171485900764, 26.108278892581872], [-111.34171485902496, 26.10827889260365], [-111.3429164886357, 26.1099744833678], [-111.34291648864678, 26.109974483384853], [-111.34291648865636, 26.109974483402596], [-111.34540557846722, 26.115061107935464], [-111.34540557851123, 26.115061108015837], [-111.3454055785624, 26.115061108091847], [-111.34540557862033, 26.115061108162852], [-111.34540557868449, 26.115061108228257], [-111.3454055787544, 26.115061108287513], [-111.34540557882941, 26.11506110834012], [-111.34540557890894, 26.115061108385646], [-111.34660720823294, 26.11567765377033], [-111.34660720825143, 26.11567765378085], [-111.34660720826793, 26.11567765379443], [-111.34789466856135, 26.11683366789681], [-111.34789466857798, 26.116833667913237], [-111.34789466857858, 26.11683366793667], [-111.34780883789688, 26.120764030143686], [-111.34780883789917, 26.120764030236597], [-111.34780883791008, 26.120764030328893], [-111.3478088379295, 26.120764030419778], [-111.34780883795729, 26.120764030508468], [-111.34780883799318, 26.120764030594195], [-111.34780883803688, 26.120764030676217], [-111.34849548332042, 26.121919994115906], [-111.34849548337633, 26.121919994200038], [-111.34849548344043, 26.121919994278098], [-111.3484954835121, 26.121919994349295], [-111.34969711301633, 26.122998883473283], [-111.34969711303593, 26.122998883492958], [-111.34969711305327, 26.122998883514725], [-111.35089874261118, 26.124694260656767], [-111.35089874268046, 26.124694260743805], [-111.35089874275897, 26.124694260822608], [-111.35218620298613, 26.12585018566525], [-111.35218620300213, 26.125850185680964], [-111.35218620301328, 26.125850185700227], [-111.35278701781118, 26.12700609915394], [-111.35278701782114, 26.127006099175592], [-111.35278701782227, 26.127006099199157], [-111.35278701782227, 26.129240832767284], [-111.35278701783075, 26.129240832897214], [-111.35295867919596, 26.130550829211845], [-111.35295867919788, 26.130550829235588]]]}}, {"type": "Feature", "id": 4, "properties": {"COV_": 14541, "COV_ID": 14542, "Clase": 5, "Descrip": "Manglar", "fid": 7, "ha": 1.30398587435, "layer": "mexman2010gw", "path": "D:\\Back-up\\DOCUMENTOS\\Mi Garmin\\Ecoalianza-L\\Capas\\Manglares\\mexman2010gw.shp"}, "geometry": {"type": "Polygon", "coordinates": [[[-111.4550113677963, 26.39117770495135], [-111.4550113677895, 26.391177704972716], [-111.4549255371176, 26.39140836099515], [-111.45492553710852, 26.39140836101643], [-111.45492553708733, 26.391408361025725], [-111.45432472321403, 26.3916390162688], [-111.45432472312483, 26.391639016308137], [-111.45432472303987, 26.39163901635597], [-111.45432472295998, 26.39163901641185], [-111.45432472288591, 26.391639016475246], [-111.45432472281838, 26.39163901654555], [-111.454324722758, 26.391639016622097], [-111.45432472270537, 26.391639016704158], [-111.45432472266097, 26.391639016790958], [-111.45432472262524, 26.391639016881665], [-111.45432472259851, 26.39163901697542], [-111.45432472258105, 26.391639017071334], [-111.454324722573, 26.391639017168494], [-111.45432472257446, 26.391639017265973], [-111.45432472258538, 26.39163901736285], [-111.4543247226057, 26.3916390174582], [-111.4543247226352, 26.39163901755112], [-111.45441055297016, 26.39186967174656], [-111.45441055297697, 26.391869671767925], [-111.45441055295443, 26.39186967176901], [-111.45423889162568, 26.39186967176901], [-111.45423889160223, 26.391869671767882], [-111.45423889158977, 26.391869671747884], [-111.45415306099456, 26.391715901869162], [-111.45415306093554, 26.39171590177592], [-111.4541530608666, 26.39171590168975], [-111.4541530607886, 26.391715901611697], [-111.45398139986416, 26.39156213176649], [-111.45398139978347, 26.39156213170142], [-111.45398139969647, 26.391562131645053], [-111.4539813996041, 26.391562131597993], [-111.45398139950736, 26.39156213156075], [-111.45398139940728, 26.39156213153372], [-111.45398139930495, 26.391562131517198], [-111.45398139920144, 26.391562131511357], [-111.4539813990979, 26.391562131516263], [-111.4532089233643, 26.391639016621095], [-111.453208923341, 26.391639016622264], [-111.45320892333984, 26.391639016598845], [-111.45320892333984, 26.391485247270545], [-111.45320892333503, 26.39148524717253], [-111.45320892332063, 26.391485247075455], [-111.45320892329678, 26.39148524698026], [-111.45320892326372, 26.39148524688786], [-111.45320892322177, 26.39148524679915], [-111.4532089231713, 26.391485246714975], [-111.45320892311285, 26.39148524663615], [-111.45320892304694, 26.391485246563438], [-111.45320892297423, 26.391485246497535], [-111.45320892289541, 26.391485246439075], [-111.45320892281124, 26.391485246388623], [-111.45320892272252, 26.391485246346665], [-111.45320892263013, 26.391485246313604], [-111.45320892253493, 26.391485246289758], [-111.45320892243785, 26.39148524627536], [-111.45320892233984, 26.391485246270545], [-111.45286560158594, 26.391485246270545], [-111.45286560148793, 26.39148524627536], [-111.45286560139085, 26.391485246289758], [-111.45286560129566, 26.391485246313604], [-111.45286560120326, 26.391485246346665], [-111.45286560111454, 26.391485246388623], [-111.45286560103037, 26.391485246439075], [-111.45286560095155, 26.391485246497535], [-111.45286560087884, 26.391485246563438], [-111.45286560081293, 26.39148524663615], [-111.45286560075448, 26.391485246714975], [-111.45286560070402, 26.39148524679915], [-111.45286560066207, 26.39148524688786], [-111.452865600629, 26.39148524698026], [-111.45286560060515, 26.391485247075455], [-111.45286560059075, 26.39148524717253], [-111.45286560058594, 26.391485247270545], [-111.45286560058594, 26.3916390159757], [-111.45286560059053, 26.39163901607136], [-111.45286560060424, 26.391639016166145], [-111.45286560062696, 26.391639016259184], [-111.45286560065848, 26.39163901634962], [-111.4528656006985, 26.391639016436628], [-111.45286560074666, 26.39163901651941], [-111.45286560080253, 26.3916390165972], [-111.45286560086558, 26.391639016669295], [-111.45286560093523, 26.391639016735024], [-111.45286560101086, 26.39163901679379], [-111.45286560109174, 26.39163901684505], [-111.45286560117718, 26.39163901688834], [-111.45303726194079, 26.39171590171331], [-111.4530372619584, 26.39171590172225], [-111.45303726193856, 26.391715901723217], [-111.452779769922, 26.391715901723217], [-111.45277976989863, 26.39171590172207], [-111.45277976989748, 26.391715901698703], [-111.45277976989748, 26.391562132120477], [-111.45277976989289, 26.391562132024816], [-111.45277976987917, 26.39156213193003], [-111.45277976985645, 26.39156213183699], [-111.45277976982493, 26.391562131746554], [-111.45277976978491, 26.391562131659548], [-111.45277976973675, 26.391562131576766], [-111.45277976968089, 26.391562131498976], [-111.45277976961783, 26.39156213142688], [-111.45277976954819, 26.39156213136115], [-111.45277976947256, 26.391562131302386], [-111.45277976939167, 26.391562131251124], [-111.45277976930623, 26.391562131207834], [-111.4526081085424, 26.391485246280354], [-111.45260810852163, 26.391485246269824], [-111.45260810852051, 26.391485246246603], [-111.45260810852051, 26.3911008195167], [-111.45260810852166, 26.391100819493335], [-111.45260810854504, 26.391100819492188], [-111.45312309165138, 26.391100819492188], [-111.45312309174939, 26.391100819487374], [-111.45312309184646, 26.391100819472975], [-111.45312309194166, 26.39110081944913], [-111.45312309203406, 26.391100819416067], [-111.45312309212278, 26.39110081937411], [-111.45312309220695, 26.391100819323658], [-111.45312309228576, 26.391100819265198], [-111.45312309235848, 26.391100819199295], [-111.45312309242439, 26.39110081912658], [-111.45312309248284, 26.391100819047757], [-111.4531230925333, 26.391100818963583], [-111.45312309257525, 26.39110081887487], [-111.45312309260832, 26.391100818782473], [-111.45312309263217, 26.391100818687278], [-111.45312309264656, 26.391100818590203], [-111.45312309265138, 26.391100818492188], [-111.45312309265138, 26.390947048446986], [-111.45312309265253, 26.39094704842362], [-111.45312309267591, 26.390947048422472], [-111.45389556882135, 26.390947048422472], [-111.45389556884737, 26.390947048423843], [-111.4538955688717, 26.39094704843324], [-111.45441055278347, 26.3911777048629], [-111.45441055288164, 26.391177704900805], [-111.45441055298323, 26.39117770492818], [-111.45441055308716, 26.391177704944727], [-111.45441055319223, 26.391177704950262], [-111.45501136777376, 26.391177704950262], [-111.4550113677963, 26.39117770495135]]]}}, {"type": "Feature", "id": 2, "properties": {"ESTADO": "Baja California Su", "FECHA": "2004/02/02", "MUNICIPIOS": "Loreto", "NUMERO": 1358, "RAMSAR": "Parque Nacional Bah�a de Loreto", "fid": 2, "layer": "RAMSAR142_Mexico_geoITRF92_Mayo15", "objectid": 31005, "path": "D:\\Back-up\\DOCUMENTOS\\Mi Garmin\\Ecoalianza-L\\Ramsar\\RAMSAR142_Mexico_geoITRF92_Mayo15.shp", "wdpaid": 902309}, "geometry": {"type": "Polygon", "coordinates": [[[-111.330127717, 25.893357079], [-111.330127717, 25.89335708], [-111.331329346, 25.893897576], [-111.331329346, 25.893897577], [-111.331157684, 25.896754447], [-111.330041885, 25.905247438], [-111.330041886, 25.905247438], [-111.331243515, 25.906945963], [-111.33313179, 25.90802683], [-111.33433342, 25.910342939], [-111.336135864, 25.915978616], [-111.337337493, 25.917136597], [-111.337337494, 25.917136597], [-111.338024139, 25.91543822], [-111.339225769, 25.914280221], [-111.340513229, 25.913739818], [-111.340513229, 25.916519009], [-111.339826584, 25.917676986], [-111.339225769, 25.919915708], [-111.339225769, 25.919915709], [-111.33922577, 25.919915709], [-111.33922577, 25.91991571], [-111.342315674, 25.91991571], [-111.344804764, 25.921073653], [-111.346006393, 25.922231586], [-111.348495483, 25.927866694], [-111.349096298, 25.930105224], [-111.349697113, 25.931263068], [-111.349697113, 25.932961218], [-111.348409653, 25.936357444], [-111.347122193, 25.937438041], [-111.347122192, 25.937438041], [-111.347122192, 25.937438042], [-111.346521378, 25.939136102], [-111.346521378, 25.939136103], [-111.347723007, 25.943072422], [-111.347723007, 25.943072423], [-111.348924637, 25.945387843], [-111.348924637, 25.946545537], [-111.350126266, 25.948783712], [-111.350126266, 25.951021844], [-111.350126267, 25.951021844], [-111.350126267, 25.951021845], [-111.350727081, 25.952179482], [-111.350727081, 25.953877331], [-111.351928711, 25.956115366], [-111.352529526, 25.957813158], [-111.352529526, 25.960051119], [-111.351928711, 25.961208668], [-111.35184288, 25.96514425], [-111.349954605, 25.966841912], [-111.34806633, 25.969079701], [-111.3468647, 25.970237161], [-111.34557724, 25.971317447], [-111.343688965, 25.972474886], [-111.342487335, 25.973632313], [-111.34180069, 25.974712568], [-111.34059906, 25.975869973], [-111.337423325, 25.978647698], [-111.336221695, 25.979264961], [-111.336221695, 25.979264962], [-111.33562088, 25.980345164], [-111.33562088, 25.980345165], [-111.33433342, 25.980962419], [-111.33304596, 25.983199939], [-111.333045959, 25.983199939], [-111.332445145, 25.98489734], [-111.331157684, 25.986594717], [-111.33055687, 25.987752004], [-111.33055687, 25.987752005], [-111.33055687, 25.989372189], [-111.330556869, 25.989372189], [-111.329870224, 25.990529449], [-111.329870224, 25.99052945], [-111.329870224, 25.992226744], [-111.329269409, 25.993924014], [-111.329269409, 25.993924015], [-111.329870224, 25.995621261], [-111.329870224, 25.996778459], [-111.329870224, 25.99677846], [-111.329870225, 25.99677846], [-111.340255737, 25.999169969], [-111.340255737, 26.001947143], [-111.340255737, 26.001947144], [-111.340856552, 26.00310428], [-111.342144012, 26.004261406], [-111.341972351, 26.015523497], [-111.342573166, 26.01722043], [-111.342573166, 26.017220431], [-111.342573167, 26.017220431], [-111.343860626, 26.017220431], [-111.344461441, 26.019534392], [-111.344461441, 26.022311085], [-111.343774796, 26.024007921], [-111.343774796, 26.028018526], [-111.342487335, 26.03025515], [-111.342487335, 26.030255151], [-111.342487335, 26.031412008], [-111.341199875, 26.033108712], [-111.338710785, 26.03418842], [-111.33682251, 26.034728271], [-111.33553505, 26.035345239], [-111.335535049, 26.035345239], [-111.335535049, 26.03534524], [-111.333646774, 26.038121558], [-111.330471039, 26.040974929], [-111.329183579, 26.042671494], [-111.329183579, 26.042671495], [-111.329183578, 26.042671495], [-111.329183578, 26.046064553], [-111.328496933, 26.047761044], [-111.328496933, 26.047761045], [-111.328496933, 26.051153955], [-111.327209473, 26.053390138], [-111.327209473, 26.054546768], [-111.325922012, 26.055626278], [-111.324033737, 26.056243137], [-111.322746277, 26.057322632], [-111.322145462, 26.059018961], [-111.320257187, 26.060715266], [-111.319570541, 26.061871823], [-111.318969727, 26.064107801], [-111.318969727, 26.064107802], [-111.318883896, 26.069736109], [-111.318883896, 26.06973611], [-111.319484711, 26.070892578], [-111.32068634, 26.074284818], [-111.32068634, 26.074284819], [-111.324462891, 26.081069005], [-111.32437706, 26.085617274], [-111.324977875, 26.087313193], [-111.32437706, 26.088469488], [-111.324291229, 26.090704958], [-111.323690414, 26.092400804], [-111.323690414, 26.093557048], [-111.323690415, 26.093557048], [-111.324291229, 26.094636199], [-111.324291229, 26.096331987], [-111.324291229, 26.096331988], [-111.32429123, 26.096331988], [-111.326093674, 26.097488193], [-111.329269409, 26.09918394], [-111.330471039, 26.100340118], [-111.331758499, 26.100879663], [-111.333646774, 26.100340118], [-111.334848404, 26.103731505], [-111.336050034, 26.10434811], [-111.337938309, 26.106043758], [-111.340427399, 26.107122794], [-111.341714859, 26.108278893], [-111.342916489, 26.109974483], [-111.345405578, 26.115061108], [-111.345405579, 26.115061108], [-111.346607208, 26.115677654], [-111.347894669, 26.116833668], [-111.347808838, 26.12076403], [-111.347808838, 26.120764031], [-111.348495483, 26.121919994], [-111.348495484, 26.121919994], [-111.349697113, 26.122998883], [-111.349697113, 26.122998884], [-111.350898743, 26.124694261], [-111.352186203, 26.125850186], [-111.082763672, 26.125850186], [-111.082763672, 25.588820325], [-111.099758148, 25.588820325], [-111.099758148, 25.72058048], [-111.099758148, 25.720580481], [-111.099758149, 25.720580481], [-111.21966362, 25.720580481], [-111.219148636, 25.722049678], [-111.219148636, 25.722049679], [-111.219148636, 25.72204968], [-111.22095108, 25.723750833], [-111.220951081, 25.723750833], [-111.22344017, 25.724292104], [-111.227817535, 25.724292104], [-111.229619978, 25.724833372], [-111.229619979, 25.724833372], [-111.229619979, 25.724833371], [-111.229104996, 25.722590958], [-111.229705811, 25.720889788], [-111.229705811, 25.720889787], [-111.230993271, 25.720348501], [-111.232795715, 25.719188593], [-111.236572266, 25.719807212], [-111.23966217, 25.721508398], [-111.239662171, 25.721508398], [-111.241464615, 25.722049679], [-111.2408638, 25.723750833], [-111.23957634, 25.725993225], [-111.23957634, 25.725993226], [-111.239576341, 25.725993226], [-111.2408638, 25.72661181], [-111.24335289, 25.728854149], [-111.24455452, 25.730555205], [-111.245155334, 25.732256237], [-111.245155334, 25.732256238], [-111.245155335, 25.732256238], [-111.246356964, 25.7333387], [-111.248245239, 25.73674066], [-111.248245239, 25.736740661], [-111.250047684, 25.738441604], [-111.252536774, 25.740142523], [-111.252536774, 25.740142524], [-111.255025864, 25.74068372], [-111.256828308, 25.742384607], [-111.260004043, 25.743003106], [-111.260004044, 25.743003106], [-111.262407303, 25.743003106], [-111.264295578, 25.74408547], [-111.267986297, 25.745786309], [-111.267986298, 25.745786309], [-111.269874573, 25.745786309], [-111.272964478, 25.747487123], [-111.274166107, 25.749187913], [-111.274852753, 25.750888679], [-111.276054382, 25.753207865], [-111.276054383, 25.753207865], [-111.277856827, 25.753749002], [-111.280345917, 25.755449702], [-111.281633377, 25.755990829], [-111.284036636, 25.75993325], [-111.285238266, 25.762252259], [-111.285238266, 25.76225226], [-111.287126541, 25.762793356], [-111.289014816, 25.763952838], [-111.290817261, 25.764493926], [-111.293306351, 25.765035012], [-111.295194626, 25.766194473], [-111.296396255, 25.767894995], [-111.296396256, 25.767894995], [-111.297683716, 25.769054427], [-111.29948616, 25.770136555], [-111.30068779, 25.77183702], [-111.30197525, 25.775237878], [-111.30188942, 25.77693827], [-111.30188942, 25.776938271], [-111.30317688, 25.779797966], [-111.303176881, 25.779797966], [-111.304378509, 25.779797966], [-111.30437851, 25.779797966], [-111.30437851, 25.785980857], [-111.306180954, 25.789381309], [-111.306180954, 25.790540532], [-111.305494309, 25.792781664], [-111.305494308, 25.792781664], [-111.305494308, 25.795022754], [-111.304893494, 25.796181921], [-111.304893494, 25.796181922], [-111.304807663, 25.800123007], [-111.304206848, 25.802363958], [-111.304121017, 25.806304838], [-111.302318573, 25.808622941], [-111.302318573, 25.808622942], [-111.302919388, 25.809704707], [-111.304121017, 25.809704707], [-111.304121018, 25.809704707], [-111.305408478, 25.810245587], [-111.307210922, 25.811404605], [-111.310300827, 25.81426347], [-111.310901642, 25.815345184], [-111.310901642, 25.815345185], [-111.310901642, 25.817045002], [-111.310300827, 25.818744794], [-111.310300827, 25.818744795], [-111.310214996, 25.820985393], [-111.309614182, 25.822144307], [-111.309528351, 25.825543721], [-111.309528351, 25.825543722], [-111.310214996, 25.826702591], [-111.310214996, 25.827784192], [-111.308927536, 25.828402245], [-111.307039261, 25.828943039], [-111.305236816, 25.827784192], [-111.302146912, 25.823844026], [-111.300258636, 25.820985393], [-111.300945282, 25.819285633], [-111.300945282, 25.819285632], [-111.300945282, 25.818203954], [-111.301546097, 25.816504153], [-111.302833557, 25.814804329], [-111.302833557, 25.814804328], [-111.302833557, 25.813645343], [-111.302232742, 25.812563613], [-111.299743653, 25.811404605], [-111.299743652, 25.811404605], [-111.294765472, 25.811404605], [-111.293563843, 25.809163825], [-111.293563843, 25.807463895], [-111.294250487, 25.806304839], [-111.294250487, 25.806304838], [-111.289873124, 25.806304838], [-111.289873123, 25.806304838], [-111.289873123, 25.806304839], [-111.289873123, 25.807463895], [-111.287984848, 25.808545672], [-111.286697388, 25.809086556], [-111.286697388, 25.809086557], [-111.286354065, 25.809781976], [-111.286336899, 25.809781976], [-111.286336898, 25.809781976], [-111.286096573, 25.810245586], [-111.286096573, 25.810245587], [-111.286697388, 25.811404605], [-111.287899017, 25.813104479], [-111.287899018, 25.813104479], [-111.291675568, 25.813104479], [-111.293478012, 25.815345184], [-111.293478012, 25.815345185], [-111.294765472, 25.816504153], [-111.295366287, 25.818744794], [-111.295366287, 25.818744795], [-111.296567917, 25.820444563], [-111.297769546, 25.823225949], [-111.297769547, 25.823225949], [-111.297769547, 25.82322595], [-111.299657822, 25.824384841], [-111.302061081, 25.827784192], [-111.304550171, 25.830024619], [-111.307039261, 25.830642661], [-111.30824089, 25.831183445], [-111.308240891, 25.831183445], [-111.310129166, 25.832883034], [-111.310129166, 25.835123363], [-111.310129166, 25.835123364], [-111.310129167, 25.835123364], [-111.311330795, 25.834041832], [-111.311330795, 25.834041831], [-111.312017441, 25.831183445], [-111.313304901, 25.82948383], [-111.314506531, 25.828943039], [-111.316394806, 25.828943039], [-111.320085525, 25.82948383], [-111.320085526, 25.82948383], [-111.321973801, 25.828943039], [-111.32446289, 25.830642661], [-111.324462891, 25.830642661], [-111.326351166, 25.831183445], [-111.326265335, 25.832342258], [-111.32566452, 25.8345826], [-111.32566452, 25.83690015], [-111.324977875, 25.837981657], [-111.324977875, 25.837981658], [-111.324977875, 25.839681149], [-111.324977875, 25.83968115], [-111.32557869, 25.841921352], [-111.32557869, 25.843620788], [-111.324977875, 25.845320198], [-111.324977875, 25.845320199], [-111.326179504, 25.846478874], [-111.326179504, 25.848718948], [-111.325492859, 25.84987759], [-111.325492859, 25.850958979], [-111.326780319, 25.853276208], [-111.326694489, 25.85497548], [-111.326694489, 25.854975481], [-111.327981949, 25.856674729], [-111.328582764, 25.859455263], [-111.328582764, 25.859455264], [-111.328496933, 25.862312967], [-111.328496933, 25.862312968], [-111.329097748, 25.86401211], [-111.329784393, 25.86509337], [-111.329784394, 25.86509337], [-111.330986023, 25.865711228], [-111.332874298, 25.867410322], [-111.334075928, 25.867950937], [-111.334075928, 25.869109391], [-111.335277557, 25.870190604], [-111.335277557, 25.875828198], [-111.334590912, 25.87814494], [-111.334590912, 25.87922607], [-111.332101822, 25.880924969], [-111.332101822, 25.88092497], [-111.331501007, 25.882083296], [-111.330213547, 25.88316439], [-111.330213547, 25.883164391], [-111.329612732, 25.884863233], [-111.329526901, 25.886562051], [-111.330213547, 25.887720322], [-111.329526901, 25.889959614], [-111.329526901, 25.889959615], [-111.330728531, 25.892276079], [-111.330127717, 25.893357079]]]}}, {"type": "Feature", "id": 1, "properties": {"ESTADO": "Baja California Su", "FECHA": "2004/02/02", "MUNICIPIOS": "Loreto", "NUMERO": 1358, "RAMSAR": "Parque Nacional Bah�a de Loreto", "fid": 2, "layer": "RAMSAR142_Mexico_geoITRF92_Mayo15", "objectid": 31005, "path": "D:\\Back-up\\DOCUMENTOS\\Mi Garmin\\Ecoalianza-L\\Ramsar\\RAMSAR142_Mexico_geoITRF92_Mayo15.shp", "wdpaid": 902309}, "geometry": {"type": "Polygon", "coordinates": [[[-111.10473632812386, 25.720580481141102], [-111.10473632812501, 25.72058048116447], [-111.10473632812501, 26.13055082921226], [-111.10473632812386, 26.130550829235627], [-111.10473632810049, 26.130550829236775], [-111.00062370302747, 26.130550829236775], [-111.0006237030041, 26.130550829235627], [-111.00062370300294, 26.13055082921226], [-111.00062370300294, 25.750424836909385], [-111.00062370299813, 25.75042483681137], [-111.00062370298373, 25.750424836714295], [-111.00062370295989, 25.7504248366191], [-111.00062370292682, 25.7504248365267], [-111.00062370288487, 25.75042483643799], [-111.0006237028344, 25.750424836353815], [-111.00062370277595, 25.75042483627499], [-111.00062370271004, 25.750424836202278], [-111.00062370263733, 25.750424836136375], [-111.00062370255851, 25.750424836077915], [-111.00062370247434, 25.750424836027463], [-111.00062370238562, 25.750424835985505], [-111.00062370229323, 25.750424835952444], [-111.00062370219803, 25.750424835928598], [-111.00062370210095, 25.7504248359142], [-111.00062370200294, 25.750424835909385], [-110.75068473818372, 25.750424835909385], [-110.75068473816034, 25.750424835908237], [-110.7506847381592, 25.75042483588487], [-110.7506847381592, 25.588742912410236], [-110.75068473816034, 25.58874291238688], [-110.75068473818374, 25.588742912385733], [-110.75317382810049, 25.588742912385733], [-110.75317382812386, 25.58874291238688], [-110.75317382812501, 25.588742912410247], [-110.75317382812501, 25.58874346337829], [-110.75317382812983, 25.58874346347629], [-110.75317382814423, 25.58874346357335], [-110.75317382816806, 25.588743463668532], [-110.75317382820111, 25.58874346376092], [-110.75317382824306, 25.588743463849625], [-110.7531738282935, 25.58874346393379], [-110.75317382835195, 25.588743464012605], [-110.75317382841783, 25.588743464085315], [-110.75317382849053, 25.588743464151218], [-110.75317382856933, 25.58874346420968], [-110.75317382865349, 25.588743464260137], [-110.75317382874218, 25.588743464302105], [-110.75317382883456, 25.588743464335177], [-110.75317382892973, 25.588743464359037], [-110.75317382902679, 25.588743464373454], [-110.75317382912479, 25.58874346437829], [-111.09975814816883, 25.58882032455228], [-111.09975814819222, 25.588820324553435], [-111.09975814819337, 25.58882032457681], [-111.09975814819337, 25.720580480139954], [-111.09975814819819, 25.72058048023797], [-111.09975814821259, 25.720580480335045], [-111.09975814823643, 25.72058048043024], [-111.0997581482695, 25.72058048052264], [-111.09975814831145, 25.72058048061135], [-111.09975814836191, 25.720580480695524], [-111.09975814842036, 25.72058048077435], [-111.09975814848627, 25.72058048084706], [-111.09975814855899, 25.720580480912965], [-111.0997581486378, 25.720580480971424], [-111.09975814872197, 25.720580481021877], [-111.0997581488107, 25.720580481063834], [-111.09975814890309, 25.720580481096896], [-111.09975814899829, 25.72058048112074], [-111.09975814909536, 25.72058048113514], [-111.09975814919338, 25.720580481139955], [-111.10473632810049, 25.720580481139955], [-111.10473632812386, 25.720580481141102]]]}}, {"type": "Feature", "id": 1, "properties": {"ESTADO": "Baja California Sur", "FECHA": "2008/02/02", "MUNICIPIOS": "La Paz", "NUMERO": 1767, "RAMSAR": "Balandra", "fid": 4, "layer": "RAMSAR142_Mexico_geoITRF92_Mayo15", "objectid": 294349, "path": "D:\\Back-up\\DOCUMENTOS\\Mi Garmin\\Ecoalianza-L\\Ramsar\\RAMSAR142_Mexico_geoITRF92_Mayo15.shp", "wdpaid": 903119}, "geometry": {"type": "MultiPolygon", "coordinates": [[[[-110.337152481, 24.294850061], [-110.337324142, 24.295162979], [-110.33706665, 24.296101727], [-110.33706665, 24.296101728], [-110.339727402, 24.304393707], [-110.339641571, 24.314562375], [-110.339984894, 24.31526633], [-110.339984894, 24.316126713], [-110.338439942, 24.317847463], [-110.338439941, 24.317847463], [-110.334062576, 24.328093261], [-110.334062576, 24.328093262], [-110.334148407, 24.328953558], [-110.331401825, 24.330752341], [-110.330972672, 24.331221585], [-110.330972671, 24.331221585], [-110.329771042, 24.331925447], [-110.327625275, 24.333567776], [-110.327625275, 24.333567777], [-110.327539444, 24.334037009], [-110.327539444, 24.33403701], [-110.327882767, 24.334662651], [-110.327796936, 24.335053675], [-110.327367783, 24.335210085], [-110.326766968, 24.33513188], [-110.326766967, 24.33513188], [-110.326766967, 24.335131881], [-110.326337814, 24.335757516], [-110.324964523, 24.336304945], [-110.32453537, 24.335992129], [-110.324449539, 24.335757516], [-110.325050354, 24.335757516], [-110.326337814, 24.334740856], [-110.327196119, 24.334584446], [-110.32719612, 24.334584446], [-110.32719612, 24.334584445], [-110.327196119, 24.334584445], [-110.326595306, 24.33419342], [-110.326766968, 24.333411365], [-110.327882767, 24.332238273], [-110.329427719, 24.331221585], [-110.330028534, 24.330674134], [-110.330629349, 24.330517719], [-110.33208847, 24.329501017], [-110.332088471, 24.329501017], [-110.332431793, 24.329109975], [-110.33371925, 24.328640725], [-110.333719251, 24.328640725], [-110.333719251, 24.328640724], [-110.33371925, 24.328640723], [-110.3332901, 24.328562515], [-110.331830978, 24.32887535], [-110.331144333, 24.328327889], [-110.330543518, 24.32707654], [-110.330457687, 24.325590548], [-110.330715179, 24.324260961], [-110.330715179, 24.32426096], [-110.330286026, 24.324026326], [-110.330200195, 24.323635268], [-110.329170228, 24.323244209], [-110.329170227, 24.323244209], [-110.328912735, 24.323869903], [-110.327968597, 24.324026326], [-110.327281952, 24.32371348], [-110.326766968, 24.323165996], [-110.326166153, 24.321836384], [-110.326251983, 24.321679959], [-110.326251983, 24.321679958], [-110.326251983, 24.321679957], [-110.325822831, 24.321367106], [-110.32582283, 24.321367106], [-110.324878693, 24.321992809], [-110.324277878, 24.321992809], [-110.323591232, 24.321679958], [-110.322904587, 24.321210679], [-110.322647095, 24.320741398], [-110.322475433, 24.319489975], [-110.322303772, 24.319177118], [-110.322303772, 24.319177117], [-110.322303771, 24.319177117], [-110.321102142, 24.319411761], [-110.320415497, 24.319724618], [-110.319900514, 24.319646404], [-110.319900513, 24.319646404], [-110.319900513, 24.319646405], [-110.319900513, 24.319802831], [-110.319900513, 24.319802832], [-110.321445465, 24.320663185], [-110.321016312, 24.321679957], [-110.321016312, 24.321679958], [-110.321273803, 24.322071022], [-110.321273804, 24.322071022], [-110.321788788, 24.321836384], [-110.322561264, 24.321992809], [-110.322561264, 24.32199281], [-110.32341957, 24.322540298], [-110.323419571, 24.322540298], [-110.323419571, 24.322540297], [-110.323591232, 24.322383873], [-110.323848724, 24.32261851], [-110.323848725, 24.32261851], [-110.324621201, 24.322853147], [-110.324964523, 24.323087784], [-110.325222015, 24.323557056], [-110.324878693, 24.324964861], [-110.324277878, 24.325590548], [-110.322217941, 24.325434126], [-110.321445465, 24.325590548], [-110.320672989, 24.325355916], [-110.319814682, 24.324808439], [-110.318355561, 24.323400633], [-110.318355561, 24.323400632], [-110.31835556, 24.323400632], [-110.315608978, 24.32371348], [-110.314836502, 24.323635268], [-110.314064026, 24.32293136], [-110.313806534, 24.322071022], [-110.314407349, 24.320506757], [-110.314922333, 24.319802832], [-110.314836502, 24.317847463], [-110.314064026, 24.316439579], [-110.313978195, 24.313623763], [-110.314235687, 24.312763362], [-110.316381454, 24.312372269], [-110.316381455, 24.312372269], [-110.317583084, 24.310416786], [-110.318098068, 24.30916526], [-110.318441391, 24.307835501], [-110.318784714, 24.307679058], [-110.319814682, 24.308383051], [-110.320072174, 24.30916526], [-110.31955719, 24.309556363], [-110.31955719, 24.309556364], [-110.319385529, 24.310182125], [-110.319385529, 24.310182126], [-110.318956375, 24.310573225], [-110.317668915, 24.312372269], [-110.317668915, 24.31237227], [-110.317840576, 24.312998017], [-110.317840576, 24.312998018], [-110.31826973, 24.313701981], [-110.319814682, 24.315422763], [-110.320072173, 24.315422763], [-110.320072174, 24.315422763], [-110.320329666, 24.314953461], [-110.321016312, 24.314562375], [-110.321874619, 24.314953461], [-110.322217941, 24.315266329], [-110.322217941, 24.31526633], [-110.322217942, 24.31526633], [-110.322217942, 24.315266329], [-110.322990417, 24.315031679], [-110.322990418, 24.315031678], [-110.324020386, 24.314171288], [-110.324020386, 24.314171287], [-110.324707031, 24.313858417], [-110.325479507, 24.31409307], [-110.326166152, 24.315657411], [-110.326166153, 24.315657411], [-110.326166153, 24.31565741], [-110.326251984, 24.315109896], [-110.326595306, 24.314562375], [-110.328483581, 24.314953461], [-110.328483582, 24.314953461], [-110.328998566, 24.31440594], [-110.329427719, 24.314249505], [-110.329685211, 24.314484157], [-110.329685211, 24.314484158], [-110.330286026, 24.314640592], [-110.33080101, 24.31573563], [-110.33080101, 24.315735631], [-110.33071518, 24.316830658], [-110.33071518, 24.316830659], [-110.330715181, 24.316830659], [-110.331659317, 24.316596011], [-110.333032607, 24.317143522], [-110.333032608, 24.317143522], [-110.334062576, 24.315813847], [-110.336122513, 24.315892064], [-110.33698082, 24.316674227], [-110.337152481, 24.3175346], [-110.337152481, 24.317534601], [-110.337152482, 24.317534601], [-110.337839126, 24.317534601], [-110.337839127, 24.317534601], [-110.338182449, 24.317143523], [-110.338783264, 24.316752443], [-110.339212417, 24.31620493], [-110.339212418, 24.31620493], [-110.339212418, 24.316204929], [-110.339212418, 24.315579197], [-110.339212417, 24.315579197], [-110.338869095, 24.314953462], [-110.338869095, 24.314953461], [-110.33826828, 24.314562375], [-110.337409973, 24.314249505], [-110.337152481, 24.313467327], [-110.336465836, 24.313232673], [-110.336465836, 24.313232672], [-110.336465835, 24.313232672], [-110.335521698, 24.313310891], [-110.334663391, 24.312998018], [-110.335521698, 24.310416786], [-110.335950851, 24.309869245], [-110.335950851, 24.309869244], [-110.336036682, 24.30916526], [-110.336036682, 24.308539493], [-110.335865021, 24.308070166], [-110.335865021, 24.308070165], [-110.335178375, 24.306818617], [-110.335435867, 24.306271061], [-110.336980819, 24.305175941], [-110.33698082, 24.305175941], [-110.337238312, 24.304628378], [-110.337238312, 24.304628377], [-110.337152481, 24.30384614], [-110.336894989, 24.303142122], [-110.336894988, 24.303142122], [-110.336551666, 24.303063897], [-110.33449173, 24.303455019], [-110.33449173, 24.30345502], [-110.334234238, 24.304002588], [-110.334148407, 24.304784824], [-110.334234238, 24.305801725], [-110.333204269, 24.306349283], [-110.332174301, 24.30658395], [-110.330715179, 24.307366171], [-110.329771042, 24.307131505], [-110.32959938, 24.306271061], [-110.329599381, 24.306271061], [-110.330028534, 24.30541061], [-110.331573486, 24.304784825], [-110.331573486, 24.304784824], [-110.331745148, 24.302985673], [-110.332345962, 24.302516325], [-110.332345963, 24.302516325], [-110.332517624, 24.301890525], [-110.333204269, 24.301342947], [-110.33320427, 24.301342947], [-110.333547592, 24.300638916], [-110.333547592, 24.300638915], [-110.333375931, 24.300326011], [-110.33337593, 24.300326011], [-110.332775116, 24.300169559], [-110.33208847, 24.300638915], [-110.330457687, 24.300873593], [-110.329856873, 24.30110827], [-110.329856872, 24.30110827], [-110.328054428, 24.3021252], [-110.327367783, 24.303220346], [-110.326766968, 24.303220346], [-110.325651169, 24.303611468], [-110.324792862, 24.304080812], [-110.323677063, 24.305097718], [-110.322132111, 24.303767916], [-110.322303772, 24.303142122], [-110.323419571, 24.302829224], [-110.324020386, 24.302516325], [-110.325050354, 24.302359875], [-110.325736999, 24.301577624], [-110.325737, 24.301577623], [-110.325908661, 24.301030045], [-110.326337814, 24.300638915], [-110.32711029, 24.300404237], [-110.327110291, 24.300404237], [-110.328054428, 24.2997002], [-110.328483581, 24.29923084], [-110.328483582, 24.29923084], [-110.328741074, 24.297979204], [-110.330114365, 24.296492871], [-110.331315994, 24.296571099], [-110.331916809, 24.296336414], [-110.334148407, 24.296962241], [-110.334749222, 24.296571099], [-110.336036682, 24.296492871], [-110.336036682, 24.29649287], [-110.336294174, 24.296101728], [-110.336294174, 24.296101727], [-110.337152481, 24.295397667], [-110.337152481, 24.295397666], [-110.337152481, 24.294850061]]], [[[-110.337152481, 24.294850061], [-110.336551666, 24.293833073], [-110.335693359, 24.293441921], [-110.335092545, 24.292894307], [-110.335092544, 24.292894307], [-110.333118439, 24.292659615], [-110.332946777, 24.292503153], [-110.332946777, 24.292033766], [-110.333118438, 24.291877304], [-110.333118439, 24.291877304], [-110.333118439, 24.291877303], [-110.333118439, 24.291564378], [-110.3332901, 24.291486146], [-110.3332901, 24.291486145], [-110.3332901, 24.291094988], [-110.3332901, 24.291094987], [-110.332603455, 24.290625595], [-110.332603454, 24.290625595], [-110.331916809, 24.290782059], [-110.331401825, 24.290547363], [-110.330886841, 24.289999737], [-110.330886841, 24.289999736], [-110.330886841, 24.289217409], [-110.331230164, 24.28851331], [-110.331230164, 24.288513309], [-110.331315994, 24.287965674], [-110.331573486, 24.287496271], [-110.332174301, 24.286948631], [-110.332345962, 24.286948631], [-110.332345963, 24.286948631], [-110.332860946, 24.286557459], [-110.332860946, 24.286557458], [-110.332860947, 24.286557458], [-110.332860947, 24.285853344], [-110.333204269, 24.285540404], [-110.333805084, 24.285383933], [-110.334405899, 24.28491452], [-110.334405899, 24.284914519], [-110.334405899, 24.284758049], [-110.334405899, 24.284758048], [-110.334663391, 24.284758048], [-110.334835052, 24.284601577], [-110.334835053, 24.284601577], [-110.334920883, 24.284210398], [-110.334920883, 24.284210397], [-110.334663391, 24.284053925], [-110.335092545, 24.283897452], [-110.335693359, 24.283897452], [-110.336294174, 24.286870397], [-110.336723328, 24.293833073], [-110.337152481, 24.294850061]]]]}}]}