{"type": "FeatureCollection", "name": "preservacion_poel_2014", "features": [{"type": "Feature", "id": 1, "properties": {"actividad": "Conservación y Turismo Alternativo", "conflictos_potenciales": "Afectación a la biodiversidad por el aprovechamiento de la fauna silvestre", "fragilidad": "baja", "localidad_referencia": "El Batequito, San Vicente ", "nombre": "UGA-11a", "poblacion": 0, "politica_ambiental": "Preservación", "presion": "baja", "superficie_total": 28489.88, "vulnerabilidad": "baja"}, "geometry": {"type": "MultiPolygon", "coordinates": [[[[-111.66469574, 26.086060527], [-111.66469574, 26.086060528], [-111.666412353, 26.087236107], [-111.666412354, 26.087236107], [-111.666412354, 26.087239101], [-111.666412354, 26.087239102], [-111.667109728, 26.087717898], [-111.670457125, 26.08953905], [-111.672677994, 26.090194273], [-111.675649881, 26.091523978], [-111.67750597, 26.093855743], [-111.678621769, 26.094684375], [-111.682333946, 26.096168191], [-111.684565544, 26.098326435], [-111.685874462, 26.100330483], [-111.682173014, 26.100349752], [-111.680874825, 26.099183941], [-111.680874825, 26.09918394], [-111.680874824, 26.09918394], [-111.678460836, 26.098191546], [-111.675306559, 26.096370528], [-111.67345047, 26.095204677], [-111.67345047, 26.095204676], [-111.671969891, 26.09537811], [-111.67196989, 26.09537811], [-111.670489311, 26.09605257], [-111.668268443, 26.096736661], [-111.668268442, 26.096736661], [-111.668268442, 26.096736662], [-111.66847229, 26.098740735], [-111.66847229, 26.098740736], [-111.668472291, 26.098740736], [-111.67013526, 26.099068322], [-111.671991348, 26.100561717], [-111.673300266, 26.102893302], [-111.674973965, 26.104222863], [-111.675177813, 26.106564009], [-111.674823761, 26.109242299], [-111.672796011, 26.11141957], [-111.669652462, 26.111939796], [-111.666873694, 26.11194943], [-111.666873693, 26.11194943], [-111.665586234, 26.112122839], [-111.665586233, 26.112122839], [-111.665403843, 26.112460021], [-111.663665772, 26.112469655], [-111.663665771, 26.112469655], [-111.663665771, 26.112467561], [-111.663665771, 26.11246756], [-111.66366577, 26.11246756], [-111.663182974, 26.112469655], [-111.661144495, 26.112315514], [-111.660028696, 26.112315514], [-111.658000946, 26.112989877], [-111.657443047, 26.11299951], [-111.657443047, 26.112999511], [-111.657443046, 26.112999511], [-111.656702757, 26.114001413], [-111.654675007, 26.114675766], [-111.654106379, 26.11250819], [-111.654288769, 26.111506275], [-111.654288768, 26.111506275], [-111.654288768, 26.111506274], [-111.6520679, 26.111352133], [-111.65114522, 26.111525542], [-111.650029421, 26.111689317], [-111.648741961, 26.112537091], [-111.64874196, 26.112537091], [-111.648184061, 26.113201818], [-111.648184061, 26.113201819], [-111.64837718, 26.114203719], [-111.648387909, 26.116217128], [-111.648387909, 26.116217129], [-111.648538113, 26.117219003], [-111.648533449, 26.117219003], [-111.648533449, 26.117219004], [-111.648533448, 26.117219004], [-111.648533448, 26.117219005], [-111.648581028, 26.117546538], [-111.647840738, 26.117719938], [-111.646542549, 26.117893337], [-111.645040513, 26.117219004], [-111.645040513, 26.117219003], [-111.645040512, 26.117219003], [-111.644697189, 26.117064869], [-111.643946171, 26.116901102], [-111.64394617, 26.116901102], [-111.643742323, 26.117219003], [-111.643738623, 26.117219003], [-111.643738623, 26.117219004], [-111.643399, 26.117739204], [-111.64303422, 26.118577301], [-111.64155364, 26.11824977], [-111.639697552, 26.117758471], [-111.639128924, 26.116419431], [-111.639128923, 26.116419431], [-111.638023853, 26.116255662], [-111.637283564, 26.116429064], [-111.637283564, 26.116429065], [-111.637283564, 26.117093769], [-111.637283564, 26.11709377], [-111.636554003, 26.117768104], [-111.635438204, 26.118278669], [-111.633410454, 26.118288303], [-111.631554365, 26.118288303], [-111.630814076, 26.117459838], [-111.630814075, 26.117459838], [-111.630814075, 26.117459837], [-111.629515886, 26.117469471], [-111.627284288, 26.116978169], [-111.62450552, 26.116313463], [-111.622467042, 26.115292172], [-111.622467041, 26.115292172], [-111.622467041, 26.115292173], [-111.622467041, 26.115292313], [-111.621544361, 26.114829903], [-111.619859934, 26.111824191], [-111.619720459, 26.111718219], [-111.619720459, 26.111715169], [-111.619720459, 26.111715168], [-111.618368626, 26.110658493], [-111.617617607, 26.108991814], [-111.617982387, 26.106486936], [-111.617982387, 26.106486935], [-111.617982386, 26.106486935], [-111.61575079, 26.106332786], [-111.61334753, 26.106342421], [-111.611309052, 26.106515837], [-111.611126661, 26.106515837], [-111.609646082, 26.106352055], [-111.607800723, 26.106361689], [-111.607800723, 26.10636169], [-111.607800722, 26.10636169], [-111.607993841, 26.108201819], [-111.607993842, 26.10820182], [-111.608541012, 26.108192186], [-111.6103971, 26.108693159], [-111.612253189, 26.109521686], [-111.613562107, 26.111014947], [-111.615235805, 26.112517823], [-111.615235806, 26.112517823], [-111.616362333, 26.115687287], [-111.618078947, 26.117219003], [-111.618075305, 26.117219003], [-111.618075305, 26.117219004], [-111.618075304, 26.117219004], [-111.618075304, 26.117219005], [-111.618958712, 26.118008937], [-111.619720457, 26.11863842], [-111.619720458, 26.11863842], [-111.619720459, 26.11863842], [-111.619720459, 26.118638419], [-111.619720459, 26.118635101], [-111.619720459, 26.1186351], [-111.621383429, 26.120012648], [-111.623239517, 26.121332381], [-111.624720096, 26.121833297], [-111.624720097, 26.121833297], [-111.626758575, 26.121823664], [-111.629172564, 26.122314946], [-111.630288362, 26.122979618], [-111.630288363, 26.122979618], [-111.633614302, 26.122960352], [-111.636017561, 26.122449807], [-111.636757851, 26.121948893], [-111.63842082, 26.12193926], [-111.639171839, 26.122603934], [-111.641027927, 26.123769512], [-111.641027927, 26.123769513], [-111.641027928, 26.123769513], [-111.643431187, 26.12342273], [-111.645094156, 26.123075947], [-111.647497416, 26.121727334], [-111.649911403, 26.123056681], [-111.649911404, 26.123056681], [-111.651381254, 26.122382377], [-111.653419732, 26.121871829], [-111.653419733, 26.121871829], [-111.653591394, 26.120369074], [-111.656187773, 26.120523203], [-111.658601761, 26.122016324], [-111.65989995, 26.122343845], [-111.65989995, 26.122343844], [-111.66156292, 26.120995224], [-111.664330959, 26.119482824], [-111.666412353, 26.119367226], [-111.666412354, 26.119367226], [-111.666412354, 26.12843171], [-111.666412353, 26.12843171], [-111.666229964, 26.128499137], [-111.666229963, 26.128499137], [-111.665318012, 26.129838039], [-111.663461924, 26.130184802], [-111.661058664, 26.129693554], [-111.661047935, 26.128518403], [-111.661047935, 26.128518402], [-111.659932137, 26.127526257], [-111.659932136, 26.127526257], [-111.659009457, 26.127526257], [-111.659009456, 26.127526257], [-111.658451557, 26.128036779], [-111.658086777, 26.128701418], [-111.656788588, 26.129211936], [-111.655125618, 26.129221568], [-111.654009819, 26.129057817], [-111.654192209, 26.128219797], [-111.654192209, 26.128219796], [-111.654192208, 26.128219796], [-111.653087139, 26.128219796], [-111.65197134, 26.12839318], [-111.651231051, 26.128402813], [-111.65123105, 26.128402813], [-111.6497612, 26.129077082], [-111.6497612, 26.129077083], [-111.649385691, 26.129741715], [-111.649385691, 26.129741716], [-111.64939642, 26.130242596], [-111.649214029, 26.131253983], [-111.648108959, 26.132091983], [-111.64607048, 26.132766231], [-111.64404273, 26.133276731], [-111.641821862, 26.133787228], [-111.641821861, 26.133787228], [-111.641274691, 26.134798583], [-111.641274691, 26.134798584], [-111.641274691, 26.134798585], [-111.641457081, 26.134962327], [-111.64146781, 26.136965746], [-111.64146781, 26.136965747], [-111.641467811, 26.136965747], [-111.644246578, 26.136956115], [-111.644986868, 26.136445631], [-111.646091938, 26.136108518], [-111.648130417, 26.136098886], [-111.649793386, 26.13659974], [-111.649793387, 26.13659974], [-111.651273966, 26.136252995], [-111.652754545, 26.13507791], [-111.654417515, 26.134230299], [-111.656638384, 26.13389318], [-111.658494472, 26.134721529], [-111.658494473, 26.134721529], [-111.661262512, 26.134702265], [-111.6642344, 26.135694349], [-111.666079759, 26.135347602], [-111.66607976, 26.135347602], [-111.666412353, 26.135193492], [-111.666412354, 26.135193492], [-111.666412354, 26.204541744], [-111.666412353, 26.204541744], [-111.665178537, 26.203656134], [-111.663429737, 26.201576848], [-111.662453413, 26.199844082], [-111.661863327, 26.19837121], [-111.661852598, 26.196802052], [-111.662142277, 26.196282204], [-111.662421226, 26.19514623], [-111.662421227, 26.19514623], [-111.662807465, 26.194183533], [-111.662807465, 26.194183532], [-111.662893295, 26.192537301], [-111.663762331, 26.191747872], [-111.663762331, 26.191747871], [-111.663944721, 26.190881419], [-111.663944721, 26.190881418], [-111.663558483, 26.190621481], [-111.662786007, 26.190188251], [-111.662775278, 26.189581727], [-111.662775278, 26.189581726], [-111.661616564, 26.188715258], [-111.661616563, 26.188715258], [-111.658827066, 26.189331414], [-111.657378674, 26.188907807], [-111.656799316, 26.188387923], [-111.656702757, 26.188041333], [-111.656702756, 26.188041332], [-111.656112671, 26.187868037], [-111.655629873, 26.187001555], [-111.655243636, 26.186654961], [-111.655243635, 26.186654961], [-111.654374599, 26.186751237], [-111.652936935, 26.187011183], [-111.653022766, 26.185798099], [-111.653022766, 26.185798098], [-111.653022765, 26.185798098], [-111.651188135, 26.186067673], [-111.65004015, 26.186067673], [-111.648859978, 26.183121563], [-111.648763418, 26.182688306], [-111.648763418, 26.182688305], [-111.647121906, 26.182168394], [-111.647121906, 26.182168393], [-111.646156311, 26.182178021], [-111.646059752, 26.181475175], [-111.646059751, 26.181475175], [-111.646059751, 26.181475174], [-111.645576954, 26.181388522], [-111.645169258, 26.178788913], [-111.645169258, 26.178788912], [-111.64478302, 26.178182328], [-111.645555494, 26.177826081], [-111.645555494, 26.17782608], [-111.645555494, 26.177826079], [-111.645555493, 26.177826079], [-111.643817425, 26.17740243], [-111.643720865, 26.176882496], [-111.643720865, 26.176882495], [-111.642562152, 26.176622527], [-111.642562151, 26.176622527], [-111.642175913, 26.177412059], [-111.641113758, 26.177325403], [-111.640158892, 26.17794162], [-111.633120775, 26.17840378], [-111.633110046, 26.177103951], [-111.633110046, 26.17710395], [-111.633110045, 26.17710395], [-111.632444859, 26.177277261], [-111.632530689, 26.176843983], [-111.632530689, 26.176843982], [-111.632530688, 26.176843982], [-111.632530688, 26.176843981], [-111.630706787, 26.176940266], [-111.630792618, 26.176150732], [-111.630792618, 26.176150731], [-111.630792617, 26.176150731], [-111.629451514, 26.176247016], [-111.629451513, 26.176247016], [-111.629451513, 26.176247017], [-111.629451513, 26.176766954], [-111.626565457, 26.17721949], [-111.626565457, 26.177219491], [-111.626565456, 26.177219491], [-111.626383066, 26.179655455], [-111.626383066, 26.179655456], [-111.626865864, 26.180608645], [-111.624559164, 26.181224844], [-111.624559164, 26.181224845], [-111.623593569, 26.181224845], [-111.622467042, 26.181367126], [-111.622467041, 26.181367126], [-111.622467041, 26.181367127], [-111.622467041, 26.181369266], [-111.622145176, 26.181407778], [-111.62119031, 26.181590711], [-111.621190309, 26.181590711], [-111.620031595, 26.182293558], [-111.619720459, 26.182014345], [-111.619548798, 26.181860297], [-111.619548797, 26.181860297], [-111.61916256, 26.181860297], [-111.619162559, 26.181860297], [-111.618486643, 26.181080423], [-111.618486642, 26.181080423], [-111.617327929, 26.181253729], [-111.61703825, 26.180127238], [-111.61703825, 26.180127237], [-111.617038249, 26.180127237], [-111.615396739, 26.180396826], [-111.615396738, 26.180396826], [-111.615396738, 26.180396827], [-111.615214348, 26.181609967], [-111.614055634, 26.181879553], [-111.614055633, 26.181879553], [-111.613572836, 26.182139509], [-111.613186598, 26.18223579], [-111.612510681, 26.18223579], [-111.612414122, 26.181013027], [-111.612414121, 26.181013027], [-111.612414121, 26.181013026], [-111.61096573, 26.180936002], [-111.610965729, 26.180936002], [-111.610965729, 26.180936003], [-111.610965729, 26.181629224], [-111.610783339, 26.182418721], [-111.610783339, 26.182418722], [-111.609914303, 26.182765328], [-111.609914303, 26.182765329], [-111.609914303, 26.183285237], [-111.608766317, 26.184161375], [-111.606642009, 26.184257653], [-111.606642008, 26.184257653], [-111.606642008, 26.184257654], [-111.606169939, 26.186520173], [-111.60616994, 26.186520173], [-111.60616994, 26.186520174], [-111.607425213, 26.186866768], [-111.607918739, 26.187819899], [-111.60791874, 26.187819899], [-111.609742641, 26.18789692], [-111.610804796, 26.188156863], [-111.611384153, 26.188330158], [-111.612360477, 26.189283277], [-111.612553596, 26.189889803], [-111.612553597, 26.189889803], [-111.613229513, 26.190323034], [-111.613905429, 26.191276136], [-111.61390543, 26.191276136], [-111.613905431, 26.191276136], [-111.615546941, 26.190833282], [-111.615546942, 26.190833282], [-111.61593318, 26.190390425], [-111.617370844, 26.190303779], [-111.617757082, 26.190217133], [-111.619720458, 26.190209604], [-111.619720459, 26.190209604], [-111.619720459, 26.190209603], [-111.619720459, 26.190207506], [-111.620267629, 26.190207506], [-111.62026763, 26.190207506], [-111.62026763, 26.190207505], [-111.620739698, 26.189418061], [-111.621125936, 26.188984826], [-111.621125937, 26.188984826], [-111.621040106, 26.190111231], [-111.621040106, 26.190111232], [-111.621040107, 26.190111232], [-111.622005701, 26.190111232], [-111.621812582, 26.191237627], [-111.621812582, 26.191237628], [-111.621812583, 26.191237628], [-111.622467041, 26.191526445], [-111.622467041, 26.191531258], [-111.622467041, 26.191531259], [-111.622467042, 26.191531259], [-111.622778177, 26.191670853], [-111.622778178, 26.191670853], [-111.623550653, 26.191584208], [-111.624323129, 26.191487936], [-111.62432313, 26.191487936], [-111.624805927, 26.191054709], [-111.625471115, 26.190525208], [-111.626050472, 26.19026527], [-111.62653327, 26.189658746], [-111.628260612, 26.189206257], [-111.628260613, 26.189206257], [-111.629129648, 26.188773022], [-111.632208824, 26.188060588], [-111.635298728, 26.187964312], [-111.635298729, 26.187964312], [-111.635481119, 26.187617721], [-111.642519236, 26.187752506], [-111.64312005, 26.191410917], [-111.64312005, 26.191410918], [-111.643120051, 26.191410918], [-111.647368669, 26.191478309], [-111.64736867, 26.191478309], [-111.648999453, 26.191468682], [-111.650061607, 26.191728617], [-111.650844812, 26.192585435], [-111.650844812, 26.192585436], [-111.650844813, 26.192585436], [-111.650844813, 26.192585435], [-111.651220322, 26.191978924], [-111.652185917, 26.192498792], [-111.652872562, 26.194058381], [-111.652872563, 26.194058381], [-111.65335536, 26.19457824], [-111.653366089, 26.195011453], [-111.652593613, 26.195454292], [-111.652593613, 26.195454293], [-111.652593613, 26.19580086], [-111.652593613, 26.195800861], [-111.652647257, 26.19610892], [-111.65264266, 26.19610892], [-111.652642659, 26.196108921], [-111.652642659, 26.196108922], [-111.652690172, 26.196407353], [-111.652507782, 26.197110109], [-111.652507782, 26.19711011], [-111.652700901, 26.197803235], [-111.652024985, 26.198149797], [-111.652024984, 26.198149797], [-111.651842594, 26.198496357], [-111.651263237, 26.198939183], [-111.65078044, 26.198939183], [-111.650780439, 26.198939183], [-111.649525166, 26.199382007], [-111.648956537, 26.199641924], [-111.648570299, 26.200084745], [-111.648570299, 26.200084746], [-111.648570299, 26.2004313], [-111.647411585, 26.2004313], [-111.646842957, 26.200700842], [-111.645008326, 26.200710468], [-111.645008325, 26.200710468], [-111.645008325, 26.200710469], [-111.644525528, 26.201057021], [-111.643849612, 26.201663486], [-111.643849611, 26.201663486], [-111.64386034, 26.202106299], [-111.643570662, 26.202452848], [-111.64358139, 26.204541743], [-111.64358139, 26.204541744], [-111.643581391, 26.204541744], [-111.6457057, 26.205311834], [-111.646864414, 26.206091546], [-111.648216247, 26.206168554], [-111.648216248, 26.206168554], [-111.651113033, 26.205725756], [-111.655833721, 26.205879773], [-111.656219959, 26.206399578], [-111.656219959, 26.206399579], [-111.65621996, 26.206399579], [-111.657088995, 26.206476587], [-111.657003164, 26.207352549], [-111.657003164, 26.20735255], [-111.657003164, 26.208392145], [-111.657003165, 26.208392145], [-111.657003165, 26.208392146], [-111.658065319, 26.208652043], [-111.658354998, 26.20856541], [-111.658934355, 26.208902314], [-111.659030914, 26.20916221], [-111.659352779, 26.215168541], [-111.659352779, 26.215168542], [-111.65935278, 26.215168542], [-111.659932137, 26.215168542], [-111.660039425, 26.215774933], [-111.660039426, 26.215774934], [-111.666412353, 26.215880811], [-111.666412354, 26.215880811], [-111.666412354, 26.23553386], [-111.666412353, 26.23553386], [-111.622467042, 26.23553386], [-111.622467041, 26.23553386], [-111.622467041, 26.235533861], [-111.622467041, 26.255116232], [-111.621726751, 26.255039257], [-111.620804071, 26.255048879], [-111.620428562, 26.254548535], [-111.620428562, 26.254548534], [-111.618196964, 26.252883912], [-111.616705656, 26.251719625], [-111.616512537, 26.250218543], [-111.614463329, 26.248390276], [-111.612231732, 26.247062359], [-111.612231731, 26.247062359], [-111.611673832, 26.247062359], [-111.610558033, 26.246571603], [-111.609817744, 26.245907636], [-111.609817743, 26.245907636], [-111.608701944, 26.245744049], [-111.607961655, 26.245580462], [-111.606663466, 26.244416101], [-111.606835127, 26.242905302], [-111.606824398, 26.240230081], [-111.60625577, 26.237391199], [-111.607339382, 26.233541758], [-111.608272791, 26.233041321], [-111.61011815, 26.233195302], [-111.61011815, 26.233195301], [-111.610118151, 26.233195301], [-111.610139608, 26.233070192], [-111.610140949, 26.233070192], [-111.61014095, 26.233070192], [-111.61014095, 26.233070191], [-111.610300541, 26.232194423], [-111.610107422, 26.230856697], [-111.610107422, 26.230856696], [-111.607875824, 26.229028125], [-111.607317925, 26.229037749], [-111.607317924, 26.229037749], [-111.606577635, 26.228364058], [-111.606566906, 26.226198594], [-111.607478857, 26.223850224], [-111.608583927, 26.222348782], [-111.609506607, 26.221001318], [-111.610236168, 26.218826093], [-111.611341237, 26.218489218], [-111.611341238, 26.218489218], [-111.611341238, 26.218489217], [-111.611341238, 26.217651839], [-111.610407829, 26.216487199], [-111.60910964, 26.216159942], [-111.608358622, 26.215322547], [-111.607983112, 26.213820995], [-111.607789993, 26.21198253], [-111.607414484, 26.211318365], [-111.606298685, 26.209653124], [-111.605000496, 26.209653124], [-111.603133679, 26.208161125], [-111.603133678, 26.208161125], [-111.602210999, 26.207997485], [-111.602210999, 26.207660579], [-111.602210998, 26.207660579], [-111.60145998, 26.206832748], [-111.601084471, 26.20549473], [-111.601631641, 26.204320342], [-111.602554321, 26.202982296], [-111.602554321, 26.202982295], [-111.602543592, 26.200643083], [-111.601610184, 26.198640757], [-111.602886915, 26.196465114], [-111.602886915, 26.196465113], [-111.602932979, 26.196108921], [-111.602932978, 26.19610892], [-111.602929831, 26.19610892], [-111.603251696, 26.193625165], [-111.603251696, 26.193625164], [-111.603251695, 26.193625164], [-111.601567268, 26.192123332], [-111.60118103, 26.188946317], [-111.60118103, 26.188946316], [-111.599689722, 26.187117086], [-111.598573923, 26.185451499], [-111.597822905, 26.183949562], [-111.597822905, 26.182447606], [-111.597822905, 26.182447605], [-111.597619057, 26.18027166], [-111.598166227, 26.177768309], [-111.598895788, 26.175919646], [-111.600183249, 26.174918275], [-111.602414846, 26.174908647], [-111.602414847, 26.174908647], [-111.605558395, 26.174061326], [-111.605558395, 26.174061325], [-111.605558396, 26.174061325], [-111.607393026, 26.170874189], [-111.607393026, 26.170874188], [-111.607564688, 26.169372064], [-111.607564688, 26.169372063], [-111.609045267, 26.168197311], [-111.611824035, 26.168515073], [-111.611824036, 26.168515073], [-111.614227294, 26.167667706], [-111.614227294, 26.167667705], [-111.612360477, 26.165000384], [-111.611791849, 26.161668555], [-111.611791849, 26.161668554], [-111.611791848, 26.161668554], [-111.609560251, 26.161668554], [-111.606770754, 26.158172919], [-111.605088262, 26.156670631], [-111.605088262, 26.15667063], [-111.605086327, 26.15667063], [-111.602672339, 26.154513464], [-111.602672338, 26.154513464], [-111.600623131, 26.152182909], [-111.596728563, 26.149524864], [-111.596159935, 26.147357935], [-111.596331596, 26.145354694], [-111.596331596, 26.145354693], [-111.593359709, 26.143861871], [-111.59113884, 26.142860225], [-111.591138839, 26.142860225], [-111.58947587, 26.143707772], [-111.587984562, 26.142378661], [-111.589272022, 26.139527762], [-111.590731144, 26.136850166], [-111.590731144, 26.136850165], [-111.589432955, 26.134846744], [-111.588671207, 26.132342418], [-111.587373018, 26.130849429], [-111.5860641, 26.129183039], [-111.584208012, 26.127015732], [-111.583639383, 26.124511238], [-111.583446264, 26.122170452], [-111.583446264, 26.122170451], [-111.582877636, 26.119839251], [-111.580452919, 26.117835538], [-111.580392838, 26.117219004], [-111.580392838, 26.117219003], [-111.580392837, 26.117219003], [-111.580388546, 26.117219003], [-111.580227631, 26.115523685], [-111.580152512, 26.114752834], [-111.580154462, 26.114752834], [-111.580154463, 26.114752834], [-111.580154463, 26.114752833], [-111.580066681, 26.113828007], [-111.580055952, 26.111323231], [-111.581708193, 26.109810706], [-111.583553552, 26.107633406], [-111.583553553, 26.107633406], [-111.583553553, 26.107633405], [-111.583521366, 26.101785324], [-111.583521366, 26.101785323], [-111.581858397, 26.100783316], [-111.580731869, 26.099289924], [-111.581289768, 26.09845169], [-111.581289768, 26.098451689], [-111.581289768, 26.098451688], [-111.57852173, 26.096109265], [-111.578521729, 26.096109265], [-111.578521729, 26.096109266], [-111.578521729, 26.09611038], [-111.578521728, 26.09611038], [-111.577942372, 26.095618989], [-111.577942371, 26.095618989], [-111.575903893, 26.094963797], [-111.575775147, 26.094915621], [-111.575775146, 26.094915621], [-111.575775146, 26.09491562], [-111.575775146, 26.094915299], [-111.575775146, 26.094915298], [-111.572374106, 26.093634131], [-111.572374105, 26.093634131], [-111.570904255, 26.093981001], [-111.565711499, 26.093663037], [-111.565711498, 26.093663037], [-111.565346718, 26.095002337], [-111.564799547, 26.095002337], [-111.562943459, 26.09467474], [-111.562943458, 26.09467474], [-111.561280489, 26.094684375], [-111.560711861, 26.093181271], [-111.560711861, 26.09318127], [-111.56071186, 26.09318127], [-111.559231281, 26.093190905], [-111.559038162, 26.090512247], [-111.559960841, 26.090348442], [-111.559960842, 26.090348442], [-111.559960842, 26.090348441], [-111.559767723, 26.08766972], [-111.559767723, 26.087669719], [-111.559767722, 26.087669719], [-111.558651924, 26.087679354], [-111.558641195, 26.084335683], [-111.558641195, 26.084335682], [-111.557343006, 26.083670791], [-111.557332277, 26.081493004], [-111.558619738, 26.081155732], [-111.561216116, 26.081647185], [-111.561409235, 26.084152597], [-111.561419964, 26.085328194], [-111.560872793, 26.087168655], [-111.560872793, 26.087168656], [-111.561259031, 26.089500507], [-111.561259031, 26.089500508], [-111.561634541, 26.0911771], [-111.56201005, 26.093007833], [-111.562010051, 26.093007833], [-111.564413308, 26.092670595], [-111.564413309, 26.092670595], [-111.564413309, 26.092670594], [-111.564005613, 26.084644036], [-111.563812494, 26.082976987], [-111.564552784, 26.081801366], [-111.565657854, 26.080625732], [-111.567685604, 26.080452277], [-111.569359302, 26.081454459], [-111.568061114, 26.081955546], [-111.568061113, 26.081955546], [-111.568061113, 26.081955547], [-111.568082571, 26.084798212], [-111.568082571, 26.084798213], [-111.568082572, 26.084798213], [-111.568447351, 26.084798213], [-111.568447352, 26.084798213], [-111.569370031, 26.084624764], [-111.57196641, 26.084277866], [-111.573071479, 26.083776788], [-111.57307148, 26.083776788], [-111.573983431, 26.08176282], [-111.575775146, 26.081253028], [-111.575775146, 26.081253027], [-111.575775146, 26.081252096], [-111.576481972, 26.081051917], [-111.578521728, 26.08047155], [-111.578521729, 26.08047155], [-111.578521729, 26.080474239], [-111.578521729, 26.08047424], [-111.57852173, 26.08047424], [-111.579347849, 26.080240276], [-111.581010818, 26.079064627], [-111.581010819, 26.079064627], [-111.584336758, 26.079045354], [-111.586568356, 26.080548641], [-111.587866544, 26.082379541], [-111.587866545, 26.082379541], [-111.587866545, 26.082379542], [-111.589164733, 26.082543357], [-111.589164734, 26.082543357], [-111.590087414, 26.08186882], [-111.590087414, 26.081868819], [-111.590999365, 26.080028275], [-111.594700813, 26.07866953], [-111.595988274, 26.078004606], [-111.597855091, 26.079999366], [-111.598606109, 26.08233136], [-111.59860611, 26.08233136], [-111.599904298, 26.08233136], [-111.599904299, 26.08233136], [-111.599904299, 26.082331359], [-111.600440741, 26.080153549], [-111.600440741, 26.080153548], [-111.601728201, 26.078139518], [-111.602151189, 26.077754056], [-111.60215119, 26.077754056], [-111.60215119, 26.077754055], [-111.60215119, 26.077754054], [-111.602151189, 26.077754054], [-111.602146626, 26.077754054], [-111.603938341, 26.076125454], [-111.606534719, 26.076790388], [-111.606824398, 26.077754054], [-111.606821695, 26.077754054], [-111.606821695, 26.077754055], [-111.606821694, 26.077754055], [-111.607478857, 26.079960818], [-111.607478857, 26.079960819], [-111.607478858, 26.079960819], [-111.609131098, 26.078447889], [-111.610043049, 26.075605068], [-111.610043049, 26.075605067], [-111.613733768, 26.073918616], [-111.613733768, 26.073918615], [-111.613733769, 26.073918615], [-111.617048979, 26.07005414], [-111.617048979, 26.070054139], [-111.61722064, 26.068213409], [-111.619237661, 26.064194541], [-111.622177362, 26.06117789], [-111.622467041, 26.061023682], [-111.622467041, 26.06102806], [-111.622467041, 26.061028061], [-111.622467042, 26.061028061], [-111.626425981, 26.058980409], [-111.626425982, 26.058980409], [-111.626425982, 26.058980408], [-111.629376411, 26.056802163], [-111.629376411, 26.056802162], [-111.629376412, 26.056802162], [-111.630288362, 26.055626278], [-111.630288363, 26.055626278], [-111.631382704, 26.051944335], [-111.632112265, 26.050440681], [-111.634697914, 26.049592457], [-111.634697914, 26.049592458], [-111.637862921, 26.051915419], [-111.639719009, 26.052744348], [-111.63971901, 26.052744348], [-111.64118886, 26.052570852], [-111.64247632, 26.051231066], [-111.6439569, 26.049544263], [-111.645791531, 26.04770321], [-111.64819479, 26.046353729], [-111.65096283, 26.045168101], [-111.652625799, 26.044994593], [-111.655211449, 26.04532233], [-111.655586958, 26.04532233], [-111.657067537, 26.045977799], [-111.659846306, 26.046469399], [-111.659846306, 26.0464694], [-111.662818193, 26.049129787], [-111.662818193, 26.049129788], [-111.662099361, 26.05213711], [-111.662474871, 26.053814237], [-111.663408279, 26.055308209], [-111.663601398, 26.056985291], [-111.663601399, 26.056985291], [-111.664352417, 26.05865271], [-111.664373875, 26.062662131], [-111.664760113, 26.065167949], [-111.663290263, 26.067346039], [-111.663290262, 26.067346039], [-111.663290262, 26.06734604], [-111.66366577, 26.068198902], [-111.663665771, 26.068198902], [-111.663665771, 26.068198901], [-111.663665771, 26.068194134], [-111.664609909, 26.070343257], [-111.663665772, 26.071017861], [-111.663665771, 26.071017861], [-111.663665771, 26.071016245], [-111.663665771, 26.071016244], [-111.66366577, 26.071016244], [-111.66294694, 26.07152863], [-111.662946939, 26.071528631], [-111.662592888, 26.074034258], [-111.662592888, 26.074034259], [-111.663150787, 26.075200321], [-111.663199466, 26.075287052], [-111.663199467, 26.075287052], [-111.663199467, 26.075287053], [-111.663204431, 26.075287053], [-111.663204432, 26.075287053], [-111.664459705, 26.077532411], [-111.664459705, 26.077532412], [-111.664427519, 26.077754054], [-111.664423047, 26.077754054], [-111.664423046, 26.077754054], [-111.664423046, 26.077754055], [-111.663740873, 26.081878456], [-111.66469574, 26.086060527]]], [[[-111.622467041, 26.260235011], [-111.622467041, 26.271308891], [-111.621437073, 26.270924065], [-111.621437073, 26.270924064], [-111.620332003, 26.270587341], [-111.619398594, 26.270260237], [-111.618658304, 26.270260237], [-111.618647575, 26.267922378], [-111.618647575, 26.267922377], [-111.618272066, 26.267758822], [-111.618272066, 26.266921798], [-111.617338657, 26.265757651], [-111.617338657, 26.265420913], [-111.617338657, 26.265420912], [-111.617510319, 26.26274621], [-111.617510319, 26.262746209], [-111.618057489, 26.262909772], [-111.61805749, 26.262909772], [-111.618990898, 26.262909772], [-111.620095968, 26.262399841], [-111.620095968, 26.26239984], [-111.620460749, 26.261562778], [-111.620643139, 26.261062462], [-111.621941328, 26.26022539], [-111.622467041, 26.260235011]]], [[[-111.705915928, 26.353257353], [-111.705915928, 26.353257354], [-111.705690622, 26.35372843], [-111.705689813, 26.35372843], [-111.705689813, 26.353728431], [-111.705689812, 26.353728431], [-111.704628468, 26.355939582], [-111.704070568, 26.356103013], [-111.703158617, 26.357612338], [-111.701120139, 26.358958216], [-111.701120138, 26.358958216], [-111.700766087, 26.360803966], [-111.700390577, 26.361303852], [-111.700218916, 26.362303617], [-111.699671745, 26.36364944], [-111.698738337, 26.363322599], [-111.695197821, 26.360832806], [-111.692966223, 26.360169493], [-111.691292524, 26.359506176], [-111.689243317, 26.358179531], [-111.688867807, 26.357179731], [-111.688674688, 26.355343537], [-111.688674688, 26.355343536], [-111.68774128, 26.353843796], [-111.687741279, 26.353843796], [-111.684951782, 26.35385341], [-111.681421995, 26.351699902], [-111.680295468, 26.350373168], [-111.680295467, 26.350373168], [-111.680295467, 26.350373167], [-111.67658329, 26.349219473], [-111.673986912, 26.349065646], [-111.672313213, 26.348565708], [-111.671551466, 26.345566031], [-111.671347618, 26.342556662], [-111.67114377, 26.338547253], [-111.670553684, 26.333537701], [-111.671658754, 26.331364584], [-111.672012806, 26.329181811], [-111.672012806, 26.32918181], [-111.671444178, 26.3271817], [-111.670693159, 26.32534503], [-111.670693159, 26.325345029], [-111.66975975, 26.32501808], [-111.667528152, 26.323527562], [-111.667517424, 26.321354257], [-111.669169664, 26.318334642], [-111.670457125, 26.316988292], [-111.670457125, 26.316988291], [-111.671562195, 26.314651375], [-111.671562195, 26.314651374], [-111.670424938, 26.312150917], [-111.670382023, 26.311881634], [-111.670386036, 26.311881634], [-111.670386036, 26.311881633], [-111.670386037, 26.311881633], [-111.6700387, 26.309477291], [-111.669845581, 26.30780384], [-111.669845581, 26.307803839], [-111.668171883, 26.306640103], [-111.668536663, 26.305303234], [-111.669631004, 26.302792957], [-111.671304702, 26.302446708], [-111.671304703, 26.302446707], [-111.671100855, 26.300782773], [-111.671100855, 26.300782772], [-111.669802666, 26.298945684], [-111.669791937, 26.297608727], [-111.669791937, 26.297608726], [-111.66736722, 26.295444554], [-111.664770842, 26.295290656], [-111.664770841, 26.295290656], [-111.662185192, 26.296646877], [-111.659234763, 26.299330416], [-111.659234762, 26.299330416], [-111.659234762, 26.299330417], [-111.659417152, 26.300167207], [-111.659610271, 26.300667354], [-111.649600268, 26.300542318], [-111.649600267, 26.300542318], [-111.648302078, 26.301388717], [-111.647197008, 26.302225492], [-111.647197008, 26.302225493], [-111.645909548, 26.304408774], [-111.643881798, 26.306755515], [-111.642218828, 26.307928868], [-111.640555859, 26.308775214], [-111.63741231, 26.309794667], [-111.634075642, 26.309804285], [-111.630363464, 26.308823301], [-111.629612446, 26.308823301], [-111.628314257, 26.307486458], [-111.628303528, 26.305485973], [-111.628303528, 26.305485972], [-111.62699461, 26.304158709], [-111.626983881, 26.301985041], [-111.626983881, 26.30198504], [-111.62698388, 26.30198504], [-111.626050472, 26.301484899], [-111.626050472, 26.301484898], [-111.624194384, 26.301157882], [-111.624194384, 26.301157881], [-111.624001265, 26.29982095], [-111.625288725, 26.297974227], [-111.625835896, 26.295300274], [-111.626940966, 26.29328996], [-111.627670527, 26.291279611], [-111.628582478, 26.288942175], [-111.628754139, 26.286431544], [-111.629837751, 26.280246117], [-111.629837751, 26.280246116], [-111.627048254, 26.278755023], [-111.627037525, 26.277744917], [-111.626855135, 26.277081128], [-111.626838, 26.274945435], [-111.626838, 26.274945434], [-111.626837999, 26.274945434], [-111.626833677, 26.274945434], [-111.626833677, 26.274406694], [-111.628131866, 26.275070498], [-111.628131867, 26.275070498], [-111.629805565, 26.275561133], [-111.630738974, 26.275724678], [-111.632219553, 26.276388475], [-111.633528471, 26.277388973], [-111.634279489, 26.279553481], [-111.63427949, 26.279553481], [-111.634279491, 26.279553481], [-111.635202169, 26.278716543], [-111.637229919, 26.277706437], [-111.637229919, 26.277706436], [-111.637229919, 26.276032526], [-111.63869977, 26.274185425], [-111.640566587, 26.272482602], [-111.640569775, 26.272482602], [-111.641467809, 26.271664854], [-111.64146781, 26.271664854], [-111.64146781, 26.271664853], [-111.641639471, 26.270164029], [-111.64293766, 26.269153848], [-111.643484831, 26.267816547], [-111.645898819, 26.268143658], [-111.647561788, 26.268971052], [-111.647561788, 26.268971053], [-111.647561789, 26.268971053], [-111.649417877, 26.268287972], [-111.651821136, 26.266777483], [-111.654589176, 26.265930831], [-111.656627655, 26.264747432], [-111.658848524, 26.264401069], [-111.658848524, 26.264401068], [-111.659395695, 26.262900151], [-111.661434174, 26.26289053], [-111.661809683, 26.263554399], [-111.661809683, 26.2635544], [-111.663848162, 26.264218266], [-111.663869619, 26.266883314], [-111.66386962, 26.266883314], [-111.664427519, 26.267720338], [-111.665918827, 26.269548301], [-111.665918828, 26.269548301], [-111.666412353, 26.269471335], [-111.666412354, 26.269471335], [-111.666412354, 26.269475959], [-111.666412354, 26.26947596], [-111.666412355, 26.26947596], [-111.667034626, 26.269384748], [-111.667034626, 26.269384747], [-111.668139696, 26.268201384], [-111.669051647, 26.266363779], [-111.669427156, 26.266027042], [-111.669427156, 26.266027041], [-111.669781208, 26.263515915], [-111.671068668, 26.26267886], [-111.674405336, 26.262496054], [-111.674405337, 26.262496054], [-111.675885916, 26.261649371], [-111.678106785, 26.260975869], [-111.680510044, 26.260629494], [-111.682741642, 26.261120191], [-111.68459773, 26.261110569], [-111.684597731, 26.261110569], [-111.6862607, 26.26060063], [-111.689232588, 26.261081705], [-111.688116791, 26.261091326], [-111.688116791, 26.261091327], [-111.68811679, 26.261091327], [-111.68811679, 26.261091328], [-111.689050198, 26.262091956], [-111.687569619, 26.262428705], [-111.687569618, 26.262428705], [-111.686829329, 26.263265761], [-111.686089039, 26.26393925], [-111.686089039, 26.263939251], [-111.686099768, 26.265950073], [-111.685177088, 26.26628681], [-111.684436799, 26.266623546], [-111.684436799, 26.266623547], [-111.684436798, 26.266623547], [-111.684436799, 26.266623548], [-111.684812307, 26.267460572], [-111.684812307, 26.267460573], [-111.684812308, 26.267460573], [-111.686486006, 26.268287972], [-111.687247753, 26.270452651], [-111.686689854, 26.271462821], [-111.685584784, 26.272299811], [-111.685584784, 26.272299812], [-111.685570352, 26.272482601], [-111.685570352, 26.272482602], [-111.685570353, 26.272482602], [-111.685574055, 26.272482602], [-111.685413122, 26.274474036], [-111.685123444, 26.274945434], [-111.685122941, 26.274945434], [-111.683760882, 26.277158089], [-111.683760882, 26.27715809], [-111.684705019, 26.280496233], [-111.68285966, 26.281669852], [-111.682859659, 26.281669852], [-111.682859659, 26.281669853], [-111.682870388, 26.283843901], [-111.682323217, 26.285181017], [-111.681969166, 26.286854796], [-111.681239605, 26.289365418], [-111.679394246, 26.290548565], [-111.679394246, 26.290548566], [-111.679394245, 26.290548566], [-111.679426432, 26.297060473], [-111.67981267, 26.299397745], [-111.681497097, 26.301234827], [-111.685048342, 26.306063039], [-111.686174869, 26.308400129], [-111.686174869, 26.30840013], [-111.68617487, 26.30840013], [-111.687473059, 26.309390734], [-111.689157486, 26.311727757], [-111.689261674, 26.311881633], [-111.689261674, 26.311881634], [-111.689261675, 26.311881634], [-111.689264774, 26.311881634], [-111.690284014, 26.313391535], [-111.691399813, 26.315218778], [-111.691968441, 26.317555684], [-111.692719459, 26.318392342], [-111.69271946, 26.318392342], [-111.69271946, 26.318392343], [-111.696249247, 26.320046408], [-111.698298454, 26.32137349], [-111.698309183, 26.323710272], [-111.699253321, 26.326047006], [-111.700562239, 26.328210607], [-111.700583696, 26.330556866], [-111.700583696, 26.330556867], [-111.701141596, 26.331556897], [-111.702075005, 26.332547303], [-111.702268124, 26.334393475], [-111.701538563, 26.335893467], [-111.701538563, 26.335893468], [-111.702858209, 26.33940299], [-111.70285821, 26.33940299], [-111.704725027, 26.340556783], [-111.704767942, 26.347748496], [-111.705336571, 26.350584677], [-111.705484537, 26.351267272], [-111.705484537, 26.351267273], [-111.705484538, 26.351267273], [-111.705486774, 26.351267273], [-111.705915928, 26.353257353]]], [[[-111.692279577, 25.959279413], [-111.692451238, 25.958575228], [-111.692451238, 25.958575227], [-111.69151783, 25.957909623], [-111.69123888, 25.956809921], [-111.691243418, 25.956809921], [-111.691243419, 25.956809921], [-111.691243419, 25.95680992], [-111.691243419, 25.956809919], [-111.691142321, 25.956404765], [-111.691142321, 25.956404764], [-111.691131592, 25.955575155], [-111.691131591, 25.955575155], [-111.689833403, 25.954909534], [-111.689833402, 25.954909534], [-111.682816744, 25.955276108], [-111.683546305, 25.953935212], [-111.684833765, 25.953433577], [-111.687794924, 25.953414284], [-111.690938473, 25.953568633], [-111.692043543, 25.953230994], [-111.693148613, 25.95221807], [-111.694071293, 25.951716429], [-111.694071293, 25.951716428], [-111.694811583, 25.951041138], [-111.695358753, 25.951542783], [-111.695734262, 25.95237242], [-111.695734262, 25.952372421], [-111.695734263, 25.952372421], [-111.696292162, 25.952536418], [-111.696324348, 25.958054319], [-111.696324349, 25.958054319], [-111.696324349, 25.95805432], [-111.697804928, 25.958382299], [-111.697268486, 25.961391946], [-111.697096825, 25.963398334], [-111.696935892, 25.966571831], [-111.696377993, 25.966581477], [-111.695262194, 25.966417499], [-111.694886684, 25.965414335], [-111.694886684, 25.965414334], [-111.694521904, 25.964748769], [-111.694511175, 25.963080016], [-111.694511175, 25.963080015], [-111.694511174, 25.963080015], [-111.694135666, 25.963080015], [-111.693212986, 25.963253644], [-111.692107916, 25.963591254], [-111.692107916, 25.963591255], [-111.690638065, 25.964768061], [-111.688052416, 25.966282458], [-111.686400175, 25.96695766], [-111.686400175, 25.966957661], [-111.684007645, 25.968809625], [-111.682527065, 25.96914722], [-111.680681705, 25.969996025], [-111.679394245, 25.970333616], [-111.673847437, 25.971529645], [-111.673471928, 25.971028086], [-111.672903299, 25.968529903], [-111.672903299, 25.968028331], [-111.67308569, 25.96668758], [-111.673825979, 25.966513956], [-111.67473793, 25.965674772], [-111.675467491, 25.964333994], [-111.676207781, 25.963668423], [-111.676207781, 25.963668422], [-111.676754951, 25.962655589], [-111.677677631, 25.961488408], [-111.677677631, 25.961488407], [-111.678042412, 25.960649187], [-111.679329872, 25.960639541], [-111.679705381, 25.960977159], [-111.68008089, 25.962144345], [-111.680080891, 25.962144345], [-111.680080891, 25.962144346], [-111.68082118, 25.962308329], [-111.685262918, 25.962289037], [-111.685262918, 25.962954616], [-111.685262919, 25.962954616], [-111.685262919, 25.962954617], [-111.686743498, 25.963118599], [-111.687483787, 25.963446564], [-111.687483788, 25.963446564], [-111.688224077, 25.963436918], [-111.690069437, 25.96326329], [-111.691356897, 25.962424083], [-111.691356897, 25.962424082], [-111.691721678, 25.960919282], [-111.692086458, 25.960080058], [-111.692280539, 25.959279414], [-111.692280539, 25.959279413], [-111.692280538, 25.959279413], [-111.692279577, 25.959279413]]], [[[-111.675864458, 26.117219003], [-111.676529646, 26.117084136], [-111.678192615, 26.116409797], [-111.678192616, 26.116409797], [-111.680585146, 26.114222986], [-111.683911085, 26.113375225], [-111.686496735, 26.112026501], [-111.690756083, 26.112007233], [-111.693352461, 26.112325148], [-111.695584059, 26.114155551], [-111.696882248, 26.115321214], [-111.697257757, 26.115985925], [-111.69704318, 26.117219003], [-111.675864458, 26.117219003]]], [[[-111.708555222, 26.115764355], [-111.709853411, 26.116255662], [-111.710357666, 26.116477231], [-111.710357666, 26.116480738], [-111.710357666, 26.116480739], [-111.710357667, 26.116480739], [-111.711709499, 26.117084136], [-111.711773872, 26.117219003], [-111.706420183, 26.117219003], [-111.708555221, 26.115764355], [-111.708555222, 26.115764355]]], [[[-111.707611084, 26.236342239], [-111.707611084, 26.233070192], [-111.709091663, 26.233070192], [-111.709080935, 26.233079816], [-111.709080934, 26.233079816], [-111.707793474, 26.235928426], [-111.707611084, 26.236342239]]]]}}, {"type": "Feature", "id": 1, "properties": {"actividad": "Conservación y Turismo", "conflictos_potenciales": "", "fragilidad": "baja", "localidad_referencia": "San Pedro, San Vicente", "nombre": "UGA-22a", "poblacion": 0, "politica_ambiental": "Preservación", "presion": "baja", "superficie_total": 2445.82, "vulnerabilidad": "baja"}, "geometry": {"type": "Polygon", "coordinates": [[[-111.718854904, 26.154243815], [-111.718854904, 26.154243816], [-111.719477177, 26.15667063], [-111.719472343, 26.15667063], [-111.719472342, 26.15667063], [-111.719472342, 26.156670631], [-111.724852324, 26.177816451], [-111.712675096, 26.182033601], [-111.712675095, 26.182033601], [-111.712675095, 26.182033602], [-111.713125706, 26.182871236], [-111.718390748, 26.193644418], [-111.718390749, 26.193644418], [-111.718393564, 26.193644418], [-111.723575592, 26.204262585], [-111.718178988, 26.211713014], [-111.718178987, 26.211713014], [-111.716794968, 26.211270237], [-111.716794967, 26.211270237], [-111.712964773, 26.211510877], [-111.712149382, 26.210865961], [-111.711924076, 26.210355801], [-111.711097956, 26.209710879], [-111.711097956, 26.209710878], [-111.711097955, 26.209710878], [-111.710357667, 26.209622322], [-111.710357666, 26.209622322], [-111.710357666, 26.209622323], [-111.710357666, 26.209624247], [-111.710132361, 26.20959537], [-111.71013236, 26.20959537], [-111.70902729, 26.210192164], [-111.70792222, 26.208344017], [-111.70792222, 26.208344016], [-111.706109047, 26.207246664], [-111.704907417, 26.206620977], [-111.702890396, 26.205359965], [-111.701388359, 26.205793138], [-111.701388359, 26.205793139], [-111.700841188, 26.20617818], [-111.698920727, 26.206293692], [-111.698920727, 26.206293693], [-111.6984272, 26.207362175], [-111.697869301, 26.207573946], [-111.697483063, 26.207593198], [-111.696120501, 26.207333298], [-111.6961205, 26.207333298], [-111.694436073, 26.207958982], [-111.693127155, 26.208555785], [-111.692558527, 26.208594288], [-111.691925526, 26.20793973], [-111.6903162, 26.20699639], [-111.689618826, 26.205302208], [-111.689296961, 26.20358875], [-111.68929696, 26.20358875], [-111.687483788, 26.202481727], [-111.687483787, 26.202481727], [-111.685380936, 26.202616496], [-111.684930325, 26.201769376], [-111.684801579, 26.200046239], [-111.684243679, 26.197822489], [-111.684243678, 26.197822489], [-111.681518555, 26.197293018], [-111.681347233, 26.196108921], [-111.681347233, 26.19610892], [-111.681347232, 26.19610892], [-111.681346893, 26.19610892], [-111.681121588, 26.194549359], [-111.681121587, 26.194549359], [-111.681121587, 26.194549358], [-111.679544449, 26.194116143], [-111.677248478, 26.194260549], [-111.676561832, 26.195338769], [-111.674609184, 26.197543314], [-111.673761606, 26.198987316], [-111.67096138, 26.200190637], [-111.669716835, 26.198881423], [-111.669620275, 26.197678088], [-111.669620276, 26.197678088], [-111.670353642, 26.196108922], [-111.670353642, 26.196108921], [-111.670353642, 26.19610892], [-111.670353641, 26.19610892], [-111.670349836, 26.19610892], [-111.670457125, 26.195887503], [-111.670457125, 26.195887502], [-111.670693159, 26.193962111], [-111.672120094, 26.192489165], [-111.673139334, 26.1906985], [-111.674222946, 26.189764647], [-111.675843, 26.188272393], [-111.67768836, 26.187290383], [-111.67768836, 26.187290382], [-111.677398682, 26.183323749], [-111.679522991, 26.180936001], [-111.680767536, 26.179645827], [-111.683192253, 26.17863486], [-111.683192253, 26.178634859], [-111.684018373, 26.176843981], [-111.684018374, 26.176843981], [-111.687322855, 26.174735331], [-111.689683199, 26.172857734], [-111.691893339, 26.171509697], [-111.692547798, 26.170084612], [-111.693953276, 26.168264715], [-111.696828604, 26.165655184], [-111.69788003, 26.164201139], [-111.699113846, 26.162737446], [-111.700937748, 26.161418182], [-111.702042818, 26.160830767], [-111.702042818, 26.160830766], [-111.702235937, 26.158211439], [-111.701356173, 26.156709151], [-111.701444042, 26.156670632], [-111.701444043, 26.156670632], [-111.701444043, 26.156670631], [-111.701444043, 26.15667063], [-111.701444042, 26.15667063], [-111.701442003, 26.15667063], [-111.702278852, 26.156304685], [-111.702278853, 26.156304685], [-111.703104973, 26.154513464], [-111.704585552, 26.153733407], [-111.70645237, 26.152924455], [-111.70645237, 26.152924454], [-111.707707643, 26.15180732], [-111.707707644, 26.15180732], [-111.708287, 26.151768798], [-111.708287001, 26.151768797], [-111.708630323, 26.151229487], [-111.708555222, 26.150189381], [-111.709456444, 26.149438188], [-111.710357666, 26.148638836], [-111.710357666, 26.148642913], [-111.710357666, 26.148642914], [-111.710357667, 26.148642914], [-111.710357668, 26.148642914], [-111.710722446, 26.14832102], [-111.711130142, 26.148648466], [-111.711130142, 26.148648467], [-111.711130143, 26.148648467], [-111.711130143, 26.148648466], [-111.71336174, 26.147646861], [-111.713619232, 26.148494374], [-111.713908911, 26.149861939], [-111.713790894, 26.150911678], [-111.713329554, 26.152327366], [-111.713329554, 26.152327367], [-111.713072062, 26.1540801], [-111.713101749, 26.154205293], [-111.713101749, 26.154205294], [-111.71310175, 26.154205294], [-111.713104248, 26.154205294], [-111.71364069, 26.156478027], [-111.71364069, 26.156478028], [-111.714155674, 26.15667063], [-111.714153814, 26.15667063], [-111.714153813, 26.156670631], [-111.714153813, 26.156670632], [-111.714153814, 26.156670632], [-111.714820861, 26.156921013], [-111.714820862, 26.156921013], [-111.716140508, 26.156497288], [-111.716140509, 26.156497288], [-111.716870069, 26.155929109], [-111.71687007, 26.155929109], [-111.718854904, 26.154243815]]]}}, {"type": "Feature", "id": 2, "properties": {"actividad": "Conservación y Turismo Alternativo", "conflictos_potenciales": "Afectación a la biodiversidad por el aprovechamiento de la fauna silvestre", "fragilidad": "baja", "localidad_referencia": "El Batequito, San Vicente ", "nombre": "UGA-11a", "poblacion": 0, "politica_ambiental": "Preservación", "presion": "baja", "superficie_total": 28489.88, "vulnerabilidad": "baja"}, "geometry": {"type": "MultiPolygon", "coordinates": [[[[-111.557514668, 26.080664278], [-111.557514667, 26.080664278], [-111.556034088, 26.080500459], [-111.555840969, 26.079835546], [-111.55510068, 26.078833351], [-111.555100679, 26.078833351], [-111.554167271, 26.078833351], [-111.552869082, 26.07866953], [-111.552869081, 26.07866953], [-111.551946402, 26.078341887], [-111.551206112, 26.078014243], [-111.549907923, 26.077676961], [-111.549350023, 26.077349315], [-111.549156904, 26.076183274], [-111.548974514, 26.075287053], [-111.565850973, 26.075287053], [-111.565808058, 26.075450879], [-111.565260887, 26.07577853], [-111.565078497, 26.076289278], [-111.564338207, 26.076626564], [-111.562857628, 26.076626564], [-111.56174183, 26.07646274], [-111.561741829, 26.07646274], [-111.561012268, 26.077474591], [-111.561012268, 26.077474592], [-111.561012268, 26.077638414], [-111.561012268, 26.077638415], [-111.559907198, 26.077638415], [-111.559907198, 26.077638414], [-111.559714079, 26.076472377], [-111.559714079, 26.076472376], [-111.559714078, 26.076472376], [-111.558233501, 26.076482013], [-111.5582335, 26.076482013], [-111.5582335, 26.076482014], [-111.5582335, 26.077811874], [-111.557503939, 26.079488633], [-111.557514668, 26.080664278]]], [[[-111.708555222, 26.115764355], [-111.709853411, 26.116255662], [-111.710357666, 26.116477231], [-111.710357666, 26.116480738], [-111.710357666, 26.116480739], [-111.710357667, 26.116480739], [-111.711709499, 26.117084136], [-111.712085009, 26.117922237], [-111.712095737, 26.120089713], [-111.712095738, 26.120089713], [-111.712653637, 26.120927793], [-111.713587046, 26.122758061], [-111.713597775, 26.12375988], [-111.714166403, 26.126264389], [-111.714735031, 26.128267958], [-111.714938879, 26.130271493], [-111.715507507, 26.133440475], [-111.716279983, 26.13794818], [-111.716279984, 26.13794818], [-111.718329191, 26.140279019], [-111.71833992, 26.142118616], [-111.717792749, 26.144131543], [-111.717792749, 26.144131544], [-111.718178987, 26.146134806], [-111.718178988, 26.146134806], [-111.719681025, 26.148802559], [-111.719691753, 26.151643601], [-111.718962193, 26.153145954], [-111.718415022, 26.154320858], [-111.716934443, 26.154831263], [-111.716934442, 26.154831263], [-111.716934442, 26.154831264], [-111.715282202, 26.156843972], [-111.714396127, 26.15667063], [-111.714391708, 26.15667063], [-111.713608503, 26.156516548], [-111.713039875, 26.154513464], [-111.713039875, 26.153011128], [-111.713576317, 26.150834633], [-111.714305878, 26.14932262], [-111.714305878, 26.149322619], [-111.714305878, 26.149158897], [-111.71373725, 26.147492768], [-111.713737249, 26.147492768], [-111.713737249, 26.147492767], [-111.71207428, 26.147502398], [-111.71041131, 26.148176557], [-111.71041131, 26.148176558], [-111.70894146, 26.149351511], [-111.70894146, 26.149351512], [-111.70820117, 26.150362733], [-111.707653999, 26.151701384], [-111.70599103, 26.151711014], [-111.70599103, 26.151711015], [-111.70506835, 26.152211801], [-111.70488596, 26.152548867], [-111.70414567, 26.15304965], [-111.702482701, 26.15305928], [-111.702482701, 26.153059281], [-111.7024827, 26.153059281], [-111.702490885, 26.154205293], [-111.702490885, 26.154205294], [-111.702490886, 26.154205294], [-111.702493429, 26.154205294], [-111.702493429, 26.154561615], [-111.702493429, 26.154561616], [-111.702311039, 26.155572792], [-111.701570749, 26.156410617], [-111.701205969, 26.157412147], [-111.701227427, 26.160252979], [-111.700122357, 26.16109077], [-111.700122356, 26.16109077], [-111.699564457, 26.161764851], [-111.698470116, 26.162939668], [-111.697354317, 26.163613738], [-111.697354317, 26.163613739], [-111.697365046, 26.164451506], [-111.695154905, 26.166136651], [-111.695154905, 26.166136652], [-111.694232225, 26.167638818], [-111.692762375, 26.168649881], [-111.691474915, 26.170662352], [-111.690745354, 26.172174089], [-111.686861515, 26.174359814], [-111.686861515, 26.174359815], [-111.685026884, 26.176208502], [-111.683557034, 26.177883849], [-111.683557034, 26.17788385], [-111.681518555, 26.178567461], [-111.679115295, 26.179742109], [-111.680220356, 26.178740779], [-111.680220357, 26.178740779], [-111.680220357, 26.178740778], [-111.680220356, 26.178740778], [-111.680220355, 26.178740778], [-111.678932905, 26.179578429], [-111.678932905, 26.17957843], [-111.677645445, 26.181253729], [-111.677098274, 26.182929004], [-111.676744223, 26.1851049], [-111.677302122, 26.186443152], [-111.677119732, 26.187107459], [-111.676197052, 26.187444424], [-111.674909592, 26.188118353], [-111.673793793, 26.188965571], [-111.673793793, 26.188965572], [-111.673439741, 26.190130487], [-111.672141552, 26.190477071], [-111.672141552, 26.190477072], [-111.670671701, 26.193326725], [-111.670489311, 26.193326725], [-111.669791328, 26.193644416], [-111.669791328, 26.193644417], [-111.669791327, 26.193644417], [-111.669791327, 26.193644418], [-111.669791328, 26.193644418], [-111.669791937, 26.193644418], [-111.669749022, 26.193663672], [-111.669749022, 26.193663673], [-111.669749021, 26.193663673], [-111.66957736, 26.195001826], [-111.669276953, 26.19610892], [-111.669275564, 26.19610892], [-111.669275563, 26.19610892], [-111.669275563, 26.196108921], [-111.66921258, 26.196339965], [-111.668654681, 26.196840559], [-111.66865468, 26.196840559], [-111.66865468, 26.19684056], [-111.668665409, 26.198015023], [-111.669781208, 26.19968043], [-111.669781208, 26.199680431], [-111.670907735, 26.200845238], [-111.670907736, 26.200845239], [-111.670907736, 26.200845238], [-111.670907737, 26.200845238], [-111.671819687, 26.199998107], [-111.672935486, 26.199324247], [-111.674222946, 26.198323077], [-111.674952507, 26.196811679], [-111.676615477, 26.195637203], [-111.677720547, 26.194626375], [-111.680874824, 26.19511735], [-111.680874825, 26.19511735], [-111.680885553, 26.19610892], [-111.680881213, 26.19610892], [-111.680881213, 26.196108921], [-111.680881212, 26.196108921], [-111.680885553, 26.196782799], [-111.680703163, 26.197957262], [-111.680703163, 26.197957263], [-111.680703164, 26.197957263], [-111.682001352, 26.19828457], [-111.684597731, 26.19860225], [-111.68441534, 26.199603418], [-111.684061289, 26.201278429], [-111.683878899, 26.201952277], [-111.683878899, 26.201952278], [-111.684254408, 26.202616495], [-111.684254408, 26.202616496], [-111.685177088, 26.20294379], [-111.687591076, 26.202934164], [-111.688899994, 26.204599501], [-111.688910723, 26.206774992], [-111.689103842, 26.207776089], [-111.689103842, 26.20777609], [-111.689103843, 26.20777609], [-111.689286232, 26.20777609], [-111.692258119, 26.209268094], [-111.69225812, 26.209268094], [-111.694114208, 26.209258468], [-111.694114209, 26.209258468], [-111.695026159, 26.208247758], [-111.697257757, 26.208238132], [-111.698920726, 26.20772796], [-111.698920727, 26.20772796], [-111.699650288, 26.206553595], [-111.700766086, 26.206380327], [-111.700766087, 26.206380327], [-111.700766087, 26.206380326], [-111.702793837, 26.205369591], [-111.704092026, 26.205860521], [-111.705207825, 26.206861626], [-111.706516743, 26.207689457], [-111.707257032, 26.208016737], [-111.707611082, 26.208586316], [-111.707611082, 26.208586317], [-111.707611083, 26.208586317], [-111.707611084, 26.208586317], [-111.707611084, 26.208586316], [-111.707611084, 26.208584662], [-111.708190441, 26.209518364], [-111.708759069, 26.210683073], [-111.70875907, 26.210683073], [-111.70948863, 26.210182539], [-111.710357666, 26.210346175], [-111.710357666, 26.21034685], [-111.710357666, 26.210346851], [-111.710357667, 26.210346851], [-111.712085009, 26.210673448], [-111.712288856, 26.212338673], [-111.712288856, 26.212338674], [-111.712288857, 26.212338674], [-111.712288858, 26.212338674], [-111.713576317, 26.212165415], [-111.715250015, 26.212329049], [-111.717470884, 26.21198253], [-111.718769073, 26.212810324], [-111.718415022, 26.214148258], [-111.717309952, 26.215659431], [-111.716580391, 26.217334211], [-111.71548605, 26.22134781], [-111.713286638, 26.224206332], [-111.713286638, 26.224206333], [-111.713114977, 26.226545071], [-111.712750196, 26.228046459], [-111.709087951, 26.233070191], [-111.709087951, 26.233070192], [-111.709087952, 26.233070192], [-111.709091663, 26.233070192], [-111.709080935, 26.233079816], [-111.709080934, 26.233079816], [-111.707975864, 26.23553386], [-111.707971804, 26.23553386], [-111.707971803, 26.23553386], [-111.707793474, 26.235928426], [-111.705240011, 26.24178903], [-111.704682112, 26.242289429], [-111.703212261, 26.243800236], [-111.703212261, 26.243800237], [-111.70230031, 26.246148204], [-111.701388359, 26.248996494], [-111.699542999, 26.250670794], [-111.697332859, 26.252527892], [-111.695487499, 26.254202141], [-111.695305109, 26.25520283], [-111.694210768, 26.256886662], [-111.694210768, 26.256886663], [-111.694393158, 26.257386997], [-111.693845987, 26.258560849], [-111.692365408, 26.258897608], [-111.692547798, 26.25756019], [-111.692547798, 26.257560189], [-111.692547797, 26.257560189], [-111.68921113, 26.257906572], [-111.687355042, 26.257088721], [-111.687355041, 26.257088721], [-111.686239243, 26.256751957], [-111.685488224, 26.256088048], [-111.684747935, 26.255587709], [-111.684747934, 26.255587708], [-111.683449745, 26.255770525], [-111.681593657, 26.255770525], [-111.678450108, 26.255953341], [-111.678450107, 26.255953341], [-111.676969529, 26.256463301], [-111.676969528, 26.256463301], [-111.676969528, 26.256463302], [-111.676604748, 26.25713683], [-111.67437315, 26.256982881], [-111.673632861, 26.255809013], [-111.67363286, 26.255809013], [-111.671594381, 26.256155401], [-111.669362785, 26.255501111], [-111.669362784, 26.255501111], [-111.669362784, 26.255501112], [-111.669749022, 26.257666028], [-111.669008732, 26.25833955], [-111.668643951, 26.259013068], [-111.667903662, 26.259349825], [-111.667721272, 26.259686582], [-111.667721271, 26.259686582], [-111.666412354, 26.259780488], [-111.666412354, 26.259780489], [-111.666412354, 26.259782797], [-111.666412353, 26.259782797], [-111.665307283, 26.25985977], [-111.664566994, 26.259869392], [-111.662710905, 26.259041933], [-111.65897727, 26.255048879], [-111.657496691, 26.255048879], [-111.654342413, 26.254894927], [-111.652679443, 26.254904549], [-111.650640965, 26.255414513], [-111.650640964, 26.255414513], [-111.648977995, 26.255760903], [-111.648977995, 26.255760904], [-111.648613215, 26.256598007], [-111.648613214, 26.256598007], [-111.646209955, 26.257608298], [-111.645469666, 26.257781489], [-111.645469665, 26.25778149], [-111.644729376, 26.25828182], [-111.642315388, 26.257791111], [-111.641757489, 26.257627541], [-111.641757488, 26.257627541], [-111.63935423, 26.258474254], [-111.639354229, 26.258474254], [-111.639000177, 26.261149055], [-111.638259888, 26.261658992], [-111.637337208, 26.262496054], [-111.636779308, 26.262832802], [-111.634933949, 26.264179781], [-111.634933948, 26.264179781], [-111.633828879, 26.264352963], [-111.633828878, 26.264352963], [-111.633828878, 26.264352964], [-111.633828878, 26.265016824], [-111.633828878, 26.265016825], [-111.634204388, 26.265853862], [-111.633839607, 26.267027629], [-111.633110046, 26.268364939], [-111.631994247, 26.269375127], [-111.630513668, 26.269875407], [-111.629408598, 26.27072203], [-111.628668308, 26.271058754], [-111.627745629, 26.271231925], [-111.627745628, 26.271231925], [-111.627745628, 26.271231926], [-111.626822948, 26.272405638], [-111.626082659, 26.272405638], [-111.625524759, 26.272742356], [-111.6248703, 26.272482602], [-111.624874028, 26.272482602], [-111.624874029, 26.272482602], [-111.624874029, 26.272482601], [-111.624874029, 26.2724826], [-111.624874028, 26.2724826], [-111.62386179, 26.272078539], [-111.623668671, 26.271751439], [-111.62366867, 26.271751439], [-111.621437073, 26.270924065], [-111.621437073, 26.270924064], [-111.620332003, 26.270587341], [-111.619720459, 26.270375685], [-111.619720459, 26.262573025], [-111.620095968, 26.262399841], [-111.620095968, 26.26239984], [-111.620460749, 26.261562778], [-111.620643139, 26.261062462], [-111.621941328, 26.26022539], [-111.629537343, 26.260360091], [-111.629537344, 26.260360091], [-111.629537344, 26.26036009], [-111.629537344, 26.259686582], [-111.629537344, 26.259686581], [-111.628603935, 26.257685272], [-111.628228426, 26.257021369], [-111.628228426, 26.257021368], [-111.626737118, 26.256694226], [-111.625256539, 26.255529977], [-111.625256538, 26.255529977], [-111.623207331, 26.25520283], [-111.621726751, 26.255039257], [-111.620804071, 26.255048879], [-111.620428562, 26.254548535], [-111.620428562, 26.254548534], [-111.619720459, 26.254019322], [-111.619720459, 26.233070192], [-111.66366577, 26.233070192], [-111.663665771, 26.233070192], [-111.663665771, 26.233070191], [-111.663665771, 26.215832685], [-111.663665772, 26.215832685], [-111.667946577, 26.215909687], [-111.668525934, 26.216342821], [-111.668525935, 26.216342821], [-111.674308777, 26.216140692], [-111.674405336, 26.216747077], [-111.674405336, 26.216747078], [-111.674405337, 26.216747078], [-111.677881479, 26.216737453], [-111.678364277, 26.21690108], [-111.678653955, 26.21733421], [-111.678653955, 26.217334211], [-111.678653956, 26.217334211], [-111.679040193, 26.217334211], [-111.679040194, 26.217334211], [-111.679040194, 26.21733421], [-111.679136753, 26.216814454], [-111.680585146, 26.216804829], [-111.682891846, 26.216362071], [-111.68405056, 26.216525699], [-111.684147119, 26.21731496], [-111.68414712, 26.21731496], [-111.68414712, 26.217314961], [-111.684629917, 26.217305336], [-111.6857028, 26.218171592], [-111.685702801, 26.218171592], [-111.6880095, 26.218161967], [-111.688009501, 26.218161967], [-111.688878536, 26.217719215], [-111.688878536, 26.217719214], [-111.689457893, 26.216766328], [-111.689844131, 26.217199459], [-111.689844132, 26.217199459], [-111.690809726, 26.217103208], [-111.690809727, 26.217103208], [-111.691378355, 26.216670077], [-111.692440509, 26.216487199], [-111.692440509, 26.216487198], [-111.69244051, 26.216487198], [-111.69244051, 26.216054065], [-111.693009138, 26.215534302], [-111.694167852, 26.214831657], [-111.694167852, 26.214831656], [-111.694157124, 26.213869122], [-111.694157123, 26.213869122], [-111.693770885, 26.213782493], [-111.693481207, 26.213609236], [-111.693481207, 26.213089463], [-111.693481207, 26.213089462], [-111.693481206, 26.213089462], [-111.69290185, 26.212829575], [-111.692708731, 26.212569687], [-111.69270873, 26.212569687], [-111.691550017, 26.212579312], [-111.691550016, 26.212579312], [-111.690680981, 26.212848826], [-111.690005064, 26.212935455], [-111.690198183, 26.212155791], [-111.690198183, 26.21215579], [-111.690198182, 26.21215579], [-111.690198181, 26.21215579], [-111.689136028, 26.212415679], [-111.689232588, 26.211376119], [-111.689232587, 26.211376119], [-111.689232587, 26.211376118], [-111.688942909, 26.211202858], [-111.687880755, 26.210942966], [-111.687880754, 26.210942966], [-111.68266654, 26.211145104], [-111.682269573, 26.209229592], [-111.682269573, 26.209229591], [-111.682269572, 26.209229591], [-111.680445672, 26.209585744], [-111.680445671, 26.209585744], [-111.680445671, 26.209585745], [-111.680349112, 26.210375052], [-111.67833209, 26.210644571], [-111.678128243, 26.209951522], [-111.678128242, 26.209951522], [-111.677259207, 26.209951522], [-111.676390171, 26.209604995], [-111.676293612, 26.208652043], [-111.676282883, 26.20787235], [-111.676282883, 26.207872349], [-111.676282882, 26.207872349], [-111.67455554, 26.207872349], [-111.674169303, 26.20805524], [-111.674169302, 26.20805524], [-111.674169302, 26.208055241], [-111.674169302, 26.208228506], [-111.674072742, 26.208748301], [-111.672141552, 26.208757927], [-111.669448614, 26.208594288], [-111.669051647, 26.206515091], [-111.669051647, 26.20651509], [-111.66847229, 26.206341822], [-111.667592526, 26.205388843], [-111.667592525, 26.205388843], [-111.665178537, 26.203656134], [-111.663665772, 26.201856014], [-111.663665771, 26.201856014], [-111.663665771, 26.191834516], [-111.663665772, 26.191834516], [-111.663762331, 26.191747872], [-111.663762331, 26.191747871], [-111.663944721, 26.190881419], [-111.663944721, 26.190881418], [-111.663665772, 26.190688872], [-111.663665771, 26.190688872], [-111.663665771, 26.135501712], [-111.663665772, 26.135501712], [-111.6642344, 26.135694349], [-111.666079759, 26.135347602], [-111.66607976, 26.135347602], [-111.667935848, 26.134509626], [-111.668483019, 26.133835388], [-111.672002077, 26.1339895], [-111.675328016, 26.133806492], [-111.675328017, 26.133806492], [-111.678278446, 26.131620007], [-111.681046486, 26.12943348], [-111.684565544, 26.129077082], [-111.687151194, 26.128065677], [-111.687151194, 26.128065676], [-111.689178944, 26.127391401], [-111.691399813, 26.126707489], [-111.694167852, 26.126023573], [-111.694167853, 26.126023573], [-111.696571112, 26.124674995], [-111.69953227, 26.124665362], [-111.699532271, 26.124665362], [-111.702289581, 26.121640637], [-111.704134941, 26.119463557], [-111.706334352, 26.117276804], [-111.706334353, 26.117276804], [-111.708555221, 26.115764355], [-111.708555222, 26.115764355]]], [[[-111.663665771, 26.038275796], [-111.663665771, 25.99669167], [-111.663665772, 25.99669167], [-111.663815975, 25.996643454], [-111.664931774, 25.996643454], [-111.665714979, 25.996315582], [-111.697461605, 25.996315582], [-111.697300673, 25.998157441], [-111.696935892, 25.999160325], [-111.696388721, 26.000336776], [-111.69547677, 26.002014643], [-111.6943717, 26.002853568], [-111.69290185, 26.004193907], [-111.6908741, 26.004878534], [-111.689575911, 26.005379949], [-111.68957591, 26.005379949], [-111.68828845, 26.006228493], [-111.6862607, 26.006903466], [-111.684780121, 26.007742356], [-111.6827631, 26.010095072], [-111.68184042, 26.011107498], [-111.68091774, 26.011772801], [-111.67981267, 26.012283828], [-111.679265499, 26.013122679], [-111.679265499, 26.01312268], [-111.679458618, 26.014125437], [-111.680016517, 26.015118543], [-111.680016518, 26.015118543], [-111.680392027, 26.015118543], [-111.681497097, 26.015282453], [-111.681497097, 26.015282454], [-111.682054996, 26.016285192], [-111.682054997, 26.016285192], [-111.683546305, 26.017615736], [-111.684104204, 26.018946265], [-111.686893702, 26.021443376], [-111.687086821, 26.022773861], [-111.68653965, 26.023612638], [-111.685810089, 26.024624946], [-111.682859659, 26.02680379], [-111.679179668, 26.029830966], [-111.677516699, 26.030843221], [-111.676229239, 26.03168194], [-111.676229238, 26.03168194], [-111.675124168, 26.03303159], [-111.673836708, 26.034535467], [-111.671261788, 26.036058605], [-111.671261787, 26.036058605], [-111.671261787, 26.036058606], [-111.670703888, 26.037225046], [-111.669555902, 26.038275796], [-111.663665772, 26.038275796], [-111.663665771, 26.038275796]]], [[[-111.663665771, 26.130146273], [-111.663665771, 26.119848884], [-111.663665772, 26.119848884], [-111.664330959, 26.119482824], [-111.667656898, 26.119299793], [-111.667656899, 26.119299793], [-111.669706105, 26.120629166], [-111.669706105, 26.120629167], [-111.669706106, 26.120629167], [-111.669706106, 26.120629166], [-111.670060158, 26.118789232], [-111.672656536, 26.118442435], [-111.673943996, 26.117604338], [-111.676529646, 26.117084136], [-111.678192615, 26.116409797], [-111.678192616, 26.116409797], [-111.680005789, 26.114752834], [-111.696249247, 26.114752834], [-111.696882248, 26.115321214], [-111.697257757, 26.115985925], [-111.696903706, 26.117989671], [-111.695991755, 26.119839251], [-111.694693565, 26.12101449], [-111.692665815, 26.121351647], [-111.690820456, 26.121862196], [-111.689704657, 26.121871829], [-111.687859297, 26.122045223], [-111.686754227, 26.122883289], [-111.682687998, 26.12441491], [-111.682687998, 26.124414911], [-111.68027401, 26.1245883], [-111.68027401, 26.124588301], [-111.680274009, 26.124588301], [-111.679909229, 26.125089203], [-111.676025391, 26.125108468], [-111.676025391, 26.125108469], [-111.674909592, 26.125281857], [-111.674180031, 26.125619002], [-111.672881842, 26.125965778], [-111.671218872, 26.126466674], [-111.668815613, 26.127487726], [-111.666229964, 26.128499137], [-111.666229963, 26.128499137], [-111.665318012, 26.129838039], [-111.663665772, 26.130146273], [-111.663665771, 26.130146273]]]]}}, {"type": "Feature", "id": 3, "properties": {"actividad": "Conservación y Turismo Alternativo", "conflictos_potenciales": "Afectación a la biodiversidad por el aprovechamiento de fauna o flora silvestre", "fragilidad": "media", "localidad_referencia": "Naocojoa", "nombre": "UGA-18a", "poblacion": 18, "politica_ambiental": "Preservación", "presion": "baja", "superficie_total": 4448.66, "vulnerabilidad": "baja"}, "geometry": {"type": "MultiPolygon", "coordinates": [[[[-111.562256813, 26.092718772], [-111.56090498, 26.087515546], [-111.560883522, 26.087168656], [-111.561441421, 26.085655818], [-111.561377048, 26.084711489], [-111.561377049, 26.084711489], [-111.561849117, 26.083381707], [-111.561849117, 26.083381706], [-111.56108737, 26.082119363], [-111.560250521, 26.081223187], [-111.56025052, 26.081223187], [-111.558609009, 26.081059369], [-111.557182074, 26.08131955], [-111.556559801, 26.080751005], [-111.557782888, 26.080327004], [-111.557782889, 26.080327004], [-111.557782889, 26.080327003], [-111.557922363, 26.079623544], [-111.558179855, 26.079180266], [-111.558179855, 26.079180265], [-111.558190584, 26.078043152], [-111.558104753, 26.076838571], [-111.558104754, 26.076838571], [-111.5594244, 26.076588017], [-111.559896469, 26.077686597], [-111.559896469, 26.077686598], [-111.55989647, 26.077686598], [-111.561441421, 26.07785042], [-111.561441422, 26.07785042], [-111.561441422, 26.077850419], [-111.561666727, 26.076973485], [-111.562042236, 26.076857845], [-111.563469172, 26.076684384], [-111.564520597, 26.076626564], [-111.564520598, 26.076626564], [-111.565346718, 26.076057996], [-111.565936804, 26.075287053], [-111.578521728, 26.075287053], [-111.578521729, 26.075287053], [-111.578521729, 26.080307731], [-111.578521728, 26.080307731], [-111.576075554, 26.080953369], [-111.573457719, 26.081897728], [-111.573457718, 26.081897728], [-111.573457718, 26.081897729], [-111.573489904, 26.08233136], [-111.572813988, 26.083584065], [-111.572813988, 26.083584066], [-111.570185423, 26.084432043], [-111.568157673, 26.084297138], [-111.568018198, 26.082312088], [-111.569670437, 26.08134846], [-111.569670438, 26.08134846], [-111.569670438, 26.081348459], [-111.569670437, 26.081348459], [-111.569670437, 26.081348458], [-111.567481757, 26.080346277], [-111.567481756, 26.080346277], [-111.566355228, 26.080587187], [-111.565196515, 26.08057755], [-111.565196514, 26.08057755], [-111.565196514, 26.080577551], [-111.563565731, 26.083188983], [-111.564209461, 26.085405282], [-111.564627886, 26.092400804], [-111.562256813, 26.092718772]]], [[[-111.618486643, 26.117219003], [-111.616523266, 26.115899224], [-111.615729332, 26.112912807], [-111.613744497, 26.1107741], [-111.611298323, 26.109011083], [-111.611298323, 26.109011082], [-111.608058214, 26.10808621], [-111.608251333, 26.106766328], [-111.612178087, 26.106535106], [-111.61427021, 26.106236444], [-111.618046761, 26.106698888], [-111.617821455, 26.108876206], [-111.617885828, 26.109743268], [-111.61814332, 26.11050435], [-111.61814332, 26.110504351], [-111.619055271, 26.111149822], [-111.619688272, 26.111978332], [-111.621415615, 26.114560162], [-111.621415615, 26.114560163], [-111.622467041, 26.115109276], [-111.622467041, 26.115111073], [-111.622467041, 26.115111074], [-111.622467042, 26.115111074], [-111.625717878, 26.116814401], [-111.625717879, 26.116814401], [-111.628292799, 26.117219003], [-111.618486643, 26.117219003]]], [[[-111.688138247, 26.268884465], [-111.685928106, 26.26763375], [-111.686689854, 26.26497834], [-111.687322855, 26.263208033], [-111.688814163, 26.262592268], [-111.689318418, 26.261524293], [-111.689318418, 26.261524292], [-111.689318417, 26.261524292], [-111.687537432, 26.260937383], [-111.686528922, 26.260302362], [-111.686528921, 26.260302362], [-111.684458256, 26.260956626], [-111.683117151, 26.261033597], [-111.681529284, 26.260263876], [-111.681529283, 26.260263876], [-111.67907238, 26.260937383], [-111.675671339, 26.261658992], [-111.675671339, 26.261658993], [-111.67455554, 26.26225552], [-111.673214436, 26.262332491], [-111.673214435, 26.262332491], [-111.670382023, 26.263025228], [-111.670382023, 26.263025229], [-111.669234037, 26.265699925], [-111.667313576, 26.268239867], [-111.666412354, 26.26863001], [-111.666412354, 26.268630011], [-111.666412354, 26.268634323], [-111.666412353, 26.268634323], [-111.666380167, 26.268643944], [-111.66413784, 26.267046871], [-111.664974689, 26.265266975], [-111.664974689, 26.265266974], [-111.66331172, 26.26363137], [-111.662281752, 26.26282318], [-111.662281751, 26.26282318], [-111.660157443, 26.262611511], [-111.660157442, 26.262611511], [-111.659106016, 26.264054705], [-111.655350924, 26.265324701], [-111.651617289, 26.266767862], [-111.647508144, 26.268403422], [-111.646928787, 26.268441906], [-111.644922495, 26.267345121], [-111.644922494, 26.267345121], [-111.643077135, 26.268326455], [-111.643077135, 26.268326456], [-111.642765999, 26.269384748], [-111.641478539, 26.270164029], [-111.641478538, 26.270164029], [-111.641478538, 26.27016403], [-111.640813351, 26.271587889], [-111.639740467, 26.272694254], [-111.637884378, 26.274945434], [-111.63788115, 26.274945434], [-111.637881149, 26.274945434], [-111.637626886, 26.275253284], [-111.636940241, 26.276330753], [-111.636940241, 26.276330754], [-111.637004614, 26.27719657], [-111.634204388, 26.278408702], [-111.633464098, 26.276196071], [-111.633464098, 26.27619607], [-111.630345906, 26.274945434], [-111.630345905, 26.274945434], [-111.630342007, 26.274945434], [-111.629698277, 26.274685684], [-111.629698276, 26.274685684], [-111.627552509, 26.27430087], [-111.627552509, 26.274300869], [-111.627445221, 26.272915526], [-111.627445221, 26.272915525], [-111.627649069, 26.272482602], [-111.627649648, 26.272482602], [-111.627949476, 26.271847645], [-111.629977226, 26.270683548], [-111.630932092, 26.270625823], [-111.630932093, 26.270625823], [-111.632970571, 26.269634888], [-111.632970572, 26.269634888], [-111.634343862, 26.267297017], [-111.634343862, 26.267297016], [-111.634343863, 26.267297016], [-111.63446188, 26.266421505], [-111.63436532, 26.265045688], [-111.634912491, 26.264660841], [-111.637122631, 26.263313867], [-111.639676094, 26.261418456], [-111.640512943, 26.259811663], [-111.640512943, 26.259811662], [-111.640427113, 26.258599336], [-111.641907692, 26.257819977], [-111.643881798, 26.258560849], [-111.644461155, 26.258531984], [-111.646306515, 26.257550567], [-111.64819479, 26.257088721], [-111.649063826, 26.255818635], [-111.652497053, 26.255443379], [-111.658816338, 26.255058501], [-111.662367582, 26.258830256], [-111.66366577, 26.259622474], [-111.663665771, 26.259622474], [-111.663665771, 26.259622473], [-111.663665771, 26.25961923], [-111.663665772, 26.25961923], [-111.664180755, 26.259936743], [-111.664180756, 26.259936743], [-111.667045355, 26.259590366], [-111.669126749, 26.259109284], [-111.670199632, 26.25800279], [-111.670199633, 26.25800279], [-111.670199633, 26.258002789], [-111.669663191, 26.255953341], [-111.669416428, 26.255279806], [-111.671465635, 26.256886662], [-111.671465635, 26.256886663], [-111.671465636, 26.256886663], [-111.671465636, 26.256886662], [-111.672763824, 26.256290108], [-111.674212217, 26.257589054], [-111.674212218, 26.257589054], [-111.675735712, 26.257492836], [-111.676658392, 26.256915528], [-111.67833209, 26.256126536], [-111.684458256, 26.255751281], [-111.68672204, 26.257694894], [-111.688685417, 26.258262576], [-111.692107916, 26.257714137], [-111.692225933, 26.259263229], [-111.692225933, 26.25926323], [-111.692225934, 26.25926323], [-111.69446826, 26.258435767], [-111.690015793, 26.268249488], [-111.688138247, 26.268884465]]], [[[-111.636811495, 26.117219003], [-111.636886597, 26.11709377], [-111.637895107, 26.116506132], [-111.63916111, 26.116689167], [-111.6393435, 26.117219003], [-111.636811495, 26.117219003]]], [[[-111.644117832, 26.117219003], [-111.644278765, 26.116987802], [-111.644890308, 26.117219003], [-111.644117832, 26.117219003]]], [[[-111.666873693, 26.112142106], [-111.672313213, 26.111641148], [-111.672313214, 26.111641148], [-111.673675775, 26.11060069], [-111.673675776, 26.11060069], [-111.675070524, 26.108606452], [-111.675231457, 26.106949378], [-111.67501688, 26.104097615], [-111.675016879, 26.104097614], [-111.673525572, 26.103413567], [-111.67216301, 26.10062916], [-111.670510769, 26.098991243], [-111.668729782, 26.098413149], [-111.668633223, 26.097025712], [-111.672817469, 26.095214312], [-111.674523354, 26.096148921], [-111.67861104, 26.098239721], [-111.680123806, 26.099193575], [-111.680907011, 26.099405542], [-111.682323217, 26.100272674], [-111.682323218, 26.100272674], [-111.686131954, 26.099868013], [-111.689060926, 26.097863957], [-111.692193747, 26.101226512], [-111.692193747, 26.101226513], [-111.708372831, 26.114550529], [-111.70842377, 26.114752833], [-111.70842377, 26.114752834], [-111.708423771, 26.114752834], [-111.708426476, 26.114752834], [-111.708651781, 26.115658387], [-111.69962883, 26.124713526], [-111.696141959, 26.124405278], [-111.696141958, 26.124405278], [-111.693964005, 26.126187328], [-111.693964004, 26.126187328], [-111.692633629, 26.126274022], [-111.6845119, 26.129452745], [-111.683439016, 26.129260098], [-111.681990623, 26.129260098], [-111.680359841, 26.129192671], [-111.68035984, 26.129192671], [-111.675403118, 26.133565692], [-111.673976183, 26.133825756], [-111.671873331, 26.133960604], [-111.669652462, 26.133835388], [-111.668193341, 26.133575324], [-111.66819334, 26.133575324], [-111.667764187, 26.134297723], [-111.666938067, 26.134866008], [-111.666938066, 26.134866008], [-111.665629149, 26.135289811], [-111.665629148, 26.135289811], [-111.663912535, 26.135482449], [-111.663665772, 26.135405394], [-111.663665771, 26.135405394], [-111.663665771, 26.130107744], [-111.663665772, 26.130107744], [-111.664170027, 26.129915098], [-111.66560769, 26.129828407], [-111.665607691, 26.129828407], [-111.665607691, 26.129828406], [-111.666197777, 26.12874958], [-111.667023897, 26.128267958], [-111.675724983, 26.125050672], [-111.679673195, 26.125243327], [-111.679673195, 26.125243326], [-111.680499315, 26.124665362], [-111.682237386, 26.124732792], [-111.682237387, 26.124732792], [-111.683256626, 26.124328216], [-111.683256626, 26.124328215], [-111.684179306, 26.123750247], [-111.686056852, 26.123201174], [-111.686056853, 26.123201174], [-111.687054634, 26.122363111], [-111.688653231, 26.122006691], [-111.690766811, 26.121871829], [-111.693030596, 26.121303482], [-111.695026159, 26.121004857], [-111.6961205, 26.120243843], [-111.696120501, 26.120243843], [-111.69686079, 26.118548401], [-111.697633266, 26.117382771], [-111.697633266, 26.11738277], [-111.696828604, 26.115687287], [-111.696099043, 26.114868437], [-111.694296599, 26.112546725], [-111.694296598, 26.112546725], [-111.692547798, 26.112315514], [-111.690391302, 26.11174712], [-111.68838501, 26.111959064], [-111.686764956, 26.112055402], [-111.686764955, 26.112055402], [-111.685445309, 26.112392585], [-111.683975458, 26.113355958], [-111.68294549, 26.113760572], [-111.680767536, 26.114155551], [-111.680004083, 26.114752832], [-111.680004083, 26.114752833], [-111.680004083, 26.114752834], [-111.680004084, 26.114752834], [-111.680005789, 26.114752834], [-111.679683924, 26.115003307], [-111.678493023, 26.11586069], [-111.67796731, 26.116496498], [-111.675993204, 26.117141936], [-111.674265862, 26.11715157], [-111.674265861, 26.11715157], [-111.672441959, 26.118480968], [-111.670070887, 26.118798866], [-111.669909954, 26.120629167], [-111.668096781, 26.11953099], [-111.667131186, 26.119328693], [-111.667131185, 26.119328693], [-111.664996147, 26.119107129], [-111.663794518, 26.119704387], [-111.663794517, 26.119704387], [-111.663665772, 26.119752553], [-111.663665771, 26.119752553], [-111.663665771, 26.117219004], [-111.663665771, 26.117219003], [-111.66366577, 26.117219003], [-111.648645401, 26.117219003], [-111.648741961, 26.11498404], [-111.648420095, 26.113355958], [-111.651284695, 26.111785655], [-111.654170752, 26.11187236], [-111.654149294, 26.1127394], [-111.654675007, 26.114704665], [-111.654675007, 26.114704666], [-111.654675008, 26.114704666], [-111.656928062, 26.113962878], [-111.656928063, 26.113962878], [-111.657646894, 26.113307789], [-111.659513712, 26.112594894], [-111.663075685, 26.112633429], [-111.663075686, 26.112633429], [-111.665350199, 26.112325148], [-111.666873693, 26.112142106]]], [[[-111.689972877, 26.212656316], [-111.689919233, 26.21317609], [-111.689919233, 26.213176091], [-111.689919234, 26.213176091], [-111.690402031, 26.213147215], [-111.691914797, 26.212791073], [-111.692494154, 26.212848826], [-111.692998409, 26.213253095], [-111.693137884, 26.213763242], [-111.693137884, 26.213763243], [-111.693534851, 26.213994252], [-111.693835258, 26.214061629], [-111.693749428, 26.214244511], [-111.693749428, 26.214244512], [-111.694167852, 26.214648776], [-111.69382453, 26.215284046], [-111.692333222, 26.215890436], [-111.692333222, 26.215890437], [-111.692333221, 26.215890437], [-111.692376137, 26.216410197], [-111.691914797, 26.216698952], [-111.691249609, 26.216737453], [-111.690026522, 26.217160959], [-111.689329148, 26.216766329], [-111.689329147, 26.216766329], [-111.688792706, 26.217324586], [-111.688792705, 26.217324586], [-111.688449383, 26.217950216], [-111.687591076, 26.217998341], [-111.685563326, 26.21786359], [-111.685338021, 26.217449713], [-111.68533802, 26.217449712], [-111.683964729, 26.217180209], [-111.683621407, 26.216419823], [-111.683621406, 26.216419822], [-111.682173014, 26.216246569], [-111.682173013, 26.216246569], [-111.681604385, 26.216458323], [-111.679211855, 26.216602701], [-111.678686142, 26.217247585], [-111.678364277, 26.216747078], [-111.677473784, 26.216448698], [-111.677473783, 26.216448698], [-111.674405336, 26.216554575], [-111.673868895, 26.21580381], [-111.673868895, 26.215803809], [-111.673868894, 26.215803809], [-111.668418646, 26.21630432], [-111.668182612, 26.215717183], [-111.668182612, 26.215717182], [-111.668182611, 26.215717182], [-111.666734219, 26.215543928], [-111.664148569, 26.215697932], [-111.663665772, 26.215697932], [-111.663665771, 26.215697932], [-111.663665771, 26.202231442], [-111.663665772, 26.202231442], [-111.665500402, 26.204252959], [-111.665500403, 26.204252959], [-111.667453051, 26.205870147], [-111.668568849, 26.20675574], [-111.66856885, 26.20675574], [-111.669276953, 26.207150405], [-111.669588089, 26.208690545], [-111.669588089, 26.208690546], [-111.66958809, 26.208690546], [-111.670939922, 26.208873437], [-111.673847436, 26.209123707], [-111.673847437, 26.209123707], [-111.67473793, 26.208199628], [-111.676272154, 26.208112996], [-111.676368713, 26.209489486], [-111.676368714, 26.209489486], [-111.676368714, 26.209489487], [-111.676980257, 26.209893767], [-111.678171158, 26.210423181], [-111.678396463, 26.210760078], [-111.678396463, 26.210760079], [-111.678396464, 26.210760079], [-111.678396464, 26.210760078], [-111.678761244, 26.21055794], [-111.680381298, 26.210375052], [-111.68063879, 26.209922644], [-111.682237387, 26.209479861], [-111.682548523, 26.209720504], [-111.682248116, 26.21086596], [-111.682248116, 26.210865961], [-111.68266654, 26.211279862], [-111.68266654, 26.211279863], [-111.682666541, 26.211279863], [-111.684587002, 26.211250986], [-111.688331366, 26.211279863], [-111.68893218, 26.211587882], [-111.689136028, 26.21296433], [-111.689136028, 26.212964331], [-111.689136029, 26.212964331], [-111.689972877, 26.212656316]]]]}}, {"type": "Feature", "id": 2, "properties": {"actividad": "Conservación y Turismo Alternativo", "conflictos_potenciales": "Afectación a la biodiversidad por el aprovechamiento de fauna o flora silvestre", "fragilidad": "media", "localidad_referencia": "Naocojoa", "nombre": "UGA-18a", "poblacion": 18, "politica_ambiental": "Preservación", "presion": "baja", "superficie_total": 4448.66, "vulnerabilidad": "baja"}, "geometry": {"type": "MultiPolygon", "coordinates": [[[[-111.622467041, 26.00434819], [-111.622467041, 26.017422904], [-111.622467041, 26.017422905], [-111.622338295, 26.018473832], [-111.62099719, 26.021077008], [-111.618711948, 26.020083951], [-111.61768198, 26.017808567], [-111.617853642, 26.016323759], [-111.619269848, 26.014675021], [-111.621383428, 26.012110272], [-111.621383429, 26.012110272], [-111.621844768, 26.01061575], [-111.621844768, 26.010615749], [-111.620557309, 26.009998651], [-111.620557308, 26.009998651], [-111.620374918, 26.010095072], [-111.620374918, 26.010095073], [-111.619194746, 26.011030361], [-111.617360115, 26.012187408], [-111.614634991, 26.013045544], [-111.612113714, 26.013980809], [-111.609506607, 26.015002842], [-111.607189178, 26.014887141], [-111.605579853, 26.013855464], [-111.606373787, 26.012939483], [-111.610729694, 26.010856803], [-111.614012718, 26.008571597], [-111.61712408, 26.008986216], [-111.617124081, 26.008986216], [-111.617124081, 26.008986215], [-111.617885828, 26.006344203], [-111.622467041, 26.00434819]]], [[[-111.652539969, 26.195502427], [-111.653430461, 26.194578241], [-111.653430461, 26.19457824], [-111.653430461, 26.194578239], [-111.653033495, 26.194347192], [-111.65261507, 26.193644418], [-111.652617416, 26.193644418], [-111.652617417, 26.193644418], [-111.652617417, 26.193644417], [-111.652486324, 26.193422996], [-111.651831865, 26.192508419], [-111.650909186, 26.191699736], [-111.650909185, 26.191699736], [-111.650662422, 26.192238858], [-111.650351286, 26.191911534], [-111.648892164, 26.191651599], [-111.643270254, 26.1911221], [-111.643044949, 26.190708127], [-111.643356085, 26.189735765], [-111.642132998, 26.18746368], [-111.642132997, 26.18746368], [-111.635127068, 26.1875407], [-111.635127067, 26.1875407], [-111.634762287, 26.187906547], [-111.634376049, 26.187848782], [-111.631125212, 26.18812798], [-111.629140377, 26.188599728], [-111.626340151, 26.189726137], [-111.626340151, 26.189726138], [-111.624344587, 26.191314646], [-111.623293161, 26.191295391], [-111.622467042, 26.191176029], [-111.622467042, 26.19117603], [-111.622467041, 26.19117603], [-111.622467041, 26.191179864], [-111.622027159, 26.191112473], [-111.622327566, 26.190053469], [-111.622327566, 26.190053468], [-111.622327565, 26.190053468], [-111.621158123, 26.189860921], [-111.621083021, 26.188744143], [-111.621083021, 26.188744142], [-111.62108302, 26.188744142], [-111.620299816, 26.189918685], [-111.617810726, 26.190063096], [-111.615986824, 26.190005331], [-111.615986824, 26.190005332], [-111.614238024, 26.191064337], [-111.61380887, 26.190486699], [-111.612360478, 26.189100356], [-111.612360477, 26.189100356], [-111.610332728, 26.187742879], [-111.610332727, 26.187742879], [-111.608315706, 26.187694741], [-111.607757807, 26.186770493], [-111.607757807, 26.186770492], [-111.607757806, 26.186770492], [-111.606588364, 26.186491291], [-111.606953144, 26.184912345], [-111.606953144, 26.184912344], [-111.608455181, 26.184479093], [-111.610043049, 26.183853283], [-111.610472202, 26.183140819], [-111.610997915, 26.182495746], [-111.610997915, 26.182495745], [-111.611105204, 26.181369266], [-111.612349749, 26.181292241], [-111.612489223, 26.18188918], [-111.612489223, 26.181889181], [-111.612489224, 26.181889181], [-111.613090038, 26.182197277], [-111.613090039, 26.182197278], [-111.614152193, 26.182226162], [-111.614152193, 26.182226161], [-111.615461111, 26.181706248], [-111.615461111, 26.181706247], [-111.615579128, 26.180743439], [-111.616898775, 26.180319801], [-111.617456674, 26.181417406], [-111.617456675, 26.181417406], [-111.618314981, 26.181359638], [-111.618636846, 26.181773644], [-111.618636847, 26.181773644], [-111.620128154, 26.182380209], [-111.620128155, 26.182380209], [-111.620664597, 26.181831413], [-111.621716022, 26.181764016], [-111.621716023, 26.181764016], [-111.622467041, 26.181590711], [-111.622467041, 26.181591276], [-111.622467041, 26.181591277], [-111.622467042, 26.181591277], [-111.624269485, 26.181176704], [-111.626822948, 26.180676042], [-111.626822948, 26.180676041], [-111.626822949, 26.180676041], [-111.627058983, 26.177450572], [-111.629515886, 26.176776582], [-111.629580259, 26.176429957], [-111.630738974, 26.176449214], [-111.630706787, 26.177315773], [-111.630706787, 26.177315774], [-111.630706788, 26.177315774], [-111.631736755, 26.176988408], [-111.631768942, 26.177421686], [-111.631768942, 26.177421687], [-111.631768943, 26.177421687], [-111.632637978, 26.177373545], [-111.632584333, 26.178066788], [-111.632584334, 26.178066788], [-111.632584334, 26.178066789], [-111.633088589, 26.178384523], [-111.635609865, 26.17857709], [-111.64026618, 26.177951248], [-111.641017199, 26.17764314], [-111.642454862, 26.177556485], [-111.642454863, 26.177556485], [-111.642454863, 26.177556484], [-111.642980576, 26.176921009], [-111.643506288, 26.177575741], [-111.643506289, 26.177575741], [-111.644976139, 26.177922363], [-111.644536257, 26.178384523], [-111.644536257, 26.178384524], [-111.644847393, 26.178798541], [-111.644911766, 26.179665083], [-111.644911766, 26.179665084], [-111.645694971, 26.181090051], [-111.645834446, 26.181686992], [-111.646081209, 26.182370581], [-111.646081209, 26.182370582], [-111.64608121, 26.182370582], [-111.646767855, 26.182582397], [-111.648023128, 26.182592025], [-111.648023129, 26.182592025], [-111.648463011, 26.183352633], [-111.64929986, 26.184248025], [-111.650072336, 26.185682565], [-111.650694608, 26.186250599], [-111.650694609, 26.186250599], [-111.65299058, 26.186106184], [-111.65299058, 26.187319265], [-111.65299058, 26.187319266], [-111.652990581, 26.187319266], [-111.654975414, 26.186857141], [-111.65547967, 26.187174852], [-111.655715704, 26.187848782], [-111.657035351, 26.188811532], [-111.657646894, 26.189206257], [-111.657646895, 26.189206258], [-111.65833354, 26.189427688], [-111.658623218, 26.189408433], [-111.658623219, 26.189408433], [-111.659857035, 26.18915812], [-111.661015749, 26.189264022], [-111.662775278, 26.189591354], [-111.663086414, 26.191305018], [-111.662464142, 26.194549359], [-111.662292481, 26.194741898], [-111.66229248, 26.194741898], [-111.66229248, 26.194741899], [-111.66202426, 26.19610892], [-111.662019929, 26.19610892], [-111.662019928, 26.19610892], [-111.662019928, 26.196108921], [-111.661874056, 26.196840559], [-111.661305428, 26.198351957], [-111.662228107, 26.200296529], [-111.662228108, 26.200296529], [-111.663408279, 26.201952277], [-111.663408279, 26.201952278], [-111.665500402, 26.204252959], [-111.665500403, 26.204252959], [-111.666412353, 26.205003799], [-111.666412354, 26.205003799], [-111.666412354, 26.215563178], [-111.666412353, 26.215563178], [-111.664148569, 26.215697932], [-111.660200357, 26.215678681], [-111.660060883, 26.215081915], [-111.660060882, 26.215081915], [-111.659578085, 26.215024163], [-111.659127474, 26.209065953], [-111.659127474, 26.209065952], [-111.658397913, 26.208247758], [-111.657432318, 26.20821888], [-111.657099724, 26.206332197], [-111.657099723, 26.206332197], [-111.657099723, 26.206332196], [-111.656423807, 26.206284066], [-111.655908823, 26.205793139], [-111.655908823, 26.205793138], [-111.655511856, 26.205735382], [-111.653763056, 26.205408095], [-111.650887728, 26.205581365], [-111.647433043, 26.205706504], [-111.646649838, 26.20549473], [-111.646649837, 26.20549473], [-111.64487958, 26.204907538], [-111.643688679, 26.204368473], [-111.643935442, 26.202529859], [-111.644182205, 26.202000409], [-111.64487958, 26.200999262], [-111.646392345, 26.200652709], [-111.64781928, 26.200566071], [-111.647819281, 26.200566071], [-111.648645401, 26.19998848], [-111.649396419, 26.199690057], [-111.64939642, 26.199690057], [-111.650415659, 26.199189475], [-111.651703119, 26.198505984], [-111.652743816, 26.198178677], [-111.652743816, 26.198178676], [-111.652586165, 26.196108921], [-111.652586164, 26.196108921], [-111.652586164, 26.19610892], [-111.652582884, 26.19610892], [-111.652539968, 26.195502427], [-111.652539969, 26.195502427]]], [[[-111.621780396, 26.114752834], [-111.622467041, 26.115109276], [-111.622467041, 26.115112344], [-111.622467041, 26.115112345], [-111.622467042, 26.115112345], [-111.625717878, 26.116814401], [-111.625717879, 26.116814401], [-111.629709005, 26.117440571], [-111.630975008, 26.117710304], [-111.63131833, 26.118471334], [-111.631318331, 26.118471334], [-111.631318331, 26.118471335], [-111.636199951, 26.118172703], [-111.636886597, 26.11709377], [-111.637895107, 26.116506132], [-111.63916111, 26.116689167], [-111.639536619, 26.117797004], [-111.63953662, 26.117797004], [-111.643055677, 26.118712166], [-111.643055678, 26.118712166], [-111.644278765, 26.116987802], [-111.646842956, 26.117960771], [-111.646842957, 26.117960771], [-111.648634671, 26.117421304], [-111.648634672, 26.117421304], [-111.648634672, 26.117421303], [-111.648741961, 26.11498404], [-111.648699045, 26.114752834], [-111.666412353, 26.114752834], [-111.666412354, 26.114752834], [-111.666412354, 26.119251627], [-111.666412353, 26.119251627], [-111.664996147, 26.119107129], [-111.663794518, 26.119704387], [-111.663794517, 26.119704387], [-111.66238904, 26.120224577], [-111.661391258, 26.121062655], [-111.661391258, 26.121062656], [-111.659556627, 26.122218616], [-111.657679081, 26.12155394], [-111.656295061, 26.121024123], [-111.655576229, 26.120378707], [-111.653934717, 26.120301642], [-111.653194428, 26.120609901], [-111.653194428, 26.120609902], [-111.65335536, 26.121467243], [-111.653001308, 26.121919994], [-111.651413441, 26.122449807], [-111.649621725, 26.122912187], [-111.649010182, 26.122507605], [-111.649010181, 26.122507605], [-111.647132636, 26.121756234], [-111.647132635, 26.121756234], [-111.646682024, 26.12213192], [-111.645673513, 26.122796593], [-111.643409729, 26.123374566], [-111.640748978, 26.123885106], [-111.638689041, 26.122006691], [-111.636382342, 26.121891095], [-111.636382341, 26.121891095], [-111.635062695, 26.122228249], [-111.633732319, 26.122488339], [-111.630781889, 26.122835124], [-111.6294837, 26.122218616], [-111.627037525, 26.121592472], [-111.624441147, 26.121659903], [-111.622778177, 26.121245683], [-111.622327566, 26.120311275], [-111.619720459, 26.118114904], [-111.619720459, 26.118114066], [-111.619355679, 26.117806638], [-111.616523266, 26.115899224], [-111.616222858, 26.114752834], [-111.621780395, 26.114752834], [-111.621780396, 26.114752834]]], [[[-111.666412354, 26.128624359], [-111.666412354, 26.135039382], [-111.666412353, 26.135039382], [-111.665629149, 26.135289811], [-111.665629148, 26.135289811], [-111.663912535, 26.135482449], [-111.662936211, 26.135193492], [-111.661841869, 26.13482748], [-111.659792662, 26.134345883], [-111.658548117, 26.134422939], [-111.65796876, 26.134374779], [-111.657078266, 26.1339895], [-111.656101942, 26.133873916], [-111.655147076, 26.13384502], [-111.655147075, 26.13384502], [-111.653559208, 26.134461466], [-111.652164459, 26.135154965], [-111.651188135, 26.136166309], [-111.649557352, 26.136185573], [-111.647207737, 26.135723245], [-111.645684243, 26.135809932], [-111.645684242, 26.135809932], [-111.64432168, 26.136936851], [-111.64285183, 26.136590108], [-111.642851829, 26.136590108], [-111.641607285, 26.136667162], [-111.641757488, 26.134750425], [-111.642004251, 26.134211035], [-111.642004252, 26.134211035], [-111.644268036, 26.13355606], [-111.647926569, 26.132467636], [-111.648570299, 26.132082351], [-111.648570299, 26.13208235], [-111.649557352, 26.12976098], [-111.652346849, 26.128556932], [-111.653602123, 26.128653256], [-111.653945446, 26.129414215], [-111.653945446, 26.129414216], [-111.653945447, 26.129414216], [-111.655876637, 26.129462377], [-111.657700538, 26.129529804], [-111.657700539, 26.129529804], [-111.657700539, 26.129529803], [-111.658548117, 26.127911557], [-111.659792662, 26.127844129], [-111.660479307, 26.128142736], [-111.660919189, 26.128817007], [-111.66110158, 26.13001142], [-111.66110158, 26.130011421], [-111.663612127, 26.130127008], [-111.664170027, 26.129915098], [-111.66560769, 26.129828407], [-111.665607691, 26.129828407], [-111.665607691, 26.129828406], [-111.666197777, 26.12874958], [-111.666412353, 26.128624359], [-111.666412354, 26.128624359]]], [[[-111.707611084, 26.1166988], [-111.707611084, 26.113924344], [-111.708372831, 26.114550529], [-111.708651781, 26.115658387], [-111.707611084, 26.1166988]]]]}}, {"type": "Feature", "id": 2, "properties": {"actividad": "Conservación y Turismo Alternativo", "conflictos_potenciales": "Afectación a la biodiversidad por el aprovechamiento de la fauna silvestre", "fragilidad": "media", "localidad_referencia": "Canipole", "nombre": "UGA-5A", "poblacion": 0, "politica_ambiental": "Preservación", "presion": "media", "superficie_total": 1422.74, "vulnerabilidad": "media"}, "geometry": {"type": "Polygon", "coordinates": [[[-111.664384604, 26.35372843], [-111.664384603, 26.35372843], [-111.663665772, 26.353084304], [-111.663665771, 26.353084304], [-111.663526299, 26.352959326], [-111.663526297, 26.352959324], [-111.662399769, 26.35162299], [-111.66238904, 26.351267273], [-111.662392041, 26.351267273], [-111.662392042, 26.351267273], [-111.662392042, 26.351267272], [-111.661906242, 26.328902951], [-111.661884785, 26.326556659], [-111.661884785, 26.326556658], [-111.661884784, 26.326556658], [-111.660779715, 26.326393185], [-111.660758257, 26.324056458], [-111.660382748, 26.32271979], [-111.660200357, 26.322392833], [-111.660189629, 26.321219627], [-111.660189629, 26.321219626], [-111.659245491, 26.318382726], [-111.659052372, 26.317382582], [-111.659052372, 26.317382581], [-111.658676863, 26.315709244], [-111.658301354, 26.314872566], [-111.658301353, 26.314872566], [-111.657003164, 26.314382097], [-111.656252146, 26.314055116], [-111.653838158, 26.313564644], [-111.644568444, 26.313603112], [-111.644568443, 26.313603112], [-111.644203663, 26.313939711], [-111.644203663, 26.313939712], [-111.644203663, 26.314776396], [-111.643838882, 26.315112991], [-111.641242504, 26.315459203], [-111.639021635, 26.315632308], [-111.636607647, 26.316478597], [-111.636607647, 26.316478598], [-111.635320187, 26.317824954], [-111.632359028, 26.319334778], [-111.630513668, 26.320354139], [-111.629773378, 26.32101768], [-111.628485918, 26.32186393], [-111.627563238, 26.323200607], [-111.621812582, 26.323065979], [-111.622542142, 26.321719685], [-111.622542142, 26.321719684], [-111.622542142, 26.321719683], [-111.622542141, 26.321719683], [-111.621801853, 26.3217293], [-111.621780396, 26.317546067], [-111.622885466, 26.315536139], [-111.625288725, 26.314189756], [-111.625288725, 26.314189755], [-111.627316475, 26.312343262], [-111.628453732, 26.311881634], [-111.670306921, 26.311881634], [-111.670339108, 26.312150917], [-111.670156717, 26.313814689], [-111.669609547, 26.314987969], [-111.669609547, 26.31498797], [-111.669609547, 26.314987971], [-111.670725346, 26.315651542], [-111.670178175, 26.316824805], [-111.669437885, 26.317497983], [-111.668150425, 26.318171157], [-111.668150425, 26.318171158], [-111.66819334, 26.325364261], [-111.668193341, 26.325364262], [-111.66893363, 26.32569121], [-111.669491529, 26.325854684], [-111.671723127, 26.326845139], [-111.671733856, 26.328681786], [-111.670811176, 26.329864532], [-111.670811176, 26.329864533], [-111.669899225, 26.332037677], [-111.669899225, 26.332037678], [-111.670274734, 26.333374238], [-111.670274735, 26.333374238], [-111.670467854, 26.334874244], [-111.670854092, 26.336547305], [-111.670296192, 26.337547283], [-111.670296192, 26.337547284], [-111.670489311, 26.339220305], [-111.670489311, 26.339220306], [-111.67124033, 26.340556783], [-111.67031765, 26.341893244], [-111.67031765, 26.341893245], [-111.670703888, 26.343902715], [-111.670703888, 26.343902716], [-111.670339108, 26.345239138], [-111.670339108, 26.345239139], [-111.671100855, 26.347402381], [-111.672034264, 26.34907526], [-111.672034264, 26.349075261], [-111.672967672, 26.35007513], [-111.672967672, 26.350075131], [-111.672967673, 26.350075131], [-111.674265861, 26.349565583], [-111.674265862, 26.349565583], [-111.67612195, 26.349892463], [-111.678718328, 26.350546221], [-111.678718329, 26.350546221], [-111.679651737, 26.351046151], [-111.680960655, 26.352536314], [-111.682634353, 26.354372552], [-111.682634353, 26.354372553], [-111.682634354, 26.354372553], [-111.684683561, 26.354362939], [-111.686164141, 26.35385341], [-111.688578129, 26.354680192], [-111.688975096, 26.358516], [-111.688975096, 26.358516001], [-111.689715385, 26.358679428], [-111.689908504, 26.359852254], [-111.689908504, 26.359852255], [-111.689908505, 26.359852255], [-111.691764593, 26.360179106], [-111.694736481, 26.361496115], [-111.69529438, 26.361832575], [-111.697525978, 26.362322843], [-111.698824167, 26.362986143], [-111.699210405, 26.364649184], [-111.699210406, 26.364649184], [-111.699210406, 26.364649185], [-111.700690984, 26.364476153], [-111.700690985, 26.364476152], [-111.700873375, 26.363303373], [-111.700862646, 26.362140194], [-111.701216698, 26.359967614], [-111.701763868, 26.358121851], [-111.702321768, 26.357285479], [-111.704907417, 26.356266444], [-111.704757214, 26.362447813], [-111.704574823, 26.362957304], [-111.704210043, 26.363620601], [-111.703845263, 26.364130088], [-111.703287363, 26.364629959], [-111.702922583, 26.365302859], [-111.702182293, 26.365975755], [-111.702182293, 26.365975756], [-111.701817513, 26.366812064], [-111.701817512, 26.366812064], [-111.701635122, 26.367484951], [-111.701463461, 26.368821102], [-111.687912941, 26.368388537], [-111.686432362, 26.368388537], [-111.686056853, 26.368061709], [-111.686056852, 26.368061709], [-111.685316563, 26.368061709], [-111.683825254, 26.367571465], [-111.682709456, 26.367071607], [-111.682709455, 26.367071607], [-111.681593657, 26.366408329], [-111.681582928, 26.364572282], [-111.681582928, 26.364572281], [-111.68083191, 26.363399503], [-111.680831909, 26.363399503], [-111.680831908, 26.363399503], [-111.67972684, 26.36374557], [-111.679726839, 26.36374557], [-111.679726839, 26.363745571], [-111.679919958, 26.364581894], [-111.678814888, 26.365918079], [-111.67768836, 26.365091377], [-111.676014662, 26.364091636], [-111.674898863, 26.363601375], [-111.672109365, 26.361938319], [-111.670618057, 26.360948164], [-111.669502258, 26.359611923], [-111.66819334, 26.357948809], [-111.667259932, 26.356949007], [-111.667259932, 26.356949006], [-111.666873694, 26.355612719], [-111.666873693, 26.355612719], [-111.666873693, 26.355612718], [-111.664824486, 26.354122595], [-111.664384605, 26.353728431], [-111.664384605, 26.35372843], [-111.664384604, 26.35372843]]]}}, {"type": "Feature", "id": 4, "properties": {"actividad": "Conservación y Turismo Alternativo", "conflictos_potenciales": "Afectación a la biodiversidad por el aprovechamiento de la fauna silvestre", "fragilidad": "media", "localidad_referencia": "Canipole", "nombre": "UGA-5A", "poblacion": 0, "politica_ambiental": "Preservación", "presion": "media", "superficie_total": 1422.74, "vulnerabilidad": "media"}, "geometry": {"type": "Polygon", "coordinates": [[[-111.67069315910163, 26.31014089472925], [-111.67069315907916, 26.310140894730335], [-111.67013526073485, 26.310140894730335], [-111.67013526063667, 26.310140894735166], [-111.67013526053942, 26.310140894749615], [-111.67013526044408, 26.310140894773543], [-111.67013526035154, 26.310140894806715], [-111.67013526026271, 26.310140894848814], [-111.67013526017843, 26.310140894899433], [-111.67013526009954, 26.31014089495808], [-111.67013526002678, 26.31014089502419], [-111.67013525996087, 26.310140895097128], [-111.67013525990244, 26.31014089517618], [-111.67013525985205, 26.31014089526059], [-111.6701352598102, 26.31014089534954], [-111.67013525977727, 26.310140895442167], [-111.67013525975361, 26.310140895537582], [-111.67013525973942, 26.31014089563486], [-111.67013525973486, 26.31014089573306], [-111.67013525973995, 26.310140895831232], [-111.67033910751078, 26.31215091688752], [-111.67033910751205, 26.31215091691355], [-111.67033910751057, 26.312150916939576], [-111.67015671730337, 26.313814688776496], [-111.67015671729901, 26.313814688802953], [-111.6701567172888, 26.313814688828334], [-111.66990995408108, 26.314343628597197], [-111.66990995407033, 26.31434362861763], [-111.66990995404743, 26.31434362861871], [-111.6569173336285, 26.31434362861871], [-111.65691733360316, 26.31434362861741], [-111.65691733357946, 26.31434362860854], [-111.65625214586332, 26.314055116333247], [-111.65625214576555, 26.314055116296778], [-111.65625214566451, 26.314055116270694], [-111.65383815775442, 26.313564643706975], [-111.65383815765331, 26.313564643691766], [-111.65383815755116, 26.31356464368696], [-111.64456844368682, 26.313603112199566], [-111.64456844359434, 26.313603112204238], [-111.64456844350268, 26.313603112217447], [-111.64456844341264, 26.313603112239075], [-111.64456844332499, 26.31360311226894], [-111.64456844324047, 26.313603112306783], [-111.64456844315981, 26.313603112352286], [-111.64456844308371, 26.31360311240505], [-111.64456844301283, 26.313603112464634], [-111.64420366319418, 26.31393971086253], [-111.64420366312207, 26.313939710936296], [-111.64420366305797, 26.313939711017095], [-111.6442036630025, 26.313939711104073], [-111.64420366295631, 26.313939711196298], [-111.64420366291986, 26.313939711292793], [-111.64420366289355, 26.31393971139253], [-111.64420366287764, 26.313939711494445], [-111.64420366287231, 26.313939711597456], [-111.64420366287231, 26.314343628594195], [-111.64420366287116, 26.31434362861756], [-111.64420366284779, 26.31434362861871], [-111.62500977518616, 26.31434362861871], [-111.62500977516564, 26.314343628617706], [-111.62500977518312, 26.31434362860692], [-111.62528872479612, 26.314189755523877], [-111.62528872489527, 26.31418975546135], [-111.6252887249864, 26.31418975538764], [-111.62731647489817, 26.3123432617209], [-111.62731647491509, 26.312343261706808], [-111.6273164749351, 26.312343261697663], [-111.62897944393825, 26.311670053764466], [-111.62897944402856, 26.31167005372256], [-111.62897944411426, 26.31167005367188], [-111.6289794441945, 26.311670053612925], [-111.62897944426847, 26.311670053546287], [-111.62897944433546, 26.311670053472625], [-111.62897944439477, 26.311670053392664], [-111.62897944444586, 26.311670053307203], [-111.62897944448818, 26.311670053217085], [-111.62897944452133, 26.311670053123205], [-111.628979444545, 26.311670053026493], [-111.62897944455892, 26.31167005292791], [-111.62916183471458, 26.309660023035324], [-111.62916183471786, 26.309660023012004], [-111.62916183474147, 26.30966002301084], [-111.63008451460072, 26.30966002301084], [-111.63008451463509, 26.30966002301202], [-111.63231611248108, 26.309813902175623], [-111.63231611255564, 26.309813902177975], [-111.63565277977516, 26.30979466729781], [-111.63565277987472, 26.309794667292262], [-111.63565277997323, 26.30979466727683], [-111.6356527800697, 26.309794667251662], [-111.63565278016321, 26.309794667217012], [-111.6356527802528, 26.30979466717322], [-111.63565278033757, 26.30979466712073], [-111.63565278041669, 26.309794667060054], [-111.6356527804894, 26.3097946669918], [-111.63565278055492, 26.309794666916645], [-111.63565278061265, 26.309794666835337], [-111.63565278066199, 26.309794666748687], [-111.63565278070244, 26.309794666657552], [-111.63565278073364, 26.309794666562844], [-111.63583517073928, 26.309131061838496], [-111.63583517074683, 26.30913106181557], [-111.63583517076967, 26.30913106180707], [-111.63638234136413, 26.308957946723442], [-111.63638234138507, 26.308957946717804], [-111.63638234140652, 26.30895794671399], [-111.6389787196784, 26.308611715749972], [-111.63897871974449, 26.308611715745585], [-111.64045929904665, 26.308611715745585], [-111.64045929912827, 26.30861171574225], [-111.64269089606107, 26.308428982391806], [-111.64269089616005, 26.3084289823787], [-111.64269089625722, 26.308428982355792], [-111.64269089635162, 26.308428982323306], [-111.64269089644233, 26.308428982281566], [-111.6426908965284, 26.308428982230993], [-111.64269089660903, 26.308428982172085], [-111.64269089668336, 26.308428982105436], [-111.64269089675068, 26.308428982031703], [-111.64269089681031, 26.30842898195163], [-111.64269089686167, 26.308428981866005], [-111.64269089690421, 26.308428981775688], [-111.64269089693755, 26.308428981681576], [-111.64269089696134, 26.30842898158461], [-111.64269089697534, 26.308428981485754], [-111.64269089697942, 26.308428981385998], [-111.64268016815208, 26.307255634505836], [-111.64268016815302, 26.30725563448231], [-111.64268016817566, 26.307255634476142], [-111.6434204575047, 26.307092134324005], [-111.64342045759587, 26.307092134299303], [-111.6434204576843, 26.307092134266107], [-111.64342045776921, 26.307092134224714], [-111.64342045784983, 26.307092134175498], [-111.64342045792544, 26.307092134118893], [-111.64342045799539, 26.307092134055406], [-111.64342045805903, 26.307092133985606], [-111.6439783572967, 26.306418895594692], [-111.64397835731621, 26.30641889557373], [-111.64397835733801, 26.30641889555516], [-111.64508342722068, 26.305582150780495], [-111.64508342729896, 26.305582150714667], [-111.6450834273701, 26.305582150641186], [-111.64508342743336, 26.305582150560824], [-111.64508342748809, 26.305582150474418], [-111.6450834275337, 26.30558215038288], [-111.64581298827177, 26.30390864262188], [-111.64581298828223, 26.303908642600724], [-111.64581298829475, 26.303908642580506], [-111.64765834806991, 26.301225208633745], [-111.64765834808416, 26.301225208615016], [-111.64765834810706, 26.301225208609264], [-111.65024399755235, 26.30070582712327], [-111.65024399757395, 26.30070582711991], [-111.6502439975958, 26.300705827118453], [-111.65914893051553, 26.30050384482041], [-111.65914893061266, 26.30050384481346], [-111.65914893070865, 26.3005038447971], [-111.65914893080262, 26.300503844771477], [-111.65914893089362, 26.300503844736838], [-111.65914893098083, 26.300503844693512], [-111.65914893106343, 26.30050384464191], [-111.65914893114059, 26.300503844582515], [-111.65914893121163, 26.300503844515898], [-111.65914893127585, 26.300503844442687], [-111.65914893133264, 26.30050384436358], [-111.65914893138147, 26.30050384427932], [-111.65914893142185, 26.30050384419071], [-111.65914893145344, 26.300503844098596], [-111.65914893147593, 26.300503844003842], [-111.65914893148909, 26.300503843907354], [-111.6591489314928, 26.30050384381004], [-111.65913820266748, 26.29949392793692], [-111.65913820266825, 26.29949392791463], [-111.65913820267494, 26.299493927893387], [-111.65932059287208, 26.298993775365805], [-111.65932059288119, 26.29899377534409], [-111.65932059289926, 26.29899377532899], [-111.66042566298468, 26.298156976801035], [-111.66042566300456, 26.29815697678675], [-111.66190624220992, 26.297147039575805], [-111.66190624228655, 26.297147039517967], [-111.66190624235726, 26.297147039453044], [-111.66190624242144, 26.297147039381638], [-111.66190624247847, 26.297147039304413], [-111.6624641418336, 26.29631022760582], [-111.66246414184646, 26.296310227588243], [-111.6624641418608, 26.29631022757187], [-111.66366577120718, 26.2950533951383], [-111.66366577126969, 26.29505339506633], [-111.66366577132507, 26.295053394988734], [-111.66366577137282, 26.29505339490622], [-111.66366577141248, 26.295053394819533], [-111.66366577144372, 26.29505339472946], [-111.66366577146624, 26.295053394636827], [-111.66366577147983, 26.295053394542467], [-111.66366577148438, 26.295053394447244], [-111.66366577148438, 26.29505018913709], [-111.66366577148554, 26.295050189113237], [-111.6636657715015, 26.295050189095477], [-111.66375160215544, 26.29496362109883], [-111.66375160217025, 26.294963621085316], [-111.66375160217281, 26.294963621082946], [-111.66375160217336, 26.29496362108252], [-111.66375160219827, 26.294963621078892], [-111.66559696194948, 26.29479048482681], [-111.66559696197494, 26.294790484825736], [-111.66559696199957, 26.294790484832458], [-111.66708827016582, 26.295281036873664], [-111.66708827018691, 26.295281036881683], [-111.66708827020626, 26.295281036893428], [-111.66857957839431, 26.296281371894327], [-111.66857957840499, 26.296281371901706], [-111.66951298711628, 26.29694505093042], [-111.66951298713585, 26.29694505094588], [-111.66951298714775, 26.296945050967796], [-111.6700708866001, 26.298108884714814], [-111.67007088661045, 26.298108884739822], [-111.67007088661217, 26.298108884767128], [-111.67008161544753, 26.299445836354778], [-111.67008161545567, 26.29944583647441], [-111.67027473449298, 26.30094628177225], [-111.67027473449707, 26.300946281836175], [-111.67027473449707, 26.301456044061705], [-111.67027473449582, 26.301456044086464], [-111.67027473447715, 26.30145604410255], [-111.66898727428031, 26.30245632573958], [-111.66898727420994, 26.302456325799675], [-111.66898727414542, 26.30245632586602], [-111.66898727408731, 26.302456325938042], [-111.66824698459128, 26.303466216751378], [-111.66824698454062, 26.303466216827587], [-111.66824698449712, 26.303466216908106], [-111.66824698446118, 26.303466216992263], [-111.66824698443307, 26.303466217079354], [-111.66788220410938, 26.30480310659417], [-111.66788220408785, 26.304803106692212], [-111.66788220407625, 26.304803106791915], [-111.66788220407471, 26.304803106892283], [-111.66788220408324, 26.304803106992296], [-111.66826844208904, 26.30764033952172], [-111.66826844210739, 26.307640339619624], [-111.66826844213537, 26.30764033971522], [-111.66826844217272, 26.307640339807556], [-111.66826844221907, 26.30764033989572], [-111.66826844227397, 26.307640339978835], [-111.66826844233687, 26.307640340056075], [-111.66826844240714, 26.307640340126675], [-111.66826844248408, 26.307640340189934], [-111.66826844256693, 26.307640340245225], [-111.66994214055893, 26.308640568353905], [-111.6699421405784, 26.30864056836683], [-111.66994214058978, 26.30864056838714], [-111.67069315909251, 26.31014089470859], [-111.67069315910163, 26.31014089472925]]]}}, {"type": "Feature", "id": 3, "properties": {"actividad": "Conservación y Turismo Alternativo", "conflictos_potenciales": "Afectación a la biodiversidad por el aprovechamiento de la fauna silvestre", "fragilidad": "baja", "localidad_referencia": "El Batequito, San Vicente ", "nombre": "UGA-11a", "poblacion": 0, "politica_ambiental": "Preservación", "presion": "baja", "superficie_total": 28489.88, "vulnerabilidad": "baja"}, "geometry": {"type": "Polygon", "coordinates": [[[-111.663665771, 25.99669167], [-111.663665772, 25.99669167], [-111.663815975, 25.996643454], [-111.664931774, 25.996643454], [-111.665714979, 25.996315582], [-111.665715221, 25.996315582], [-111.665715221, 25.996315581], [-111.666959524, 25.995794841], [-111.667506695, 25.994627989], [-111.669169664, 25.993779362], [-111.669169664, 25.993779361], [-111.670789719, 25.98558208], [-111.67170167, 25.984743032], [-111.67224884, 25.983402471], [-111.67372942, 25.982225852], [-111.67740941, 25.980374098], [-111.677409411, 25.980374098], [-111.67888999, 25.979197448], [-111.680724621, 25.977683217], [-111.68146491, 25.97784718], [-111.681464911, 25.97784718], [-111.68312788, 25.977837535], [-111.684061289, 25.978503026], [-111.684619188, 25.979332474], [-111.682956219, 25.980181206], [-111.681851149, 25.981020286], [-111.681303978, 25.981357846], [-111.679834127, 25.982534474], [-111.679093838, 25.982708074], [-111.679093838, 25.982708075], [-111.678729057, 25.983209584], [-111.678171158, 25.983875045], [-111.678171158, 25.984376549], [-111.678171158, 25.98437655], [-111.678739786, 25.985717098], [-111.678739786, 25.985717099], [-111.678739787, 25.985717099], [-111.683546305, 25.985688166], [-111.684468985, 25.985350619], [-111.687054634, 25.985177023], [-111.689082384, 25.984665878], [-111.690198183, 25.984656234], [-111.690198183, 25.984656233], [-111.691485643, 25.983643581], [-111.692590713, 25.982476608], [-111.692590714, 25.982476608], [-111.692590714, 25.982476607], [-111.693127155, 25.980634503], [-111.693116426, 25.977789311], [-111.697558165, 25.977770021], [-111.697375774, 25.978271551], [-111.697375774, 25.978271552], [-111.697193384, 25.979274606], [-111.698749065, 25.993142888], [-111.698201895, 25.994309755], [-111.697472334, 25.996151645], [-111.697300673, 25.998157441], [-111.697075367, 25.998784245], [-111.666412355, 25.998784245], [-111.666412354, 25.998784245], [-111.666412354, 25.998784246], [-111.666412354, 26.035807963], [-111.666412354, 26.035807964], [-111.666412355, 26.035807964], [-111.671680212, 26.035807964], [-111.671261788, 26.036058605], [-111.671261787, 26.036058605], [-111.671261787, 26.036058606], [-111.670703888, 26.037225046], [-111.669234037, 26.038574632], [-111.667764187, 26.039249419], [-111.667023897, 26.040251953], [-111.665543318, 26.040589342], [-111.665360928, 26.039924203], [-111.665360928, 26.039924202], [-111.665360928, 26.03925906], [-111.665360927, 26.039259059], [-111.664803028, 26.039259059], [-111.663665772, 26.038815628], [-111.663665771, 26.038815628], [-111.663665771, 26.038813651], [-111.663665771, 26.03881365], [-111.66312933, 26.038603552], [-111.66312933, 26.038603551], [-111.663129329, 26.038603551], [-111.661841869, 26.038603551], [-111.66146636, 26.037601004], [-111.661466359, 26.037601004], [-111.661022311, 26.03760559], [-111.660532952, 26.037610643], [-111.660532952, 26.037610644], [-111.660532951, 26.037610644], [-111.660329103, 26.038275796], [-111.660324936, 26.038275796], [-111.660324936, 26.038275797], [-111.660324935, 26.038275797], [-111.660168171, 26.038777068], [-111.660168171, 26.038777069], [-111.655919553, 26.039133742], [-111.655919552, 26.039133742], [-111.655919552, 26.039133743], [-111.655930281, 26.039972401], [-111.649450064, 26.04000132], [-111.649450064, 26.040001321], [-111.649450063, 26.040001321], [-111.648709774, 26.041003848], [-111.647057533, 26.041678621], [-111.646499634, 26.042016006], [-111.645029783, 26.042854645], [-111.642808914, 26.044040297], [-111.637079717, 26.043895706], [-111.637079716, 26.043895706], [-111.637079716, 26.043895707], [-111.637079716, 26.044396954], [-111.634118557, 26.044242724], [-111.633560658, 26.044917479], [-111.633560657, 26.044917479], [-111.62967682, 26.044936757], [-111.629676819, 26.044936757], [-111.629676819, 26.044936758], [-111.629687548, 26.045438001], [-111.628947258, 26.046103109], [-111.628947258, 26.04610311], [-111.628400087, 26.047279089], [-111.626737118, 26.048455057], [-111.625084877, 26.050132237], [-111.623421907, 26.051308176], [-111.621211768, 26.052493742], [-111.621211767, 26.052493742], [-111.621211767, 26.052493743], [-111.620846987, 26.053823875], [-111.620846987, 26.053823876], [-111.619720459, 26.05379496], [-111.619720459, 26.0537913], [-111.619720459, 26.053791299], [-111.619720458, 26.053791299], [-111.615847349, 26.053679297], [-111.615664959, 26.052850375], [-111.615664959, 26.052850374], [-111.615664958, 26.052850374], [-111.61454916, 26.052850374], [-111.61344409, 26.052686516], [-111.611770392, 26.052696155], [-111.611770391, 26.052696155], [-111.611405611, 26.053033508], [-111.610482931, 26.053708212], [-111.610482931, 26.053708213], [-111.610118151, 26.054546768], [-111.604388953, 26.055231101], [-111.604388952, 26.055231102], [-111.604206562, 26.055732301], [-111.601245404, 26.055915431], [-111.601245403, 26.055915431], [-111.601245403, 26.055915432], [-111.600880623, 26.056416628], [-111.598101854, 26.056426266], [-111.597726347, 26.056098563], [-111.597726347, 26.056098562], [-111.597726346, 26.056098562], [-111.597726345, 26.056098563], [-111.597737074, 26.056937099], [-111.596996785, 26.05727444], [-111.596996784, 26.05727444], [-111.596996784, 26.057274441], [-111.596449614, 26.05844067], [-111.595891715, 26.058778006], [-111.595891715, 26.058778007], [-111.595891715, 26.058778008], [-111.597565412, 26.060108068], [-111.597565412, 26.060108069], [-111.597565413, 26.060108069], [-111.599228382, 26.059934583], [-111.600344181, 26.05959725], [-111.601814032, 26.05892258], [-111.603659391, 26.058585243], [-111.603659392, 26.058585243], [-111.604957581, 26.057573228], [-111.606996059, 26.057900929], [-111.60699606, 26.057900929], [-111.608659029, 26.057891291], [-111.609946489, 26.057553951], [-111.610504389, 26.057216611], [-111.612907648, 26.057370824], [-111.612907648, 26.057370823], [-111.614205837, 26.057033483], [-111.616426706, 26.057688887], [-111.616437435, 26.059867117], [-111.615514755, 26.060368296], [-111.615514755, 26.060368297], [-111.614774466, 26.061042958], [-111.614227295, 26.061380288], [-111.613862515, 26.062045306], [-111.613862514, 26.062045306], [-111.613680124, 26.062883801], [-111.612757445, 26.063558448], [-111.612757444, 26.063558449], [-111.612575054, 26.063895771], [-111.612596512, 26.067731538], [-111.611115932, 26.069080773], [-111.610193253, 26.069581913], [-111.610193252, 26.069581913], [-111.609839201, 26.071085321], [-111.609839201, 26.071759921], [-111.609281302, 26.071923752], [-111.609281301, 26.071923752], [-111.607993841, 26.071933389], [-111.606137753, 26.072106857], [-111.606137752, 26.072106857], [-111.604292393, 26.072453792], [-111.603187323, 26.072791088], [-111.603187322, 26.072791089], [-111.602811813, 26.073456041], [-111.602447033, 26.073292213], [-111.593005657, 26.074169176], [-111.592630148, 26.073166932], [-111.593005655, 26.072829638], [-111.593005656, 26.072829638], [-111.593005656, 26.072829637], [-111.593005655, 26.072829637], [-111.593005655, 26.072829636], [-111.59040928, 26.072839273], [-111.590409279, 26.072839273], [-111.590409279, 26.072839274], [-111.590420008, 26.074178812], [-111.587823629, 26.073350035], [-111.588381525, 26.073012742], [-111.588381526, 26.073012742], [-111.588381526, 26.073012741], [-111.588381525, 26.073012741], [-111.588381525, 26.07301274], [-111.58634305, 26.073195843], [-111.58560276, 26.073696966], [-111.584122182, 26.073870431], [-111.584122181, 26.073870431], [-111.583757401, 26.074708842], [-111.5837574, 26.074708842], [-111.581912041, 26.074718479], [-111.576730013, 26.074737752], [-111.575989723, 26.074400461], [-111.573758125, 26.073244028], [-111.573017836, 26.072077946], [-111.573017835, 26.072077946], [-111.571344137, 26.071914115], [-111.570421458, 26.072087583], [-111.570421457, 26.072087583], [-111.570421457, 26.072087584], [-111.570432186, 26.073253664], [-111.570432186, 26.073253665], [-111.570432187, 26.073253665], [-111.571730375, 26.074255908], [-111.568028927, 26.074602836], [-111.567835808, 26.073600597], [-111.567835808, 26.073600596], [-111.567835807, 26.073600596], [-111.566913128, 26.073600596], [-111.566172839, 26.073937889], [-111.566172838, 26.073937889], [-111.566172838, 26.07393789], [-111.565808058, 26.075450879], [-111.565260887, 26.07577853], [-111.565078497, 26.076289278], [-111.564338207, 26.076626564], [-111.562857628, 26.076626564], [-111.56174183, 26.07646274], [-111.561741829, 26.07646274], [-111.561012268, 26.077474591], [-111.561012268, 26.077474592], [-111.561012268, 26.077638414], [-111.561012268, 26.077638415], [-111.559907198, 26.077638415], [-111.559907198, 26.077638414], [-111.559714079, 26.076472377], [-111.559714079, 26.076472376], [-111.559714078, 26.076472376], [-111.558233501, 26.076482013], [-111.5582335, 26.076482013], [-111.5582335, 26.076482014], [-111.5582335, 26.077754054], [-111.55020833, 26.077754054], [-111.549907923, 26.077676961], [-111.549350023, 26.077349315], [-111.549156904, 26.076183274], [-111.548781395, 26.07434264], [-111.55766487, 26.074140265], [-111.557664871, 26.074140265], [-111.557664871, 26.074140264], [-111.558018923, 26.070969675], [-111.558941603, 26.069957767], [-111.560046673, 26.069456628], [-111.562632322, 26.067268939], [-111.564284563, 26.065090847], [-111.566129923, 26.063577724], [-111.566859484, 26.06257539], [-111.568897963, 26.061900737], [-111.572964191, 26.061380288], [-111.574991941, 26.06137065], [-111.574991942, 26.06137065], [-111.575775146, 26.061220953], [-111.575775146, 26.061220952], [-111.575775146, 26.061216442], [-111.575775147, 26.061216442], [-111.579433679, 26.060522505], [-111.57943368, 26.060522505], [-111.580356359, 26.059674355], [-111.58035636, 26.059674355], [-111.581279039, 26.058671987], [-111.58164382, 26.058508137], [-111.58274889, 26.05733227], [-111.58421874, 26.055317848], [-111.584218741, 26.055317848], [-111.584948301, 26.053476886], [-111.586053371, 26.051635895], [-111.588649749, 26.052291329], [-111.58864975, 26.052291329], [-111.59160018, 26.051443119], [-111.594003439, 26.050267181], [-111.596589088, 26.049418956], [-111.598069667, 26.049245455], [-111.598069668, 26.049245455], [-111.599164009, 26.047568263], [-111.602307558, 26.047057389], [-111.603412628, 26.04621878], [-111.605998277, 26.044869282], [-111.605998278, 26.044869282], [-111.607468128, 26.042016006], [-111.608562469, 26.0406761], [-111.608562469, 26.040676099], [-111.608551741, 26.038507154], [-111.608551741, 26.038507153], [-111.60855174, 26.038507153], [-111.607811451, 26.03800588], [-111.607811451, 26.036839447], [-111.60790801, 26.035807964], [-111.607908011, 26.035807964], [-111.619720458, 26.035807964], [-111.619720459, 26.035807964], [-111.619720459, 26.035807963], [-111.619720459, 26.024422485], [-111.620138883, 26.024248947], [-111.620138884, 26.024248947], [-111.622531414, 26.021896514], [-111.627155542, 26.021713331], [-111.627155542, 26.02171333], [-111.627155543, 26.02171333], [-111.628432274, 26.019370488], [-111.630835532, 26.019187301], [-111.630835533, 26.019187301], [-111.630835533, 26.0191873], [-111.631017923, 26.017355414], [-111.631017923, 26.017355413], [-111.630084515, 26.01685405], [-111.630631685, 26.01451111], [-111.631361246, 26.013672269], [-111.633946895, 26.011821011], [-111.633946896, 26.011821011], [-111.634858847, 26.009641889], [-111.637433767, 26.007298805], [-111.640201807, 26.005611371], [-111.644450426, 26.004926748], [-111.644450426, 26.004926747], [-111.646295786, 26.004251763], [-111.652207375, 26.002882496], [-111.654793024, 26.002708926], [-111.656455993, 26.002024286], [-111.656455994, 26.002024286], [-111.657765454, 25.998784246], [-111.657765454, 25.998784245], [-111.657765453, 25.998784245], [-111.657764912, 25.998784245], [-111.658279896, 25.997511347], [-111.661241054, 25.997993507], [-111.661241055, 25.997993507], [-111.661241055, 25.997993506], [-111.662346125, 25.997154547], [-111.663665771, 25.996695683], [-111.663665771, 25.996695682], [-111.663665771, 25.99669167]]]}}, {"type": "Feature", "id": 4, "properties": {"actividad": "Conservación y Turismo Alternativo", "conflictos_potenciales": "Afectación a la biodiversidad por el aprovechamiento de fauna o flora silvestre", "fragilidad": "media", "localidad_referencia": "Naocojoa", "nombre": "UGA-18a", "poblacion": 18, "politica_ambiental": "Preservación", "presion": "baja", "superficie_total": 4448.66, "vulnerabilidad": "baja"}, "geometry": {"type": "MultiPolygon", "coordinates": [[[[-111.56052947039697, 26.077754054034852], [-111.55816912656067, 26.07775405403964], [-111.5581691265153, 26.077754054035086], [-111.55810475349769, 26.076838571367773], [-111.55810475349888, 26.076838571323222], [-111.5594244002821, 26.07658801691503], [-111.55942440032698, 26.076588016910936], [-111.55942440034869, 26.07658801695046], [-111.55989646888521, 26.07768659712488], [-111.5598964689274, 26.07768659721135], [-111.55989646897771, 26.077686597293365], [-111.55989646903566, 26.077686597370164], [-111.55989646910074, 26.07768659744104], [-111.55989646917232, 26.07768659750533], [-111.55989646924975, 26.077686597562447], [-111.55989646933232, 26.077686597611855], [-111.55989646941923, 26.077686597653102], [-111.55989646950972, 26.077686597685805], [-111.55989646960293, 26.07768659770966], [-111.559896469698, 26.077686597724448], [-111.56052947039502, 26.07775405403445], [-111.56052947039697, 26.077754054034852]]], [[[-111.66586518287167, 26.04072429774691], [-111.66575789451667, 26.048281554341127], [-111.66575789451161, 26.04828155438669], [-111.66575789450751, 26.048281554387213], [-111.66366577148928, 26.048310471522715], [-111.66366577148438, 26.04830848396731], [-111.66366577147947, 26.048308483868492], [-111.66366577146484, 26.048308483770644], [-111.6636657714406, 26.048308483674717], [-111.66366577140701, 26.048308483581657], [-111.66366577136439, 26.04830848349237], [-111.66366577131315, 26.048308483407734], [-111.66366577125379, 26.048308483328576], [-111.66366577118691, 26.04830848325567], [-111.66366577111314, 26.04830848318973], [-111.66366577103324, 26.0483084831314], [-111.66366577094794, 26.048308483081254], [-111.66366577085812, 26.048308483039783], [-111.66366577076462, 26.04830848300739], [-111.6636657706684, 26.048308482984392], [-111.66366577057038, 26.04830848297102], [-111.6636657704715, 26.048308482967396], [-111.66201353078252, 26.048329749615256], [-111.66201353073396, 26.048329749610886], [-111.66136980061857, 26.04750078902477], [-111.66136980056508, 26.047500788961496], [-111.66136980050655, 26.047500788902862], [-111.66013598471437, 26.046363368556637], [-111.66013598464158, 26.046363368495673], [-111.66013598456335, 26.046363368441884], [-111.66013598448038, 26.046363368395756], [-111.66013598439339, 26.046363368357706], [-111.6601359843032, 26.04636336832808], [-111.66013598421058, 26.046363368307137], [-111.66013598411641, 26.046363368295076], [-111.66013598402152, 26.046363368291995], [-111.65821552281936, 26.04639228589665], [-111.65821552276725, 26.04639228589188], [-111.6582155227173, 26.0463922858762], [-111.65613412867316, 26.045486197393252], [-111.65613412856874, 26.045486197354556], [-111.65613412846066, 26.045486197327712], [-111.65369868286216, 26.04502351114794], [-111.65369868278471, 26.045023511136346], [-111.65369868270659, 26.04502351113085], [-111.65090918565707, 26.044936757272335], [-111.65090918556002, 26.04493675727403], [-111.65090918546359, 26.044936757285125], [-111.6509091853687, 26.044936757305518], [-111.65090918527622, 26.044936757335016], [-111.65090918518705, 26.04493675737334], [-111.64747595795089, 26.04661398730906], [-111.64747595787253, 26.046613987351765], [-111.6474759577983, 26.04661398740129], [-111.64501905447173, 26.048416500930514], [-111.64501905436087, 26.048416501025002], [-111.64305567743526, 26.050353931215287], [-111.64305567739027, 26.050353931254673], [-111.64196133631691, 26.05120214919147], [-111.6419613362483, 26.051202149249782], [-111.6419613361852, 26.05120214931403], [-111.64196133612815, 26.05120214938369], [-111.64196133607759, 26.051202149458206], [-111.64196133603394, 26.051202149536966], [-111.64138197900908, 26.05236843914903], [-111.64138197898549, 26.052368439187305], [-111.64138197894975, 26.05236843921456], [-111.64092063907763, 26.052657600144784], [-111.64092063903686, 26.05265760016531], [-111.6409206389914, 26.052657600169567], [-111.63938641552906, 26.052657600169567], [-111.63938641548287, 26.052657600165173], [-111.63848519328903, 26.05219494227884], [-111.63848519321962, 26.05219494223567], [-111.63675785065378, 26.050912984766647], [-111.63675785064052, 26.05091298475697], [-111.63452625322539, 26.04931292825491], [-111.63452625314412, 26.0493129282024], [-111.63452625305814, 26.04931292815799], [-111.63452625296829, 26.04931292812209], [-111.63452625287538, 26.04931292809505], [-111.63452625278029, 26.049312928077114], [-111.63452625268391, 26.04931292806845], [-111.63452625258715, 26.049312928069142], [-111.63452625249091, 26.049312928079186], [-111.63452625239609, 26.04931292809848], [-111.63452625230359, 26.049312928126852], [-111.63452625221424, 26.049312928164028], [-111.63220882441829, 26.050411764359726], [-111.63220882433572, 26.050411764403723], [-111.63220882425763, 26.050411764455237], [-111.63220882418469, 26.050411764513825], [-111.63220882411755, 26.05041176457897], [-111.63220882405679, 26.050411764650107], [-111.63220882400294, 26.05041176472661], [-111.6316938400949, 26.0512214268375], [-111.63169384005282, 26.05122142691024], [-111.631693840017, 26.051221426986253], [-111.63169383998768, 26.051221427065006], [-111.63106083871065, 26.05316844945478], [-111.63106083868307, 26.05316844952235], [-111.6303956508746, 26.054508213521295], [-111.63039565085376, 26.054508213566027], [-111.62965536119549, 26.05620458341836], [-111.62965536117144, 26.056204583461213], [-111.62965536113944, 26.056204583498435], [-111.62732720378797, 26.05842139346919], [-111.62732720370673, 26.05842139353195], [-111.62577152254694, 26.059385210860388], [-111.62577152252126, 26.059385210874286], [-111.62577152249412, 26.059385210885086], [-111.62417292602761, 26.059915307024422], [-111.62417292595045, 26.059915307053593], [-111.62417292587594, 26.05991530708903], [-111.62269234669131, 26.06069598971449], [-111.62269234661476, 26.0606959897593], [-111.62269234654248, 26.060695989810714], [-111.62269234647505, 26.060695989868336], [-111.62246704133295, 26.060906483298226], [-111.62246704126181, 26.060906483371852], [-111.62246704119859, 26.060906483452367], [-111.62246704114392, 26.060906483538925], [-111.62246704109839, 26.06090648363062], [-111.62246704106246, 26.06090648372649], [-111.62246704103653, 26.06090648382553], [-111.62246704102087, 26.0609064839267], [-111.62246704101562, 26.060906484028944], [-111.62246704101562, 26.060908026111075], [-111.62246704101058, 26.060908026160153], [-111.62246704097805, 26.06090802619736], [-111.6218876838749, 26.06144775340572], [-111.62045001984546, 26.06274887137181], [-111.6204500198273, 26.062748871388667], [-111.6197204590196, 26.06344279502076], [-111.61972045898823, 26.06344279504527], [-111.61972045898438, 26.063442795005663], [-111.61972045898438, 26.06344032038419], [-111.61972045897967, 26.063440320287285], [-111.61972045896559, 26.06344032019129], [-111.61972045894228, 26.063440320097115], [-111.61972045890995, 26.06344032000564], [-111.61972045886891, 26.063440319917728], [-111.61972045881954, 26.063440319834204], [-111.61972045876232, 26.063440319755863], [-111.61972045869777, 26.06344031968343], [-111.6197204586265, 26.063440319617598], [-111.6197204585492, 26.06344031955898], [-111.61972045846657, 26.06344031950813], [-111.6197204583794, 26.063440319465524], [-111.61972045828853, 26.063440319431567], [-111.61972045819478, 26.063440319406574], [-111.61972045809905, 26.063440319390786], [-111.61972045800225, 26.06344031938435], [-111.61972045790527, 26.063440319387322], [-111.61972045780905, 26.063440319399678], [-111.61972045771446, 26.0634403194213], [-111.61972045762244, 26.06344031945199], [-111.6197204575338, 26.06344031949145], [-111.6197204574494, 26.063440319539314], [-111.61972045737005, 26.06344031959513], [-111.61972045729648, 26.063440319658376], [-111.61928057684489, 26.06385721960086], [-111.61928057677942, 26.063857219669067], [-111.61928057672068, 26.063857219743152], [-111.6192805766692, 26.063857219822456], [-111.61928057662544, 26.063857219906268], [-111.61845445636548, 26.065640192826322], [-111.61845445633283, 26.06564019290552], [-111.61845445630708, 26.06564019298722], [-111.6180038452269, 26.067317126643086], [-111.61800384521109, 26.067317126685662], [-111.6169416906903, 26.068512168019897], [-111.61694169062709, 26.068512168098714], [-111.61694169057213, 26.068512168183506], [-111.61694169052603, 26.068512168273408], [-111.61694169048923, 26.068512168367505], [-111.61694169046211, 26.068512168464835], [-111.61694169044495, 26.068512168564403], [-111.61694169043793, 26.068512168665197], [-111.61692023277385, 26.069639736643364], [-111.61692023277755, 26.069639736750403], [-111.6169738769487, 26.07024688436634], [-111.61697387694811, 26.07024688441414], [-111.61490321171175, 26.07219359068639], [-111.61490321163775, 26.07219359076383], [-111.61490321157247, 26.07219359084874], [-111.61490321151663, 26.07219359094015], [-111.61422729494674, 26.073446404475277], [-111.61422729491804, 26.0734464045173], [-111.61313295368632, 26.074120990948387], [-111.6098821167031, 26.075701435258367], [-111.60988211661447, 26.07570143530714], [-111.60988211653124, 26.075701435364618], [-111.60988211645423, 26.075701435430215], [-111.60988211638423, 26.075701435503255], [-111.60988211632198, 26.075701435582992], [-111.60988211626811, 26.075701435668613], [-111.60988211622315, 26.075701435759235], [-111.60988211618759, 26.07570143585394], [-111.60922765733288, 26.077754053993317], [-111.60922765731502, 26.07775405403493], [-111.60922595600022, 26.07775405403964], [-111.60922595590334, 26.077754054044345], [-111.60922595580737, 26.07775405405841], [-111.60922595571321, 26.07775405408171], [-111.60922595562177, 26.07775405411402], [-111.60922595553387, 26.077754054155037], [-111.60922595545037, 26.077754054204377], [-111.60922595537204, 26.077754054261572], [-111.60922595529962, 26.07775405432609], [-111.60922595523378, 26.077754054397317], [-111.60922595517516, 26.07775405447459], [-111.6092259551243, 26.077754054557175], [-111.60922595508168, 26.077754054644302], [-111.6092259550477, 26.07775405473515], [-111.6089487075966, 26.07862134680507], [-111.60894870757599, 26.078621346851882], [-111.60751104358525, 26.07992227399774], [-111.60751104355052, 26.07992227402342], [-111.60751104353258, 26.079922273984167], [-111.60640597362118, 26.076694021307187], [-111.60640597358616, 26.076694021218817], [-111.6064059735429, 26.076694021134173], [-111.6064059734918, 26.07669402105402], [-111.60640597343333, 26.07669402097908], [-111.606405973368, 26.07669402091003], [-111.6064059732964, 26.076694020847494], [-111.6064059732192, 26.07669402079204], [-111.60640597313707, 26.076694020744167], [-111.60640597305078, 26.07669402070431], [-111.60640597296108, 26.07669402067282], [-111.60640597286881, 26.076694020649995], [-111.60338044257013, 26.076096543408756], [-111.6033804424719, 26.07609654339438], [-111.60338044237274, 26.076096543389816], [-111.60338044227362, 26.076096543395103], [-111.6033804421755, 26.076096543410195], [-111.60338044207937, 26.076096543434936], [-111.60338044198616, 26.07609654346909], [-111.6033804418968, 26.076096543512314], [-111.60338044181216, 26.076096543564187], [-111.6033804417331, 26.076096543624192], [-111.60338044166035, 26.076096543691747], [-111.60338044159468, 26.076096543766177], [-111.6033804415367, 26.076096543846752], [-111.60338044148699, 26.076096543932678], [-111.60338044144605, 26.07609654402311], [-111.60338044141427, 26.076096544117153], [-111.60323023797541, 26.076626563722233], [-111.60323023795574, 26.076626563771015], [-111.60323023792616, 26.076626563814518], [-111.60260796549639, 26.077358951817153], [-111.60260796546979, 26.077358951843635], [-111.60161018382668, 26.07811060844696], [-111.60161018375588, 26.078110608505586], [-111.60161018369077, 26.078110608570466], [-111.60161018363188, 26.07811060864105], [-111.60064458859087, 26.07938263176153], [-111.60064458853539, 26.079382631842595], [-111.60064458848812, 26.079382631928713], [-111.60064458844954, 26.079382632019055], [-111.60064458842001, 26.079382632112743], [-111.60034418107382, 26.080529368382187], [-111.59971117975009, 26.08221572520266], [-111.5997111797302, 26.082215725243323], [-111.59971117968564, 26.082215725250627], [-111.59856319432507, 26.082292815260615], [-111.5985631942803, 26.08229281525912], [-111.59860610961458, 26.081676093775407], [-111.59860610961509, 26.08167609364425], [-111.5985739231212, 26.08115573253616], [-111.59857392310849, 26.081155732427572], [-111.598573923084, 26.08115573232102], [-111.59857392304804, 26.081155732217773], [-111.59798383722757, 26.079719908773964], [-111.59798383718369, 26.07971990868107], [-111.5979838371305, 26.07971990859317], [-111.59798383706858, 26.079719908511187], [-111.59798383699858, 26.079719908435994], [-111.59798383692123, 26.079719908368375], [-111.59624576598632, 26.078351523348662], [-111.59624576590116, 26.07835152328853], [-111.5962457658102, 26.07835152323759], [-111.59624576571443, 26.078351523196396], [-111.59624576561488, 26.0783515231654], [-111.59624576551265, 26.07835152314493], [-111.59624576540885, 26.07835152313522], [-111.5962457653046, 26.078351523136366], [-111.59548401845508, 26.07839970596092], [-111.5954840183697, 26.078399705970014], [-111.59548401828543, 26.078399705986396], [-111.59548401820287, 26.078399706009947], [-111.59069895804276, 26.079989728920633], [-111.59069895794737, 26.07998972895786], [-111.59069895785628, 26.07998972900464], [-111.59069895777046, 26.079989729060497], [-111.59069895769079, 26.079989729124836], [-111.59069895761813, 26.079989729196985], [-111.59069895755322, 26.079989729276186], [-111.59069895749674, 26.07998972936161], [-111.59069895744932, 26.07998972945236], [-111.5906989574114, 26.07998972954749], [-111.59069895738342, 26.07998972964599], [-111.59069895736567, 26.079989729746842], [-111.5906453132664, 26.080423368021087], [-111.5906453132614, 26.080423368048695], [-111.59064531325329, 26.08042336807567], [-111.59032344819715, 26.081309913705436], [-111.59032344815724, 26.081309913789795], [-111.58989429476193, 26.08203263621557], [-111.58989429473587, 26.082032636251565], [-111.58989429469874, 26.082032636275947], [-111.5891540050925, 26.0824277226485], [-111.58915400505015, 26.08242772266618], [-111.58838152890337, 26.08229281527254], [-111.58838152885666, 26.0822928152595], [-111.58756613735595, 26.08164718484056], [-111.58756613731836, 26.08164718480358], [-111.58669710170734, 26.08031736774521], [-111.58669710164666, 26.080317367662044], [-111.58669710157776, 26.080317367585558], [-111.58669710150134, 26.08031736751656], [-111.58669710141825, 26.080317367455784], [-111.58487319962185, 26.07912244654631], [-111.58487319954101, 26.079122446498616], [-111.58487319945604, 26.079122446458705], [-111.58487319936772, 26.07912244642694], [-111.5848731992768, 26.079122446403595], [-111.58389687551255, 26.078920079586652], [-111.583896875425, 26.078920079572523], [-111.58389687533655, 26.078920079566203], [-111.58389687524787, 26.078920079567748], [-111.58093571689132, 26.07910317340458], [-111.58093571678923, 26.07910317341618], [-111.58093571668887, 26.079103173438195], [-111.5809357165913, 26.07910317347039], [-111.58093571649755, 26.07910317351243], [-111.5809357164086, 26.079103173563865], [-111.57946586613326, 26.080057184141094], [-111.57946586608686, 26.080057184164655], [-111.57607555393312, 26.08095336899295], [-111.57607555385593, 26.08095336901673], [-111.57577514653183, 26.081059368889402], [-111.57577514648943, 26.08105936889972], [-111.57577514648438, 26.07775405503964], [-111.57577514647956, 26.077754054941625], [-111.57577514646516, 26.07775405484455], [-111.57577514644132, 26.077754054749356], [-111.57577514640825, 26.077754054656957], [-111.5757751463663, 26.077754054568246], [-111.57577514631583, 26.07775405448407], [-111.57577514625739, 26.077754054405247], [-111.57577514619148, 26.077754054332534], [-111.57577514611876, 26.07775405426663], [-111.57577514603994, 26.07775405420817], [-111.57577514595577, 26.07775405415772], [-111.57577514586706, 26.07775405411576], [-111.57577514577466, 26.0777540540827], [-111.57577514567946, 26.077754054058854], [-111.57577514558238, 26.077754054044455], [-111.57577514548437, 26.07775405403964], [-111.56146287922903, 26.07775405403964], [-111.56146287918673, 26.077754054035566], [-111.56166672705318, 26.07697348506134], [-111.5616667270701, 26.07697348501596], [-111.56166672711466, 26.076973484997097], [-111.56204223628563, 26.076857844726604], [-111.56204223637226, 26.07685784470815], [-111.56346917155705, 26.076684384049692], [-111.56452059717732, 26.07662656378915], [-111.56452059726814, 26.076626563779985], [-111.56452059735774, 26.076626563762577], [-111.56452059744538, 26.076626563737072], [-111.56452059753033, 26.07662656370368], [-111.56452059761187, 26.076626563662682], [-111.56452059768935, 26.07662656361442], [-111.56534671770278, 26.07605799627854], [-111.56534671778651, 26.076057996214143], [-111.56534671786298, 26.076057996141273], [-111.56534671793133, 26.076057996060744], [-111.56604409194823, 26.075142500507226], [-111.56604409200668, 26.075142500421627], [-111.56604409205596, 26.075142500330436], [-111.56604409209552, 26.075142500234637], [-111.56604409212497, 26.075142500135254], [-111.56604409214397, 26.07514250003336], [-111.56604409215232, 26.075142499930045], [-111.56604409214992, 26.07514249982642], [-111.5659797191656, 26.074284818574743], [-111.56597971916655, 26.074284818529787], [-111.56597971920797, 26.0742848185125], [-111.56738519663953, 26.073851156873953], [-111.56738519668536, 26.07385115686454], [-111.56738519672886, 26.073851156881787], [-111.56798601146, 26.074159538631363], [-111.56798601150048, 26.074159538657636], [-111.56798601150929, 26.074159538705096], [-111.56802892676711, 26.074679930094213], [-111.56802892677999, 26.07467993019155], [-111.56802892680233, 26.074679930287157], [-111.56802892683395, 26.074679930380114], [-111.56802892687452, 26.07467993046952], [-111.56802892692367, 26.074679930554517], [-111.56802892698093, 26.074679930634286], [-111.56802892704572, 26.07467993070805], [-111.56802892711744, 26.074679930775112], [-111.56802892719539, 26.07467993083481], [-111.56802892727882, 26.07467993088658], [-111.56802892736691, 26.07467993092992], [-111.56802892745884, 26.07467993096441], [-111.56802892755371, 26.07467993098972], [-111.5680289276506, 26.074679931005605], [-111.56802892774859, 26.07467993101191], [-111.56802892784671, 26.074679931008575], [-111.57184839043502, 26.074361913936823], [-111.57184839053141, 26.074361913924054], [-111.5718483906261, 26.074361913901985], [-111.57184839071822, 26.074361913870824], [-111.57184839080685, 26.074361913830863], [-111.57184839089119, 26.074361913782482], [-111.57184839097043, 26.074361913726143], [-111.57184839104383, 26.074361913662372], [-111.57184839111069, 26.074361913591773], [-111.57184839117038, 26.074361913515016], [-111.57184839122233, 26.074361913432824], [-111.57184839126604, 26.074361913345975], [-111.57184839130113, 26.07436191325529], [-111.57184839132724, 26.07436191316163], [-111.57184839134412, 26.07436191306588], [-111.57184839135164, 26.074361912968936], [-111.57184839134969, 26.074361912871723], [-111.57184839133832, 26.074361912775156], [-111.57184839131762, 26.074361912680153], [-111.5718483912878, 26.07436191258761], [-111.57184839124912, 26.0743619124984], [-111.57184839120197, 26.074361912413366], [-111.57184839114677, 26.074361912333316], [-111.57184839108407, 26.074361912259004], [-111.57070040706103, 26.073128383880753], [-111.57070040703272, 26.073128383843766], [-111.57063603401554, 26.072270687462765], [-111.57063603401657, 26.072270687418584], [-111.57255649561887, 26.072318872771813], [-111.57255649566508, 26.072318872777398], [-111.57456278796322, 26.073417493561116], [-111.5745627880497, 26.073417493621147], [-111.57568931574879, 26.074390824426956], [-111.57568931584777, 26.07439082450225], [-111.57639741871768, 26.074863031412086], [-111.57639741880377, 26.074863031463458], [-111.57639741889456, 26.07486303150595], [-111.57639741898916, 26.074863031539135], [-111.5763974190866, 26.074863031562685], [-111.57639741918591, 26.074863031576356], [-111.5763974192861, 26.07486303158002], [-111.57852172846607, 26.074834120999853], [-111.57852172851115, 26.07483412100371], [-111.57852172851562, 26.074834121048738], [-111.57852172851562, 26.074837776319683], [-111.57852172852051, 26.074837776418438], [-111.57852172853514, 26.07483777651623], [-111.57852172855934, 26.0748377766121], [-111.57852172859289, 26.07483777670511], [-111.57852172863547, 26.07483777679435], [-111.57852172868664, 26.07483777687895], [-111.57852172874593, 26.074837776958084], [-111.57852172881273, 26.07483777703098], [-111.57852172888641, 26.074837777096917], [-111.57852172896625, 26.074837777155256], [-111.57852172905145, 26.074837777205424], [-111.57852172914119, 26.074837777246934], [-111.5785217292346, 26.07483777727938], [-111.57852172933075, 26.07483777730244], [-111.5785217294287, 26.0748377773159], [-111.57852172952751, 26.074837777319612], [-111.58369302711577, 26.074776299812154], [-111.58369302721941, 26.074776299805528], [-111.58369302732181, 26.07477629978819], [-111.58369302742186, 26.074776299760327], [-111.58369302751848, 26.074776299722235], [-111.58369302761062, 26.074776299674326], [-111.58369302769731, 26.07477629961712], [-111.58369302777758, 26.07477629955123], [-111.58441185947544, 26.074120991008233], [-111.58441185951447, 26.07412099097919], [-111.58582806564736, 26.07377406133914], [-111.58582806573463, 26.073774061313504], [-111.5858280658192, 26.073774061280048], [-111.58582806590039, 26.07377406123904], [-111.58582806597752, 26.07377406119083], [-111.58582806604994, 26.073774061135804], [-111.58627867695228, 26.0733982196547], [-111.58627867698839, 26.0733982196297], [-111.58807039256112, 26.07294528065229], [-111.58807039260232, 26.072945280646078], [-111.58792018914708, 26.07356204719044], [-111.58792018912833, 26.073562047288526], [-111.58792018911944, 26.073562047388], [-111.58792018912052, 26.073562047487858], [-111.58792018913157, 26.07356204758711], [-111.58792018915246, 26.073562047684767], [-111.58792018918298, 26.073562047779856], [-111.58792018922284, 26.073562047871423], [-111.58792018927163, 26.07356204795856], [-111.58792018932886, 26.073562048040397], [-111.58792018939397, 26.073562048116116], [-111.58792018946632, 26.073562048184964], [-111.58792018954516, 26.073562048246252], [-111.58792018962973, 26.07356204829937], [-111.58792018971917, 26.07356204834379], [-111.5879201898126, 26.073562048379063], [-111.58792018990908, 26.073562048404845], [-111.59075260020677, 26.074169175268842], [-111.59075260030212, 26.074169175284506], [-111.59075260039855, 26.074169175290894], [-111.59075260049514, 26.074169175287945], [-111.59075260059099, 26.07416917527569], [-111.5907526006852, 26.074169175254237], [-111.59075260077692, 26.07416917522379], [-111.59075260086527, 26.074169175184636], [-111.59075260094941, 26.074169175137136], [-111.5907526010286, 26.074169175081735], [-111.59075260110205, 26.074169175018948], [-111.59075260116911, 26.07416917494937], [-111.59075260122914, 26.07416917487364], [-111.59075260128157, 26.07416917479247], [-111.59075260132593, 26.07416917470662], [-111.5907526013618, 26.074169174616888], [-111.59075260138883, 26.074169174524112], [-111.59075260140678, 26.074169174429162], [-111.59075260141549, 26.074169174332923], [-111.59075260141486, 26.07416917423629], [-111.59075260140492, 26.07416917414017], [-111.5905702114178, 26.072974191739274], [-111.5905702114154, 26.072974191695913], [-111.59057021145861, 26.07297419169208], [-111.5930700301637, 26.07299346572165], [-111.59307003020083, 26.07299346572557], [-111.59307003017224, 26.07299346574962], [-111.59252286037253, 26.073369308130317], [-111.59252286029594, 26.07336930818854], [-111.5925228602253, 26.073369308253852], [-111.59252286016127, 26.07336930832565], [-111.59252286010442, 26.073369308403265], [-111.59252286005531, 26.073369308485987], [-111.59252286001437, 26.073369308573042], [-111.59252285998198, 26.073369308663633], [-111.59252285995845, 26.073369308756913], [-111.59252285994398, 26.073369308852026], [-111.59252285993874, 26.073369308948084], [-111.59252285994273, 26.073369309044207], [-111.59252285995596, 26.073369309139498], [-111.59252285997827, 26.07336930923308], [-111.59252286000948, 26.073369309324082], [-111.59252286004929, 26.073369309411664], [-111.59252286009732, 26.073369309495018], [-111.59316658942144, 26.074371550176163], [-111.59316658947716, 26.074371550254384], [-111.59316658954013, 26.074371550326898], [-111.59316658960977, 26.07437155039304], [-111.59316658968542, 26.074371550452195], [-111.59316658976641, 26.07437155050382], [-111.59316658985198, 26.074371550547436], [-111.59316658994132, 26.074371550582647], [-111.59316659003365, 26.074371550609122], [-111.59316659012808, 26.07437155062662], [-111.59316659022375, 26.07437155063498], [-111.59316659031978, 26.07437155063412], [-111.59384250634476, 26.074333003060847], [-111.59384250647165, 26.074333003045428], [-111.59724354740911, 26.073696965663373], [-111.5972435474705, 26.073696965655785], [-111.6003978252073, 26.073504226371714], [-111.60039782527487, 26.073504226372165], [-111.60233974438573, 26.073648780851858], [-111.60233974447598, 26.07364878085449], [-111.60233974456611, 26.07364878084897], [-111.60233974465537, 26.07364878083534], [-111.60233974474303, 26.07364878081372], [-111.60309076261481, 26.07342713070646], [-111.60309076271156, 26.07342713067242], [-111.60309076280431, 26.073427130628655], [-111.6030907628921, 26.073427130575617], [-111.60309076297398, 26.073427130513867], [-111.60309076304911, 26.073427130444053], [-111.6030907631167, 26.073427130366913], [-111.60309076317603, 26.073427130283253], [-111.60309076322648, 26.07342713019396], [-111.60309076326752, 26.073427130099965], [-111.60332679746837, 26.07280072532108], [-111.60332679748844, 26.07280072528021], [-111.60788655276488, 26.072097219962856], [-111.60979628494887, 26.07198157488233], [-111.60979628504793, 26.071981574871355], [-111.60979628514542, 26.07198157485057], [-111.60979628524035, 26.07198157482019], [-111.60979628533178, 26.071981574780505], [-111.60979628541882, 26.071981574731915], [-111.60979628550058, 26.071981574674904], [-111.60979628557625, 26.071981574610035], [-111.6097962856451, 26.071981574537958], [-111.60979628570642, 26.071981574459382], [-111.60979628575963, 26.07198157437509], [-111.60979628580418, 26.071981574285925], [-111.60979628583962, 26.071981574192765], [-111.61034345625532, 26.070295070648513], [-111.61034345627145, 26.07029507061014], [-111.61103010175238, 26.069215695190486], [-111.611030101779, 26.069215695155833], [-111.61256432515025, 26.06781827481939], [-111.61256432521851, 26.067818274750877], [-111.61256432527985, 26.06781827467609], [-111.61256432533368, 26.067818274595723], [-111.61256432537948, 26.067818274510536], [-111.61256432541684, 26.06781827442132], [-111.61272525780039, 26.0673749517641], [-111.61272525783112, 26.067374951663147], [-111.61272525785104, 26.067374951559515], [-111.61272525785992, 26.067374951454365], [-111.61272525785768, 26.06737495134886], [-111.61269307136749, 26.066941264335398], [-111.61269307136654, 26.06694126427804], [-111.61272525787206, 26.06616062323541], [-111.61284327506499, 26.06511976034262], [-111.61284327507114, 26.065119760250376], [-111.61286473274127, 26.064069250447528], [-111.61286473274731, 26.064069250398653], [-111.61286473278042, 26.064069250362127], [-111.61348700504747, 26.06351025980403], [-111.61348700511715, 26.063510259734972], [-111.61348700517973, 26.063510259659417], [-111.6134870052346, 26.06351025957809], [-111.61348700528124, 26.063510259491785], [-111.6134870053192, 26.063510259401323], [-111.61380887026634, 26.062623579302933], [-111.61380887029458, 26.062623579211763], [-111.61380887031402, 26.062623579118316], [-111.61380887032445, 26.062623579023445], [-111.61385178565665, 26.061929650691273], [-111.61385178566454, 26.061929650643542], [-111.61385178570487, 26.06192965061645], [-111.61477446542398, 26.061438115519927], [-111.6147744655119, 26.06143811546713], [-111.61477446559397, 26.0614381154056], [-111.61477446566929, 26.061438115335992], [-111.61531090733392, 26.060888750173888], [-111.61531090736605, 26.060888750146194], [-111.61659836734849, 26.060117706980492], [-111.61659836742753, 26.060117706927905], [-111.61659836750123, 26.06011770686806], [-111.61659836756891, 26.060117706801492], [-111.61659836762999, 26.060117706728807], [-111.61659836768389, 26.060117706650658], [-111.61659836773013, 26.060117706567752], [-111.61659836776832, 26.06011770648083], [-111.61659836779809, 26.060117706390685], [-111.61667346948283, 26.059847840615618], [-111.61667346950284, 26.05984784052897], [-111.61667346951506, 26.05984784044089], [-111.61667346951943, 26.059847840352074], [-111.61667346951587, 26.05984784026322], [-111.61667346950445, 26.05984784017503], [-111.61652326584641, 26.058990046757106], [-111.61643743518577, 26.057958758778536], [-111.61643743517226, 26.05795875867807], [-111.61643743514864, 26.05795875857949], [-111.61643743511516, 26.057958758483803], [-111.61643743507217, 26.057958758392], [-111.6164374350201, 26.05795875830502], [-111.6164374349595, 26.057958758223762], [-111.61643743489097, 26.057958758149052], [-111.61643743481524, 26.057958758081668], [-111.61593318001832, 26.057553951222996], [-111.61593317993481, 26.057553951162756], [-111.61593317984556, 26.057553951111426], [-111.6159331797515, 26.057553951069544], [-111.61593317965362, 26.057553951037555], [-111.61514997487153, 26.05734190864993], [-111.61514997482527, 26.057341908632264], [-111.61514997478348, 26.057341908605732], [-111.61463499099432, 26.056937099484905], [-111.61463499090866, 26.05693709942455], [-111.61463499081714, 26.056937099373492], [-111.61463499072079, 26.05693709933229], [-111.61463499062066, 26.0569370993014], [-111.61463499051784, 26.056937099281154], [-111.61463499041346, 26.05693709927178], [-111.61463499030869, 26.056937099273384], [-111.61406636258867, 26.056975652568735], [-111.61406636248682, 26.05697565258091], [-111.61406636238677, 26.05697565260346], [-111.61406636228953, 26.056975652636137], [-111.61406636219617, 26.056975652678602], [-111.61350846295255, 26.05726480217006], [-111.61350846290442, 26.057264802188904], [-111.61350846285339, 26.05726480219729], [-111.6128432751126, 26.057303355419403], [-111.612843275028, 26.057303355417123], [-111.61138415348924, 26.057139504130724], [-111.61138415340726, 26.05713950412492], [-111.61138415332509, 26.05713950412586], [-111.61138415324326, 26.05713950413355], [-111.61024689699583, 26.057293717081965], [-111.61024689689793, 26.057293717100247], [-111.61024689680234, 26.057293717128175], [-111.61024689671, 26.05729371716547], [-111.61024689662182, 26.05729371721177], [-111.61024689653868, 26.057293717266614], [-111.6096031666189, 26.057765993135433], [-111.6096031665786, 26.057765993159432], [-111.60960316653238, 26.057765993166615], [-111.60778999333034, 26.057872014053178], [-111.60778999324216, 26.057872014050528], [-111.60584807400313, 26.057640695627626], [-111.6048824792847, 26.057438291738254], [-111.60488247918995, 26.0574382917231], [-111.6048824790942, 26.05743829171709], [-111.6048824789983, 26.05743829172029], [-111.60488247890316, 26.057438291732662], [-111.60488247880964, 26.057438291754096], [-111.6048824787186, 26.057438291784393], [-111.60488247863088, 26.057438291823278], [-111.6048824785473, 26.057438291870387], [-111.60488247846861, 26.05743829192529], [-111.60488247839555, 26.057438291987484], [-111.60488247832879, 26.05743829205639], [-111.60399198535644, 26.05845030810102], [-111.6039919853181, 26.058450308136166], [-111.60333752636637, 26.058662348576245], [-111.60333752632127, 26.058662348586278], [-111.60255432164851, 26.05853705206541], [-111.60255432154939, 26.05853705205459], [-111.60255432144969, 26.05853705205369], [-111.6025543213504, 26.058537052062725], [-111.6025543212525, 26.058537052081604], [-111.60255432115696, 26.058537052110136], [-111.60255432106473, 26.058537052148044], [-111.60255432097675, 26.058537052194946], [-111.60191059116609, 26.058922579502873], [-111.60191059112397, 26.058922579522964], [-111.60106301320607, 26.059144257242533], [-111.60106301312149, 26.05914425726871], [-111.60106301303955, 26.059144257302265], [-111.60106301296089, 26.05914425734294], [-111.59987211229964, 26.05982856418955], [-111.59987211227346, 26.05982856420261], [-111.59987211224608, 26.059828564212474], [-111.5991210937771, 26.060050240231234], [-111.59912109374976, 26.060050240237647], [-111.59912109372172, 26.060050240240944], [-111.59816622739413, 26.060108068697893], [-111.59816622734219, 26.060108068695477], [-111.5975654125604, 26.059799649927857], [-111.59756541252369, 26.059799649904743], [-111.59756541249158, 26.059799649875565], [-111.59672856334328, 26.058893665044643], [-111.59672856331419, 26.058893665005886], [-111.59672856332234, 26.058893664958273], [-111.59680366514945, 26.058623795852345], [-111.59680366516459, 26.058623795811993], [-111.59765124319459, 26.057187695726814], [-111.59765124321127, 26.057187695702055], [-111.59765124323076, 26.057187695679502], [-111.59810185429036, 26.056725055710636], [-111.5981018543263, 26.056725055680296], [-111.60105228379663, 26.056378074510388], [-111.60105228388879, 26.056378074495157], [-111.60105228397913, 26.056378074471397], [-111.60105228406685, 26.05637807443931], [-111.6010522841512, 26.056378074399177], [-111.60105228423143, 26.056378074351347], [-111.60105228430685, 26.056378074296244], [-111.60105228437679, 26.056378074234342], [-111.60105228444067, 26.056378074166183], [-111.6010522844979, 26.05637807409236], [-111.6013097762775, 26.056011815432363], [-111.60130977630854, 26.056011815396435], [-111.60428166286516, 26.055828685492475], [-111.60428166296461, 26.05582868548133], [-111.60428166306244, 26.055828685460305], [-111.60428166315768, 26.055828685429606], [-111.60428166324938, 26.05582868538954], [-111.60428166333661, 26.05582868534051], [-111.6042816634185, 26.05582868528301], [-111.60428166349425, 26.055828685217612], [-111.60428166356307, 26.055828685144974], [-111.60428166362429, 26.055828685065816], [-111.6042816636773, 26.05582868498094], [-111.60428166372155, 26.05582868489119], [-111.60428166375662, 26.055828684797465], [-111.60428166378213, 26.055828684700707], [-111.60428166379786, 26.055828684601885], [-111.60428166380363, 26.055828684501982], [-111.60428166379938, 26.055828684402005], [-111.6042494773911, 26.055481701607086], [-111.60424947739143, 26.0554817015607], [-111.6042494774348, 26.0554817015442], [-111.60632014270614, 26.054922669835715], [-111.60632014274633, 26.05492266982835], [-111.61045074411304, 26.05485520030603], [-111.61045074420807, 26.054855200299944], [-111.6104507443021, 26.054855200284845], [-111.61045074439426, 26.05485520026087], [-111.61045074448371, 26.05485520022824], [-111.61045074456968, 26.054855200187248], [-111.61045074465133, 26.054855200138263], [-111.61045074472797, 26.054855200081736], [-111.61045074479888, 26.05485520001817], [-111.61045074486343, 26.054855199948154], [-111.61045074492101, 26.05485519987231], [-111.61200642582969, 26.05259012937874], [-111.61200642585958, 26.052590129343276], [-111.61549329752778, 26.05298531507816], [-111.61549329757267, 26.052985315087806], [-111.61549329758061, 26.052985315133107], [-111.61555767052437, 26.053843151807875], [-111.61555767053667, 26.05384315190629], [-111.61555767055869, 26.053843152002997], [-111.61555767059016, 26.053843152097052], [-111.6155576706308, 26.053843152187525], [-111.6155576706802, 26.05384315227353], [-111.61555767073789, 26.053843152354215], [-111.61555767080327, 26.05384315242879], [-111.61555767087572, 26.053843152496523], [-111.61555767095453, 26.05384315255674], [-111.61555767103891, 26.05384315260886], [-111.61555767112804, 26.053843152652362], [-111.61555767122104, 26.053843152686824], [-111.615557671317, 26.0538431527119], [-111.61555767141498, 26.05384315272735], [-111.615557671514, 26.053843152733016], [-111.61972045797681, 26.053874645536535], [-111.61972045807534, 26.053874645532417], [-111.61972045817296, 26.05387464551862], [-111.61972045826877, 26.05387464549527], [-111.61972045836181, 26.0538746454626], [-111.61972045845118, 26.053874645420922], [-111.61972045853601, 26.053874645370648], [-111.61972045861548, 26.053874645312266], [-111.6197204586888, 26.05387464524634], [-111.61972045875528, 26.05387464517351], [-111.61972045881426, 26.05387464509449], [-111.61972045886517, 26.05387464501004], [-111.61972045890752, 26.05387464492099], [-111.6197204589409, 26.053874644828205], [-111.61972045896498, 26.05387464473258], [-111.61972045897951, 26.05387464463505], [-111.61972045898438, 26.053874644536563], [-111.61972045898438, 26.0538720685416], [-111.61972045898882, 26.053872068496744], [-111.61972045903383, 26.05387206849275], [-111.62065386725882, 26.05388170707461], [-111.62065386735503, 26.053881707070968], [-111.62065386745044, 26.053881707058093], [-111.62065386754418, 26.0538817070361], [-111.62065386763535, 26.0538817070052], [-111.62065386772315, 26.05388170696567], [-111.62065386780672, 26.053881706917885], [-111.62065386788532, 26.05388170686228], [-111.6206538679582, 26.053881706799377], [-111.6206538680247, 26.053881706729758], [-111.62144780155987, 26.05296603779592], [-111.62144780159258, 26.052966037764534], [-111.6239154338168, 26.051346731393252], [-111.6239154338817, 26.051346731346857], [-111.6239154339427, 26.05134673129544], [-111.62706971160492, 26.048464696218087], [-111.62706971168078, 26.048464696140833], [-111.62706971174784, 26.04846469605583], [-111.62949442860663, 26.045023511173035], [-111.62949442863696, 26.045023511137828], [-111.62949442868324, 26.045023511133987], [-111.63286328283581, 26.04507170769464], [-111.6328632829394, 26.04507170769075], [-111.63286328304203, 26.045071707676154], [-111.6328632831426, 26.045071707651015], [-111.63286328324003, 26.045071707615598], [-111.63286328333326, 26.045071707570287], [-111.6328632834213, 26.045071707515568], [-111.63395762439622, 26.044310199667823], [-111.63395762443729, 26.04431019964472], [-111.63395762448195, 26.04431019962983], [-111.63651108737301, 26.043722196373334], [-111.63651108741777, 26.04372219636726], [-111.63891434665823, 26.04383786937019], [-111.63891434673103, 26.043837869379082], [-111.64193987816863, 26.044435511374935], [-111.64193987826495, 26.044435511389132], [-111.64193987836221, 26.044435511393893], [-111.64193987845945, 26.044435511389175], [-111.64193987855579, 26.04443551137502], [-111.64193987865028, 26.044435511351566], [-111.64193987874205, 26.04443551131903], [-111.64417147627273, 26.043519768360394], [-111.64417147636185, 26.04351976831859], [-111.64417147644643, 26.04351976826822], [-111.64618849752272, 26.042179878686753], [-111.64958953853342, 26.040155555941833], [-111.64958953857536, 26.04015555592198], [-111.65159583088418, 26.040030239552788], [-111.65159583095054, 26.040030239553055], [-111.65555477084715, 26.040309791221446], [-111.65555477094233, 26.040309791223624], [-111.65555477103727, 26.040309791216742], [-111.65555477113115, 26.040309791200862], [-111.65555477122308, 26.040309791176124], [-111.65555477131224, 26.04030979114276], [-111.65555477139783, 26.040309791101066], [-111.65555477147906, 26.040309791051424], [-111.65555477155522, 26.04030979099428], [-111.65555477162557, 26.040309790930156], [-111.65555477168952, 26.040309790859627], [-111.65555477174648, 26.04030979078334], [-111.65616631504963, 26.03940365575082], [-111.65616631508215, 26.03940365571205], [-111.65616631512756, 26.03940365568971], [-111.65700316425195, 26.03909518244664], [-111.65700316429202, 26.03909518243559], [-111.65919184655655, 26.03887346679354], [-111.65919184665032, 26.038873466779524], [-111.65919184674235, 26.038873466756687], [-111.65919184683179, 26.038873466725242], [-111.65919184691785, 26.038873466685466], [-111.65919184699976, 26.03887346663772], [-111.65919184707678, 26.03887346658243], [-111.65994618023197, 26.038275798137338], [-111.65994618030629, 26.038275798072217], [-111.65994618037384, 26.038275798000075], [-111.65994618043392, 26.03827579792162], [-111.65994618048597, 26.038275797837617], [-111.65994618052949, 26.038275797748888], [-111.65994618056402, 26.038275797656297], [-111.65994618058924, 26.03827579756075], [-111.65994618060493, 26.03827579746318], [-111.65994618061089, 26.038275797364538], [-111.6599461806071, 26.03827579726579], [-111.65994618059358, 26.0382757971679], [-111.65994618057046, 26.03827579707182], [-111.65994618053796, 26.03827579697849], [-111.65994618049642, 26.038275796888826], [-111.65994618044623, 26.0382757968037], [-111.65994618038788, 26.03827579672394], [-111.65994618032194, 26.038275796650332], [-111.65994618024907, 26.03827579658359], [-111.65994618016995, 26.038275796524367], [-111.65994618008538, 26.038275796473243], [-111.65994617999618, 26.038275796430714], [-111.65994617990322, 26.038275796397198], [-111.65994617980739, 26.03827579637302], [-111.65994617970965, 26.03827579635842], [-111.65994617961096, 26.03827579635354], [-111.65994286542124, 26.03827579635355], [-111.65994286538431, 26.03827579634988], [-111.66037201877887, 26.03793840044958], [-111.66037201881598, 26.037938400425446], [-111.66037201885676, 26.037938400408315], [-111.66140198702816, 26.03761064345969], [-111.66140198707181, 26.03761064345047], [-111.66140198707983, 26.03761064349445], [-111.6614556312522, 26.038275796305115], [-111.66145563125147, 26.038275796348834], [-111.66145433193708, 26.038275796348838], [-111.66145433184022, 26.038275796353542], [-111.66145433174425, 26.038275796367603], [-111.66145433165012, 26.0382757963909], [-111.66145433155867, 26.0382757964232], [-111.66145433147078, 26.03827579646421], [-111.66145433138729, 26.03827579651354], [-111.66145433130896, 26.038275796570723], [-111.66145433123654, 26.038275796635226], [-111.6614543311707, 26.03827579670644], [-111.66145433111208, 26.038275796783697], [-111.66145433106122, 26.03827579686627], [-111.66145433101859, 26.038275796953382], [-111.66145433098461, 26.03827579704421], [-111.66145433095957, 26.038275797137906], [-111.66145433094374, 26.038275797233588], [-111.66145433093725, 26.03827579733035], [-111.66145433094016, 26.03827579742729], [-111.66147708887617, 26.038564991432406], [-111.66147708888856, 26.038564991529206], [-111.66147708891033, 26.038564991624337], [-111.66147708894128, 26.038564991716893], [-111.66147708898109, 26.038564991805995], [-111.6614770890294, 26.038564991890787], [-111.66147708908575, 26.03856499197047], [-111.66147708914959, 26.038564992044282], [-111.66147708922033, 26.038564992111517], [-111.66147708929728, 26.038564992171537], [-111.66147708937972, 26.03856499222377], [-111.66147708946684, 26.03856499226772], [-111.66147708955785, 26.03856499230297], [-111.66324734683673, 26.03915302121936], [-111.66324734687622, 26.03915302123642], [-111.6638481614188, 26.03954825209307], [-111.66384816149784, 26.03954825214001], [-111.66384816158086, 26.03954825217949], [-111.66384816166716, 26.03954825221118], [-111.663848161756, 26.039548252234813], [-111.66384816184663, 26.039548252250185], [-111.6638481619383, 26.039548252257173], [-111.66384816203022, 26.03954825225571], [-111.66509270663224, 26.039471134131563], [-111.66509270667713, 26.039471134133105], [-111.66532874101789, 26.040059158585354], [-111.66532874105924, 26.040059158675252], [-111.66532874110929, 26.04005915876062], [-111.66532874116753, 26.04005915884062], [-111.66586518284547, 26.040724297706895], [-111.66586518287167, 26.04072429774691]]]]}}, {"type": "Feature", "id": 2, "properties": {"actividad": "Conservación y Turismo", "conflictos_potenciales": "Afectación a la biodiversidad por el aprovechamiento de fauna o flora silvestre", "fragilidad": "baja", "localidad_referencia": "El picacho, El Batequito", "nombre": "UGA-34a", "poblacion": 7, "politica_ambiental": "Preservación", "presion": "baja", "superficie_total": 10297.88, "vulnerabilidad": "baja"}, "geometry": {"type": "MultiPolygon", "coordinates": [[[[-111.575775146, 26.060291192], [-111.575775146, 26.060286488], [-111.575775146, 26.060286487], [-111.575775145, 26.060286487], [-111.573951244, 26.061052596], [-111.570378542, 26.061428477], [-111.568286419, 26.061804358], [-111.563243866, 26.061804358], [-111.563662291, 26.060859836], [-111.563876867, 26.059915307], [-111.563040018, 26.058787645], [-111.560314894, 26.057659972], [-111.557375193, 26.057091313], [-111.555905342, 26.056339521], [-111.554017067, 26.052378078], [-111.553598642, 26.052002168], [-111.552128792, 26.051057567], [-111.550444365, 26.048609282], [-111.55296564, 26.047664654], [-111.552965641, 26.047664654], [-111.552965641, 26.047664653], [-111.552965641, 26.044271642], [-111.55233264, 26.041823215], [-111.553180218, 26.040502585], [-111.554220914, 26.039557892], [-111.554220915, 26.039557892], [-111.554220915, 26.039557891], [-111.55380249, 26.038054079], [-111.552547216, 26.036733407], [-111.551742554, 26.035807964], [-111.608605385, 26.035807964], [-111.608573198, 26.036357446], [-111.608573198, 26.036357447], [-111.609410048, 26.039374736], [-111.607103348, 26.042006367], [-111.606470346, 26.043702917], [-111.606470346, 26.043702918], [-111.605215073, 26.045775375], [-111.603112221, 26.046536874], [-111.599335671, 26.047095946], [-111.59933567, 26.047095946], [-111.597243547, 26.048233359], [-111.59408927, 26.049553902], [-111.587587595, 26.051057567], [-111.585280896, 26.052002167], [-111.585280896, 26.052002168], [-111.58569932, 26.053129895], [-111.584444046, 26.056898546], [-111.58045292, 26.057467206], [-111.580452919, 26.057467207], [-111.580452919, 26.058411755], [-111.580249071, 26.059356296], [-111.577094793, 26.059732183], [-111.575775147, 26.060291192], [-111.575775146, 26.060291192]]], [[[-111.622209549, 25.879380517], [-111.624934673, 25.878251123], [-111.624934673, 25.878251122], [-111.625567675, 25.876928656], [-111.627252102, 25.873907199], [-111.627037525, 25.872208199], [-111.626200676, 25.869756189], [-111.626200676, 25.868240552], [-111.625782251, 25.864282426], [-111.626200676, 25.86220677], [-111.62745595, 25.861444078], [-111.628292799, 25.859937989], [-111.632069349, 25.858045695], [-111.634805202, 25.857292631], [-111.634805203, 25.857292631], [-111.638367176, 25.857669163], [-111.642358303, 25.859368373], [-111.644032001, 25.862013684], [-111.644032002, 25.862013684], [-111.646757126, 25.864842364], [-111.644868851, 25.875799239], [-111.643613577, 25.877681595], [-111.639837027, 25.879950036], [-111.639322042, 25.880229968], [-111.622467042, 25.880229968], [-111.622467041, 25.880229968], [-111.622467041, 25.880229969], [-111.622467041, 25.888984755], [-111.622424126, 25.889013712], [-111.621158123, 25.890519431], [-111.619066, 25.893164044], [-111.617381573, 25.895432188], [-111.615493298, 25.89901287], [-111.611931324, 25.904301658], [-111.608358622, 25.908075082], [-111.606051922, 25.910719303], [-111.602693796, 25.912610752], [-111.599968672, 25.914685522], [-111.598080397, 25.915814567], [-111.596192122, 25.915814567], [-111.596192122, 25.915814568], [-111.596192121, 25.915814568], [-111.595140696, 25.917889281], [-111.592200995, 25.919018295], [-111.592200994, 25.919018295], [-111.589894295, 25.921102602], [-111.586750746, 25.923736881], [-111.582341194, 25.92638075], [-111.577727795, 25.929217536], [-111.577513218, 25.929777166], [-111.576043367, 25.939029974], [-111.576043368, 25.939029974], [-111.576043368, 25.939029975], [-111.577931642, 25.941480544], [-111.577931643, 25.941480544], [-111.57961607, 25.943178547], [-111.583607197, 25.94582198], [-111.588842869, 25.951668194], [-111.596556902, 25.959279413], [-111.568812132, 25.959279413], [-111.569123268, 25.956578403], [-111.567653418, 25.954118501], [-111.567653418, 25.9541185], [-111.567653417, 25.9541185], [-111.565346718, 25.952613594], [-111.563662291, 25.949970313], [-111.563243866, 25.946950727], [-111.563876867, 25.942985593], [-111.566601991, 25.940158787], [-111.566601992, 25.940158787], [-111.566601992, 25.940158786], [-111.565765142, 25.928455277], [-111.564509869, 25.926757062], [-111.563876867, 25.922607911], [-111.563876867, 25.917889281], [-111.56431675, 25.917290995], [-111.56432095, 25.917290995], [-111.564320951, 25.917290995], [-111.566398144, 25.914492522], [-111.566398144, 25.914492521], [-111.565979719, 25.9093972], [-111.567234993, 25.903925274], [-111.569960117, 25.899958693], [-111.570174694, 25.902603095], [-111.572685241, 25.90467804], [-111.572685241, 25.904678041], [-111.572685242, 25.904678041], [-111.574155092, 25.904108641], [-111.574155092, 25.90410864], [-111.574584246, 25.901280901], [-111.576043367, 25.900151717], [-111.576043367, 25.900151716], [-111.576257944, 25.898260067], [-111.576676369, 25.895808599], [-111.578360796, 25.894293296], [-111.578521728, 25.894302947], [-111.578521729, 25.894302947], [-111.578521729, 25.894302948], [-111.578521729, 25.894306426], [-111.578521729, 25.894306427], [-111.582974195, 25.894669711], [-111.582974196, 25.894669711], [-111.589057445, 25.896185009], [-111.589057446, 25.896185009], [-111.591578722, 25.895615568], [-111.594089269, 25.895239156], [-111.59408927, 25.895239156], [-111.598080397, 25.891465321], [-111.602275371, 25.887691366], [-111.602275372, 25.887691366], [-111.602908372, 25.886745446], [-111.602908373, 25.886745445], [-111.602908373, 25.886745444], [-111.602908372, 25.886745444], [-111.601653099, 25.885239678], [-111.600387096, 25.883347789], [-111.600387096, 25.882401834], [-111.599754096, 25.880896013], [-111.599754095, 25.880896013], [-111.599754094, 25.880896013], [-111.599131823, 25.882401834], [-111.597243547, 25.88391729], [-111.591578722, 25.887314929], [-111.588842869, 25.888251193], [-111.587383747, 25.888251193], [-111.585280895, 25.887874758], [-111.58339262, 25.887498321], [-111.584025621, 25.885423074], [-111.585484743, 25.882401834], [-111.588424444, 25.879380517], [-111.588424444, 25.879380516], [-111.589379311, 25.877758819], [-111.611845493, 25.877758819], [-111.611094475, 25.878434529], [-111.611094475, 25.87843453], [-111.611512899, 25.880326496], [-111.611512899, 25.880326497], [-111.612768173, 25.882594886], [-111.612768173, 25.882594887], [-111.612768174, 25.882594887], [-111.614871025, 25.883154738], [-111.617177725, 25.882594887], [-111.617177725, 25.882594886], [-111.619269848, 25.881272469], [-111.622209549, 25.879380517]]], [[[-111.674072742, 25.959279413], [-111.678031683, 25.956954619], [-111.679705381, 25.955816321], [-111.681389809, 25.953558986], [-111.683481932, 25.952613594], [-111.684951782, 25.951668194], [-111.686636209, 25.951475254], [-111.68663621, 25.951475254], [-111.688524485, 25.949970313], [-111.69041276, 25.948272408], [-111.692504883, 25.946574479], [-111.694393158, 25.945445728], [-111.695026159, 25.945445728], [-111.695659161, 25.946005281], [-111.696077585, 25.947896165], [-111.696281433, 25.949217836], [-111.696281433, 25.949594075], [-111.695230007, 25.951475254], [-111.692923307, 25.952420655], [-111.691453457, 25.952989822], [-111.685788632, 25.952989822], [-111.685788631, 25.952989822], [-111.68284893, 25.954687659], [-111.682012081, 25.955633035], [-111.679943538, 25.958550171], [-111.67907238, 25.959781022], [-111.677613258, 25.961478761], [-111.673825979, 25.967140929], [-111.673407555, 25.968086205], [-111.673622131, 25.969783824], [-111.673407555, 25.970719433], [-111.672785282, 25.970912341], [-111.671315432, 25.970912341], [-111.671315431, 25.970912341], [-111.670478583, 25.971095604], [-111.670478582, 25.971095604], [-111.670264006, 25.971857587], [-111.669631004, 25.972793179], [-111.669427156, 25.973738409], [-111.669427156, 25.97373841], [-111.669427156, 25.974500375], [-111.669631004, 25.976197902], [-111.669008732, 25.97750961], [-111.66921258, 25.977895404], [-111.665232182, 25.977895404], [-111.665232181, 25.977895404], [-111.663762331, 25.978078655], [-111.663762331, 25.978078656], [-111.66229248, 25.979592881], [-111.661241055, 25.980345164], [-111.661241054, 25.980345165], [-111.66082263, 25.980721304], [-111.659771204, 25.980914196], [-111.659771204, 25.980914197], [-111.659567356, 25.981290334], [-111.659567356, 25.982418741], [-111.659771204, 25.983363893], [-111.659771204, 25.983363894], [-111.659771205, 25.983363894], [-111.661455631, 25.983740024], [-111.66366577, 25.983878295], [-111.663665771, 25.983878295], [-111.663665771, 25.983878294], [-111.663665771, 25.983875045], [-111.663665772, 25.983875045], [-111.664384603, 25.983923267], [-111.664384604, 25.983923267], [-111.667120457, 25.984685166], [-111.669008732, 25.985244533], [-111.669631004, 25.989208242], [-111.669631004, 25.989960464], [-111.669845581, 25.991281662], [-111.669845582, 25.991281662], [-111.669845582, 25.991281663], [-111.67068243, 25.991281663], [-111.67068243, 25.992419617], [-111.669631004, 25.994116885], [-111.668794155, 25.994676206], [-111.66690588, 25.995245169], [-111.665017605, 25.995621261], [-111.663665772, 25.995987708], [-111.663665771, 25.995987708], [-111.663665771, 25.995987021], [-111.663665771, 25.99598702], [-111.66366577, 25.99598702], [-111.662914753, 25.996190218], [-111.662217379, 25.996315581], [-111.662217379, 25.996315582], [-111.66082263, 25.996566308], [-111.658097506, 25.997318482], [-111.658097505, 25.997318482], [-111.657679081, 25.997511347], [-111.65704608, 25.998446735], [-111.656831503, 25.999015679], [-111.656831503, 26.001465], [-111.655361652, 26.002033929], [-111.654320955, 26.002409999], [-111.653054953, 26.002226786], [-111.653054952, 26.002226786], [-111.651585102, 26.002786069], [-111.650329828, 26.002978924], [-111.649278402, 26.002978924], [-111.648023129, 26.003162137], [-111.648023128, 26.003162137], [-111.646553278, 26.003162137], [-111.645298004, 26.003354992], [-111.644246578, 26.003731058], [-111.642562151, 26.003923912], [-111.641725302, 26.004299976], [-111.640051603, 26.005235311], [-111.638785601, 26.005804222], [-111.637734175, 26.00618028], [-111.637111902, 26.006942036], [-111.636275053, 26.007877349], [-111.635223633, 26.008822291], [-111.635223633, 26.008822292], [-111.635223633, 26.008822293], [-111.635223634, 26.008822293], [-111.635223635, 26.008822293], [-111.636275053, 26.008253401], [-111.636275053, 26.009574393], [-111.635223627, 26.011271413], [-111.632283926, 26.012216334], [-111.631028653, 26.013161247], [-111.631028652, 26.013161247], [-111.631028652, 26.013161248], [-111.631028652, 26.015234245], [-111.632069349, 26.018444908], [-111.628925801, 26.018628096], [-111.6289258, 26.018628097], [-111.628507376, 26.020893823], [-111.624934673, 26.020893823], [-111.623260975, 26.021269833], [-111.619720459, 26.023651202], [-111.619720459, 26.020112875], [-111.621158123, 26.019948972], [-111.622424126, 26.017683227], [-111.622424126, 26.016179134], [-111.622627974, 26.015051051], [-111.623679399, 26.012216334], [-111.6236794, 26.012216334], [-111.627037525, 26.011088213], [-111.628711224, 26.010336127], [-111.630610227, 26.00995044], [-111.630610227, 26.009950439], [-111.630610228, 26.009950439], [-111.630610228, 26.008070196], [-111.631650925, 26.004859249], [-111.63270235, 26.004859249], [-111.632702351, 26.004859249], [-111.633335352, 26.004483187], [-111.634590626, 26.003538204], [-111.634590626, 26.003538203], [-111.635845899, 26.001657858], [-111.6358459, 26.001657857], [-111.6358459, 26.000336776], [-111.636060476, 25.999960699], [-111.637734175, 25.999208541], [-111.639000177, 25.999208541], [-111.639000177, 25.99920854], [-111.639000178, 25.99920854], [-111.639418602, 25.997887432], [-111.640051603, 25.997887432], [-111.640051603, 25.997887431], [-111.640051604, 25.997887431], [-111.6410923, 25.997135261], [-111.6410923, 25.99713526], [-111.641092301, 25.99713526], [-111.641392708, 25.996315582], [-111.641393707, 25.996315582], [-111.641393707, 25.996315581], [-111.641393708, 25.996315581], [-111.641510725, 25.995997352], [-111.641510725, 25.995245169], [-111.642776728, 25.994676206], [-111.644032001, 25.993924015], [-111.644032002, 25.993924014], [-111.644246578, 25.992795718], [-111.644665003, 25.990905557], [-111.644665003, 25.990905556], [-111.644032002, 25.989777231], [-111.644032001, 25.989777231], [-111.642776728, 25.989015364], [-111.639418602, 25.985244533], [-111.637948751, 25.982042607], [-111.640673876, 25.980345165], [-111.644665003, 25.979216738], [-111.650329828, 25.97750961], [-111.654943228, 25.975628847], [-111.659771204, 25.973931313], [-111.664384603, 25.971288511], [-111.664384604, 25.971288511], [-111.665232181, 25.970912341], [-111.665232182, 25.970912341], [-111.666412354, 25.969378713], [-111.666412354, 25.969381115], [-111.666412354, 25.969381116], [-111.666412355, 25.969381116], [-111.667120457, 25.968462384], [-111.668161154, 25.964681247], [-111.669845581, 25.96280028], [-111.671937704, 25.960533433], [-111.671937704, 25.960533432], [-111.674073036, 25.959279415], [-111.674073037, 25.959279415], [-111.674073037, 25.959279414], [-111.674073037, 25.959279413], [-111.674073036, 25.959279413], [-111.674072742, 25.959279413]]], [[[-111.619720459, 25.983093851], [-111.622627973, 25.983547137], [-111.622627974, 25.983547137], [-111.627252102, 25.983363894], [-111.630814075, 25.982418741], [-111.639000177, 25.989208242], [-111.639204025, 25.991098432], [-111.638581753, 25.992602846], [-111.638163328, 25.994116885], [-111.637111902, 25.9950523], [-111.6358459, 25.995997352], [-111.634172201, 25.997511347], [-111.631865502, 25.997511347], [-111.631865501, 25.997511347], [-111.631447077, 25.997887431], [-111.631447077, 25.997887432], [-111.6312325, 26.000143916], [-111.630181074, 26.00090571], [-111.630181074, 26.000905711], [-111.628507376, 26.002786069], [-111.626619101, 26.004483187], [-111.624934674, 26.005052101], [-111.624934673, 26.005052101], [-111.623475552, 26.00637313], [-111.621158123, 26.005997072], [-111.619720459, 26.005852434], [-111.619720459, 25.983093851]]], [[[-111.619720459, 26.01332516], [-111.619720459, 26.009940797], [-111.620117426, 26.009767238], [-111.621791124, 26.010895371], [-111.621791124, 26.012033136], [-111.619902849, 26.013161247], [-111.619720459, 26.01332516]]]]}}, {"type": "Feature", "id": 1, "properties": {"actividad": "Conservación y Turismo Alternativo", "conflictos_potenciales": "Afectación a la biodiversidad por el aprovechamiento de fauna o flora silvestre", "fragilidad": "media", "localidad_referencia": "Naocojoa", "nombre": "UGA-18a", "poblacion": 18, "politica_ambiental": "Preservación", "presion": "baja", "superficie_total": 4448.66, "vulnerabilidad": "baja"}, "geometry": {"type": "MultiPolygon", "coordinates": [[[[-111.592265367, 25.996315582], [-111.590430737, 25.997337769], [-111.587705612, 25.998784245], [-111.587701396, 25.998784245], [-111.587701395, 25.998784245], [-111.581933498, 26.001841072], [-111.578682661, 26.004550685], [-111.577523947, 26.005746366], [-111.577523947, 26.005746367], [-111.57684803, 26.008301612], [-111.574906111, 26.010596465], [-111.573210955, 26.012428458], [-111.572835445, 26.013749404], [-111.573318243, 26.020315344], [-111.57160163, 26.020508171], [-111.571601629, 26.020508171], [-111.571065188, 26.023660843], [-111.571065188, 26.023660844], [-111.572180986, 26.02437428], [-111.572545767, 26.025396223], [-111.57233119, 26.027748586], [-111.570689679, 26.028886187], [-111.570689678, 26.028886187], [-111.570689678, 26.028886188], [-111.570711136, 26.02923325], [-111.569627523, 26.031383087], [-111.568415165, 26.033195475], [-111.566677094, 26.03303159], [-111.566677093, 26.03303159], [-111.565850973, 26.030920345], [-111.566516161, 26.026977325], [-111.568232775, 26.024268229], [-111.567900181, 26.022291803], [-111.567653418, 26.017712152], [-111.569402217, 26.015349946], [-111.569402218, 26.015349946], [-111.569402218, 26.015349945], [-111.569402217, 26.015349945], [-111.568329335, 26.013855465], [-111.568329334, 26.013855465], [-111.568329334, 26.013855464], [-111.564509869, 26.014086869], [-111.56136632, 26.014530394], [-111.55869484, 26.014694305], [-111.558694839, 26.014694305], [-111.558040381, 26.014906424], [-111.55804038, 26.014906424], [-111.556881666, 26.013585492], [-111.557836533, 26.012225976], [-111.560218334, 26.011994568], [-111.560604572, 26.011975284], [-111.560604572, 26.011975283], [-111.560604573, 26.011975283], [-111.561838388, 26.010509686], [-111.56339407, 26.009381549], [-111.564928293, 26.009458687], [-111.566280126, 26.010770023], [-111.566280127, 26.010770023], [-111.566280127, 26.010770024], [-111.569530963, 26.011955999], [-111.569530964, 26.011955999], [-111.569530964, 26.011955998], [-111.571816206, 26.005138885], [-111.573597193, 26.002082143], [-111.575775146, 26.000781394], [-111.575775146, 26.000781393], [-111.575775146, 26.000780352], [-111.575775147, 26.000780352], [-111.583253145, 25.996315582], [-111.583257676, 25.996315582], [-111.583257677, 25.996315581], [-111.586375236, 25.994454407], [-111.586375237, 25.994454407], [-111.591889858, 25.992390686], [-111.595945358, 25.988764622], [-111.602382659, 25.985070937], [-111.60238266, 25.985070937], [-111.60238266, 25.985070936], [-111.602725983, 25.977943628], [-111.609238386, 25.981705049], [-111.609581709, 25.982380163], [-111.609678268, 25.983672514], [-111.609227657, 25.985437417], [-111.604753733, 25.98987367], [-111.60302639, 25.989806163], [-111.601856947, 25.990828406], [-111.597071886, 25.993634709], [-111.592263953, 25.99631558], [-111.592263952, 25.99631558], [-111.592263952, 25.996315581], [-111.592263953, 25.996315581], [-111.592263953, 25.996315582], [-111.592265367, 25.996315582]]], [[[-111.631017923, 25.998784245], [-111.631125212, 25.998514237], [-111.632487774, 25.997472774], [-111.635599136, 25.996759173], [-111.635599137, 25.996759173], [-111.637337208, 25.995611617], [-111.638689041, 25.994319398], [-111.638967991, 25.990394437], [-111.638967991, 25.990394436], [-111.633088589, 25.984858763], [-111.631618738, 25.983209584], [-111.634097099, 25.982978118], [-111.6340971, 25.982978118], [-111.634697914, 25.98207154], [-111.638066769, 25.982129407], [-111.639225483, 25.986131798], [-111.640148163, 25.986855107], [-111.641639471, 25.98754948], [-111.643720865, 25.98846566], [-111.644954681, 25.993422551], [-111.64321661, 25.994560485], [-111.641917061, 25.99631558], [-111.641917061, 25.996315581], [-111.641917062, 25.996315581], [-111.641917062, 25.996315582], [-111.641918421, 25.996315582], [-111.641124487, 25.997385985], [-111.639450789, 25.998784245], [-111.639450788, 25.998784245], [-111.639445489, 25.998784245], [-111.639445488, 25.998784245], [-111.639225483, 25.998967464], [-111.635073424, 26.001223927], [-111.635073423, 26.001223927], [-111.635073423, 26.001223928], [-111.634880304, 26.003837128], [-111.630449295, 26.008696947], [-111.630449295, 26.008696948], [-111.630524397, 26.009738311], [-111.628775597, 26.01079895], [-111.625674963, 26.01167638], [-111.624183655, 26.01229347], [-111.623325348, 26.01373012], [-111.622638702, 26.016024867], [-111.622338295, 26.018473832], [-111.62099719, 26.021077008], [-111.619720459, 26.020517812], [-111.619720459, 26.014125437], [-111.621383428, 26.012110272], [-111.621383429, 26.012110272], [-111.621844768, 26.01061575], [-111.621844768, 26.010615749], [-111.620557309, 26.009998651], [-111.620557308, 26.009998651], [-111.620374918, 26.010095072], [-111.620374918, 26.010095073], [-111.619720459, 26.010615749], [-111.619720459, 26.005543873], [-111.630159616, 26.00100214], [-111.630159617, 26.00100214], [-111.630159617, 26.001002139], [-111.631020417, 25.998784246], [-111.631020417, 25.998784245], [-111.631020416, 25.998784245], [-111.631017923, 25.998784245]]]]}}, {"type": "Feature", "id": 1, "properties": {"actividad": "Conservación y Turismo", "conflictos_potenciales": "Afectación a la biodiversidad por el aprovechamiento de fauna o flora silvestre", "fragilidad": "baja", "localidad_referencia": "El picacho, El Batequito", "nombre": "UGA-34a", "poblacion": 7, "politica_ambiental": "Preservación", "presion": "baja", "superficie_total": 10297.88, "vulnerabilidad": "baja"}, "geometry": {"type": "Polygon", "coordinates": [[[-111.64348483085251, 25.877758819284146], [-111.64348483083492, 25.87775881929594], [-111.6398370266058, 25.879950035937917], [-111.63983702658611, 25.879950035949154], [-111.63564205171784, 25.882218433258803], [-111.63564205169635, 25.882218433269124], [-111.63564205167332, 25.88221843327514], [-111.63206934944645, 25.88297133846295], [-111.63206934934371, 25.882971338490385], [-111.63206934924446, 25.882971338528574], [-111.63206934914982, 25.882971338577086], [-111.62493467336076, 25.887121883659614], [-111.62493467326179, 25.887121883725353], [-111.622424125762, 25.88901371162514], [-111.62242412567582, 25.88901371169806], [-111.6224241255984, 25.889013711780226], [-111.62115812302548, 25.890519430671617], [-111.62115812300709, 25.890519430694162], [-111.61972045899972, 25.892333989566403], [-111.61972045898544, 25.892333989582706], [-111.61972045898438, 25.89233398956099], [-111.61972045898438, 25.880982886111827], [-111.61972045898558, 25.880982886087544], [-111.61972045900544, 25.880982886073312], [-111.62220954893137, 25.879380516592853], [-111.62220954895062, 25.87938051658164], [-111.62220954897099, 25.87938051657211], [-111.62493467295586, 25.878251122748704], [-111.62493467305005, 25.878251122703777], [-111.62493467313905, 25.878251122649274], [-111.62493467322187, 25.878251122585795], [-111.62493467329764, 25.87825112251403], [-111.62493467336552, 25.878251122434758], [-111.62493467342476, 25.878251122348843], [-111.62493467347473, 25.878251122257225], [-111.6251707076916, 25.87775881930612], [-111.62517070770343, 25.87775881928435], [-111.62517070772817, 25.877758819283084], [-111.64348483083131, 25.877758819283084], [-111.64348483085251, 25.877758819284146]]]}}, {"type": "Feature", "id": 2, "properties": {"actividad": "Conservación y Turismo Alternativo", "conflictos_potenciales": "Afectación a la biodiversidad por el aprovechamiento de fauna o flora silvestre ", "fragilidad": "baja", "localidad_referencia": "La Fortuna ", "nombre": "UGA-52a", "poblacion": 0, "politica_ambiental": "Preservación", "presion": "baja", "superficie_total": 1313.22, "vulnerabilidad": "baja"}, "geometry": {"type": "MultiPolygon", "coordinates": [[[[-111.619720459, 25.834949548], [-111.619720459, 25.825756182], [-111.621630192, 25.824761479], [-111.624569892, 25.824761479], [-111.624569893, 25.824761479], [-111.624569893, 25.824761478], [-111.627295017, 25.821555194], [-111.627928019, 25.818908978], [-111.629397869, 25.817392689], [-111.630449295, 25.817016028], [-111.628346443, 25.825707895], [-111.628346443, 25.825707896], [-111.62478447, 25.829860451], [-111.62478447, 25.829860452], [-111.62017107, 25.8345826], [-111.619720459, 25.834949548]]], [[[-111.619720459, 25.882179823], [-111.619720459, 25.877758819], [-111.626490355, 25.877758819], [-111.626039743, 25.878579324], [-111.624366045, 25.879148847], [-111.621844769, 25.879332252], [-111.621844768, 25.879332252], [-111.619741917, 25.88217017], [-111.619720459, 25.882179823]]]]}}, {"type": "Feature", "id": 3, "properties": {"actividad": "Conservación y Turismo Alternativo", "conflictos_potenciales": "Afectación a la biodiversidad por el aprovechamiento de fauna o flora silvestre ", "fragilidad": "baja", "localidad_referencia": "La Fortuna ", "nombre": "UGA-52a", "poblacion": 0, "politica_ambiental": "Preservación", "presion": "baja", "superficie_total": 1313.22, "vulnerabilidad": "baja"}, "geometry": {"type": "MultiPolygon", "coordinates": [[[[-111.60274744, 25.825707896], [-111.605687141, 25.830430209], [-111.605687142, 25.830430209], [-111.609882116, 25.82967697], [-111.610718966, 25.82967697], [-111.612403392, 25.830430209], [-111.612403393, 25.830430209], [-111.614710093, 25.82835396], [-111.621630192, 25.824761479], [-111.622467041, 25.824761479], [-111.622467041, 25.832236034], [-111.62017107, 25.8345826], [-111.615546942, 25.838358251], [-111.615546942, 25.838358252], [-111.615117788, 25.840685383], [-111.587855816, 25.840685383], [-111.587855816, 25.836475269], [-111.589744091, 25.827407564], [-111.596878766, 25.83061369], [-111.596878767, 25.83061369], [-111.596878768, 25.83061369], [-111.599389315, 25.827977334], [-111.60274744, 25.825707896]]], [[[-111.619720459, 25.859706281], [-111.624569893, 25.860642764], [-111.628561018, 25.860642764], [-111.628561019, 25.860642764], [-111.628561019, 25.860642763], [-111.628561019, 25.860642762], [-111.627295017, 25.858190515], [-111.627295017, 25.858190514], [-111.626039743, 25.857813983], [-111.63086772, 25.857813983], [-111.628979445, 25.861019286], [-111.628979444, 25.861019286], [-111.627295017, 25.862535016], [-111.62625432, 25.864417583], [-111.62625432, 25.864417584], [-111.62625432, 25.866686279], [-111.626672745, 25.870084414], [-111.62625432, 25.872159931], [-111.62625432, 25.872159932], [-111.627509594, 25.875934383], [-111.626039743, 25.878579324], [-111.624366045, 25.879148847], [-111.621844769, 25.879332252], [-111.621844768, 25.879332252], [-111.621844767, 25.879332254], [-111.621179581, 25.880229968], [-111.621179576, 25.880229968], [-111.621179575, 25.880229968], [-111.621179575, 25.880229969], [-111.619741917, 25.88217017], [-111.616179943, 25.883675976], [-111.612607241, 25.883675976], [-111.610933542, 25.881793715], [-111.611770391, 25.878009798], [-111.611974239, 25.877758819], [-111.619720458, 25.877758819], [-111.619720459, 25.877758819], [-111.619720459, 25.877758818], [-111.619720459, 25.859706281]]]]}}, {"type": "Feature", "id": 1, "properties": {"actividad": "Conservación y Turismo Alternativo", "conflictos_potenciales": "Afectación a la biodiversidad por el aprovechamiento de fauna o flora silvestre ", "fragilidad": "baja", "localidad_referencia": "Rancho Nuevo", "nombre": "UGA-65a", "poblacion": 0, "politica_ambiental": "Preservación", "presion": "baja", "superficie_total": 3579.25, "vulnerabilidad": "baja"}, "geometry": {"type": "Polygon", "coordinates": [[[-111.586503983, 25.84042467], [-111.586503982, 25.84042467], [-111.579487324, 25.838203751], [-111.57852173, 25.837706423], [-111.578521729, 25.837706423], [-111.578521729, 25.837706424], [-111.578521729, 25.837711281], [-111.578521728, 25.837711281], [-111.573704481, 25.835229587], [-111.5617311, 25.825563036], [-111.555540562, 25.824075805], [-111.550165415, 25.822221567], [-111.553888321, 25.817759691], [-111.553888321, 25.81775969], [-111.553888321, 25.809212119], [-111.556023359, 25.798654775], [-111.575775145, 25.798654775], [-111.575775146, 25.798654775], [-111.575775146, 25.798654774], [-111.575775146, 25.787439586], [-111.575775147, 25.787439586], [-111.58072114, 25.786541165], [-111.583607197, 25.783565704], [-111.589797735, 25.781710832], [-111.600944996, 25.781710832], [-111.609613895, 25.780966944], [-111.614162922, 25.782454717], [-111.621897221, 25.788420155], [-111.622831821, 25.789139803], [-111.629430056, 25.796201241], [-111.630020142, 25.801127576], [-111.630014496, 25.801127576], [-111.630014496, 25.801127577], [-111.630014495, 25.801127577], [-111.630014495, 25.801127578], [-111.631908417, 25.817016028], [-111.630256176, 25.818136349], [-111.62984848, 25.818880004], [-111.626962423, 25.823708822], [-111.622831821, 25.825196059], [-111.619720459, 25.825447149], [-111.619720459, 25.825446902], [-111.619720459, 25.825446901], [-111.619720458, 25.825446901], [-111.618282795, 25.825563036], [-111.618282795, 25.825563037], [-111.617048979, 25.827050249], [-111.615815163, 25.830401239], [-111.612918377, 25.830024619], [-111.604249477, 25.830024619], [-111.604667902, 25.828170476], [-111.604667902, 25.828170475], [-111.604667901, 25.828170475], [-111.602597237, 25.826683277], [-111.602597236, 25.826683277], [-111.601771116, 25.827426878], [-111.599292755, 25.828170475], [-111.595999002, 25.8307682], [-111.592694521, 25.8307682], [-111.590623857, 25.826683278], [-111.590623856, 25.826683278], [-111.590623855, 25.826683278], [-111.587330103, 25.834852983], [-111.586831849, 25.838213407], [-111.586831849, 25.838213408], [-111.58683185, 25.838213408], [-111.586836576, 25.838213408], [-111.586503983, 25.84042467]]]}}, {"type": "Feature", "id": 1, "properties": {"actividad": "Conservación", "conflictos_potenciales": "Afectación a la biodiversidad por el aprovechamiento de fauna o flora silvestre ", "fragilidad": "baja", "localidad_referencia": "Las Parras, Agua Escondida, La Poza de Gonzalez, Las Palmas ", "nombre": "UGA-37b", "poblacion": 76, "politica_ambiental": "Preservación", "presion": "baja", "superficie_total": 2344.39, "vulnerabilidad": "baja"}, "geometry": {"type": "MultiPolygon", "coordinates": [[[[-111.443939209, 25.989536135], [-111.443939209, 25.989536026], [-111.443939209, 25.989536025], [-111.443939208, 25.989536025], [-111.44374609, 25.989584354], [-111.442801952, 25.989777231], [-111.440602541, 25.989960464], [-111.439336539, 25.990336573], [-111.439336538, 25.990336573], [-111.439336538, 25.990336574], [-111.43913269, 25.990625887], [-111.43766284, 25.9913781], [-111.435248852, 25.990809119], [-111.435248851, 25.990809119], [-111.433253288, 25.991754204], [-111.431472302, 25.991947078], [-111.431472301, 25.991947078], [-111.429058313, 25.991947078], [-111.426225901, 25.99250641], [-111.423919201, 25.992419617], [-111.423597336, 25.991657768], [-111.423597336, 25.991657767], [-111.422342062, 25.990722325], [-111.421612501, 25.988176341], [-111.422138214, 25.988079901], [-111.422138214, 25.9880799], [-111.423286199, 25.986662225], [-111.4232862, 25.986662225], [-111.424123049, 25.984212596], [-111.425914764, 25.979679683], [-111.427170038, 25.97750961], [-111.429787874, 25.97713346], [-111.431676149, 25.976284707], [-111.435667276, 25.975821748], [-111.438606977, 25.974876534], [-111.442801952, 25.974780083], [-111.442801953, 25.974780083], [-111.446685791, 25.973294731], [-111.446685791, 25.973297741], [-111.446685791, 25.973297742], [-111.446685792, 25.973297742], [-111.446996927, 25.973178988], [-111.449625492, 25.972040848], [-111.454442739, 25.97053617], [-111.458015442, 25.969590914], [-111.461373568, 25.969494459], [-111.46420598, 25.969214738], [-111.467145681, 25.968838562], [-111.469656229, 25.968269472], [-111.472177505, 25.967140929], [-111.472177506, 25.967140929], [-111.475750208, 25.965915918], [-111.477842331, 25.965250355], [-111.477842331, 25.967140929], [-111.478260755, 25.969311194], [-111.478260756, 25.969311194], [-111.479108334, 25.97053617], [-111.480052471, 25.97166468], [-111.480256319, 25.973178988], [-111.479945183, 25.975821747], [-111.479945183, 25.975821748], [-111.48088932, 25.976853758], [-111.480996609, 25.977895403], [-111.480996609, 25.977895404], [-111.48245573, 25.978454802], [-111.482777596, 25.980721304], [-111.480470896, 25.982891318], [-111.476898193, 25.986565784], [-111.457382441, 25.986941904], [-111.455183029, 25.987231226], [-111.453294754, 25.987510904], [-111.452243328, 25.988079901], [-111.450462341, 25.987790581], [-111.44909978, 25.987887021], [-111.449099779, 25.987887021], [-111.449099779, 25.987887022], [-111.448992491, 25.988639251], [-111.446685792, 25.988963848], [-111.446685791, 25.988963848], [-111.446685791, 25.988963849], [-111.446685791, 25.988967145], [-111.445634365, 25.989111803], [-111.443939209, 25.989536135]]], [[[-111.539307833, 25.721972353], [-111.538589001, 25.721073438], [-111.537966728, 25.719836209], [-111.537966728, 25.719082267], [-111.53785944, 25.717197391], [-111.53785944, 25.71719739], [-111.53711915, 25.71634677], [-111.536175013, 25.716153446], [-111.534576417, 25.715988597], [-111.534576416, 25.715988597], [-111.534576416, 25.715988598], [-111.534576416, 25.715989121], [-111.534394026, 25.715969788], [-111.532924175, 25.713321217], [-111.531872749, 25.71171658], [-111.531872749, 25.711716579], [-111.529887915, 25.709628585], [-111.529362202, 25.707550221], [-111.530306339, 25.706602862], [-111.530306339, 25.706602861], [-111.530413628, 25.704814458], [-111.531357765, 25.702639337], [-111.531829834, 25.701696519], [-111.531829834, 25.701691939], [-111.532398462, 25.700560851], [-111.533761024, 25.698288976], [-111.535756588, 25.695543332], [-111.537644863, 25.692807294], [-111.540691853, 25.691009015], [-111.540584564, 25.692517251], [-111.541110277, 25.693368042], [-111.542998552, 25.694885915], [-111.542998553, 25.694885916], [-111.548030376, 25.694692557], [-111.547933817, 25.695446654], [-111.546882391, 25.696113735], [-111.545101404, 25.696964501], [-111.542268991, 25.698762689], [-111.53942585, 25.699323409], [-111.53942585, 25.69932341], [-111.536700726, 25.701218237], [-111.536700725, 25.701218237], [-111.535230875, 25.703113033], [-111.535230875, 25.703113034], [-111.535134315, 25.705094804], [-111.535230875, 25.70877791], [-111.536604166, 25.710102254], [-111.538063288, 25.712557567], [-111.540380716, 25.715206155], [-111.542998552, 25.71832832], [-111.544886827, 25.720783464], [-111.545830965, 25.721972353], [-111.539307833, 25.721972353]]], [[[-111.555486918, 25.759440454], [-111.555486918, 25.759440455], [-111.556431055, 25.761517912], [-111.556452513, 25.761556562], [-111.556450076, 25.761556562], [-111.556450075, 25.761556562], [-111.556450075, 25.761556563], [-111.557267904, 25.763218501], [-111.557053328, 25.765962581], [-111.54855609, 25.766146162], [-111.548556089, 25.766146162], [-111.548556089, 25.766146163], [-111.548352242, 25.767750065], [-111.548352241, 25.767750065], [-111.547193527, 25.767663107], [-111.546989679, 25.76511231], [-111.546989679, 25.765112309], [-111.545627117, 25.761894749], [-111.545445172, 25.761556562], [-111.545445171, 25.761556562], [-111.545444727, 25.761556562], [-111.545324412, 25.761332104], [-111.544114351, 25.759082935], [-111.544118802, 25.759082935], [-111.544118803, 25.759082935], [-111.544118803, 25.759082934], [-111.544118803, 25.759082933], [-111.542891264, 25.756792852], [-111.541421413, 25.752917969], [-111.540058851, 25.750086616], [-111.539114714, 25.747719051], [-111.541947126, 25.74601824], [-111.545101404, 25.743563618], [-111.545101404, 25.743563617], [-111.545101404, 25.743466978], [-111.546045542, 25.743370338], [-111.545412541, 25.74771905], [-111.545412541, 25.747719051], [-111.546882391, 25.748095931], [-111.547933817, 25.749893347], [-111.553072929, 25.755285431], [-111.55454278, 25.756792852], [-111.554650068, 25.758966982], [-111.554650069, 25.758966983], [-111.555486917, 25.759440454], [-111.555486918, 25.759440454]]], [[[-111.57961607, 25.672666957], [-111.578253508, 25.671622622], [-111.578253507, 25.671622622], [-111.577065159, 25.671239545], [-111.576783657, 25.6711488], [-111.575206518, 25.670771675], [-111.575732231, 25.668499232], [-111.576676369, 25.666797288], [-111.577202082, 25.664814881], [-111.577202082, 25.66481488], [-111.580560207, 25.658383916], [-111.583499908, 25.656304657], [-111.588327885, 25.653935226], [-111.590945721, 25.652242746], [-111.591364145, 25.653848184], [-111.591364145, 25.653848185], [-111.591364146, 25.653848185], [-111.593885422, 25.65535689], [-111.597554684, 25.65535689], [-111.596084833, 25.656304657], [-111.593670845, 25.657155707], [-111.591160297, 25.658664371], [-111.588113308, 25.660559845], [-111.585173607, 25.663306294], [-111.583178044, 25.664341032], [-111.583178043, 25.664341032], [-111.582030058, 25.665482133], [-111.582030058, 25.665482134], [-111.581504345, 25.666797288], [-111.58108592, 25.6682188], [-111.580452919, 25.669920723], [-111.580249071, 25.671438895], [-111.57961607, 25.672666957]]], [[[-111.614259481, 25.642764415], [-111.616126299, 25.640888003], [-111.617821455, 25.642764415], [-111.614259481, 25.642764415]]], [[[-111.620213985, 25.645424227], [-111.619902849, 25.64524046], [-111.619720459, 25.64524046], [-111.619720459, 25.644872925], [-111.620213985, 25.645424227]]]]}}, {"type": "Feature", "id": 1, "properties": {"actividad": "Conservación y Turismo Alternativo", "conflictos_potenciales": "Afectación a la biodiversidad por el aprovechamiento de la fauna silvestre", "fragilidad": "media", "localidad_referencia": "Canipole", "nombre": "UGA-5A", "poblacion": 0, "politica_ambiental": "Preservación", "presion": "media", "superficie_total": 1422.74, "vulnerabilidad": "media"}, "geometry": {"type": "MultiPolygon", "coordinates": [[[[-111.62246704101462, 26.316295876490017], [-111.62246704101562, 26.316295876510555], [-111.62246704101562, 26.321719683076722], [-111.6224670410145, 26.32171968309978], [-111.62246704099132, 26.321719683101243], [-111.6218018532046, 26.321729299553375], [-111.6218018531811, 26.32172929955255], [-111.6218018531798, 26.321729299529032], [-111.62178039550794, 26.317546067225265], [-111.62178039550909, 26.31754606720031], [-111.62178039552006, 26.317546067177673], [-111.62246704100383, 26.316295876507557], [-111.62246704101462, 26.316295876490017]]], [[[-111.62246704101462, 26.32185431337199], [-111.62246704101562, 26.32185431339243], [-111.62246704101562, 26.323085211385912], [-111.62246704101443, 26.32308521140976], [-111.62246704099064, 26.323085211410252], [-111.62181258204022, 26.323065978730384], [-111.62181258201778, 26.323065978728636], [-111.62181258202749, 26.32306597870839], [-111.62246704100394, 26.32185431338964], [-111.62246704101462, 26.32185431337199]]]]}}, {"type": "Feature", "id": 4, "properties": {"actividad": "Conservación y Turismo", "conflictos_potenciales": "Afectación a la biodiversidad por el aprovechamiento de fauna o flora silvestre", "fragilidad": "baja", "localidad_referencia": "El picacho, El Batequito", "nombre": "UGA-34a", "poblacion": 7, "politica_ambiental": "Preservación", "presion": "baja", "superficie_total": 10297.88, "vulnerabilidad": "baja"}, "geometry": {"type": "MultiPolygon", "coordinates": [[[[-111.589894295, 25.997135261], [-111.591407061, 25.996315582], [-111.591409055, 25.996315582], [-111.591409055, 25.996315581], [-111.593048573, 25.995428393], [-111.595355272, 25.994300111], [-111.596825123, 25.992978947], [-111.599550247, 25.991474537], [-111.602071524, 25.990336573], [-111.604378223, 25.988639251], [-111.608358621, 25.985061293], [-111.608358622, 25.985061292], [-111.6092062, 25.981849717], [-111.610246897, 25.982225852], [-111.611716747, 25.982225852], [-111.615074873, 25.98261163], [-111.619066, 25.982987763], [-111.622467041, 25.983518204], [-111.622467041, 26.006209208], [-111.621158123, 26.005997072], [-111.619269848, 26.005804222], [-111.617799998, 26.006556337], [-111.617799997, 26.006556337], [-111.617799997, 26.006556338], [-111.617381573, 26.008253401], [-111.614656449, 26.008253401], [-111.614656448, 26.008253401], [-111.611298323, 26.011271413], [-111.608777046, 26.012216334], [-111.607103348, 26.012592372], [-111.606684923, 26.013913315], [-111.606684924, 26.013913315], [-111.606684924, 26.013913316], [-111.608991623, 26.014482185], [-111.611298323, 26.013913316], [-111.612768173, 26.01373012], [-111.614871025, 26.012968409], [-111.614871025, 26.012968408], [-111.616340876, 26.012033136], [-111.618014574, 26.010712171], [-111.620117426, 26.009767238], [-111.621791124, 26.010895371], [-111.621791124, 26.012033136], [-111.619902849, 26.013161247], [-111.618229152, 26.014665378], [-111.618229152, 26.014665379], [-111.618229152, 26.01466538], [-111.619699001, 26.01542708], [-111.618647576, 26.016931183], [-111.618647575, 26.016931183], [-111.618432999, 26.018252078], [-111.618432999, 26.019765785], [-111.618432999, 26.019765786], [-111.619484424, 26.020141799], [-111.619484425, 26.020141799], [-111.621158123, 26.019948972], [-111.622424126, 26.017683227], [-111.622424126, 26.016179134], [-111.622467041, 26.015938091], [-111.622467041, 26.021800102], [-111.617381573, 26.025232327], [-111.611298323, 26.028433076], [-111.608573199, 26.031267401], [-111.608573198, 26.031267401], [-111.608573198, 26.031267402], [-111.608777046, 26.032578495], [-111.608573198, 26.036357446], [-111.608573198, 26.036357447], [-111.60910964, 26.038275796], [-111.575775147, 26.038275796], [-111.575775146, 26.038275796], [-111.575775146, 26.00879337], [-111.575839519, 26.008639094], [-111.57583952, 26.008639093], [-111.578779221, 26.005052101], [-111.581504345, 26.002409999], [-111.582974195, 26.002033929], [-111.582974196, 26.002033929], [-111.585280895, 26.000905711], [-111.585280895, 26.00090571], [-111.587383747, 25.99958462], [-111.588842869, 25.998446735], [-111.589894295, 25.997135261]]], [[[-111.575775146, 25.956809921], [-111.575775147, 25.956809921], [-111.594057083, 25.956809921], [-111.597447395, 25.960157228], [-111.596825123, 25.961854961], [-111.596825123, 25.961854962], [-111.595559121, 25.962607358], [-111.59555912, 25.962607358], [-111.59555912, 25.962607359], [-111.59555912, 25.962983555], [-111.593670846, 25.963928864], [-111.593670845, 25.963928864], [-111.593670845, 25.963928865], [-111.593670845, 25.964497975], [-111.594303846, 25.965067083], [-111.594303847, 25.965067083], [-111.596192121, 25.965067083], [-111.596192122, 25.965067083], [-111.599550247, 25.964681247], [-111.59933567, 25.96600273], [-111.598713398, 25.967324197], [-111.598713398, 25.967324198], [-111.598498821, 25.969214738], [-111.598294973, 25.971481418], [-111.598294973, 25.971481419], [-111.598498821, 25.972986084], [-111.599968672, 25.975435947], [-111.600805521, 25.976757308], [-111.600805521, 25.976757309], [-111.602908373, 25.977702507], [-111.602908373, 25.979216738], [-111.603326797, 25.980721304], [-111.601438523, 25.98261163], [-111.601438522, 25.98261163], [-111.601223946, 25.985813541], [-111.601223946, 25.987510904], [-111.596825123, 25.988639251], [-111.594936848, 25.989584354], [-111.592833996, 25.990529449], [-111.591160298, 25.991474537], [-111.591160297, 25.991474537], [-111.589894295, 25.992795718], [-111.58716917, 25.994116885], [-111.584025622, 25.9950523], [-111.584025621, 25.9950523], [-111.582620144, 25.996315581], [-111.582620144, 25.996315582], [-111.582555771, 25.996373441], [-111.577931643, 25.997511347], [-111.577931642, 25.997511347], [-111.57730937, 25.998639598], [-111.57583952, 26.000336776], [-111.575839519, 26.000336776], [-111.575775147, 26.000365705], [-111.575775146, 26.000365705], [-111.575775146, 25.956809921]]]]}}, {"type": "Feature", "id": 5, "properties": {"actividad": "Conservación y Turismo Alternativo", "conflictos_potenciales": "Afectación a la biodiversidad por el aprovechamiento de la fauna silvestre", "fragilidad": "baja", "localidad_referencia": "El Batequito, San Vicente ", "nombre": "UGA-11a", "poblacion": 0, "politica_ambiental": "Preservación", "presion": "baja", "superficie_total": 28489.88, "vulnerabilidad": "baja"}, "geometry": {"type": "Polygon", "coordinates": [[[-111.62246704101456, 26.021964002413156], [-111.62246704101562, 26.021964002435052], [-111.62246704101562, 26.038275796329035], [-111.62246704101447, 26.0382757963524], [-111.6224670409911, 26.03827579635355], [-111.60820841791731, 26.03827579635355], [-111.60820841789283, 26.038275796352327], [-111.60820841787184, 26.038275796339523], [-111.60781145097835, 26.038005879699543], [-111.6078114509594, 26.038005879685265], [-111.60781145095825, 26.038005879661558], [-111.60781145095825, 26.0368394469667], [-111.60781145096041, 26.036839446920215], [-111.6079831123306, 26.03499819484011], [-111.60798311233489, 26.034998194740847], [-111.60797238349932, 26.03333043886109], [-111.60797238350037, 26.033330438836654], [-111.60797238351485, 26.033330438817064], [-111.60907745360394, 26.03198079239266], [-111.60907745362324, 26.031980792370426], [-111.6100001335, 26.03097818783539], [-111.61000013353008, 26.030978187805363], [-111.61165237419483, 26.029464624384065], [-111.61165237426395, 26.029464624314194], [-111.61165237432589, 26.029464624237878], [-111.61312222479393, 26.02745936363736], [-111.61312222480845, 26.027459363619382], [-111.61312222482866, 26.027459363607907], [-111.61644816396877, 26.025772218703732], [-111.61644816400425, 26.02577221868744], [-111.62013888341073, 26.024248947085553], [-111.6201388834977, 26.024248947044658], [-111.62013888358035, 26.0242489469956], [-111.62013888365792, 26.024248946938837], [-111.62013888372967, 26.024248946874888], [-111.6224670409981, 26.021964002427808], [-111.62246704101456, 26.021964002413156]]]}}, {"type": "Feature", "id": 1, "properties": {"actividad": "Conservación y Turismo Alternativo", "conflictos_potenciales": "Afectación a la biodiversidad por el aprovechamiento de fauna o flora silvestre ", "fragilidad": "baja", "localidad_referencia": "Rancho Viejo", "nombre": "UGA-42", "poblacion": 2, "politica_ambiental": "Preservación", "presion": "baja", "superficie_total": 11034.33, "vulnerabilidad": "baja"}, "geometry": {"type": "MultiPolygon", "coordinates": [[[[-111.6017282009109, 25.886861272354178], [-111.60172820089541, 25.886861272370957], [-111.59731864929994, 25.8912047194959], [-111.59731864928371, 25.891204719511173], [-111.59417510034487, 25.894032700283223], [-111.59417510032601, 25.894032700298585], [-111.59417510030218, 25.89403270030319], [-111.5901839733236, 25.894602148986355], [-111.59018397330112, 25.894602148989048], [-111.58431530001185, 25.89517159492638], [-111.58431529998781, 25.895171594927547], [-111.58431529996372, 25.895171594926385], [-111.57852172961204, 25.894610462173574], [-111.57852172951411, 25.894610462168917], [-111.5785217294162, 25.894610462173873], [-111.57852172931923, 25.894610462188393], [-111.57852172922416, 25.894610462212338], [-111.5785217291319, 25.894610462245474], [-111.5785217290433, 25.89461046228749], [-111.57852172895927, 25.894610462337976], [-111.57852172888057, 25.89461046239645], [-111.57852172880798, 25.89461046246235], [-111.57852172874219, 25.894610462535038], [-111.57852172868384, 25.894610462613823], [-111.57852172863349, 25.89461046269794], [-111.57852172859161, 25.894610462786584], [-111.5785217285586, 25.894610462878905], [-111.57852172853481, 25.894610462974015], [-111.57852172852043, 25.894610463070993], [-111.57852172851562, 25.894610463168917], [-111.57852172851562, 25.89461180061234], [-111.57852172851447, 25.894611800635673], [-111.578521728491, 25.894611800634195], [-111.57843589816419, 25.894602149025854], [-111.57843589807099, 25.89460214901976], [-111.57843589797764, 25.894602149022393], [-111.57843589788494, 25.89460214903372], [-111.5784358977937, 25.894602149053647], [-111.57843589770471, 25.894602149081997], [-111.57843589761876, 25.894602149118526], [-111.5784358975366, 25.89460214916291], [-111.57577514650497, 25.896204311900807], [-111.57577514648544, 25.89620431191132], [-111.57577514648438, 25.896204311889285], [-111.57577514648438, 25.896203323501155], [-111.57577514647977, 25.896203323405278], [-111.57577514646599, 25.896203323310285], [-111.57577514644316, 25.89620332321705], [-111.57577514641152, 25.896203323126436], [-111.57577514637131, 25.89620332303927], [-111.57577514632294, 25.896203322956364], [-111.57577514626685, 25.896203322878474], [-111.57577514620354, 25.896203322806322], [-111.57577514613361, 25.896203322740572], [-111.5757751460577, 25.896203322681828], [-111.57577514597651, 25.896203322630633], [-111.57577514589077, 25.89620332258746], [-111.5757751458013, 25.896203322552704], [-111.5757751457089, 25.896203322526688], [-111.57577514561444, 25.89620332250965], [-111.57577514551879, 25.896203322501748], [-111.57577514542281, 25.89620332250305], [-111.5757751453274, 25.896203322513554], [-111.57577514523344, 25.89620332253315], [-111.57577514514178, 25.89620332256167], [-111.57577514505329, 25.896203322598843], [-111.57577514496876, 25.896203322644332], [-111.57529234922099, 25.896493856893052], [-111.5752923491386, 25.896493856948368], [-111.57529234906212, 25.896493857011578], [-111.57529234899228, 25.896493857082053], [-111.57529234892976, 25.896493857159104], [-111.57529234887518, 25.896493857241975], [-111.5752923488291, 25.896493857329844], [-111.57529234879193, 25.89649385742185], [-111.57529234876408, 25.896493857517083], [-111.57465934756166, 25.89913833691064], [-111.57465934754107, 25.899138337026226], [-111.57465934753418, 25.89913833714343], [-111.57465934753418, 25.9012133436128], [-111.57465934753279, 25.90121334363898], [-111.57465934751843, 25.901213343660707], [-111.5734040737504, 25.902911926494752], [-111.57340407368588, 25.902911926593816], [-111.57297492028509, 25.903664699759787], [-111.57297492027229, 25.90366469977987], [-111.57297492024944, 25.903664699773334], [-111.57130122187108, 25.903095294833115], [-111.57130122184842, 25.903095294824123], [-111.57130122183676, 25.903095294802615], [-111.57066822052964, 25.901773106635797], [-111.57066822052103, 25.901773106615522], [-111.57066822052003, 25.901773106593524], [-111.57066822052003, 25.900267533043692], [-111.57066822051526, 25.900267532946163], [-111.570668220501, 25.90026753284956], [-111.5706682204774, 25.900267532754814], [-111.57066822044466, 25.90026753266282], [-111.5706682204031, 25.900267532574457], [-111.57066822035313, 25.900267532490567], [-111.57066822029522, 25.900267532411952], [-111.5706682202299, 25.900267532339363], [-111.57066822015783, 25.900267532273485], [-111.57066822007967, 25.900267532214954], [-111.57066821999618, 25.900267532164325], [-111.57066821990814, 25.90026753212208], [-111.5706682198164, 25.90026753208862], [-111.57066821972184, 25.90026753206427], [-111.57066821962536, 25.900267532049256], [-111.57066821952787, 25.900267532043724], [-111.5706682194303, 25.900267532047724], [-111.5706682193336, 25.900267532061225], [-111.57066821923867, 25.90026753208409], [-111.57066821914641, 25.900267532116107], [-111.57066821905774, 25.900267532156967], [-111.57066821897345, 25.900267532206282], [-111.56836152101528, 25.901773106453813], [-111.56836152093753, 25.901773106510063], [-111.56836152086552, 25.901773106573504], [-111.56836152079994, 25.901773106643553], [-111.56836152074136, 25.901773106719567], [-111.56836152069035, 25.901773106800846], [-111.56836152064736, 25.901773106886644], [-111.56752467156586, 25.903664699755783], [-111.56752467155324, 25.903664699780492], [-111.56752467153794, 25.903664699803695], [-111.56584024446157, 25.905932641174942], [-111.56584024441032, 25.90593264125099], [-111.56584024436627, 25.905932641331407], [-111.56584024432975, 25.905932641415525], [-111.5658402443011, 25.90593264150263], [-111.56584024428055, 25.905932641592], [-111.56584024426827, 25.90593264168287], [-111.56542181968814, 25.910651750357545], [-111.56542181968604, 25.910651750385963], [-111.56521797180321, 25.91404861988679], [-111.56521797180059, 25.914048619910925], [-111.56521797179575, 25.914048619934285], [-111.56458497048126, 25.91649970928638], [-111.5645849704728, 25.916499709312944], [-111.5645849704587, 25.916499709336883], [-111.56405711033649, 25.9172909934579], [-111.56405711028611, 25.917290993542082], [-111.56405711024424, 25.917290993630793], [-111.56405711021125, 25.91729099372318], [-111.56405711018748, 25.91729099381836], [-111.56405711017314, 25.917290993915408], [-111.56405711016838, 25.917290994013392], [-111.56405711017325, 25.917290994111372], [-111.56405711018769, 25.917290994208404], [-111.56405711021156, 25.917290994303556], [-111.56405711024466, 25.91729099439591], [-111.56405711028664, 25.917290994484574], [-111.5640571103371, 25.9172909945687], [-111.56405711039557, 25.917290994647477], [-111.56405711046146, 25.917290994720144], [-111.56405711053418, 25.917290994786008], [-111.56405711061298, 25.91729099484443], [-111.56405711069714, 25.917290994894845], [-111.56405711078582, 25.917290994936778], [-111.5640571108782, 25.917290994969814], [-111.56405711097335, 25.917290994993643], [-111.5640571110704, 25.917290995008035], [-111.56405711116838, 25.917290995012845], [-111.56405925748277, 25.917290995012845], [-111.56405925750528, 25.91729099501395], [-111.56405925749367, 25.917290995033266], [-111.56332969682416, 25.918381416351988], [-111.56332969677361, 25.918381416436223], [-111.56332969673157, 25.91838141652501], [-111.56332969669845, 25.91838141661749], [-111.56332969667454, 25.918381416712776], [-111.56332969666012, 25.918381416809947], [-111.56332969665529, 25.918381416908066], [-111.56332969665529, 25.925743910591123], [-111.56332969665948, 25.925743910682566], [-111.56332969667201, 25.925743910773242], [-111.56332969669279, 25.92574391086239], [-111.56332969672162, 25.92574391094927], [-111.56332969675829, 25.925743911033145], [-111.5641665458143, 25.927442140308955], [-111.56416654587406, 25.92744214041376], [-111.56416654594601, 25.927442140510603], [-111.56479954717835, 25.928194757050836], [-111.56479954719426, 25.928194757071907], [-111.56479954720527, 25.92819475709565], [-111.56563639640002, 25.930278901160403], [-111.56563639640717, 25.93027890118071], [-111.56563639640888, 25.930278901201948], [-111.5658402442921, 25.935749604055534], [-111.56584024429074, 25.935749604115234], [-111.56563639641094, 25.93820024218986], [-111.56563639640055, 25.938200242257732], [-111.56500339508577, 25.941027096098516], [-111.56500339507953, 25.941027096121267], [-111.56500339506539, 25.941027096139962], [-111.56311512013609, 25.943294318747434], [-111.56311512007497, 25.943294318828922], [-111.56311512002246, 25.943294318916212], [-111.56311511997909, 25.94329431900839], [-111.56311511994534, 25.943294319104503], [-111.56311511992153, 25.94329431920355], [-111.56311511990792, 25.943294319304503], [-111.56291127205083, 25.945744800134122], [-111.56291127204794, 25.945744800156476], [-111.56291127204095, 25.945744800178222], [-111.56227827085806, 25.947442741084366], [-111.56227827082962, 25.94744274117308], [-111.56227827080956, 25.94744274126406], [-111.56227827079805, 25.947442741356507], [-111.56227827079519, 25.947442741449628], [-111.56227827080102, 25.94744274154261], [-111.56227827081547, 25.947442741634646], [-111.56227827083842, 25.947442741724934], [-111.56227827086967, 25.9474427418127], [-111.56374812124635, 25.95103149130812], [-111.5637481212798, 25.95103149138126], [-111.56479954707352, 25.953105584307032], [-111.56479954712601, 25.95310558439831], [-111.5647995471878, 25.953105584483563], [-111.56479954725822, 25.953105584561847], [-111.56479954733648, 25.95310558463229], [-111.5647995474217, 25.95310558469412], [-111.56625866888359, 25.95405097303506], [-111.5662586688991, 25.954050973045966], [-111.56625866891372, 25.95405097305803], [-111.56752467153711, 25.955179641191013], [-111.5675246715535, 25.955179641207064], [-111.56752467155458, 25.95517964122998], [-111.56752467155458, 25.95895143651516], [-111.56752467156092, 25.958951436627476], [-111.56752467157982, 25.95895143673837], [-111.56759977340141, 25.95927941310197], [-111.56759977340552, 25.959279413125106], [-111.567599773382, 25.959279413126282], [-111.53457641701563, 25.959279413126282], [-111.53457641691762, 25.959279413131096], [-111.53457641682054, 25.959279413145495], [-111.53457641672534, 25.95927941316934], [-111.53457641663294, 25.959279413202403], [-111.53457641654423, 25.95927941324436], [-111.53457641646006, 25.959279413294812], [-111.53457641638124, 25.959279413353272], [-111.53457641630852, 25.959279413419175], [-111.53457641624261, 25.95927941349189], [-111.53457641618417, 25.959279413570712], [-111.5345764161337, 25.959279413654887], [-111.53457641609175, 25.959279413743598], [-111.53457641605868, 25.959279413835997], [-111.53457641603484, 25.959279413931192], [-111.53457641602044, 25.959279414028266], [-111.53457641601562, 25.959279414126282], [-111.53457641601562, 26.012332038088182], [-111.53457641601447, 26.01233203811155], [-111.5345764159911, 26.012332038112696], [-111.53437256822636, 26.012332038112696], [-111.53437256813093, 26.01233203811726], [-111.53437256803637, 26.01233203813091], [-111.5314328672065, 26.012900914790187], [-111.53143286710439, 26.012900914815585], [-111.5314328670055, 26.012900914851574], [-111.53143286691096, 26.012900914897756], [-111.52702331557306, 26.01534994570058], [-111.52702331548137, 26.015349945758203], [-111.52702331539646, 26.015349945825403], [-111.52702331531931, 26.015349945901388], [-111.52513504029943, 26.01742290448429], [-111.52513504028407, 26.0174229044996], [-111.52513504028134, 26.017422904478007], [-111.52493119246955, 26.014790723661974], [-111.52493119245693, 26.01479072356325], [-111.52493119243456, 26.01479072346627], [-111.52493119240268, 26.014790723371995], [-111.52493119236156, 26.014790723281354], [-111.52493119231166, 26.014790723195247], [-111.52493119225343, 26.01479072311453], [-111.52493119218747, 26.01479072304], [-111.52493119211442, 26.014790722972396], [-111.52493119203503, 26.01479072291239], [-111.52493119195006, 26.01479072286057], [-111.52493119186036, 26.014790722817455], [-111.52493119176681, 26.01479072278347], [-111.52493119167035, 26.01479072275895], [-111.52493119157194, 26.01479072274414], [-111.52493119147253, 26.01479072273919], [-111.52324676516126, 26.01479072273919], [-111.52324676513878, 26.014790722738084], [-111.52324676515032, 26.01479072271874], [-111.524502038844, 26.01290091498857], [-111.5245020388949, 26.01290091490301], [-111.52450203893702, 26.012900914812818], [-111.52450203896996, 26.01290091471888], [-111.5245020389934, 26.012900914622133], [-111.52471661564321, 26.011772800873377], [-111.52471661565595, 26.011772800785188], [-111.52471661566078, 26.011772800696217], [-111.52471661565768, 26.01177280060717], [-111.52471661564665, 26.011772800518752], [-111.52429819107385, 26.00931405288991], [-111.5242981910666, 26.009314052851774], [-111.52366518975327, 26.006305632605677], [-111.52366518972802, 26.006305632509623], [-111.52282834053156, 26.0036635588542], [-111.52282834052927, 26.003663558846814], [-111.52157306675157, 25.999507476058096], [-111.52157306672098, 25.99950747597141], [-111.52157306668255, 25.9995074758879], [-111.52157306663662, 25.999507475808272], [-111.51988863959262, 25.99687489279986], [-111.51988863953247, 25.996874892715766], [-111.51988863946396, 25.996874892638335], [-111.51988863938782, 25.99687489256839], [-111.51988863930487, 25.996874892506682], [-111.51988863921598, 25.996874892453867], [-111.51737809203077, 25.995553757207414], [-111.51737809194299, 25.99555375716652], [-111.51737809185165, 25.995553757134306], [-111.51737809175764, 25.99555375711108], [-111.51737809166181, 25.995553757097053], [-111.51737809156508, 25.995553757092363], [-111.50855898859753, 25.995553757092363], [-111.50855898854489, 25.99555375709375], [-111.50142431262005, 25.995929848266904], [-111.50142431259175, 25.99592984826678], [-111.50142431256417, 25.99592984826024], [-111.49890303613127, 25.99517766471661], [-111.49890303610415, 25.99517766470767], [-111.49575948717882, 25.994039736857047], [-111.49575948715288, 25.994039736845952], [-111.49575948713016, 25.994039736829333], [-111.49323821069738, 25.991966365388034], [-111.4932382106792, 25.991966365371486], [-111.49323821067121, 25.991966365348304], [-111.49198293686541, 25.9876266322694], [-111.49198293685484, 25.98762663222543], [-111.49114608765112, 25.983286738909985], [-111.49114608764425, 25.983286738861736], [-111.49072766304042, 25.97876343507731], [-111.49072766303996, 25.97876343507183], [-111.49051308632079, 25.975937487473267], [-111.49051308632015, 25.975937487449887], [-111.49051308633912, 25.975937487436013], [-111.49365663526494, 25.973863796688168], [-111.49365663528488, 25.973863796676316], [-111.49365663530713, 25.973863796670475], [-111.49722933750336, 25.973101826733636], [-111.49722933759557, 25.973101826709318], [-111.49722933768506, 25.973101826676324], [-111.49722933777099, 25.97310182663496], [-111.49722933785259, 25.973101826585594], [-111.50058746335999, 25.970844823362953], [-111.5005874633794, 25.970844823351154], [-111.5005874634005, 25.970844823343104], [-111.50289416244537, 25.970082834037], [-111.50289416253521, 25.970082834002447], [-111.5028941626213, 25.970082833959417], [-111.50289416270286, 25.970082833908307], [-111.50289416277913, 25.970082833849595], [-111.5028941628494, 25.970082833783824], [-111.50289416291302, 25.970082833711597], [-111.50289416296941, 25.97008283363359], [-111.50289416301804, 25.970082833550524], [-111.50289416305846, 25.97008283346317], [-111.50289416309028, 25.97008283337233], [-111.50289416311323, 25.970082833278855], [-111.50289416312708, 25.970082833183607], [-111.50289416313171, 25.970082833087467], [-111.50289416313171, 25.968009039840002], [-111.50289416313474, 25.96800903978529], [-111.50331258773195, 25.964237534762333], [-111.50331258773805, 25.964237534652067], [-111.50331258773805, 25.963292228057973], [-111.50331258773916, 25.963292228034874], [-111.50331258775877, 25.963292228022357], [-111.51031282111342, 25.959279414993848], [-111.51031282119516, 25.95927941494156], [-111.51031282127146, 25.959279414881596], [-111.51031282134159, 25.959279414814517], [-111.51031282140487, 25.95927941474096], [-111.51031282146073, 25.959279414661612], [-111.51031282150865, 25.959279414577228], [-111.51031282154815, 25.95927941448859], [-111.51031282157888, 25.959279414396548], [-111.51031282160054, 25.959279414301957], [-111.51031282161293, 25.959279414205714], [-111.51031282161594, 25.95927941410872], [-111.51031282160953, 25.959279414011892], [-111.51031282159377, 25.959279413916143], [-111.51031282156879, 25.959279413822372], [-111.51031282153485, 25.959279413731462], [-111.51031282149226, 25.95927941364427], [-111.51031282144142, 25.959279413561617], [-111.5103128213828, 25.959279413484282], [-111.51031282131696, 25.959279413412993], [-111.51031282124453, 25.95927941334842], [-111.51031282116618, 25.95927941329117], [-111.51031282108264, 25.959279413241788], [-111.51031282099471, 25.959279413200733], [-111.51031282090322, 25.959279413168392], [-111.51031282080903, 25.959279413145072], [-111.51031282071301, 25.95927941313099], [-111.5103128206161, 25.959279413126282], [-111.51030778887318, 25.959279413126282], [-111.51030778885261, 25.959279413125284], [-111.51030778886995, 25.95927941311421], [-111.53182983348167, 25.946942899504528], [-111.53182983356211, 25.946942899453166], [-111.5318298336373, 25.946942899394365], [-111.53182983370654, 25.94694289932867], [-111.5318298337692, 25.946942899256666], [-111.5318298338247, 25.94694289917902], [-111.53182983387255, 25.946942899096435], [-111.53182983391231, 25.946942899009663], [-111.53182983394362, 25.946942898919495], [-111.5318298339662, 25.946942898826755], [-111.53182983397981, 25.946942898732285], [-111.53182983398438, 25.946942898636948], [-111.53182983398438, 25.946941079549557], [-111.53182983398548, 25.94694107952651], [-111.53182983400514, 25.946941079513973], [-111.53457641600457, 25.94536854849442], [-111.53457641602701, 25.945368548482335], [-111.54129266679166, 25.941972581903922], [-111.54129266687707, 25.941972581855328], [-111.54129266695729, 25.941972581798588], [-111.54129266703156, 25.941972581734245], [-111.54129266709914, 25.941972581662927], [-111.54129266715941, 25.94197258158532], [-111.54129266721178, 25.94197258150217], [-111.54129266725573, 25.941972581414287], [-111.54129266729083, 25.941972581322513], [-111.54129266731677, 25.941972581227734], [-111.54129266733328, 25.94197258113087], [-111.5412926673402, 25.941972581032854], [-111.54129266733746, 25.94197258093463], [-111.5410888195056, 25.93932906235008], [-111.54108881950489, 25.93932906232672], [-111.54108881951467, 25.939329062305898], [-111.54506921767252, 25.931784093464234], [-111.5450692176927, 25.93178409342947], [-111.5475904941451, 25.92781844936224], [-111.5475904941565, 25.92781844934581], [-111.54759049416944, 25.92781844933006], [-111.55011177056454, 25.924991278593048], [-111.55011177062599, 25.92499127851697], [-111.5501117706797, 25.924991278435257], [-111.55200004571876, 25.921787712995805], [-111.55200004577053, 25.92178771289539], [-111.55200004581064, 25.921787712789776], [-111.55283689498083, 25.919143740779734], [-111.5528368949985, 25.91914374073137], [-111.55451059332465, 25.915177671571257], [-111.55451059335607, 25.915177671486248], [-111.55451059337966, 25.91517767139874], [-111.55451059339524, 25.91517767130946], [-111.55451059340265, 25.915177671219134], [-111.55451059340187, 25.915177671128507], [-111.5543067455309, 25.911404474250876], [-111.55430674552544, 25.911404474187435], [-111.55345916748394, 25.9042341020186], [-111.55345916748047, 25.90423410195985], [-111.55345916748047, 25.895354975512745], [-111.5534591674748, 25.89535497540645], [-111.55345916745787, 25.895354975301352], [-111.55345916742986, 25.895354975198654], [-111.5534591673911, 25.895354975099515], [-111.55345916734201, 25.895354975005056], [-111.55157089233478, 25.892150604582067], [-111.54926419259188, 25.88818362764683], [-111.54926419258203, 25.8881836276281], [-111.54926419257544, 25.888183627607717], [-111.5475904942338, 25.882141212231236], [-111.54759049420426, 25.882141212141345], [-111.54759049416636, 25.882141212054652], [-111.54759049412043, 25.88214121197193], [-111.54759049406688, 25.88214121189392], [-111.5475904940062, 25.882141211821317], [-111.54759049393894, 25.88214121175477], [-111.54570221902738, 25.880442330145463], [-111.54570221901055, 25.88044233012876], [-111.54570221900795, 25.880442330105026], [-111.54554128646996, 25.87775881930699], [-111.54554128646969, 25.87775881928417], [-111.54554128649248, 25.877758819283084], [-111.5885746478784, 25.877758819283084], [-111.58857464790144, 25.877758819284235], [-111.58857464789077, 25.877758819304685], [-111.58766269685151, 25.87931294628219], [-111.58766269683728, 25.87931294630379], [-111.58766269682098, 25.879312946323687], [-111.58577442175061, 25.881388301366787], [-111.58577442169494, 25.881388301433613], [-111.58577442164525, 25.881388301505023], [-111.58326387416326, 25.885355506535443], [-111.58326387411374, 25.885355506623227], [-111.58326387407328, 25.885355506715545], [-111.58326387404233, 25.885355506811468], [-111.5832638740212, 25.88535550691002], [-111.58304929734568, 25.886677878767745], [-111.583049297336, 25.88667787884757], [-111.58304929733276, 25.886677878927916], [-111.58304929733276, 25.88780719150483], [-111.58304929733745, 25.887807191601564], [-111.58304929735148, 25.887807191697387], [-111.58304929737471, 25.887807191791406], [-111.58304929740693, 25.88780719188274], [-111.58304929744783, 25.887807191970523], [-111.58304929749701, 25.887807192053945], [-111.58304929755406, 25.88780719213221], [-111.5830492976184, 25.887807192204598], [-111.58304929768944, 25.88780719227042], [-111.58304929776651, 25.88780719232906], [-111.5830492978489, 25.88780719237997], [-111.58304929793582, 25.88780719242267], [-111.58304929802647, 25.887807192456762], [-111.58598899826372, 25.888753104486064], [-111.58598899836396, 25.888753104512674], [-111.58598899846643, 25.888753104528753], [-111.58598899857002, 25.888753104534132], [-111.5897655484915, 25.888753104534132], [-111.58976554859697, 25.888753104528554], [-111.58976554870128, 25.88875310451188], [-111.58976554880324, 25.888753104484298], [-111.58976554890172, 25.888753104446113], [-111.59186840056053, 25.88780719223949], [-111.59186840058686, 25.88780719222718], [-111.59459352489384, 25.886484832761923], [-111.59459352497002, 25.886484832720793], [-111.59711480124375, 25.8849790623936], [-111.59711480132196, 25.884979062341763], [-111.59711480139497, 25.884979062282824], [-111.59711480146213, 25.8849790622173], [-111.59711480152286, 25.884979062145774], [-111.59857392309618, 25.883087169662474], [-111.59857392311112, 25.883087169644927], [-111.59857392312902, 25.883087169659525], [-111.60025835035259, 25.884602616666257], [-111.60025835037112, 25.88460261668479], [-111.60025835038036, 25.884602616709238], [-111.6006767748963, 25.885915344637716], [-111.60067677493375, 25.885915344736745], [-111.60067677498145, 25.88591534483126], [-111.60067677503888, 25.885915344920203], [-111.6006767751054, 25.885915345002573], [-111.60067677518025, 25.885915345077446], [-111.6017282008946, 25.88686127233804], [-111.6017282009109, 25.886861272354178]]], [[[-111.54024124145386, 25.849153439951632], [-111.54024124143045, 25.849153439955572], [-111.53909325634221, 25.849288614916897], [-111.5390932562479, 25.849288614932608], [-111.53909325615551, 25.849288614957253], [-111.5390932560659, 25.84928861499061], [-111.53909325597988, 25.849288615032375], [-111.53909325589824, 25.849288615082163], [-111.53909325582174, 25.849288615139518], [-111.53909325575106, 25.849288615203918], [-111.5387177468652, 25.849665172954175], [-111.53871774680368, 25.849665173021783], [-111.5387177467486, 25.849665173094724], [-111.5387177467004, 25.84966517317239], [-111.5387177466595, 25.849665173254134], [-111.53856754304071, 25.850003108820818], [-111.53856754302862, 25.850003108844533], [-111.53856754300975, 25.8500031088631], [-111.53798818590313, 25.85051483828299], [-111.53798818588173, 25.85051483829989], [-111.53798818585844, 25.85051483831445], [-111.53746247320278, 25.850804495344], [-111.53746247311315, 25.850804495399743], [-111.53746247302989, 25.850804495464622], [-111.53746247295395, 25.850804495537915], [-111.53746247288613, 25.850804495618807], [-111.53746247282724, 25.850804495706395], [-111.5374624727779, 25.850804495799704], [-111.53735518456504, 25.851036220730634], [-111.53735518455434, 25.851036220751116], [-111.53735518453136, 25.851036220752206], [-111.53662562372777, 25.851036220752206], [-111.53662562370418, 25.851036220751038], [-111.53662562370337, 25.851036220727522], [-111.53667926788293, 25.84749270587924], [-111.5366792678845, 25.847492705855096], [-111.53667926790419, 25.847492705841166], [-111.5370440479361, 25.847260973898223], [-111.53704404802089, 25.847260973837948], [-111.53704404809896, 25.84726097376919], [-111.53704404816946, 25.84726097369269], [-111.53704404823164, 25.847260973609284], [-111.53704404828481, 25.84726097351987], [-111.53704404832841, 25.847260973425414], [-111.53704404836196, 25.847260973326943], [-111.5370440483851, 25.847260973225517], [-111.53756976127194, 25.844238758093137], [-111.53756976127735, 25.844238758069242], [-111.5375697612986, 25.844238758056505], [-111.53809547422192, 25.843958740585744], [-111.53809547424231, 25.843958740576113], [-111.53809547424655, 25.843958740598207], [-111.53820276247812, 25.844711888687197], [-111.53820276249644, 25.844711888782452], [-111.5382027625239, 25.844711888875487], [-111.53820276256025, 25.84471188896542], [-111.53820276260514, 25.84471188905141], [-111.53820276265816, 25.844711889132647], [-111.53820276271878, 25.844711889208362], [-111.53820276278647, 25.844711889277846], [-111.53820276286056, 25.84471188934045], [-111.53820276294039, 25.844711889395576], [-111.53820276302517, 25.84471188944271], [-111.53820276311411, 25.84471188948141], [-111.53820276320639, 25.84471188951131], [-111.53820276330113, 25.844711889532128], [-111.53820276339745, 25.844711889543667], [-111.53820276349443, 25.844711889545824], [-111.54003739354627, 25.84466361093202], [-111.54003739356921, 25.844663610932503], [-111.54003739357836, 25.844663610953347], [-111.54014468192162, 25.844943626733482], [-111.54014468192929, 25.844943626756987], [-111.54014468193216, 25.844943626781944], [-111.54018759727269, 25.845609868609483], [-111.54018759727266, 25.845609868674305], [-111.54014468193375, 25.846266451126805], [-111.54014468193219, 25.846266451225457], [-111.54024124145424, 25.84915343992772], [-111.54024124145386, 25.849153439951632]]]]}}, {"type": "Feature", "id": 2, "properties": {"actividad": "Conservación y Turismo Alternativo", "conflictos_potenciales": "Afectación a la biodiversidad por el aprovechamiento de fauna o flora silvestre ", "fragilidad": "baja", "localidad_referencia": "Rancho Viejo", "nombre": "UGA-42", "poblacion": 2, "politica_ambiental": "Preservación", "presion": "baja", "superficie_total": 11034.33, "vulnerabilidad": "baja"}, "geometry": {"type": "MultiPolygon", "coordinates": [[[[-111.49063110351508, 25.97749032030432], [-111.49063110351375, 25.977490320293704], [-111.4905130863208, 25.975937487473487], [-111.49051308632016, 25.9759374874499], [-111.49051308633938, 25.975937487435967], [-111.49063110349515, 25.975860327530732], [-111.49063110351453, 25.975860327519367], [-111.49063110351562, 25.97586032754183], [-111.49063110351562, 25.977490320293537], [-111.49063110351508, 25.97749032030432]]], [[[-111.56836152076595, 25.96253983566225], [-111.5683615207543, 25.962539835683298], [-111.56731009483941, 25.964237534697627], [-111.5673100948275, 25.964237534717363], [-111.56542181971565, 25.967449591400545], [-111.56542181966383, 25.96744959150141], [-111.56416654587063, 25.970275743015108], [-111.56416654586513, 25.97027574302707], [-111.56291127205522, 25.972918567340468], [-111.56291127204324, 25.97291856736664], [-111.55975699427621, 25.980084759232085], [-111.55975699422822, 25.980084759366374], [-111.55870556832024, 25.98385575622945], [-111.55870556831255, 25.983855756252588], [-111.55870556829471, 25.983855756269378], [-111.55472517041652, 25.9872505142582], [-111.55472517034305, 25.987250514327563], [-111.55472517027695, 25.987250514403993], [-111.55472517021892, 25.9872505144867], [-111.5547251701695, 25.987250514574843], [-111.55472517012926, 25.98725051466752], [-111.55472517009856, 25.987250514763787], [-111.55472517007773, 25.98725051486266], [-111.55388832092736, 25.992535340693063], [-111.55388832091515, 25.992535340748997], [-111.55325531960166, 25.994801571106283], [-111.5532553195944, 25.994801571128182], [-111.55325531957628, 25.994801571142897], [-111.550948619864, 25.99649880441025], [-111.55094861984229, 25.996498804424508], [-111.55094861981767, 25.996498804437184], [-111.54759049431696, 25.998003149734664], [-111.54759049423892, 25.998003149773805], [-111.54759049416457, 25.998003149819606], [-111.54759049409451, 25.998003149871714], [-111.54759049402927, 25.99800314992974], [-111.54678583146868, 25.998784244601968], [-111.54678583145095, 25.998784244617596], [-111.54678583142736, 25.998784244618726], [-111.54678329080073, 25.998784244618726], [-111.54678329070477, 25.99878424462334], [-111.54678329060967, 25.998784244637147], [-111.54678329051634, 25.998784244660015], [-111.54678329042565, 25.998784244691734], [-111.54678329033842, 25.99878424473201], [-111.54678329025545, 25.998784244780474], [-111.54678329017752, 25.998784244836674], [-111.54678329010534, 25.998784244900094], [-111.54212951670745, 26.003287492330298], [-111.54212951664077, 26.00328749240143], [-111.54212951658135, 26.003287492478712], [-111.54212951652973, 26.003287492561416], [-111.54065966609079, 26.005919932018763], [-111.54065966603858, 26.005919932127103], [-111.53918981553238, 26.009506897670853], [-111.53918981550699, 26.00950689772375], [-111.53793454171364, 26.011772800675846], [-111.53793454170156, 26.01177280069542], [-111.53793454167929, 26.011772800701475], [-111.53541326525493, 26.012332038106788], [-111.53541326522814, 26.01233203811121], [-111.53541326520097, 26.012332038112696], [-111.53437256822632, 26.012332038112696], [-111.53437256813095, 26.012332038117254], [-111.53437256803645, 26.012332038130886], [-111.53182983400843, 26.012823779152537], [-111.5318298339855, 26.012823779155816], [-111.53182983398438, 26.01282377913289], [-111.53182983398438, 25.956809920579826], [-111.53182983398553, 25.95680992055646], [-111.5318298340089, 25.956809920555312], [-111.56752467153005, 25.956809920555312], [-111.56752467155343, 25.95680992055646], [-111.56752467155458, 25.956809920579826], [-111.56752467155458, 25.958951436513097], [-111.56752467156113, 25.9589514366274], [-111.56752467158071, 25.95895143674021], [-111.56836152076164, 25.962539835638577], [-111.56836152076595, 25.96253983566225]]], [[[-111.60508632659763, 25.8557092497085], [-111.60508632658328, 25.855709249727255], [-111.60172820092647, 25.859677317287154], [-111.60172820091186, 25.859677317302975], [-111.6017282008958, 25.859677317317594], [-111.59878849984358, 25.862129535783502], [-111.5987884998201, 25.862129535801913], [-111.59648180011877, 25.86382868094075], [-111.59648180004295, 25.863828681002538], [-111.59584879919387, 25.864398274908567], [-111.59584879912465, 25.86439827497724], [-111.59584879906247, 25.864398275052327], [-111.59584879900787, 25.86439827513312], [-111.59584879896141, 25.86439827521884], [-111.59584879892351, 25.86439827530868], [-111.59584879889455, 25.864398275401783], [-111.5958487988748, 25.864398275497262], [-111.59584879886444, 25.864398275594215], [-111.59584879886356, 25.864398275691713], [-111.59584879887218, 25.864398275788837], [-111.59584879889023, 25.864398275884653], [-111.59648180007329, 25.867043474017976], [-111.59648180007792, 25.867043474042998], [-111.59648180006279, 25.86704347406313], [-111.59459352495061, 25.869302465483507], [-111.59459352491281, 25.869302465523933], [-111.59123539938052, 25.872517109533092], [-111.59123539931714, 25.872517109599595], [-111.59123539926014, 25.872517109671637], [-111.59123539920999, 25.872517109748607], [-111.59123539916712, 25.872517109829857], [-111.58955097199463, 25.876098487056392], [-111.58955097197331, 25.876098487096826], [-111.58766269685151, 25.87931294628221], [-111.58766269683734, 25.879312946303685], [-111.58766269682074, 25.879312946323893], [-111.58682584764331, 25.880229968164013], [-111.58682584762515, 25.88022996818196], [-111.58682584759974, 25.880229968183283], [-111.5757751465089, 25.880229968183283], [-111.57577514648553, 25.880229968182135], [-111.57577514648438, 25.88022996815877], [-111.57577514648438, 25.84068538446521], [-111.57577514647956, 25.840685384367195], [-111.57577514646516, 25.84068538427012], [-111.57577514644132, 25.840685384174925], [-111.57577514640825, 25.840685384082526], [-111.5757751463663, 25.840685383993815], [-111.57577514631583, 25.84068538390964], [-111.57577514625739, 25.840685383830817], [-111.57577514619148, 25.840685383758103], [-111.57577514611876, 25.8406853836922], [-111.57577514603994, 25.84068538363374], [-111.57577514595577, 25.84068538358329], [-111.57577514586706, 25.84068538354133], [-111.57577514577466, 25.84068538350827], [-111.57577514567946, 25.840685383484423], [-111.57577514558238, 25.840685383470024], [-111.57577514548437, 25.84068538346521], [-111.55174255373555, 25.84068538346521], [-111.5517425537122, 25.84068538346406], [-111.55174255371341, 25.84068538344088], [-111.55200004576, 25.838145814099303], [-111.55200004576507, 25.838145813992185], [-111.55200004575866, 25.838145813885134], [-111.55200004574081, 25.83814581377939], [-111.5511524677724, 25.83437015564134], [-111.55115246774542, 25.83437015554435], [-111.55115246770885, 25.834370155450557], [-111.55115246766302, 25.83437015536092], [-111.5511524676084, 25.834370155276346], [-111.54884576802908, 25.831164130970187], [-111.54884576797164, 25.831164130897672], [-111.54884576790775, 25.83116413083078], [-111.54528379440787, 25.82776487749245], [-111.54528379439844, 25.827764877483204], [-111.54359936743515, 25.826065214474237], [-111.54359936736229, 25.82606521440765], [-111.54359936728324, 25.826065214348567], [-111.54359936719874, 25.826065214297564], [-111.54359936710962, 25.826065214255138], [-111.54359936701677, 25.826065214221707], [-111.54359936692106, 25.826065214197587], [-111.54359936682344, 25.826065214183025], [-111.54359936672486, 25.826065214178154], [-111.54297709467471, 25.826065214178154], [-111.5429770946515, 25.82606521417702], [-111.54297709465246, 25.826065214153797], [-111.54318094253325, 25.82379573935213], [-111.54318094253644, 25.82379573932918], [-111.54318094255876, 25.823795739322744], [-111.5471720695283, 25.82284930718047], [-111.54717206954969, 25.822849307176376], [-111.5471720695714, 25.822849307176078], [-111.55367374417668, 25.823042457208054], [-111.55367374420145, 25.823042457210033], [-111.55367374422528, 25.823042457216864], [-111.55808329562926, 25.82454901658922], [-111.55808329572588, 25.824549016616892], [-111.55808329582479, 25.824549016634727], [-111.55808329592499, 25.824549016642546], [-111.55808329602546, 25.824549016640265], [-111.56059384343637, 25.824365526467492], [-111.56059384345966, 25.824365526466902], [-111.56059384347701, 25.824365526482612], [-111.5664732455642, 25.830217757593594], [-111.56647324562282, 25.830217757647468], [-111.56647324568553, 25.830217757696506], [-111.57171964635907, 25.833993548558524], [-111.57171964645715, 25.833993548620796], [-111.57171964656179, 25.833993548671277], [-111.57577514510295, 25.835666863682036], [-111.57577514519534, 25.83566686371495], [-111.57577514529049, 25.835666863738656], [-111.57577514538751, 25.83566686375293], [-111.57577514548547, 25.83566686375763], [-111.5757751455834, 25.835666863752714], [-111.5757751456804, 25.83566686373823], [-111.57577514577551, 25.835666863714312], [-111.57577514586781, 25.835666863681194], [-111.57577514595643, 25.835666863639197], [-111.57577514604051, 25.83566686358872], [-111.57577514611924, 25.83566686353025], [-111.57577514619186, 25.83566686346435], [-111.57577514625768, 25.835666863391655], [-111.57577514631608, 25.83566686331286], [-111.57577514636645, 25.835666863228724], [-111.57577514640836, 25.835666863140062], [-111.57577514644137, 25.83566686304772], [-111.57577514646519, 25.835666862952586], [-111.57577514647956, 25.83566686285558], [-111.57577514648438, 25.83566686275763], [-111.57577514648438, 25.835664128724385], [-111.5757751464855, 25.835664128701595], [-111.57577514650711, 25.835664128709354], [-111.57675147055174, 25.836069699489304], [-111.57675147058, 25.836069699500545], [-111.58221244810991, 25.83814581393392], [-111.58221244813006, 25.83814581394209], [-111.58236922111574, 25.838213407667485], [-111.58236922121108, 25.838213407702955], [-111.58236922130953, 25.83821340772856], [-111.58236922141008, 25.83821340774403], [-111.58236922151167, 25.8382134077492], [-111.58237338063557, 25.8382134077492], [-111.58237338066073, 25.838213407750484], [-111.58237338068436, 25.83821340775928], [-111.58760852549017, 25.84047236892684], [-111.58810257909452, 25.84068538345559], [-111.58810257911216, 25.840685383464244], [-111.58810257909239, 25.84068538346521], [-111.58810219174127, 25.84068538346521], [-111.58810219164377, 25.840685383469975], [-111.58810219154721, 25.84068538348422], [-111.58810219145249, 25.840685383507815], [-111.58810219136052, 25.84068538354053], [-111.58810219127218, 25.84068538358206], [-111.58810219118831, 25.840685383632], [-111.58810219110971, 25.84068538368988], [-111.58810219103714, 25.840685383755147], [-111.58810219097126, 25.840685383827182], [-111.58810219091272, 25.840685383905296], [-111.58810219086207, 25.840685383988742], [-111.58810219081981, 25.840685384076732], [-111.58810219078633, 25.84068538416842], [-111.58810219076194, 25.840685384262937], [-111.58810219074688, 25.840685384359382], [-111.58810219074131, 25.840685384456833], [-111.58810219074525, 25.840685384554366], [-111.58810219075869, 25.84068538465105], [-111.58810219078148, 25.840685384745964], [-111.58810219081343, 25.8406853848382], [-111.58810219085422, 25.840685384926882], [-111.58810219090346, 25.840685385011167], [-111.58810219096068, 25.84068538509025], [-111.58810219102534, 25.840685385163376], [-111.58810219109681, 25.84068538522985], [-111.58810219117443, 25.840685385289042], [-111.58810219125746, 25.84068538534038], [-111.58810219134509, 25.84068538538338], [-111.59228682516212, 25.842491051825053], [-111.59228682517977, 25.842491051833495], [-111.59228682519651, 25.842491051843165], [-111.59648180006022, 25.84513674072083], [-111.59648180007875, 25.84513674073371], [-111.59648180009445, 25.8451367407495], [-111.59837007521425, 25.847212696050974], [-111.59837007523649, 25.84721269607719], [-111.60508632658407, 25.855709249689482], [-111.60508632659763, 25.8557092497085]]]]}}, {"type": "Feature", "id": 3, "properties": {"actividad": "Conservación y Turismo", "conflictos_potenciales": "Afectación a la biodiversidad por el aprovechamiento de fauna o flora silvestre", "fragilidad": "baja", "localidad_referencia": "El picacho, El Batequito", "nombre": "UGA-34a", "poblacion": 7, "politica_ambiental": "Preservación", "presion": "baja", "superficie_total": 10297.88, "vulnerabilidad": "baja"}, "geometry": {"type": "MultiPolygon", "coordinates": [[[[-111.57852172851457, 26.005370306693614], [-111.57852172851562, 26.005370306715154], [-111.57852172851562, 26.038275796329035], [-111.57852172851447, 26.0382757963524], [-111.5785217284911, 26.03827579635355], [-111.55386686327554, 26.03827579635355], [-111.55386686325163, 26.038275796352362], [-111.55386686324384, 26.038275796329792], [-111.55380249030223, 26.038054079370095], [-111.55380249027128, 26.038054079279803], [-111.55380249023185, 26.03805407919287], [-111.55380249018431, 26.038054079110097], [-111.5538024901291, 26.038054079032232], [-111.55380249006672, 26.038054078959988], [-111.5525472164234, 26.03673340703634], [-111.55254721640786, 26.036733407019216], [-111.55107736589065, 26.035036755359254], [-111.55107736587651, 26.035036755341274], [-111.5510773658847, 26.035036755320117], [-111.55191421500223, 26.03314727363575], [-111.55191421503939, 26.033147273538418], [-111.55191421506623, 26.03314727343775], [-111.55191421508246, 26.033147273334833], [-111.55191421508789, 26.03314727323079], [-111.55191421508789, 26.031074592525886], [-111.55191421508309, 26.03107459242801], [-111.55171036720515, 26.029001874914655], [-111.55171036720395, 26.02900187489074], [-111.55171036721619, 26.02900187487005], [-111.55233263965863, 26.028057089197024], [-111.55233263972252, 26.028057089084882], [-111.55380248964568, 26.025039509409947], [-111.55380248968422, 26.025039509319857], [-111.55380248971376, 26.02503950922643], [-111.55380248973401, 26.02503950913056], [-111.55380248974478, 26.025039509033167], [-111.55380248974598, 26.02503950893519], [-111.55380248973758, 26.025039508837565], [-111.55380248971966, 26.02503950874123], [-111.55380248969239, 26.02503950864711], [-111.55380248965605, 26.025039508556116], [-111.55380248961099, 26.02503950846911], [-111.55380248955761, 26.025039508386932], [-111.55380248949646, 26.025039508310375], [-111.5538024894281, 26.02503950824017], [-111.5538024893532, 26.02503950817699], [-111.55380248927248, 26.025039508121445], [-111.55380248918671, 26.02503950807407], [-111.55380248909671, 26.025039508035313], [-111.55380248900336, 26.02503950800555], [-111.55380248890754, 26.025039507985063], [-111.55149579050482, 26.024663510254513], [-111.55149579048214, 26.02466351024971], [-111.5514957904655, 26.024663510233463], [-111.55044436461414, 26.02353550924152], [-111.55044436454459, 26.023535509173815], [-111.5504443644688, 26.023535509113174], [-111.54835224152778, 26.02202184966668], [-111.54835224150496, 26.022021849649143], [-111.54604554177794, 26.02014179952678], [-111.54604554174966, 26.020141799501904], [-111.5422689914849, 26.01655515880781], [-111.54226899147093, 26.016555158793434], [-111.54226899145817, 26.01655515877798], [-111.53911471368285, 26.01240917411743], [-111.53911471366989, 26.012409174098654], [-111.53911471366882, 26.012409174075685], [-111.53911471366882, 26.01071217071932], [-111.5391147136701, 26.010712170694212], [-111.53911471368112, 26.010712170671805], [-111.54016613959014, 26.00882229714974], [-111.54016613960376, 26.008822297127978], [-111.54016613961954, 26.008822297107727], [-111.54310584054569, 26.00542816227353], [-111.5431058406092, 26.005428162192064], [-111.54310584066397, 26.005428162104472], [-111.5431058407094, 26.0054281620117], [-111.54310584074503, 26.00542816191474], [-111.54415726660957, 26.002033929034045], [-111.54415726661792, 26.002033929011183], [-111.54415726663414, 26.002033928993466], [-111.5462493896314, 25.999960698624772], [-111.54624938964908, 25.99996069860886], [-111.54624938967073, 25.999960698598542], [-111.54940366743777, 25.99863959782826], [-111.5494036674624, 25.998639597818688], [-111.55254721600659, 25.99751134685217], [-111.55254721610108, 25.997511346812693], [-111.55254721619102, 25.99751134676376], [-111.55254721627549, 25.99751134670588], [-111.5525472163536, 25.99751134663967], [-111.55254721642453, 25.997511346565815], [-111.55254721648754, 25.997511346485094], [-111.55254721654197, 25.997511346398355], [-111.55254721658723, 25.997511346306506], [-111.55306220053664, 25.996315581579747], [-111.55306220054702, 25.996315581558537], [-111.55306220057051, 25.996315581557397], [-111.55306499917249, 25.996315581557397], [-111.55306499926918, 25.99631558155271], [-111.55306499936498, 25.996315581538695], [-111.55306499945895, 25.996315581515486], [-111.55306499955026, 25.996315581483298], [-111.55306499963802, 25.996315581442428], [-111.55306499972141, 25.99631558139327], [-111.55306499979967, 25.996315581336273], [-111.55306499987205, 25.996315581271976], [-111.55306499993786, 25.996315581200985], [-111.55306499999651, 25.996315581123962], [-111.55306500004743, 25.996315581041628], [-111.55306500009016, 25.996315580954757], [-111.55401706692177, 25.994116884925546], [-111.55401706695216, 25.994116884846296], [-111.55401706697572, 25.99411688476475], [-111.55548691749024, 25.988079900779695], [-111.55548691749667, 25.98807990075775], [-111.5554869175135, 25.98807990074257], [-111.56031489335707, 25.984116153412963], [-111.56031489342976, 25.98411615334706], [-111.56031489349563, 25.98411615327435], [-111.56031489355406, 25.984116153195536], [-111.5603148936045, 25.984116153111376], [-111.56031489364645, 25.98411615302268], [-111.56031489367949, 25.984116152930298], [-111.56031489370332, 25.98411615283512], [-111.56031489371772, 25.984116152738068], [-111.56031489372253, 25.984116152640073], [-111.56031489372253, 25.979592881236425], [-111.56031489372371, 25.97959288121246], [-111.56031489373186, 25.979592881189493], [-111.56093716620279, 25.978078655393016], [-111.56093716622829, 25.97807865534006], [-111.56177401542185, 25.97657405496493], [-111.56177401543133, 25.97657405494748], [-111.56387686728021, 25.97260991942591], [-111.56387686731152, 25.972609919374616], [-111.56597971909402, 25.96959091398803], [-111.56597971915578, 25.96959091388711], [-111.56597971920519, 25.9695909137796], [-111.56744956968352, 25.965819459545347], [-111.56744956971576, 25.965819459448213], [-111.56849026677955, 25.96204788427666], [-111.56849026679706, 25.962047884202207], [-111.56849026680882, 25.962047884126633], [-111.56910181045252, 25.956809920579335], [-111.56910181045632, 25.956809920556438], [-111.56910181047954, 25.956809920555312], [-111.5785217284911, 25.956809920555312], [-111.57852172851447, 25.95680992055646], [-111.57852172851562, 25.956809920579826], [-111.57852172851562, 25.997366698318938], [-111.57852172851453, 25.997366698341782], [-111.57852172849255, 25.997366698348298], [-111.57793164295816, 25.99751134660106], [-111.57793164285928, 25.997511346630787], [-111.577931642764, 25.99751134667055], [-111.57793164267332, 25.99751134671993], [-111.57793164258821, 25.997511346778392], [-111.5779316425096, 25.99751134684532], [-111.57793164243829, 25.99751134692], [-111.57793164237508, 25.997511347001634], [-111.5779316423206, 25.99751134708935], [-111.5773093700536, 25.998639597800143], [-111.57730937003976, 25.9986395978224], [-111.5773093700238, 25.998639597842914], [-111.57583951951676, 26.000336775658184], [-111.57583951950004, 26.00033677567569], [-111.57583951947788, 26.000336775685465], [-111.57289981872962, 26.00146499954059], [-111.57289981864592, 26.001464999577184], [-111.57289981856592, 26.001464999621263], [-111.57289981849026, 26.00146499967246], [-111.57289981841959, 26.001464999730345], [-111.5728998183545, 26.00146499979444], [-111.57289981829553, 26.001464999864204], [-111.57289981824317, 26.001464999939063], [-111.57206296930669, 26.00278606851316], [-111.57206296926138, 26.002786068592478], [-111.5720629692235, 26.002786068675597], [-111.57206296919335, 26.00278606876183], [-111.57206296917121, 26.00278606885045], [-111.57164454460816, 26.004859249171023], [-111.57164454459026, 26.004859249236443], [-111.57059311872327, 26.00787734877803], [-111.57059311869247, 26.007877348885387], [-111.57059311867384, 26.007877348995503], [-111.5705931186676, 26.007877349107012], [-111.5705931186676, 26.009767237686695], [-111.57059311866625, 26.009767237712364], [-111.57059311865706, 26.009767237736483], [-111.57017469407111, 26.010712170671695], [-111.57017469406038, 26.01071217069307], [-111.57017469403974, 26.010712170704927], [-111.56870484354215, 26.011464254763965], [-111.56870484352125, 26.01146425477344], [-111.5687048435024, 26.011464254760057], [-111.56702041639522, 26.01014328348768], [-111.567020416302, 26.01014328342277], [-111.56702041620203, 26.010143283368855], [-111.56702041609658, 26.010143283326627], [-111.56366229083528, 26.009015142850302], [-111.56366229073133, 26.009015142821514], [-111.56366229062486, 26.009015142804095], [-111.56366229051716, 26.00901514279824], [-111.56366229040944, 26.009015142804024], [-111.56366229030297, 26.009015142821376], [-111.56282544189509, 26.009198345705112], [-111.5628254417985, 26.009198345731388], [-111.562825441705, 26.009198345767192], [-111.56282544161557, 26.009198345812163], [-111.56282544153107, 26.00919834586585], [-111.56282544145238, 26.009198345927715], [-111.56282544138024, 26.00919834599714], [-111.56282544131543, 26.00919834607343], [-111.56282544125857, 26.009198346155816], [-111.56282544121021, 26.009198346243476], [-111.56282544117087, 26.009198346335527], [-111.56198859215618, 26.011464254752102], [-111.56198859214695, 26.01146425477382], [-111.56198859212496, 26.011464254782904], [-111.56093716623191, 26.011840295002237], [-111.56093716621379, 26.011840295007946], [-111.56093716619532, 26.011840295012256], [-111.55799746546434, 26.01240917403501], [-111.55799746537416, 26.012409174056845], [-111.55799746528639, 26.012409174086944], [-111.5579974652018, 26.012409174125047], [-111.55799746512109, 26.01240917417083], [-111.55799746504498, 26.012409174223894], [-111.55799746497411, 26.012409174283786], [-111.55799746490909, 26.012409174349987], [-111.5571606159359, 26.013344443883984], [-111.55716061590671, 26.01334444391813], [-111.55653834498838, 26.01410615106829], [-111.55653834492976, 26.014106151147736], [-111.55653834487927, 26.01410615123258], [-111.55653834483739, 26.014106151321986], [-111.55653834480454, 26.01410615141509], [-111.55653834478102, 26.014106151510976], [-111.55653834476706, 26.01410615160872], [-111.55653834476283, 26.014106151707356], [-111.55653834476833, 26.014106151805933], [-111.55653834478353, 26.014106151903487], [-111.55653834480827, 26.014106151999066], [-111.55653834484232, 26.01410615209174], [-111.55653834488534, 26.014106152180602], [-111.55653834493691, 26.01410615226479], [-111.55653834499654, 26.014106152343484], [-111.55653834506364, 26.014106152415913], [-111.55653834513755, 26.014106152481375], [-111.55653834521755, 26.014106152539227], [-111.55653834530287, 26.01410615258891], [-111.55653834539268, 26.014106152629935], [-111.55653834548609, 26.014106152661906], [-111.5565383455822, 26.01410615268451], [-111.55653834568007, 26.014106152697526], [-111.55653834577873, 26.014106152700826], [-111.55653834587726, 26.01410615269438], [-111.55821204182635, 26.01391331570617], [-111.55821204188354, 26.013913315702887], [-111.5622031688132, 26.013913315702887], [-111.56220316892448, 26.013913315696676], [-111.56556129452795, 26.013537282111628], [-111.56556129458356, 26.013537282108523], [-111.56744956967752, 26.013537282108523], [-111.56744956970151, 26.013537282109706], [-111.5674495697158, 26.01353728212909], [-111.56870484350675, 26.01542707976205], [-111.56870484351973, 26.015427079783997], [-111.56870484351744, 26.01542707980944], [-111.56849026680385, 26.016931182694258], [-111.56849026679846, 26.016931182721237], [-111.56849026678476, 26.016931182744766], [-111.56786799455755, 26.017876057666314], [-111.56786799450938, 26.017876057747564], [-111.5678679944691, 26.017876057832996], [-111.56786799443704, 26.01787605792185], [-111.56786799441352, 26.017876058013332], [-111.56786799439874, 26.017876058106623], [-111.56786799439283, 26.01787605820089], [-111.56786799439583, 26.0178760582953], [-111.56786799440772, 26.017876058389003], [-111.56786799442841, 26.017876058481164], [-111.568490266794, 26.020141799493274], [-111.56849026679895, 26.020141799515052], [-111.56849026679993, 26.02014179953702], [-111.56849026679993, 26.02202184960174], [-111.56849026680632, 26.022021849714566], [-111.56870484351845, 26.02391151071165], [-111.56870484352, 26.023911510734866], [-111.56870484350705, 26.023911510754147], [-111.56786799443391, 26.025039508032275], [-111.56786799437653, 26.025039508118645], [-111.5678679943284, 26.025039508210494], [-111.56786799429004, 26.02503950830683], [-111.56786799426186, 26.025039508406625], [-111.5676534175882, 26.025984318242955], [-111.56765341758633, 26.02598431825089], [-111.56723499298315, 26.027681100853044], [-111.56723499297848, 26.027681100870605], [-111.56702041626826, 26.028433076189415], [-111.56702041624767, 26.02843307624764], [-111.56597971940906, 26.030881782502043], [-111.56597971937389, 26.030881782598204], [-111.56597971934873, 26.030881782697453], [-111.56597971933387, 26.030881782798755], [-111.56597971932942, 26.030881782901048], [-111.56597971933547, 26.030881783003256], [-111.56597971935194, 26.030881783104313], [-111.56597971937865, 26.030881783203156], [-111.56597971941532, 26.03088178329875], [-111.5659797194616, 26.03088178339009], [-111.56597971951695, 26.03088178347622], [-111.56597971958082, 26.030881783556243], [-111.5668165680316, 26.03182654569609], [-111.56681656809823, 26.03182654576444], [-111.56681656817108, 26.031826545826128], [-111.56681656824946, 26.031826545880588], [-111.5668165683327, 26.031826545927327], [-111.56681656842, 26.031826545965917], [-111.56681656851059, 26.031826545996008], [-111.56681656860363, 26.031826546017324], [-111.56681656869829, 26.031826546029674], [-111.56681656879368, 26.03182654603294], [-111.56681656888895, 26.031826546027094], [-111.56849026647984, 26.03164337837625], [-111.56849026658229, 26.03164337835962], [-111.56849026668246, 26.03164337833246], [-111.56849026677928, 26.03164337829507], [-111.5684902668717, 26.03164337824784], [-111.56849026695873, 26.031643378191287], [-111.56849026703942, 26.031643378126013], [-111.5695416924828, 26.0306986140916], [-111.56954169254897, 26.030698614026342], [-111.5695416926088, 26.03069861395522], [-111.56954169266176, 26.03069861387885], [-111.5695416927074, 26.030698613797895], [-111.56954169274533, 26.030698613713053], [-111.56954169277523, 26.030698613625056], [-111.56954169279682, 26.03069861353466], [-111.56975626945115, 26.02957067082405], [-111.56975626945575, 26.029570670804294], [-111.56975626946195, 26.0295706707849], [-111.57037854193807, 26.02786427481328], [-111.57037854194738, 26.027864274791177], [-111.57037854196741, 26.027864274777848], [-111.57226681660572, 26.026736304769923], [-111.57226681668391, 26.02673630471809], [-111.57226681675691, 26.026736304659153], [-111.57226681682405, 26.02673630459364], [-111.57226681688476, 26.02673630452212], [-111.57226681693851, 26.02673630444523], [-111.57226681698481, 26.026736304363638], [-111.57226681702326, 26.026736304278067], [-111.57226681705352, 26.026736304189267], [-111.57226681707533, 26.026736304098026], [-111.57226681708849, 26.02673630400514], [-111.5722668170929, 26.02673630391143], [-111.5722668170929, 26.025608323489983], [-111.57226681708687, 26.02560832338044], [-111.5722668170689, 26.025608323272213], [-111.57226681703916, 26.025608323166608], [-111.57142996788996, 26.023159506429035], [-111.571429967882, 26.023159506400205], [-111.57142996787758, 26.023159506370916], [-111.5712261199975, 26.020893823212656], [-111.57122611999654, 26.020893823186448], [-111.57122612000647, 26.02089382316207], [-111.57184839247596, 26.019572957918452], [-111.57184839248764, 26.019572957896543], [-111.57184839250138, 26.019572957875976], [-111.5726852416018, 26.018444908018566], [-111.57268524166138, 26.01844490792849], [-111.57268524171087, 26.018444907832514], [-111.57268524174974, 26.01844490773176], [-111.57311439509267, 26.017124015188607], [-111.57311439511976, 26.017124015087507], [-111.57311439513613, 26.01712401498413], [-111.57311439514162, 26.01712401487961], [-111.57311439514162, 26.014106153000615], [-111.57311439514278, 26.014106152976677], [-111.57311439515095, 26.014106152953676], [-111.57373666762254, 26.01259237188895], [-111.57373666763442, 26.01259237186404], [-111.57373666764879, 26.01259237184087], [-111.57478809350809, 26.011088213420624], [-111.5747880935623, 26.011088213333952], [-111.57478809360738, 26.011088213242196], [-111.57583951949148, 26.00863909350217], [-111.57583951950168, 26.00863909348117], [-111.57583951951568, 26.00863909346241], [-111.57852172850001, 26.005370306709683], [-111.57852172851457, 26.005370306693614]]], [[[-111.61696314811577, 25.8691866208392], [-111.61696314810838, 25.869186620863022], [-111.61634087568663, 25.870885664382207], [-111.6163408756601, 25.87088566446584], [-111.616340875641, 25.870885664551476], [-111.61634087562948, 25.87088566463846], [-111.61634087562562, 25.870885664726117], [-111.61634087562562, 25.872208198681385], [-111.61634087562437, 25.872208198706154], [-111.61634087561127, 25.872208198727268], [-111.6152894497029, 25.873723785323666], [-111.61528944968128, 25.87372378535616], [-111.6144526004987, 25.87503663444661], [-111.61445260045531, 25.875036634504827], [-111.61298274995946, 25.876735594031594], [-111.61298274991566, 25.87673559407624], [-111.61109447522591, 25.878434528806498], [-111.61109447515774, 25.87843452887401], [-111.61109447509637, 25.87843452894775], [-111.61109447504235, 25.87843452902703], [-111.61109447499616, 25.87843452911112], [-111.61109447495825, 25.87843452919925], [-111.61109447492896, 25.878434529290608], [-111.61109447490855, 25.878434529384354], [-111.61109447489723, 25.87843452947962], [-111.61109447489508, 25.878434529575536], [-111.61109447490215, 25.878434529671214], [-111.61109447491835, 25.878434529765777], [-111.61149144172131, 25.88022996815892], [-111.61149144172525, 25.88022996818212], [-111.61149144170184, 25.880229968183283], [-111.5875983238464, 25.880229968183283], [-111.58759832382454, 25.880229968182217], [-111.58759832383898, 25.880229968165853], [-111.58842444411488, 25.879380516666842], [-111.5884244441929, 25.879380516576393], [-111.58842444425957, 25.87938051647729], [-111.59031271929479, 25.876175712433806], [-111.59031271934064, 25.87617571234636], [-111.59031271937766, 25.87617571225482], [-111.59136414527153, 25.87315423597676], [-111.59136414527978, 25.87315423595605], [-111.59136414529493, 25.873154235939445], [-111.5932524203987, 25.871262153908848], [-111.59325242044997, 25.871262153853444], [-111.59535527227632, 25.86881012491194], [-111.59535527229394, 25.868810124893415], [-111.59535527231364, 25.8688101248766], [-111.59682512240468, 25.86768063018307], [-111.59682512248014, 25.86768063011889], [-111.59682512254889, 25.86768063004756], [-111.59682512261024, 25.86768062996978], [-111.59682512266359, 25.86768062988631], [-111.59682512270842, 25.867680629797967], [-111.59682512274429, 25.867680629705625], [-111.59682512277085, 25.867680629610188], [-111.59682512278783, 25.86768062951259], [-111.59682512279508, 25.86768062941379], [-111.59682512279252, 25.86768062931476], [-111.59661054611392, 25.86484236392603], [-111.59661054611327, 25.864842363901666], [-111.59661054612198, 25.864842363879053], [-111.59702897070893, 25.86389626012375], [-111.59702897071926, 25.863896260103072], [-111.59702897073777, 25.86389626008934], [-111.60038709637392, 25.861637165317347], [-111.60038709643455, 25.86163716527317], [-111.60374522207199, 25.858991845572866], [-111.60374522209162, 25.85899184555893], [-111.60374522211035, 25.858991845574156], [-111.60458207128572, 25.859744898793142], [-111.60458207130306, 25.859744898810384], [-111.60458207130273, 25.859744898834922], [-111.60437822342615, 25.862959802855507], [-111.60437822342523, 25.862959802965076], [-111.60437822343629, 25.86295980307409], [-111.60500049590762, 25.866917973232205], [-111.60500049590989, 25.866917973251507], [-111.60500049591064, 25.866917973270777], [-111.60500049591064, 25.869563114586633], [-111.60500049591546, 25.86956311468465], [-111.60500049592986, 25.869563114781723], [-111.6050004959537, 25.869563114876918], [-111.60500049598677, 25.869563114969317], [-111.60500049602872, 25.86956311505803], [-111.60500049607919, 25.869563115142203], [-111.60500049613763, 25.869563115221027], [-111.60500049620354, 25.86956311529374], [-111.60500049627626, 25.869563115359643], [-111.60500049635507, 25.869563115418103], [-111.60500049643925, 25.869563115468555], [-111.60500049652796, 25.869563115510513], [-111.60500049662036, 25.869563115543574], [-111.60500049671556, 25.86956311556742], [-111.60500049681264, 25.86956311558182], [-111.60500049691065, 25.869563115586633], [-111.60794019691672, 25.869563115586633], [-111.60794019699077, 25.869563115583887], [-111.60794019706441, 25.869563115575666], [-111.61046147332894, 25.869186620859644], [-111.61046147341831, 25.869186620842104], [-111.61046147350572, 25.869186620816503], [-111.61046147359045, 25.869186620783058], [-111.61381959912386, 25.86768062986617], [-111.61381959915214, 25.867680629855503], [-111.61381959918161, 25.867680629848323], [-111.6159117221598, 25.86730412911248], [-111.61591172218299, 25.86730412910944], [-111.61591172220312, 25.867304129121408], [-111.61675930021009, 25.86786405284482], [-111.61675930023071, 25.867864052860032], [-111.6167593002359, 25.867864052884944], [-111.61696314811324, 25.869186620814485], [-111.61696314811577, 25.8691866208392]]], [[[-111.6224670410145, 25.8792743347025], [-111.62246704101562, 25.879274334725398], [-111.62246704101562, 25.88022996815877], [-111.62246704101447, 25.880229968182135], [-111.6224670409911, 25.880229968183283], [-111.6208899021396, 25.880229968183283], [-111.62088990211845, 25.880229968182235], [-111.62088990213564, 25.880229968169917], [-111.6222095489312, 25.87938051659296], [-111.62220954895065, 25.87938051658164], [-111.62220954897111, 25.879380516572105], [-111.62246704099297, 25.879274334710164], [-111.6224670410145, 25.8792743347025]]]]}}, {"type": "Feature", "id": 4, "properties": {"actividad": "Conservación y Turismo Alternativo", "conflictos_potenciales": "Afectación a la biodiversidad por el aprovechamiento de fauna o flora silvestre ", "fragilidad": "baja", "localidad_referencia": "La Fortuna ", "nombre": "UGA-52a", "poblacion": 0, "politica_ambiental": "Preservación", "presion": "baja", "superficie_total": 1313.22, "vulnerabilidad": "baja"}, "geometry": {"type": "Polygon", "coordinates": [[[-111.62246704101447, 25.86023727718982], [-111.62246704101562, 25.86023727721339], [-111.62246704101562, 25.87928398757817], [-111.62246704101445, 25.87928398760185], [-111.62246704099083, 25.879283987604868], [-111.62184476897882, 25.879332252066426], [-111.62184476888451, 25.87933225207827], [-111.62184476879177, 25.879332252099015], [-111.62184476870141, 25.879332252128467], [-111.62184476861425, 25.879332252166368], [-111.62184476853109, 25.879332252212368], [-111.62184476845266, 25.87933225226606], [-111.62184476837969, 25.87933225232695], [-111.62184476831283, 25.879332252394494], [-111.62184476825269, 25.879332252468082], [-111.62117958070237, 25.880229968164535], [-111.62117958068794, 25.88022996818222], [-111.62117958066516, 25.880229968183283], [-111.61127686503033, 25.880229968183283], [-111.61127686500694, 25.88022996818212], [-111.61127686501092, 25.880229968158865], [-111.61177039145917, 25.87800979772493], [-111.61177039146524, 25.87800979770267], [-111.6117703914791, 25.87800979768409], [-111.61471009252813, 25.874428478254856], [-111.61471009255987, 25.874428478214078], [-111.61638379077455, 25.872159931561605], [-111.61638379083281, 25.87215993147319], [-111.61638379088141, 25.872159931379105], [-111.61638379091978, 25.87215993128041], [-111.6163837909475, 25.872159931178214], [-111.61638379096425, 25.872159931073657], [-111.61638379096986, 25.872159930967914], [-111.61638379096986, 25.869331427044056], [-111.61638379096553, 25.869331426951074], [-111.61638379095257, 25.869331426858896], [-111.6163837909311, 25.869331426768323], [-111.6163837909013, 25.869331426680137], [-111.61638379086342, 25.869331426595107], [-111.6163837908178, 25.869331426513966], [-111.61638379076484, 25.86933142643742], [-111.61638379070499, 25.869331426366127], [-111.61429166848356, 25.86706278243694], [-111.61429166841462, 25.867062782369082], [-111.61429166833945, 25.867062782308203], [-111.61429166825873, 25.867062782254873], [-111.61429166817325, 25.86706278220959], [-111.6142916680838, 25.867062782172777], [-111.6142916679912, 25.86706278214478], [-111.61429166789634, 25.867062782125867], [-111.61429166780007, 25.867062782116204], [-111.61429166770334, 25.867062782115884], [-111.61429166760703, 25.867062782124915], [-111.61429166751205, 25.867062782143208], [-111.61429166741927, 25.867062782170596], [-111.61429166732957, 25.86706278220682], [-111.61429166724379, 25.867062782251537], [-111.61009669305984, 25.86951484708412], [-111.61009669303856, 25.86951484709522], [-111.61009669301502, 25.869514847099747], [-111.60610556604944, 25.870084414021914], [-111.6061055660258, 25.870084414024095], [-111.60610556602172, 25.870084414000562], [-111.60568714142842, 25.866686279212537], [-111.60568714141522, 25.866686279132313], [-111.60568714139553, 25.86668627905343], [-111.60358428955742, 25.859513190650404], [-111.60358428955192, 25.859513190627684], [-111.60358428955516, 25.859513190604552], [-111.6037988662677, 25.858373952148924], [-111.60379886627297, 25.85837395212668], [-111.60379886628934, 25.858373952110515], [-111.60568714077507, 25.856674729116406], [-111.60568714084265, 25.85667472904951], [-111.60568714090357, 25.856674728976497], [-111.60568714095729, 25.856674728898028], [-111.6056871410033, 25.856674728814813], [-111.6056871410412, 25.856674728727604], [-111.60568714107065, 25.856674728637188], [-111.60568714109137, 25.856674728544387], [-111.60568714110319, 25.856674728450034], [-111.60568714110599, 25.856674728354985], [-111.60568714109975, 25.8566747282601], [-111.60568714108453, 25.856674728166237], [-111.60568714106046, 25.856674728074246], [-111.60568714102777, 25.856674727984952], [-111.60568714098673, 25.856674727899172], [-111.60568714093775, 25.856674727817673], [-111.6031658649817, 25.852899661518375], [-111.60316586489998, 25.852899661412188], [-111.59750103951146, 25.84647887416402], [-111.59750103949861, 25.846478874149735], [-111.594561338675, 25.843273177977885], [-111.59456133860284, 25.843273177906784], [-111.59456133852386, 25.84327317784335], [-111.59456133843887, 25.843273177788234], [-111.59456133834873, 25.843273177742002], [-111.59456133825438, 25.84327317770512], [-111.59456133815678, 25.843273177677982], [-111.59456133805693, 25.84327317766085], [-111.5882742405188, 25.8425200195529], [-111.58827424049477, 25.842520019548786], [-111.58827424048773, 25.84252001952535], [-111.58785581589468, 25.84082056817704], [-111.58785581588927, 25.84082056814746], [-111.58785581588745, 25.84082056811747], [-111.58785581588745, 25.838213407773715], [-111.5878558158886, 25.83821340775035], [-111.58785581591198, 25.8382134077492], [-111.61572933194547, 25.8382134077492], [-111.61572933196715, 25.838213407750274], [-111.61572933195077, 25.838213407764645], [-111.6155469420504, 25.838358251267916], [-111.61554694197363, 25.83835825133556], [-111.61554694190419, 25.838358251410696], [-111.61554694184278, 25.838358251492533], [-111.61554694179006, 25.838358251580217], [-111.61554694174657, 25.838358251672833], [-111.61554694171276, 25.838358251769403], [-111.61554694168902, 25.838358251868925], [-111.61407709122173, 25.846295417943253], [-111.61407709121369, 25.846295417993858], [-111.6130256653299, 25.85422239653982], [-111.61302566532181, 25.85422239663694], [-111.6130256653232, 25.85422239673438], [-111.61302566533409, 25.854222396831222], [-111.61302566535434, 25.85422239692655], [-111.61302566538377, 25.85422239701945], [-111.61302566542211, 25.85422239710904], [-111.613025665469, 25.854222397194476], [-111.61534309371132, 25.857997421470916], [-111.61534309376742, 25.857997421552884], [-111.61534309383138, 25.857997421628884], [-111.61534309390257, 25.85799742169816], [-111.61534309398029, 25.857997421760032], [-111.61534309406375, 25.857997421813888], [-111.61534309415214, 25.8579974218592], [-111.61870121945157, 25.85951319057939], [-111.61870121956079, 25.859513190621186], [-111.61870121967415, 25.85951319064995], [-111.62246704099142, 25.8602372771842], [-111.62246704101447, 25.86023727718982]]]}}, {"type": "Feature", "id": 2, "properties": {"actividad": "Conservación", "conflictos_potenciales": "Afectación a la biodiversidad por el aprovechamiento de fauna o flora silvestre ", "fragilidad": "baja", "localidad_referencia": "Las Parras, Agua Escondida, La Poza de Gonzalez, Las Palmas ", "nombre": "UGA-37b", "poblacion": 76, "politica_ambiental": "Preservación", "presion": "baja", "superficie_total": 2344.39, "vulnerabilidad": "baja"}, "geometry": {"type": "MultiPolygon", "coordinates": [[[[-111.546571255, 25.732410876], [-111.545938253, 25.732130594], [-111.544779539, 25.730709846], [-111.539222002, 25.727501018], [-111.539533138, 25.725983561], [-111.541421413, 25.724185784], [-111.541421413, 25.724185783], [-111.5408957, 25.723712171], [-111.539640427, 25.722397644], [-111.538589001, 25.721073438], [-111.537966728, 25.719836209], [-111.537966728, 25.719497903], [-111.543899775, 25.719497903], [-111.544886827, 25.720783464], [-111.545938253, 25.722107673], [-111.546571255, 25.724185783], [-111.546356678, 25.726263857], [-111.546775103, 25.727684658], [-111.547086239, 25.729955972], [-111.546571255, 25.732410876]]], [[[-111.550551653, 25.694218827], [-111.55002594, 25.692043512], [-111.551184654, 25.691192712], [-111.551184654, 25.691192711], [-111.550970078, 25.689964841], [-111.550970077, 25.689964841], [-111.55002594, 25.688456574], [-111.55002594, 25.688456573], [-111.547611952, 25.687315692], [-111.547611951, 25.687315692], [-111.546882391, 25.688079503], [-111.545519829, 25.688930326], [-111.544361115, 25.689307393], [-111.544361114, 25.689307393], [-111.542687416, 25.688930326], [-111.543524265, 25.688359889], [-111.544672251, 25.688079503], [-111.54624939, 25.687131989], [-111.548244953, 25.686474526], [-111.549500227, 25.68580739], [-111.551806927, 25.685526998], [-111.553695202, 25.685526998], [-111.554017067, 25.686281153], [-111.554017068, 25.686281153], [-111.555272341, 25.686184467], [-111.55601263, 25.685710703], [-111.55684948, 25.68580739], [-111.558845043, 25.685526998], [-111.55988574, 25.685149919], [-111.560518742, 25.68580739], [-111.561044455, 25.687035303], [-111.563243866, 25.689781143], [-111.560937166, 25.691009015], [-111.558104753, 25.691956499], [-111.553909779, 25.69328103], [-111.550551653, 25.694218827]]], [[[-111.600698233, 25.654505828], [-111.601020098, 25.651198233], [-111.601020097, 25.651198233], [-111.601020097, 25.651198232], [-111.600805521, 25.651198232], [-111.600183249, 25.650917759], [-111.60007596, 25.65015371], [-111.60007596, 25.650153709], [-111.599550247, 25.649873234], [-111.599442959, 25.649022132], [-111.602071524, 25.648644937], [-111.605429649, 25.64797759], [-111.607521772, 25.648074307], [-111.607317925, 25.649399325], [-111.607317925, 25.649399326], [-111.607832908, 25.651478704], [-111.607832909, 25.651478704], [-111.60846591, 25.651478704], [-111.610150337, 25.652523216], [-111.607832909, 25.653558047], [-111.606266499, 25.653935226], [-111.603326798, 25.654031938], [-111.603326797, 25.654031938], [-111.600698233, 25.654505828]]]]}}, {"type": "Feature", "id": 3, "properties": {"actividad": "Conservación", "conflictos_potenciales": "Afectación a la biodiversidad por el aprovechamiento de fauna o flora silvestre ", "fragilidad": "baja", "localidad_referencia": "Las Parras, Agua Escondida, La Poza de Gonzalez, Las Palmas ", "nombre": "UGA-37b", "poblacion": 76, "politica_ambiental": "Preservación", "presion": "baja", "superficie_total": 2344.39, "vulnerabilidad": "baja"}, "geometry": {"type": "Polygon", "coordinates": [[[-111.6202139854385, 25.645424226530153], [-111.62021398542198, 25.645424226521463], [-111.61990284943268, 25.6452404597658], [-111.61990284933809, 25.64524045971654], [-111.61990284923878, 25.64524045967763], [-111.61990284913591, 25.645240459649518], [-111.61990284903062, 25.64524045963252], [-111.61990284892413, 25.645240459626834], [-111.61906600047529, 25.645240459626834], [-111.61906600037412, 25.645240459631964], [-111.61906600027399, 25.645240459647304], [-111.61906600017592, 25.645240459672696], [-111.61906600008092, 25.64524045970788], [-111.61906599998997, 25.645240459752493], [-111.61906599990401, 25.64524045980608], [-111.6190659998239, 25.645240459868084], [-111.61906599975048, 25.64524045993788], [-111.6190659996845, 25.64524046001474], [-111.61738157276125, 25.647416628470033], [-111.61738157269177, 25.647416628572294], [-111.61654472352336, 25.64882869908214], [-111.61654472350969, 25.648828699102808], [-111.61654472349439, 25.64882869912165], [-111.61518216134817, 25.650347139902653], [-111.61518216133065, 25.650347139920278], [-111.61518216130578, 25.65034713991963], [-111.61392688753645, 25.65025042452398], [-111.61392688751307, 25.65025042452103], [-111.61392688750432, 25.650250424498896], [-111.61318659790365, 25.648074307542313], [-111.61318659786807, 25.64807430745226], [-111.61318659782394, 25.648074307366073], [-111.61318659777169, 25.648074307284556], [-111.61318659771179, 25.64807430720848], [-111.61318659764481, 25.648074307138547], [-111.61109447480997, 25.646091588201912], [-111.61109447479396, 25.646091588185197], [-111.61109447480673, 25.646091588165888], [-111.61151289938773, 25.64552094586019], [-111.6115128993993, 25.64552094584561], [-111.61151289941213, 25.645520945831713], [-111.61612629888748, 25.640888002815903], [-111.61612629890439, 25.640888002800477], [-111.61612629892039, 25.640888002816613], [-111.62021398542684, 25.645424226515882], [-111.6202139854385, 25.645424226530153]]]}}, {"type": "Feature", "id": 1, "properties": {"actividad": "Pesca, Turismo Alternativo y Conservación", "conflictos_potenciales": "Uso de suelo en zonas costeras, modificación de los ecosistemas costeros", "fragilidad": "baja", "localidad_referencia": "San Nicolás", "nombre": "UGA-4", "poblacion": 39, "politica_ambiental": "Preservación", "presion": "media", "superficie_total": 141.25, "vulnerabilidad": "media"}, "geometry": {"type": "Polygon", "coordinates": [[[-111.56072258949156, 26.54633369745949], [-111.56072258948818, 26.54633369748378], [-111.56054019928146, 26.547293466397843], [-111.56054019927774, 26.547293466415592], [-111.56044363978222, 26.547715762080767], [-111.5604436397625, 26.547715762199445], [-111.56044363975718, 26.547715762319633], [-111.5604543685909, 26.548387593182685], [-111.56045436859043, 26.548387593199386], [-111.56045436859027, 26.5483875932076], [-111.5604543685762, 26.54838759323004], [-111.5602183342967, 26.548723507097012], [-111.56021833423694, 26.54872350719323], [-111.56021833418843, 26.54872350729559], [-111.56021833415181, 26.54872350740278], [-111.56007885933833, 26.549222577659467], [-111.56007885932237, 26.549222577725004], [-111.55999302864457, 26.54963526890889], [-111.55999302863552, 26.549635268945423], [-111.55981063843542, 26.550268699069928], [-111.55981063841719, 26.55026869912219], [-111.55973553658474, 26.55045104953437], [-111.55973553657452, 26.550451049556077], [-111.5597355365507, 26.550451049557246], [-111.55973492411583, 26.550451049557246], [-111.55973492401789, 26.550451049562053], [-111.55973492392089, 26.550451049576434], [-111.55973492382574, 26.550451049600245], [-111.55973492373342, 26.550451049633256], [-111.55973492364475, 26.550451049675157], [-111.55973492356061, 26.550451049725538], [-111.55973492348183, 26.55045104978392], [-111.55973492340912, 26.550451049849737], [-111.55973492334323, 26.55045104992236], [-111.55973492328475, 26.550451050001083], [-111.55973492323427, 26.550451050085158], [-111.55973492319228, 26.550451050173773], [-111.5596711635717, 26.55060460758432], [-111.55967116354228, 26.550604607643688], [-111.558845043197, 26.552025009875177], [-111.55884504318104, 26.552025009899264], [-111.55884504316225, 26.55202500992149], [-111.5580511093305, 26.552859967879186], [-111.55805110931391, 26.552859967895035], [-111.55805110929597, 26.55285996788048], [-111.55791163453, 26.552735204520335], [-111.55791163444148, 26.552735204449746], [-111.55791163434554, 26.552735204389617], [-111.55777215959758, 26.552658426879624], [-111.5577721595565, 26.55265842685436], [-111.55740737917287, 26.552408899404742], [-111.55740737915139, 26.552408899388258], [-111.55740737913175, 26.55240889936947], [-111.55712842943214, 26.552111385168], [-111.557128429396, 26.552111385124814], [-111.55697822572398, 26.55190984282439], [-111.55697822570927, 26.551909842802278], [-111.55697822569961, 26.55190984277754], [-111.55683875087796, 26.551487562573545], [-111.55683875084912, 26.551487562496927], [-111.55683875081412, 26.551487562422924], [-111.55683875077318, 26.551487562352033], [-111.55665636088612, 26.551199643556718], [-111.55665636082819, 26.551199643474686], [-111.55665636076232, 26.551199643398878], [-111.55665636068917, 26.551199643330058], [-111.5566563606095, 26.551199643268923], [-111.55665636052409, 26.551199643216087], [-111.5566563604338, 26.551199643172083], [-111.55665636033957, 26.55119964313736], [-111.55665636024233, 26.55119964311226], [-111.55665636014307, 26.551199643097043], [-111.55628085139057, 26.55116125385319], [-111.5562808513645, 26.55116125384912], [-111.55628085133989, 26.55116125383965], [-111.55600190164768, 26.551036488559355], [-111.55600190162723, 26.551036488549048], [-111.55600190161032, 26.551036488533498], [-111.55558347706625, 26.5506142050332], [-111.55558347696861, 26.55061420494674], [-111.5553730271242, 26.550451049766934], [-111.55537302704714, 26.550451049712798], [-111.55537302696533, 26.550451049666155], [-111.5553730268795, 26.550451049627416], [-111.55537302679039, 26.550451049596923], [-111.55537302669882, 26.550451049574946], [-111.55537302660558, 26.55045104956168], [-111.5553730265115, 26.550451049557246], [-111.5553689003233, 26.550451049557246], [-111.55536890029946, 26.55045104955609], [-111.55536890028019, 26.550451049542037], [-111.5552616120958, 26.550364673186056], [-111.5552616120152, 26.550364673127532], [-111.55526161192917, 26.550364673077315], [-111.55526161183857, 26.550364673035908], [-111.5552616117443, 26.55036467300372], [-111.55442476275103, 26.550124738008932], [-111.55442476272636, 26.550124738000434], [-111.55442476270268, 26.550124737989396], [-111.55363082892852, 26.54970245111862], [-111.55363082885613, 26.54970245108377], [-111.55363082878117, 26.549702451054845], [-111.55241847039606, 26.549289760091924], [-111.55241847036964, 26.549289760082086], [-111.55139923102067, 26.54887706763445], [-111.55139923089045, 26.548877067591853], [-111.5504121780596, 26.5486275319061], [-111.55041217803985, 26.548627531900227], [-111.55041217802064, 26.548627531892734], [-111.54929637911141, 26.548138056445456], [-111.5492963790683, 26.548138056424012], [-111.54903888704521, 26.547994092677925], [-111.54903888702778, 26.547994092667032], [-111.54903888704833, 26.54799409266603], [-111.54904400413983, 26.54799409266603], [-111.54904400423683, 26.547994092661316], [-111.54904400433293, 26.54799409264721], [-111.54904400442719, 26.547994092623853], [-111.54904400451875, 26.547994092591463], [-111.54904400460673, 26.547994092550343], [-111.5490440046903, 26.547994092500883], [-111.54904400476869, 26.54799409244355], [-111.54904400484115, 26.547994092378882], [-111.54904400490699, 26.54799409230749], [-111.5490440049656, 26.54799409223005], [-111.54904400501641, 26.547994092147288], [-111.54904400505896, 26.547994092059987], [-111.54904400509284, 26.547994091968974], [-111.54904400511774, 26.5479940918751], [-111.5490440051334, 26.547994091779255], [-111.54904400513969, 26.54799409168234], [-111.54904400513657, 26.547994091585274], [-111.54904400512403, 26.54799409148897], [-111.54904400510222, 26.547994091394337], [-111.54904400507132, 26.547994091302265], [-111.54904400503165, 26.54799409121362], [-111.54904400498356, 26.547994091129247], [-111.54904400492751, 26.547994091049937], [-111.54904400486403, 26.547994090976434], [-111.54904400479371, 26.547994090909437], [-111.54904400471725, 26.547994090849578], [-111.54904400463532, 26.54799409079742], [-111.54855608949349, 26.54771576225134], [-111.548556089399, 26.54771576220387], [-111.54855608930002, 26.54771576216665], [-111.54752612116668, 26.547389442868145], [-111.54752612111355, 26.54738944284792], [-111.54668927202631, 26.547015134283313], [-111.54668927192506, 26.547015134244468], [-111.54668927182018, 26.547015134216814], [-111.54571294786301, 26.54681358294067], [-111.5457129478282, 26.54681358293217], [-111.54469370845023, 26.546525651900044], [-111.5446937083889, 26.546525651884796], [-111.54353499414772, 26.546276111072007], [-111.54353499412574, 26.54627611106621], [-111.54353499410513, 26.546276111056496], [-111.54329895979846, 26.54615134048655], [-111.54329895973093, 26.546151340454028], [-111.54329895966114, 26.546151340426654], [-111.54236555101912, 26.545825016669284], [-111.54236555099544, 26.54582501665961], [-111.5423655509729, 26.545825016647576], [-111.54180765163206, 26.54548909420938], [-111.54180765155579, 26.545489094167852], [-111.54180765147619, 26.545489094133103], [-111.54180765139388, 26.54548909410539], [-111.54111027719966, 26.545287540164928], [-111.54111027717646, 26.545287540156963], [-111.5411102771567, 26.54528754014265], [-111.54069185258759, 26.54495161607921], [-111.54069185257048, 26.54495161606412], [-111.54069185255989, 26.544951616043548], [-111.54049873353065, 26.544529310116612], [-111.54049873352196, 26.544529310094795], [-111.54049873354035, 26.54452931008008], [-111.54077768324746, 26.5443277544317], [-111.54077768326913, 26.544327754416894], [-111.54123902307946, 26.544030219298936], [-111.54123902316195, 26.54403021923959], [-111.54123902323799, 26.54403021917218], [-111.5412390233068, 26.544030219097397], [-111.54151797288742, 26.543694291510537], [-111.54151797294267, 26.54369429143743], [-111.541517972991, 26.54369429135957], [-111.54175400731421, 26.543271980885194], [-111.54175400735998, 26.543271980792287], [-111.54207587241251, 26.542523335521203], [-111.54207587242216, 26.54252333550126], [-111.54207587243349, 26.542523335482336], [-111.54249429701262, 26.541889862573825], [-111.54249429702874, 26.541889862552086], [-111.54249429704704, 26.541889862532315], [-111.54313802715069, 26.541265984296505], [-111.54313802722704, 26.54126598421366], [-111.54355645176186, 26.540757281026533], [-111.54355645182804, 26.540757280936205], [-111.5438246726869, 26.540344557820024], [-111.54382467269974, 26.540344557802054], [-111.54382467271552, 26.54034455778664], [-111.54420018191668, 26.54000861927134], [-111.5442001820004, 26.54000861918697], [-111.54475808141945, 26.539375132413817], [-111.544758081437, 26.53937513239582], [-111.54475808145783, 26.539375132381696], [-111.5457236766656, 26.538789633884043], [-111.5457236766819, 26.538789633874963], [-111.54572367669853, 26.53878963386726], [-111.54693603513284, 26.53828091962898], [-111.54693603515658, 26.538280919620405], [-111.54693603518153, 26.538280919616785], [-111.54785871501903, 26.538194533959103], [-111.54785871509536, 26.538194533948978], [-111.55009031293262, 26.537810596890115], [-111.55009031295786, 26.537810596887088], [-111.55009031298329, 26.537810596886647], [-111.55236482618173, 26.537887384401824], [-111.5523648262023, 26.53788738440337], [-111.55236482622216, 26.53788738440824], [-111.5549182891662, 26.53862646161784], [-111.55491828918427, 26.538626461623835], [-111.55491828920208, 26.538626461631303], [-111.55599117276779, 26.53912557600323], [-111.55599117278989, 26.539125576014886], [-111.55599117281076, 26.53912557602872], [-111.55678510664832, 26.53971107281189], [-111.55678510666911, 26.539711072828077], [-111.55743956563727, 26.54024857543579], [-111.55743956565746, 26.54024857545434], [-111.55743956567558, 26.540248575475083], [-111.55776143070848, 26.540661298939526], [-111.5577614307764, 26.540661299017863], [-111.55888795851665, 26.54183227391738], [-111.55888795853592, 26.54183227393859], [-111.55934929845965, 26.54236976660172], [-111.55934929847595, 26.542369766622922], [-111.55934929848732, 26.542369766647017], [-111.55963897704115, 26.543080020938806], [-111.55963897705793, 26.54308002098688], [-111.5598213672205, 26.543703889241737], [-111.5598213672541, 26.543703889338122], [-111.55982136729736, 26.54370388943058], [-111.55982136734983, 26.543703889518145], [-111.56023979185433, 26.544327754400488], [-111.56023979186865, 26.5443277544247], [-111.56023979187715, 26.544327754451427], [-111.56057238578525, 26.545623463256845], [-111.56057238579024, 26.54562346327814], [-111.56072258948767, 26.546333697435173], [-111.56072258949156, 26.54633369745949]]]}}, {"type": "Feature", "id": 4, "properties": {"actividad": "Conservación y Turismo Alternativo", "conflictos_potenciales": "Afectación a la biodiversidad por el aprovechamiento de fauna o flora silvestre ", "fragilidad": "baja", "localidad_referencia": "Rancho Viejo", "nombre": "UGA-42", "poblacion": 2, "politica_ambiental": "Preservación", "presion": "baja", "superficie_total": 11034.33, "vulnerabilidad": "baja"}, "geometry": {"type": "Polygon", "coordinates": [[[-111.523815393, 25.880229968], [-111.524083614, 25.879882466], [-111.525553465, 25.877420963], [-111.531014442, 25.872324041], [-111.531014442, 25.87232404], [-111.53121829, 25.869688614], [-111.532484293, 25.865904308], [-111.532688141, 25.864958213], [-111.533954144, 25.866666971], [-111.534576416, 25.867738553], [-111.534576416, 25.877758818], [-111.534576416, 25.877758819], [-111.534576417, 25.877758819], [-111.540638208, 25.877758819], [-111.541925669, 25.883656671], [-111.542977095, 25.89969811], [-111.542344093, 25.910265736], [-111.54006598, 25.917290994], [-111.54006598, 25.917290995], [-111.540065981, 25.917290995], [-111.54006958, 25.917290995], [-111.537934542, 25.923862321], [-111.531829834, 25.930597309], [-111.531829834, 25.880229969], [-111.531829834, 25.880229968], [-111.531829833, 25.880229968], [-111.523815393, 25.880229968]]]}}, {"type": "Feature", "id": 3, "properties": {"actividad": "Conservación y Turismo Alternativo", "conflictos_potenciales": "Afectación a la biodiversidad por el aprovechamiento de fauna o flora silvestre ", "fragilidad": "baja", "localidad_referencia": "Rancho Viejo", "nombre": "UGA-42", "poblacion": 2, "politica_ambiental": "Preservación", "presion": "baja", "superficie_total": 11034.33, "vulnerabilidad": "baja"}, "geometry": {"type": "MultiPolygon", "coordinates": [[[[-111.496392488, 25.909329647], [-111.502261162, 25.905363247], [-111.504782438, 25.902911927], [-111.509610414, 25.897246671], [-111.509610415, 25.897246671], [-111.512550116, 25.894225734], [-111.518633366, 25.886861272], [-111.524083614, 25.879882466], [-111.525349617, 25.877758819], [-111.534576416, 25.877758819], [-111.534576416, 25.927567577], [-111.531432867, 25.9310315], [-111.515060663, 25.943294319], [-111.500791311, 25.951783957], [-111.495341063, 25.954620132], [-111.490631105, 25.949879313], [-111.490631105, 25.949879312], [-111.490631104, 25.949879312], [-111.490631104, 25.949879313], [-111.490631104, 25.949883489], [-111.490631103, 25.949883489], [-111.482959986, 25.942165537], [-111.48337841, 25.936309203], [-111.48190856, 25.929333322], [-111.480653286, 25.926496538], [-111.482745409, 25.924798295], [-111.486951113, 25.922723704], [-111.486951113, 25.922723703], [-111.490631104, 25.91750329], [-111.490631104, 25.917504141], [-111.490631104, 25.917504142], [-111.490631105, 25.917504142], [-111.490781307, 25.917290995], [-111.49078361, 25.917290995], [-111.490783611, 25.917290995], [-111.496392488, 25.909329647]]], [[[-111.538149118, 25.840685383], [-111.538149118, 25.839893584], [-111.538621187, 25.839372153], [-111.538621187, 25.839372152], [-111.538985968, 25.836591146], [-111.5391469, 25.835084739], [-111.540766954, 25.836398018], [-111.54062748, 25.840685383], [-111.538149118, 25.840685383]]], [[[-111.54569149, 25.880229968], [-111.545487642, 25.876861084], [-111.545702219, 25.874399518], [-111.546753645, 25.872893594], [-111.550734043, 25.871764138], [-111.552000046, 25.870818089], [-111.553459167, 25.86949554], [-111.553459168, 25.869495539], [-111.554092169, 25.866850396], [-111.554306746, 25.866097388], [-111.554510593, 25.864021764], [-111.557235718, 25.863268738], [-111.561022997, 25.859300791], [-111.561645269, 25.85457963], [-111.561645269, 25.854579629], [-111.560593844, 25.851181049], [-111.560593843, 25.851181049], [-111.556613445, 25.847965824], [-111.553673744, 25.846459563], [-111.55241847, 25.846082995], [-111.551570892, 25.842307589], [-111.551989317, 25.838213408], [-111.578521728, 25.838213408], [-111.578521729, 25.838213408], [-111.578521729, 25.880229968], [-111.578521728, 25.880229968], [-111.54569149, 25.880229968]]]]}}, {"type": "Feature", "id": 5, "properties": {"actividad": "Conservación y Turismo Alternativo", "conflictos_potenciales": "Afectación a la biodiversidad por el aprovechamiento de fauna o flora silvestre ", "fragilidad": "baja", "localidad_referencia": "Rancho Viejo", "nombre": "UGA-42", "poblacion": 2, "politica_ambiental": "Preservación", "presion": "baja", "superficie_total": 11034.33, "vulnerabilidad": "baja"}, "geometry": {"type": "Polygon", "coordinates": [[[-111.5407025814044, 25.83821340775039], [-111.54070258140484, 25.838213407774315], [-111.54061675071767, 25.840936440593936], [-111.54061675071718, 25.84093644062544], [-111.54061675071718, 25.840984720744473], [-111.54061675071605, 25.840984720767644], [-111.54061675069296, 25.840984720769207], [-111.53814911844829, 25.841033000907572], [-111.53814911842463, 25.84103300090686], [-111.53814911842346, 25.841033000883094], [-111.53814911842346, 25.83989358439207], [-111.53814911842481, 25.839893584366415], [-111.53814911844107, 25.839893584346445], [-111.53862118699995, 25.839372153028936], [-111.53862118706392, 25.839372152950656], [-111.53862118711967, 25.839372152866318], [-111.53862118716661, 25.83937215277678], [-111.53862118720428, 25.83937215268296], [-111.53862118723228, 25.839372152585813], [-111.53862118725033, 25.83937215248634], [-111.53877139091185, 25.83821340777287], [-111.53877139091588, 25.83821340775031], [-111.53877139093893, 25.8382134077492], [-111.54070258138061, 25.8382134077492], [-111.5407025814044, 25.83821340775039]]]}}, {"type": "Feature", "id": 6, "properties": {"actividad": "Conservación y Turismo Alternativo", "conflictos_potenciales": "Afectación a la biodiversidad por el aprovechamiento de fauna o flora silvestre ", "fragilidad": "baja", "localidad_referencia": "El Púa, El Belén", "nombre": "UGA-49a", "poblacion": 8, "politica_ambiental": "Preservación", "presion": "baja", "superficie_total": 10012.47, "vulnerabilidad": "baja"}, "geometry": {"type": "Polygon", "coordinates": [[[-111.53813838958627, 25.838213407750285], [-111.5381383895862, 25.838213407773218], [-111.537913084031, 25.84270348157649], [-111.53791308402815, 25.842703481610386], [-111.53686165809921, 25.851576911212025], [-111.53686165809518, 25.85157691123583], [-111.53686165808037, 25.85157691125491], [-111.53328895582794, 25.855738214025678], [-111.5332889557636, 25.85573821410916], [-111.53328895570839, 25.85573821419895], [-111.53328895566294, 25.85573821429405], [-111.53328895562775, 25.85573821439341], [-111.53245210651691, 25.85856704403145], [-111.53245210649416, 25.85856704412455], [-111.53245210648042, 25.8585670442194], [-111.53245210647583, 25.858567044315127], [-111.53245210647583, 25.862158498680426], [-111.53245210647509, 25.862158498699497], [-111.5324521064729, 25.862158498718465], [-111.53182983398818, 25.866184273622267], [-111.53182983398511, 25.866184273637174], [-111.53182983398438, 25.866184273622178], [-111.53182983398438, 25.838213407773715], [-111.53182983398553, 25.83821340775035], [-111.5318298340089, 25.8382134077492], [-111.53813838956354, 25.8382134077492], [-111.53813838958627, 25.838213407750285]]]}}, {"type": "Feature", "id": 8, "properties": {"actividad": "Conservación y Turismo Alternativo", "conflictos_potenciales": "Afectación a la biodiversidad por el aprovechamiento de fauna o flora silvestre ", "fragilidad": "baja", "localidad_referencia": "Rancho Viejo", "nombre": "UGA-42", "poblacion": 2, "politica_ambiental": "Preservación", "presion": "baja", "superficie_total": 11034.33, "vulnerabilidad": "baja"}, "geometry": {"type": "Polygon", "coordinates": [[[-111.54117465019083, 25.880229968182125], [-111.54117465016748, 25.880229968183283], [-111.5318298340089, 25.880229968183283], [-111.53182983398553, 25.880229968182135], [-111.53182983398438, 25.88022996815877], [-111.53182983398438, 25.867864052886038], [-111.53182983398581, 25.867864052859442], [-111.53182983399289, 25.867864052833752], [-111.53248429296654, 25.865904308175686], [-111.5324842929956, 25.86590430806956], [-111.53268814086387, 25.864958212850276], [-111.53268814086972, 25.864958212828444], [-111.53268814088398, 25.86495821284582], [-111.53395414350783, 25.86666697124572], [-111.53395414353801, 25.866666971291526], [-111.53626084321839, 25.870625017283942], [-111.53626084328236, 25.870625017380416], [-111.53626084335706, 25.870625017468846], [-111.53751611698661, 25.871947554344736], [-111.53751611706276, 25.87194755441697], [-111.53751611714607, 25.871947554480823], [-111.53751611723561, 25.871947554535595], [-111.53961896894266, 25.873086662106136], [-111.53961896896266, 25.87308666211824], [-111.53961896896872, 25.873086662140878], [-111.54117465018695, 25.8802299681589], [-111.54117465019083, 25.880229968182125]]]}}, {"type": "Feature", "id": 4, "properties": {"actividad": "Conservación y Turismo Alternativo", "conflictos_potenciales": "Afectación a la biodiversidad por el aprovechamiento de fauna o flora silvestre ", "fragilidad": "baja", "localidad_referencia": "El Púa, El Belén", "nombre": "UGA-49a", "poblacion": 8, "politica_ambiental": "Preservación", "presion": "baja", "superficie_total": 10012.47, "vulnerabilidad": "baja"}, "geometry": {"type": "MultiPolygon", "coordinates": [[[[-111.55007958412052, 25.80304009858171], [-111.55007958411448, 25.80304009860461], [-111.54966115952209, 25.804363391259077], [-111.54966115951447, 25.804363391279843], [-111.54966115950171, 25.804363391297723], [-111.5446293354071, 25.81078646339202], [-111.54462933539948, 25.810786463401502], [-111.54042363167879, 25.8158860380476], [-111.54042363165784, 25.815886038073888], [-111.53853535661499, 25.818339164202836], [-111.53853535655739, 25.818339164286055], [-111.5385353565085, 25.818339164374674], [-111.53853535646881, 25.818339164467776], [-111.53707623482566, 25.82230848538349], [-111.53707623481675, 25.822308485404573], [-111.53707623479359, 25.822308485405166], [-111.53182983400859, 25.822192594705612], [-111.5318298339855, 25.82219259470398], [-111.53182983398438, 25.822192594680917], [-111.53182983398438, 25.79865477484885], [-111.53182983398553, 25.798654774825483], [-111.5318298340089, 25.798654774824335], [-111.5488564967859, 25.798654774824335], [-111.54885649681, 25.798654774825543], [-111.54885649681762, 25.798654774848394], [-111.55007958411525, 25.803040098558526], [-111.55007958412052, 25.80304009858171]]], [[[-111.53833150863548, 25.83439912514771], [-111.53833150863534, 25.834399125169668], [-111.53800964355598, 25.840685383439837], [-111.53800964355352, 25.840685383463985], [-111.53800964352936, 25.84068538346521], [-111.5318298340089, 25.84068538346521], [-111.53182983398553, 25.840685383464063], [-111.53182983398438, 25.840685383440697], [-111.53182983398438, 25.83654286369054], [-111.53182983398555, 25.836542863666697], [-111.53182983400478, 25.8365428636525], [-111.53392195700744, 25.835152335004008], [-111.53392195702435, 25.835152334992518], [-111.53664708135707, 25.83325964473518], [-111.5366470813756, 25.833259644723476], [-111.53664708139569, 25.83325964471527], [-111.53769850728513, 25.83288303438182], [-111.53769850730828, 25.832883034374827], [-111.53769850731874, 25.832883034396712], [-111.53833150862782, 25.83439912512677], [-111.53833150863548, 25.83439912514771]]]]}}, {"type": "Feature", "id": 2, "properties": {"actividad": "Conservación y Turismo Alternativo", "conflictos_potenciales": "Afectación a la biodiversidad por el aprovechamiento de fauna o flora silvestre ", "fragilidad": "baja", "localidad_referencia": "Rancho Nuevo", "nombre": "UGA-65a", "poblacion": 0, "politica_ambiental": "Preservación", "presion": "baja", "superficie_total": 3579.25, "vulnerabilidad": "baja"}, "geometry": {"type": "Polygon", "coordinates": [[[-111.5785217285145, 25.786937243935807], [-111.57852172851562, 25.78693724395866], [-111.57852172851562, 25.801127576429945], [-111.57852172851447, 25.80112757645331], [-111.5785217284911, 25.80112757645446], [-111.55551910402849, 25.80112757645446], [-111.55551910400528, 25.801127576453315], [-111.55551910400877, 25.801127576430456], [-111.55719280242417, 25.792858943883015], [-111.55719280243028, 25.792858943859148], [-111.55719280245383, 25.79285894385178], [-111.56007885932529, 25.79211512503628], [-111.56751394266499, 25.790260387659192], [-111.56751394277025, 25.79026038762668], [-111.5745306014809, 25.787661774492136], [-111.57453060150178, 25.787661774485432], [-111.57453060152298, 25.78766177448061], [-111.57852172849174, 25.786937243938805], [-111.5785217285145, 25.786937243935807]]]}}, {"type": "Feature", "id": 3, "properties": {"actividad": "Conservación y Turismo Alternativo", "conflictos_potenciales": "Afectación a la biodiversidad por el aprovechamiento de fauna o flora silvestre ", "fragilidad": "baja", "localidad_referencia": "El Púa, El Belén", "nombre": "UGA-49a", "poblacion": 8, "politica_ambiental": "Preservación", "presion": "baja", "superficie_total": 10012.47, "vulnerabilidad": "baja"}, "geometry": {"type": "Polygon", "coordinates": [[[-111.54954314231728, 25.80112757645336], [-111.54954314229448, 25.80112757645446], [-111.5318298340089, 25.80112757645446], [-111.53182983398553, 25.80112757645331], [-111.53182983398438, 25.801127576429945], [-111.53182983398438, 25.791178099900314], [-111.5318298339855, 25.79117809987697], [-111.53182983400639, 25.791178099866567], [-111.53622865674306, 25.7892460658757], [-111.536228656794, 25.789246065851593], [-111.54105663297622, 25.786792337303133], [-111.5410566330143, 25.786792337282737], [-111.54441475861167, 25.784898874282764], [-111.54441475868043, 25.784898874240238], [-111.54441475874553, 25.784898874192297], [-111.54819130895618, 25.781875067010848], [-111.54819130897414, 25.781875066997838], [-111.54819130897522, 25.78187506701992], [-111.54819130897522, 25.796239879556577], [-111.54819130897927, 25.7962398796464], [-111.54819130899136, 25.7962398797355], [-111.54819130901141, 25.796239879823148], [-111.54954314231223, 25.801127576430968], [-111.54954314231728, 25.80112757645336]]]}}, {"type": "Feature", "id": 4, "properties": {"actividad": "Conservación", "conflictos_potenciales": "Afectación a la biodiversidad por el aprovechamiento de fauna o flora silvestre ", "fragilidad": "baja", "localidad_referencia": "Las Parras, Agua Escondida, La Poza de Gonzalez, Las Palmas ", "nombre": "UGA-37b", "poblacion": 76, "politica_ambiental": "Preservación", "presion": "baja", "superficie_total": 2344.39, "vulnerabilidad": "baja"}, "geometry": {"type": "Polygon", "coordinates": [[[-111.557375192641, 25.785140389067973], [-111.55737519261733, 25.785140389069156], [-111.55653834442957, 25.785140389069156], [-111.55653834433156, 25.78514038907397], [-111.55653834423448, 25.78514038908837], [-111.55653834413928, 25.785140389112215], [-111.55653834404688, 25.785140389145276], [-111.55653834395817, 25.785140389187234], [-111.556538343874, 25.785140389237686], [-111.55653834379518, 25.785140389296146], [-111.55653834372247, 25.78514038936205], [-111.55653834365656, 25.785140389434762], [-111.5565383435981, 25.785140389513586], [-111.55653834354764, 25.78514038959776], [-111.5565383435057, 25.78514038968647], [-111.55653834347262, 25.78514038977887], [-111.55653834344878, 25.785140389874066], [-111.55653834343438, 25.78514038997114], [-111.55653834342957, 25.785140390069156], [-111.55653834342957, 25.79288792369359], [-111.55653834342843, 25.792887923717167], [-111.55653834340845, 25.792887923729616], [-111.55569076540051, 25.793361260412382], [-111.55569076538049, 25.793361260422415], [-111.555690765359, 25.79336126042869], [-111.55454277995715, 25.793641397574916], [-111.55454277988697, 25.793641397586818], [-111.55065894130253, 25.794018132717163], [-111.5506589412352, 25.794018132719128], [-111.54813766482012, 25.793921534082425], [-111.5481376647959, 25.79392153408027], [-111.54813766478944, 25.79392153405687], [-111.54761195183275, 25.791564502922093], [-111.54761195182896, 25.791564502900773], [-111.54761195182888, 25.791564502879467], [-111.54803037643195, 25.781266431994666], [-111.54803037642986, 25.781266431877906], [-111.5476119518302, 25.775788575908077], [-111.54761195182965, 25.775788575879453], [-111.54761195183234, 25.77578857585138], [-111.54835224151253, 25.77096746689129], [-111.5483522415172, 25.770967466868324], [-111.54835224153184, 25.77096746685006], [-111.5487706661059, 25.770494040811165], [-111.54877066612242, 25.770494040794265], [-111.54877066613874, 25.770494040811474], [-111.54982209175166, 25.771721079634304], [-111.54982209181847, 25.771721079704992], [-111.54982209189181, 25.77172107976886], [-111.54982209197102, 25.771721079825298], [-111.54982209205535, 25.771721079873775], [-111.54982209214397, 25.77172107991383], [-111.54982209223607, 25.771721079945088], [-111.54982209233077, 25.77172107996725], [-111.54982209242718, 25.771721079980107], [-111.54982209252438, 25.77172107998354], [-111.55705332753605, 25.771624463190648], [-111.55705332755933, 25.771624463191472], [-111.55705332756102, 25.771624463214668], [-111.55737519264163, 25.785140389044187], [-111.557375192641, 25.785140389067973]]]}}, {"type": "Feature", "id": 5, "properties": {"actividad": "Conservación y Turismo Alternativo", "conflictos_potenciales": "Afectación a la biodiversidad por el aprovechamiento de fauna o flora silvestre ", "fragilidad": "baja", "localidad_referencia": "Agua Escondida, El Aguaje, Agua  Bonita, La Higuera", "nombre": "UGA-66", "poblacion": 57, "politica_ambiental": "Preservación", "presion": "media", "superficie_total": 10116.43, "vulnerabilidad": "baja"}, "geometry": {"type": "Polygon", "coordinates": [[[-111.531829834, 25.790550192], [-111.531829834, 25.759082935], [-111.545079946, 25.759082935], [-111.545079947, 25.759082935], [-111.548985243, 25.767779051], [-111.548513174, 25.781005587], [-111.546850205, 25.782396752], [-111.546850204, 25.782396752], [-111.545433998, 25.784212969], [-111.536668539, 25.788260716], [-111.531829834, 25.790550192]]]}}, {"type": "Feature", "id": 3, "properties": {"actividad": "Conservación y Turismo Alternativo", "conflictos_potenciales": "Afectación a la biodiversidad por el aprovechamiento de fauna o flora silvestre ", "fragilidad": "baja", "localidad_referencia": "Agua Escondida, El Aguaje, Agua  Bonita, La Higuera", "nombre": "UGA-66", "poblacion": 57, "politica_ambiental": "Preservación", "presion": "media", "superficie_total": 10116.43, "vulnerabilidad": "baja"}, "geometry": {"type": "MultiPolygon", "coordinates": [[[[-111.487884521, 25.798905921], [-111.487884521, 25.798904408], [-111.487884521, 25.798904407], [-111.48788452, 25.798904407], [-111.486661434, 25.79892524], [-111.485363245, 25.799041153], [-111.485363245, 25.799041154], [-111.479676962, 25.801166214], [-111.476479769, 25.802238388], [-111.476479769, 25.802238389], [-111.469484568, 25.806720168], [-111.465933323, 25.807038909], [-111.464152336, 25.807251402], [-111.463208199, 25.807676388], [-111.459892988, 25.807676388], [-111.457875967, 25.80788888], [-111.456212997, 25.808313863], [-111.451717615, 25.808420109], [-111.450998783, 25.808748504], [-111.443939209, 25.808748504], [-111.443939209, 25.798654775], [-111.502690315, 25.798654775], [-111.487884522, 25.798905921], [-111.487884521, 25.798905921]]], [[[-111.531829834, 25.761556562], [-111.531829834, 25.748830363], [-111.533106565, 25.748994643], [-111.533106566, 25.748994643], [-111.535595655, 25.748994643], [-111.535595656, 25.748994643], [-111.537022591, 25.748356848], [-111.539983749, 25.747719051], [-111.546195745, 25.761556562], [-111.531829834, 25.761556562]]]]}}, {"type": "Feature", "id": 1, "properties": {"actividad": "Pesca, Turismo Alternativo y Conservación", "conflictos_potenciales": "Modificación de los ecosistemas costeros, afectación a la biodiversidad por  el aprovechamiento  de la fauna silvestre, uso de suelo ", "fragilidad": "alta", "localidad_referencia": "San Juaniquito", "nombre": "UGA-7", "poblacion": 0, "politica_ambiental": "Preservación", "presion": "media", "superficie_total": 1894.91, "vulnerabilidad": "alta"}, "geometry": {"type": "MultiPolygon", "coordinates": [[[[-111.503720283, 26.395886842], [-111.503344774, 26.396136709], [-111.502979994, 26.396146319], [-111.502422094, 26.396646052], [-111.501864195, 26.396646052], [-111.501306295, 26.396482678], [-111.501306295, 26.395982945], [-111.501306295, 26.395982944], [-111.501113176, 26.39581957], [-111.499536038, 26.395156458], [-111.499536037, 26.395156458], [-111.499074698, 26.395156458], [-111.499074697, 26.395156458], [-111.498613358, 26.395742687], [-111.497690678, 26.396328914], [-111.496939659, 26.395742687], [-111.496478319, 26.395665805], [-111.49536252, 26.395665805], [-111.494064331, 26.39550243], [-111.493045092, 26.394925809], [-111.493045091, 26.394925809], [-111.492208243, 26.394925809], [-111.492208242, 26.394925809], [-111.491832733, 26.395348664], [-111.491553784, 26.395425547], [-111.491553783, 26.395425547], [-111.491189003, 26.396271252], [-111.491189003, 26.396271253], [-111.490910053, 26.396684493], [-111.490824223, 26.39702085], [-111.491199732, 26.397770443], [-111.491113901, 26.398856382], [-111.491575241, 26.40019217], [-111.49241209, 26.400605396], [-111.492412091, 26.400605396], [-111.492884158, 26.400442028], [-111.492884159, 26.400442028], [-111.492884159, 26.400442027], [-111.49287343, 26.399855822], [-111.49361372, 26.399346493], [-111.494364738, 26.399346493], [-111.495201588, 26.399759722], [-111.495287418, 26.399932701], [-111.495287418, 26.399932702], [-111.495287419, 26.399932702], [-111.496038437, 26.400432418], [-111.495577098, 26.401095498], [-111.495577098, 26.401095499], [-111.495577098, 26.4010955], [-111.495577099, 26.4010955], [-111.495856047, 26.4010955], [-111.497336626, 26.400922522], [-111.498913765, 26.400836033], [-111.499739885, 26.399913482], [-111.501048803, 26.40024022], [-111.501510143, 26.400663055], [-111.501510143, 26.400663056], [-111.501510144, 26.400663056], [-111.502808332, 26.400903302], [-111.502808332, 26.400903303], [-111.503924131, 26.401239647], [-111.503924132, 26.401239647], [-111.50550127, 26.401230038], [-111.505222321, 26.401979602], [-111.505222321, 26.401979603], [-111.505222322, 26.401979603], [-111.50605917, 26.401979603], [-111.506992578, 26.402229457], [-111.506992579, 26.402229457], [-111.506992579, 26.402642675], [-111.506992579, 26.402642676], [-111.507368088, 26.402815651], [-111.507925987, 26.402892528], [-111.507925988, 26.402892528], [-111.508387327, 26.402642676], [-111.509782076, 26.402633066], [-111.509964466, 26.403055893], [-111.509964466, 26.403469109], [-111.509782076, 26.404228269], [-111.509782076, 26.40422827], [-111.509782076, 26.404804843], [-111.509782077, 26.404804843], [-111.509782077, 26.404804844], [-111.509975195, 26.404804844], [-111.510339975, 26.405054691], [-111.510350704, 26.405554385], [-111.510350704, 26.405554386], [-111.510350705, 26.405554386], [-111.510908604, 26.406054078], [-111.511187553, 26.406390407], [-111.511187553, 26.406390408], [-111.511369944, 26.406640252], [-111.511927843, 26.407226423], [-111.512303352, 26.407726108], [-111.512303352, 26.408312274], [-111.512024403, 26.408312274], [-111.511477232, 26.408225791], [-111.510350704, 26.407812592], [-111.509889365, 26.407312908], [-111.509889364, 26.407312908], [-111.509889364, 26.407312907], [-111.509052516, 26.407236033], [-111.509052515, 26.407236033], [-111.509052515, 26.407236034], [-111.509052515, 26.407735717], [-111.508408785, 26.407985559], [-111.507668495, 26.407995168], [-111.507571936, 26.407658844], [-111.507571936, 26.407658843], [-111.507571935, 26.407658843], [-111.506928206, 26.407745327], [-111.506928205, 26.407745327], [-111.506552696, 26.407745327], [-111.506177187, 26.407918294], [-111.505898238, 26.408081652], [-111.505898237, 26.408081652], [-111.505447626, 26.409090621], [-111.505447626, 26.409417333], [-111.505168676, 26.40967678], [-111.504610777, 26.40967678], [-111.504331827, 26.409426942], [-111.503956318, 26.408840782], [-111.503677368, 26.408091261], [-111.503580809, 26.407082284], [-111.503580809, 26.407082283], [-111.503580808, 26.407082283], [-111.50310874, 26.40666908], [-111.503108739, 26.40666908], [-111.502743959, 26.40666908], [-111.5020895, 26.406755565], [-111.500051022, 26.406928533], [-111.499310733, 26.406938143], [-111.499310732, 26.406938143], [-111.499310732, 26.406938144], [-111.499310732, 26.40726486], [-111.499310732, 26.407264861], [-111.499493122, 26.407351345], [-111.499868631, 26.407937512], [-111.499868631, 26.407937513], [-111.499868632, 26.407937513], [-111.50080204, 26.408187354], [-111.50080204, 26.409523033], [-111.500061751, 26.409359678], [-111.50006175, 26.409359678], [-111.498860121, 26.409359678], [-111.49886012, 26.409359678], [-111.498484612, 26.40978248], [-111.498484611, 26.40978248], [-111.498302221, 26.410282154], [-111.497658491, 26.410954788], [-111.497379541, 26.411454457], [-111.496274471, 26.412127084], [-111.496263742, 26.411790772], [-111.496263742, 26.411790771], [-111.496263741, 26.411790771], [-111.495716572, 26.411790771], [-111.495341063, 26.411540938], [-111.495341062, 26.411540938], [-111.495062113, 26.411550547], [-111.494139433, 26.411963732], [-111.493667365, 26.411963732], [-111.493667364, 26.411963732], [-111.493667364, 26.411963733], [-111.493399143, 26.412300045], [-111.493399143, 26.413308977], [-111.493581533, 26.413808635], [-111.493581533, 26.413808636], [-111.493581534, 26.413808636], [-111.493871212, 26.414221813], [-111.493871212, 26.414558119], [-111.492937803, 26.414308292], [-111.492197514, 26.41439477], [-111.491736174, 26.41439477], [-111.491736173, 26.414394771], [-111.491264105, 26.414567728], [-111.491081715, 26.414817554], [-111.491081715, 26.414817555], [-111.490631104, 26.41495725], [-111.490631104, 26.414957251], [-111.490631104, 26.414961685], [-111.490631103, 26.414961685], [-111.490523816, 26.414990511], [-111.490523815, 26.414990511], [-111.490523815, 26.414990512], [-111.490341425, 26.415403684], [-111.490255594, 26.415403684], [-111.489697695, 26.415076989], [-111.488667727, 26.414577337], [-111.488667727, 26.414577336], [-111.488667726, 26.414577336], [-111.488302946, 26.414490858], [-111.487884522, 26.414500467], [-111.487884521, 26.414500467], [-111.487884521, 26.414497002], [-111.487884521, 26.414497001], [-111.48788452, 26.414497001], [-111.487648488, 26.414500467], [-111.487648487, 26.414500467], [-111.487369537, 26.414827163], [-111.486725807, 26.415163468], [-111.485985518, 26.415249946], [-111.485985517, 26.415249946], [-111.485706568, 26.415586248], [-111.485706568, 26.415586249], [-111.485899687, 26.416508675], [-111.485899687, 26.417757782], [-111.485899687, 26.417757783], [-111.485996246, 26.418430373], [-111.485717297, 26.418843534], [-111.485159398, 26.419179826], [-111.485159397, 26.419179826], [-111.485159397, 26.419179827], [-111.485073567, 26.419602593], [-111.485910415, 26.421015006], [-111.485910416, 26.421015006], [-111.486382484, 26.421015006], [-111.487401724, 26.421178346], [-111.488238573, 26.421341684], [-111.489440203, 26.421841308], [-111.490008831, 26.422590739], [-111.490631103, 26.423311342], [-111.490631104, 26.423311342], [-111.490631104, 26.423315185], [-111.490652561, 26.423340166], [-111.490749121, 26.42383978], [-111.490749121, 26.423839781], [-111.49130702, 26.424012724], [-111.492047309, 26.423926253], [-111.492047309, 26.423926252], [-111.49204731, 26.423926252], [-111.492240429, 26.423589974], [-111.492605209, 26.422754076], [-111.492884159, 26.422754076], [-111.493345499, 26.422830941], [-111.493624449, 26.422994277], [-111.493624449, 26.42308075], [-111.493163109, 26.423503501], [-111.493163109, 26.423503502], [-111.493163109, 26.424089587], [-111.493163109, 26.424089588], [-111.492980719, 26.424339394], [-111.492894888, 26.424589199], [-111.492980719, 26.424925475], [-111.492154598, 26.425338613], [-111.491875649, 26.425425083], [-111.491875648, 26.425425083], [-111.491317749, 26.425761357], [-111.490631104, 26.426385165], [-111.490631104, 26.426385166], [-111.490631104, 26.426385862], [-111.490631103, 26.426385862], [-111.490577459, 26.4264339], [-111.490577459, 26.426433901], [-111.490395069, 26.42685664], [-111.490395069, 26.426856641], [-111.490116119, 26.428105636], [-111.490126848, 26.429277757], [-111.490126848, 26.429277758], [-111.490309238, 26.429527551], [-111.490309239, 26.429527551], [-111.490588188, 26.429104822], [-111.490867138, 26.42860523], [-111.491607428, 26.428268965], [-111.491789818, 26.42860523], [-111.491510868, 26.428855026], [-111.491242647, 26.429277757], [-111.491060257, 26.429854206], [-111.491060257, 26.4303634], [-111.490781308, 26.430613193], [-111.490781307, 26.430613193], [-111.490877867, 26.43102631], [-111.490781307, 26.431362567], [-111.490781307, 26.431698823], [-111.490781307, 26.431698824], [-111.490974426, 26.432111936], [-111.490974426, 26.432111937], [-111.490974427, 26.432111937], [-111.491339206, 26.432284867], [-111.491339207, 26.432284867], [-111.491532326, 26.432284867], [-111.492369175, 26.432361725], [-111.493291855, 26.432188795], [-111.494032145, 26.43160275], [-111.494493484, 26.431266494], [-111.494493485, 26.431266494], [-111.495233774, 26.431093562], [-111.495705843, 26.431016703], [-111.496253014, 26.43084377], [-111.497368812, 26.431256887], [-111.497368813, 26.431256887], [-111.498302221, 26.431420211], [-111.49849534, 26.432092722], [-111.498677731, 26.432505834], [-111.498581171, 26.432755622], [-111.498034, 26.432755622], [-111.497865294, 26.432457798], [-111.497865293, 26.432457798], [-111.497862339, 26.432457798], [-111.497658491, 26.432092723], [-111.497658491, 26.432092722], [-111.496446133, 26.432092722], [-111.496446132, 26.432092722], [-111.495523453, 26.432601906], [-111.495523453, 26.432601907], [-111.495158672, 26.43327441], [-111.494879723, 26.433610661], [-111.494504213, 26.434110231], [-111.494321823, 26.434273552], [-111.494042873, 26.434696263], [-111.492100954, 26.434955653], [-111.491725445, 26.434955653], [-111.491725445, 26.434955654], [-111.491446495, 26.435205436], [-111.491081715, 26.435291899], [-111.491081714, 26.435291899], [-111.490706205, 26.435791462], [-111.490148306, 26.435541681], [-111.489869356, 26.435541681], [-111.489590406, 26.43512858], [-111.489311457, 26.434629014], [-111.489129067, 26.434206303], [-111.489129066, 26.434206303], [-111.489129066, 26.434206302], [-111.488378048, 26.434129446], [-111.488292217, 26.434215909], [-111.488292217, 26.43421591], [-111.487884522, 26.434292766], [-111.487884521, 26.434292766], [-111.487884521, 26.432457799], [-111.487884521, 26.432457798], [-111.48788452, 26.432457798], [-111.468143463, 26.432457798], [-111.468143463, 26.43227526], [-111.468604803, 26.431189635], [-111.469624042, 26.430680445], [-111.469624043, 26.430680444], [-111.470439434, 26.427759761], [-111.470804214, 26.426001551], [-111.472928524, 26.422648388], [-111.474215984, 26.419304735], [-111.473926306, 26.416460632], [-111.473078728, 26.413626068], [-111.47213459, 26.40944616], [-111.470267773, 26.406284704], [-111.469516754, 26.404526166], [-111.469227076, 26.403613254], [-111.468207836, 26.401941164], [-111.464956999, 26.401287697], [-111.463648082, 26.400538127], [-111.463648081, 26.400538127], [-111.46364808, 26.400538127], [-111.463004351, 26.401210818], [-111.461985111, 26.401460674], [-111.460590363, 26.40021139], [-111.461695432, 26.399711673], [-111.461695432, 26.399711672], [-111.461234093, 26.398625741], [-111.463347673, 26.395021913], [-111.463347673, 26.395021912], [-111.463712454, 26.393772559], [-111.463798719, 26.393099826], [-111.463798718, 26.393099825], [-111.463798285, 26.393099825], [-111.464077234, 26.390927827], [-111.464152336, 26.390639506], [-111.464155401, 26.390639506], [-111.464155401, 26.390639505], [-111.464155402, 26.390639505], [-111.464259624, 26.390255076], [-111.464635134, 26.389918699], [-111.465836763, 26.389918699], [-111.466952562, 26.390581841], [-111.467033728, 26.390639505], [-111.467033728, 26.390639506], [-111.467033729, 26.390639506], [-111.467038393, 26.390639506], [-111.467885971, 26.39124498], [-111.46900177, 26.39199461], [-111.469838619, 26.391908114], [-111.471136808, 26.391908114], [-111.471136809, 26.391908114], [-111.471136809, 26.391908113], [-111.471683979, 26.389736095], [-111.471683979, 26.389736094], [-111.471683978, 26.389736094], [-111.47112608, 26.389399716], [-111.470471621, 26.388563571], [-111.470278502, 26.387400646], [-111.470278502, 26.386228099], [-111.470739841, 26.385728321], [-111.471941471, 26.386055099], [-111.47277832, 26.386891262], [-111.472778321, 26.386891263], [-111.473990678, 26.386881652], [-111.473990678, 26.386881651], [-111.473990679, 26.386881651], [-111.474355459, 26.386045488], [-111.474634409, 26.385045929], [-111.47472024, 26.38403675], [-111.47536397, 26.383536962], [-111.475642919, 26.383200566], [-111.47564292, 26.383200566], [-111.47564292, 26.383200565], [-111.47564292, 26.382364376], [-111.4754498, 26.381114886], [-111.475449801, 26.381114886], [-111.47757411, 26.379932663], [-111.47757411, 26.379932662], [-111.47793889, 26.377174097], [-111.47849679, 26.376924188], [-111.47941947, 26.376587773], [-111.479977369, 26.376587773], [-111.480996609, 26.376328251], [-111.481640339, 26.376078341], [-111.482294798, 26.375741923], [-111.484140158, 26.374732662], [-111.485352516, 26.374559645], [-111.486371756, 26.374809559], [-111.487669945, 26.374886455], [-111.48788452, 26.374973468], [-111.48788452, 26.374973469], [-111.487884521, 26.374973469], [-111.487884521, 26.374973468], [-111.487884521, 26.374972963], [-111.487884522, 26.374972963], [-111.488689184, 26.375299772], [-111.490277052, 26.376212908], [-111.490631103, 26.376501266], [-111.490631104, 26.376501266], [-111.490631104, 26.376505701], [-111.491392851, 26.377135649], [-111.49241209, 26.377299051], [-111.493710279, 26.37745284], [-111.49371028, 26.37745284], [-111.495190859, 26.37745284], [-111.496585607, 26.377779641], [-111.496585608, 26.377779641], [-111.497519016, 26.377779641], [-111.497615576, 26.379865382], [-111.497905254, 26.381037993], [-111.497905254, 26.383460071], [-111.497905254, 26.383460072], [-111.497905255, 26.383460072], [-111.498559713, 26.384459645], [-111.498291493, 26.385795599], [-111.498291493, 26.3857956], [-111.499139071, 26.38763131], [-111.49913907, 26.38763131], [-111.497186422, 26.38814069], [-111.495705843, 26.388227189], [-111.494590044, 26.388736567], [-111.493849754, 26.389322829], [-111.493206024, 26.389495824], [-111.492830516, 26.38982259], [-111.492830516, 26.389822591], [-111.492830516, 26.389822592], [-111.493484974, 26.390072472], [-111.494321823, 26.390158968], [-111.495255232, 26.390572231], [-111.495199443, 26.390639504], [-111.495199443, 26.390639505], [-111.495199444, 26.390639506], [-111.495201588, 26.390639506], [-111.494976282, 26.390908606], [-111.494514942, 26.39124498], [-111.493774653, 26.391744733], [-111.493774653, 26.391744734], [-111.494235992, 26.392244485], [-111.494235993, 26.392244485], [-111.495255232, 26.39265774], [-111.496371031, 26.39265774], [-111.49757266, 26.392398255], [-111.499149799, 26.392225264], [-111.4991498, 26.392225264], [-111.500630379, 26.391052766], [-111.501005888, 26.391552521], [-111.501381397, 26.391965778], [-111.501563787, 26.392638519], [-111.501574516, 26.393099825], [-111.501572231, 26.393099825], [-111.50157223, 26.393099825], [-111.50157223, 26.393099826], [-111.501574516, 26.393224761], [-111.501574517, 26.393224761], [-111.501574517, 26.393224762], [-111.501756906, 26.393301645], [-111.501756907, 26.393301645], [-111.501756907, 26.393301646], [-111.502314806, 26.39380139], [-111.502314806, 26.393801391], [-111.502690315, 26.394051262], [-111.502786875, 26.394637497], [-111.502786875, 26.394637498], [-111.503065824, 26.394723991], [-111.503065825, 26.394723991], [-111.503248215, 26.395473598], [-111.503248215, 26.395473599], [-111.503720283, 26.395886842]]], [[[-111.487884521, 26.43734778], [-111.487884521, 26.436444734], [-111.487927437, 26.436550409], [-111.487927437, 26.43655041], [-111.488388777, 26.436723334], [-111.488399506, 26.437222891], [-111.487884522, 26.43734778], [-111.487884521, 26.43734778]]], [[[-111.487884521, 26.447982053], [-111.487884522, 26.447982053], [-111.488066912, 26.447837964], [-111.489268541, 26.447165545], [-111.49056673, 26.44656997], [-111.490566731, 26.44656997], [-111.49186492, 26.446070454], [-111.492336988, 26.446233758], [-111.492154598, 26.447232787], [-111.492433548, 26.448241413], [-111.491510868, 26.449240425], [-111.490770579, 26.450085736], [-111.490770578, 26.450085736], [-111.490684748, 26.45099828], [-111.490684748, 26.450998281], [-111.490770578, 26.451248028], [-111.490781307, 26.451584227], [-111.490502358, 26.452083718], [-111.490502358, 26.452083719], [-111.490502358, 26.45208372], [-111.491156816, 26.452506365], [-111.491156817, 26.452506365], [-111.493377686, 26.452496759], [-111.493474245, 26.453082698], [-111.490502358, 26.452669659], [-111.490502357, 26.452669659], [-111.489579678, 26.452756109], [-111.489579677, 26.452756109], [-111.489021778, 26.453015459], [-111.488367319, 26.453678238], [-111.487884522, 26.453735871], [-111.487884521, 26.453735871], [-111.487884521, 26.447982053]]]]}}, {"type": "Feature", "id": 2, "properties": {"actividad": "Conservación y Turismo Alternativo", "conflictos_potenciales": "Afectación a la biodiversidad por el aprovechamiento de fauna o flora silvestre ", "fragilidad": "baja", "localidad_referencia": "El Púa, El Belén", "nombre": "UGA-49a", "poblacion": 8, "politica_ambiental": "Preservación", "presion": "baja", "superficie_total": 10012.47, "vulnerabilidad": "baja"}, "geometry": {"type": "Polygon", "coordinates": [[[-111.487884522, 25.918516512], [-111.487884521, 25.918516512], [-111.487884521, 25.91851608], [-111.487884521, 25.918516079], [-111.48788452, 25.918516079], [-111.48788452, 25.91851608], [-111.486682892, 25.919761316], [-111.48668027, 25.919761316], [-111.486680269, 25.919761317], [-111.483979225, 25.922559664], [-111.484612226, 25.920108701], [-111.48441911, 25.919761317], [-111.48441911, 25.919761316], [-111.484419109, 25.919761316], [-111.484419107, 25.919761316], [-111.48441785, 25.919759051], [-111.483045816, 25.917290995], [-111.483048019, 25.917290995], [-111.48304802, 25.917290995], [-111.48304802, 25.917290994], [-111.481050253, 25.913691567], [-111.480202675, 25.912369498], [-111.481050253, 25.91010168], [-111.480417252, 25.90689771], [-111.477477551, 25.901425668], [-111.47747755, 25.901425668], [-111.474119425, 25.89651316], [-111.470128298, 25.893685239], [-111.467821598, 25.89066421], [-111.467403173, 25.88651379], [-111.465514898, 25.881793715], [-111.465440054, 25.880229969], [-111.465440054, 25.880229968], [-111.465440053, 25.880229968], [-111.465439796, 25.880229968], [-111.46531105, 25.87763333], [-111.461952925, 25.876127447], [-111.461952924, 25.876127447], [-111.45904441, 25.877758817], [-111.45904441, 25.877758818], [-111.45904441, 25.877758819], [-111.459044411, 25.877758819], [-111.45904541, 25.877758819], [-111.456910372, 25.878955788], [-111.456910372, 25.878955789], [-111.451878548, 25.882923075], [-111.449571848, 25.884428872], [-111.44494772, 25.883492578], [-111.444947719, 25.883492578], [-111.443939209, 25.883444315], [-111.443939209, 25.809299046], [-111.445580721, 25.80927007], [-111.452296972, 25.809839927], [-111.459217071, 25.809086556], [-111.459217072, 25.809086556], [-111.468240022, 25.807386625], [-111.468240023, 25.807386625], [-111.474956274, 25.803223622], [-111.481468677, 25.800770183], [-111.481468678, 25.800770183], [-111.488342653, 25.799610694], [-111.491532326, 25.799070132], [-111.502486467, 25.798654775], [-111.534576416, 25.798654775], [-111.534576416, 25.82225054], [-111.528257132, 25.822115334], [-111.52993083, 25.816455864], [-111.52993083, 25.816455863], [-111.528890133, 25.812293179], [-111.527420283, 25.808893384], [-111.527420282, 25.808893384], [-111.527420282, 25.808893383], [-111.521755457, 25.806816756], [-111.513569355, 25.807946832], [-111.513569355, 25.807946833], [-111.509578228, 25.811732992], [-111.509578228, 25.815886038], [-111.494686604, 25.807386625], [-111.494686603, 25.807386625], [-111.487884522, 25.809009287], [-111.487884521, 25.809009287], [-111.487884521, 25.80900789], [-111.487884521, 25.809007889], [-111.48788452, 25.809007889], [-111.48439765, 25.809839927], [-111.47453785, 25.810593293], [-111.474537849, 25.810593293], [-111.45775795, 25.814746379], [-111.452296973, 25.814939543], [-111.452296972, 25.814939543], [-111.449571848, 25.82136204], [-111.449571848, 25.821362041], [-111.449571849, 25.821362041], [-111.449571849, 25.821362042], [-111.458380222, 25.822308485], [-111.4713943, 25.822491979], [-111.471394301, 25.822491979], [-111.485030651, 25.82079224], [-111.487884521, 25.82066103], [-111.487884521, 25.820661029], [-111.487884521, 25.820657032], [-111.487884522, 25.820657032], [-111.489021778, 25.820608744], [-111.506434679, 25.827784192], [-111.506853104, 25.832506423], [-111.507689953, 25.835712411], [-111.511895657, 25.838174783], [-111.516294479, 25.840057738], [-111.51629448, 25.840057738], [-111.521959305, 25.840057738], [-111.526583433, 25.83968115], [-111.526583433, 25.839681149], [-111.52919054, 25.838213408], [-111.529192681, 25.838213408], [-111.529192682, 25.838213408], [-111.52993083, 25.837798188], [-111.533921957, 25.835152335], [-111.534576416, 25.834698478], [-111.534576416, 25.854241707], [-111.533288956, 25.855738214], [-111.532452107, 25.858567044], [-111.532452106, 25.858567044], [-111.532452106, 25.862158499], [-111.531400681, 25.868954931], [-111.528257132, 25.875557909], [-111.526078802, 25.877758818], [-111.526078802, 25.877758819], [-111.526078803, 25.877758819], [-111.526079178, 25.877758819], [-111.517978907, 25.885944302], [-111.502025127, 25.904822803], [-111.493635178, 25.912562502], [-111.487884522, 25.918516512]], [[-111.487476826, 25.840685383], [-111.487970352, 25.838927969], [-111.487970352, 25.838927968], [-111.487970352, 25.838927967], [-111.487691402, 25.838213408], [-111.487691404, 25.838213408], [-111.487691405, 25.838213408], [-111.487691405, 25.838213407], [-111.487691405, 25.838213406], [-111.486715078, 25.835712411], [-111.485030651, 25.833829386], [-111.48439765, 25.833076168], [-111.482927799, 25.832506423], [-111.484193798, 25.832699557], [-111.484193799, 25.832699556], [-111.484193799, 25.832699555], [-111.481254101, 25.83043021], [-111.481254101, 25.830430209], [-111.4783144, 25.82948383], [-111.471394301, 25.82948383], [-111.4713943, 25.82948383], [-111.469087601, 25.830430209], [-111.469087601, 25.83043021], [-111.465311051, 25.833259645], [-111.46531105, 25.833259645], [-111.4638412, 25.837228465], [-111.4638412, 25.837228466], [-111.46395736, 25.838213407], [-111.46395736, 25.838213408], [-111.463957361, 25.838213408], [-111.463959217, 25.838213408], [-111.464215735, 25.840404211], [-111.464248896, 25.840685383], [-111.464248658, 25.840685383], [-111.464248658, 25.840685384], [-111.464248657, 25.840685384], [-111.464248657, 25.840685385], [-111.464463472, 25.842520019], [-111.464463472, 25.84252002], [-111.464463473, 25.84252002], [-111.467403173, 25.845349166], [-111.467403174, 25.845349166], [-111.468669176, 25.846102306], [-111.472445726, 25.847618227], [-111.472445727, 25.847618227], [-111.478947401, 25.847801681], [-111.481672525, 25.846855441], [-111.483775377, 25.845918849], [-111.485663652, 25.844402906], [-111.485663653, 25.844402906], [-111.486285925, 25.843456639], [-111.487337351, 25.841197153], [-111.487480111, 25.840685385], [-111.487480111, 25.840685384], [-111.487480111, 25.840685383], [-111.48748011, 25.840685383], [-111.487476826, 25.840685383]]]}}, {"type": "Feature", "id": 1, "properties": {"actividad": "Conservación y Turismo Alternativo", "conflictos_potenciales": "Afectación a la biodiversidad por el aprovechamiento de fauna o flora silvestre ", "fragilidad": "baja", "localidad_referencia": "El Púa, El Belén", "nombre": "UGA-49a", "poblacion": 8, "politica_ambiental": "Preservación", "presion": "baja", "superficie_total": 10012.47, "vulnerabilidad": "baja"}, "geometry": {"type": "MultiPolygon", "coordinates": [[[[-111.401753426, 25.840685383], [-111.405712366, 25.831376581], [-111.409285068, 25.827784192], [-111.409285069, 25.827784192], [-111.42439127, 25.814939543], [-111.430056095, 25.810216611], [-111.434669495, 25.809463242], [-111.445580721, 25.80927007], [-111.446685791, 25.809366656], [-111.446685791, 25.883840069], [-111.44494772, 25.883492578], [-111.444947719, 25.883492578], [-111.440967321, 25.883299526], [-111.436111767, 25.880229968], [-111.436107159, 25.880229968], [-111.435302496, 25.879718367], [-111.429423094, 25.876310856], [-111.420400143, 25.869707921], [-111.419144869, 25.866879358], [-111.420400143, 25.863288047], [-111.420400143, 25.863288046], [-111.421869992, 25.861772327], [-111.421869992, 25.861772326], [-111.421869992, 25.861772325], [-111.419563293, 25.860835852], [-111.417878866, 25.856114752], [-111.415368319, 25.851953462], [-111.415368318, 25.851953462], [-111.412010193, 25.850640357], [-111.407815218, 25.850447252], [-111.403620243, 25.847801681], [-111.402150393, 25.843273178], [-111.402150392, 25.843273178], [-111.401302814, 25.841757201], [-111.401757104, 25.840685385], [-111.401757104, 25.840685384], [-111.401757103, 25.840685384], [-111.401757103, 25.840685383], [-111.401753426, 25.840685383]]], [[[-111.491532326, 25.799070132], [-111.516509056, 25.798123502], [-111.526787281, 25.7933999], [-111.534576416, 25.789970582], [-111.534576416, 25.801127576], [-111.48052454, 25.801127576], [-111.481468677, 25.800770183], [-111.481468678, 25.800770183], [-111.488342653, 25.799610694], [-111.491532326, 25.799070132]]]]}}, {"type": "Feature", "id": 2, "properties": {"actividad": "Conservación y Turismo Alternativo", "conflictos_potenciales": "Afectación a la biodiversidad por el aprovechamiento de fauna o flora silvestre ", "fragilidad": "baja", "localidad_referencia": "Agua Escondida, El Aguaje, Agua  Bonita, La Higuera", "nombre": "UGA-66", "poblacion": 57, "politica_ambiental": "Preservación", "presion": "media", "superficie_total": 10116.43, "vulnerabilidad": "baja"}, "geometry": {"type": "Polygon", "coordinates": [[[-111.53457641601454, 25.789246065863725], [-111.53457641599437, 25.789246065874448], [-111.52445912368286, 25.794027792546235], [-111.52445912361301, 25.79402779258267], [-111.52445912354627, 25.794027792624494], [-111.51806473733993, 25.798393968506225], [-111.51806473731959, 25.798393968518717], [-111.51806473729566, 25.798393968520283], [-111.4878845215092, 25.798905921093244], [-111.48788452148554, 25.798905921092473], [-111.48788452148438, 25.798905921069007], [-111.48788452148438, 25.798904407920848], [-111.48788452147946, 25.798904407821773], [-111.48788452146474, 25.798904407723672], [-111.48788452144038, 25.79890440762751], [-111.48788452140661, 25.798904407534234], [-111.48788452136377, 25.798904407444766], [-111.48788452131228, 25.79890440735998], [-111.48788452125264, 25.798904407280713], [-111.48788452118544, 25.798904407207747], [-111.48788452111133, 25.798904407141798], [-111.48788452103106, 25.798904407083512], [-111.48788452094541, 25.79890440703347], [-111.48788452085523, 25.798904406992158], [-111.4878845207614, 25.798904406959984], [-111.48788452066484, 25.798904406937265], [-111.4878845205665, 25.798904406924226], [-111.48788452046735, 25.798904406920993], [-111.48666143420964, 25.798925240014814], [-111.48666143413773, 25.79892524001863], [-111.48536324514507, 25.7990411534678], [-111.48536324505629, 25.799041153479756], [-111.48536324496894, 25.79904115349961], [-111.48536324488371, 25.799041153527195], [-111.47978425028039, 25.801127576446607], [-111.47978425025919, 25.801127576453474], [-111.47978425023705, 25.80112757645446], [-111.44668579201563, 25.80112757645446], [-111.44668579191762, 25.801127576459272], [-111.44668579182054, 25.80112757647367], [-111.44668579172534, 25.801127576497517], [-111.44668579163294, 25.80112757653058], [-111.44668579154423, 25.801127576572537], [-111.44668579146006, 25.80112757662299], [-111.44668579138124, 25.80112757668145], [-111.44668579130852, 25.80112757674735], [-111.44668579124261, 25.801127576820065], [-111.44668579118417, 25.80112757689889], [-111.4466857911337, 25.801127576983063], [-111.44668579109175, 25.801127577071775], [-111.44668579105868, 25.801127577164173], [-111.44668579103484, 25.80112757725937], [-111.44668579102044, 25.801127577356443], [-111.44668579101562, 25.80112757745446], [-111.44668579101562, 25.80874850376804], [-111.44668579101447, 25.808748503791406], [-111.4466857909911, 25.808748503792554], [-111.43536686912776, 25.808748503792554], [-111.43536686902544, 25.8087485037978], [-111.43536686892419, 25.808748503813494], [-111.43536686882508, 25.808748503839464], [-111.43168687822461, 25.809917195808787], [-111.43168687820415, 25.809917195814343], [-111.43168687818331, 25.809917195818137], [-111.43015265494567, 25.810129683994017], [-111.43015265485003, 25.810129684012047], [-111.4301526547566, 25.810129684039286], [-111.43015265466626, 25.810129684075477], [-111.43015265457986, 25.81012968412028], [-111.43015265449823, 25.81012968417327], [-111.43015265442213, 25.81012968423394], [-111.42966985704452, 25.810554659314928], [-111.42966985702466, 25.810554659330656], [-111.42966985699938, 25.810554659331963], [-111.42730951363892, 25.810554659331963], [-111.427309513539, 25.81055465933697], [-111.42730951344008, 25.810554659351933], [-111.42730951334315, 25.810554659376702], [-111.42730951324918, 25.81055465941104], [-111.42730951315912, 25.81055465945459], [-111.42730951307384, 25.810554659506924], [-111.42730951299423, 25.810554659567515], [-111.42730951292107, 25.810554659635756], [-111.4273095128551, 25.810554659710967], [-111.42730951279698, 25.8105546597924], [-111.4268267154864, 25.811308020857332], [-111.42682671545413, 25.811308020911348], [-111.42635464669388, 25.812157961478487], [-111.4263546466819, 25.812157961497906], [-111.42635464666529, 25.81215796151318], [-111.42292141919899, 25.815036124150097], [-111.4229214190956, 25.81503612425029], [-111.41948819162641, 25.81888000419853], [-111.41948819157977, 25.81888000424432], [-111.40574455275983, 25.830710258829352], [-111.4057445526901, 25.83071025889547], [-111.40574455262703, 25.83071025896797], [-111.40574455257122, 25.83071025904619], [-111.40574455252317, 25.830710259129408], [-111.40206456185403, 25.837856125717504], [-111.40206456183193, 25.83785612575611], [-111.40183830284823, 25.83821340621418], [-111.40183830280036, 25.838213406298568], [-111.4018383027609, 25.8382134063872], [-111.4018383027302, 25.83821340647924], [-111.40183830270857, 25.83821340657382], [-111.4018383026962, 25.838213406670054], [-111.40183830269322, 25.83821340676703], [-111.40183830269966, 25.838213406863836], [-111.40183830271545, 25.838213406959568], [-111.40183830274043, 25.838213407053317], [-111.4018383027744, 25.838213407144202], [-111.401838302817, 25.838213407231372], [-111.40183830286784, 25.838213407314], [-111.40183830292646, 25.838213407391315], [-111.40183830299229, 25.838213407462582], [-111.40183830306472, 25.838213407527135], [-111.40183830314307, 25.838213407584366], [-111.4018383032266, 25.838213407633734], [-111.4018383033145, 25.838213407674775], [-111.40183830340598, 25.838213407707105], [-111.40183830350017, 25.838213407730418], [-111.40183830359616, 25.838213407744494], [-111.40183830369307, 25.8382134077492], [-111.40183925626238, 25.8382134077492], [-111.40183925628466, 25.83821340775028], [-111.4018392562736, 25.83821340776972], [-111.4014668854505, 25.838799903049917], [-111.40146688544989, 25.838799903050898], [-111.40027284623547, 25.840685383443834], [-111.40027284622123, 25.840685383463974], [-111.40027284619674, 25.84068538346521], [-111.40026977850772, 25.84068538346521], [-111.40026977840738, 25.84068538347026], [-111.40026977830804, 25.840685383485347], [-111.40026977821074, 25.840685383510326], [-111.40026977811642, 25.840685383544947], [-111.40026977802606, 25.840685383588855], [-111.40026977794055, 25.84068538364161], [-111.40026977786077, 25.840685383702677], [-111.40026977778753, 25.84068538377144], [-111.40026977772155, 25.84068538384721], [-111.4002697776635, 25.84068538392921], [-111.39999389649759, 25.841119905088373], [-111.39999389648543, 25.841119905105582], [-111.39999389648439, 25.841119905084604], [-111.39999389648439, 25.84111989360494], [-111.39999389647949, 25.84111989350603], [-111.39999389646482, 25.841119893408088], [-111.39999389644053, 25.84111989331208], [-111.39999389640688, 25.84111989321894], [-111.39999389636418, 25.841119893129587], [-111.39999389631285, 25.841119893044898], [-111.39999389625339, 25.8411198929657], [-111.39999389618639, 25.84111989289277], [-111.3999938961125, 25.84111989282683], [-111.39999389603247, 25.841119892768514], [-111.39999389594705, 25.841119892718407], [-111.3999938958571, 25.84111989267699], [-111.39999389576347, 25.841119892644677], [-111.39999389566712, 25.84111989262178], [-111.39999389556898, 25.841119892608525], [-111.39999389547002, 25.841119892605043], [-111.39999389537118, 25.841119892611367], [-111.39999389527347, 25.841119892627436], [-111.39999389517781, 25.841119892653094], [-111.39999389508517, 25.841119892688084], [-111.39999389499644, 25.841119892732067], [-111.3999938949125, 25.841119892784608], [-111.39999389483415, 25.8411198928452], [-111.3999938947622, 25.841119892913238], [-111.39999389469733, 25.84111989298806], [-111.39999389464018, 25.84111989306894], [-111.39922142030106, 25.842336557201325], [-111.39922142028752, 25.842336557220538], [-111.39922142026433, 25.84233655721819], [-111.39851331713345, 25.842230342063427], [-111.39851331710912, 25.842230342058492], [-111.39851331710078, 25.842230342035283], [-111.39815926561994, 25.841061969317924], [-111.39815926558758, 25.841061969227148], [-111.39815926554662, 25.84106196913991], [-111.39815926549747, 25.84106196905702], [-111.39815926544057, 25.841061968979243], [-111.39815926537644, 25.841061968907304], [-111.39815926530568, 25.841061968841874], [-111.39815926522895, 25.841061968783563], [-111.39567017557181, 25.839352840485716], [-111.39567017555333, 25.83935284047171], [-111.39567017554731, 25.839352840449468], [-111.39531612396817, 25.83774990657884], [-111.39531612396385, 25.83774990655261], [-111.39531612396523, 25.837749906525907], [-111.3955521583532, 25.8355096251982], [-111.39555215835682, 25.83550962517462], [-111.39555215837073, 25.835509625155616], [-111.39649629550685, 25.83434118625203], [-111.39649629556493, 25.83434118617243], [-111.39649629561488, 25.834341186087507], [-111.39649629565625, 25.834341185998074], [-111.3964962956886, 25.834341185905007], [-111.39649629571164, 25.834341185809212], [-111.39649629572514, 25.834341185711608], [-111.39649629572898, 25.83434118561315], [-111.39649629572311, 25.834341185514795], [-111.39649629570758, 25.834341185417497], [-111.39649629568255, 25.834341185322195], [-111.39649629564826, 25.83434118522982], [-111.39649629560506, 25.83434118514127], [-111.39590620995746, 25.833269301403877], [-111.3959062099468, 25.833269301382057], [-111.39590620993832, 25.833269301359266], [-111.39567017565822, 25.83252573660081], [-111.39567017562477, 25.8325257365107], [-111.39567017558282, 25.832525736424213], [-111.39567017553276, 25.832525736342152], [-111.39567017547505, 25.83252573626528], [-111.39567017541023, 25.832525736194302], [-111.39567017533889, 25.832525736129874], [-111.3956701752617, 25.832525736072594], [-111.39424324055203, 25.83156971724298], [-111.39424324047292, 25.83156971719513], [-111.39424324038974, 25.831569717154785], [-111.39424324030318, 25.831569717122296], [-111.394243240214, 25.83156971709794], [-111.39424324012295, 25.831569717081923], [-111.39259099962617, 25.83135726736498], [-111.39259099958073, 25.831357267356996], [-111.3906919956448, 25.830932366723548], [-111.39069199562195, 25.830932366717235], [-111.39069199562152, 25.83093236669341], [-111.39171123504565, 25.79865477484827], [-111.39171123504747, 25.798654774825444], [-111.39171123507046, 25.798654774824335], [-111.39171460178049, 25.798654774824335], [-111.39171460187653, 25.798654774819713], [-111.39171460197169, 25.798654774805886], [-111.39171460206508, 25.798654774782985], [-111.39171460215583, 25.79865477475122], [-111.39171460224313, 25.798654774710887], [-111.39171460232613, 25.798654774662356], [-111.3917146024041, 25.798654774606074], [-111.3917146024763, 25.79865477454257], [-111.39171460254207, 25.79865477447242], [-111.39171460260079, 25.79865477439628], [-111.39171460265193, 25.798654774314855], [-111.391714602695, 25.79865477422889], [-111.39171460272964, 25.798654774139187], [-111.39171460275548, 25.79865477404657], [-111.39171460277232, 25.798654773951903], [-111.39171460277998, 25.798654773856054], [-111.39211893081571, 25.785913233238038], [-111.39211893081846, 25.7859132332082], [-111.39211893082467, 25.785913233179155], [-111.39223694800623, 25.78548816958036], [-111.39223694801454, 25.78548816955555], [-111.39223694803033, 25.78548816953441], [-111.39294505117864, 25.78463803769578], [-111.39294505119392, 25.78463803767907], [-111.39294505121092, 25.78463803766357], [-111.39449000356592, 25.783353167725938], [-111.39449000358658, 25.78335316771048], [-111.39449000360867, 25.783353167697282], [-111.39649629590363, 25.782290482796004], [-111.39649629592955, 25.782290482784123], [-111.39649629595672, 25.782290482775274], [-111.39851331698348, 25.78175913678173], [-111.39851331706512, 25.781759136756445], [-111.3985133171443, 25.781759136724283], [-111.39851331722045, 25.781759136685476], [-111.3999938959761, 25.780923059628204], [-111.39999389605735, 25.780923059577027], [-111.39999389613332, 25.78092305951829], [-111.39999389620331, 25.780923059452533], [-111.39999389626666, 25.78092305938037], [-111.39999389632281, 25.780923059302463], [-111.39999389637123, 25.78092305921953], [-111.39999389641146, 25.78092305913233], [-111.39999389644314, 25.780923059041676], [-111.39999389646599, 25.780923058948403], [-111.39999389647977, 25.780923058853368], [-111.39999389648439, 25.78092305875745], [-111.39999389648439, 25.78091863909589], [-111.39999389648553, 25.780918639072404], [-111.39999389650556, 25.78091863906], [-111.40041232106677, 25.780686776608782], [-111.4004123210907, 25.780686776597182], [-111.40041232109112, 25.78068677659703], [-111.40041232111831, 25.780686776590546], [-111.40100240691658, 25.780580506170804], [-111.40100240701945, 25.780580506146606], [-111.40100240711918, 25.78058050611169], [-111.40100240721468, 25.78058050606644], [-111.40159249257704, 25.780261694471516], [-111.40159249266243, 25.78026169441971], [-111.40159249274224, 25.78026169435964], [-111.40159249281565, 25.780261694291912], [-111.40159249288193, 25.780261694217195], [-111.40159249294044, 25.78026169413624], [-111.40159249299057, 25.78026169404985], [-111.40159249303186, 25.780261693958895], [-111.40159249306384, 25.780261693864272], [-111.40159249308623, 25.78026169376693], [-111.4015924930988, 25.780261693667843], [-111.40182852744866, 25.77717014017207], [-111.40182852745178, 25.777170140147675], [-111.40182852747179, 25.77717014013302], [-111.40313744541277, 25.77631028737783], [-111.40313744548466, 25.77631028732589], [-111.41000390022188, 25.77087084969728], [-111.41000390029204, 25.770870849636182], [-111.41000390035622, 25.77087084956883], [-111.41000390041386, 25.770870849495804], [-111.41000390046446, 25.770870849417737], [-111.41000390050759, 25.770870849335306], [-111.41000390054288, 25.770870849249224], [-111.41000390057, 25.770870849160236], [-111.41000390058875, 25.770870849069112], [-111.41023993491784, 25.769373269516496], [-111.41023993492225, 25.76937326949484], [-111.4102399349303, 25.76937326947456], [-111.4111948013246, 25.767247639699804], [-111.41119480133634, 25.767247639672586], [-111.41190290450004, 25.765537446277783], [-111.41190290451178, 25.765537446253322], [-111.41190290453056, 25.765537446234095], [-111.41876935916981, 25.759237538510778], [-111.41876935923597, 25.759237538444093], [-111.41876935929558, 25.759237538371494], [-111.41876935934812, 25.759237538293622], [-111.41876935939311, 25.759237538211167], [-111.41876935943017, 25.75923753812485], [-111.41876935945896, 25.75923753803544], [-111.41876935947924, 25.75923753794372], [-111.41876935949082, 25.759237537850503], [-111.41876935949361, 25.75923753775661], [-111.41876935948757, 25.75923753766287], [-111.41876935947278, 25.759237537570108], [-111.41873717308545, 25.7590829349757], [-111.41873717308185, 25.759082934952843], [-111.41873717310514, 25.759082934951692], [-111.47387266156508, 25.759082934951692], [-111.47387266158978, 25.759082934952954], [-111.4738726616016, 25.759082934974625], [-111.47446274747529, 25.760310091904437], [-111.4744627475176, 25.76031009198322], [-111.4744627475668, 25.76031009205791], [-111.47446274762247, 25.760310092127906], [-111.47446274768417, 25.760310092192647], [-111.4744627477514, 25.760310092251615], [-111.47765994060809, 25.76287065469417], [-111.47765994068462, 25.76287065474973], [-111.47765994076605, 25.76287065479781], [-111.47765994085165, 25.762870654837982], [-111.47920489306601, 25.763508371217892], [-111.47920489316003, 25.763508371251316], [-111.48097515096626, 25.764039798969275], [-111.48097515106298, 25.76403979899313], [-111.4809751511616, 25.764039799007243], [-111.4844191074069, 25.764358654509955], [-111.48441910743675, 25.764358654514556], [-111.48441910746578, 25.764358654522724], [-111.48536324473986, 25.764687171325907], [-111.48536324482897, 25.76468717135234], [-111.48536324492017, 25.764687171370387], [-111.48536324501264, 25.764687171379887], [-111.48536324510557, 25.764687171380757], [-111.48536324519822, 25.764687171372998], [-111.48536324528972, 25.76468717135667], [-111.48962259285831, 25.763720942642234], [-111.48962259299097, 25.763720942602298], [-111.4927124973275, 25.762551795417302], [-111.49271249741672, 25.762551795378485], [-111.49271249750173, 25.762551795331188], [-111.49271249758175, 25.762551795275847], [-111.492712497656, 25.762551795213], [-111.4927124977238, 25.762551795143228], [-111.49271249778451, 25.7625517950672], [-111.49271249783753, 25.762551794985633], [-111.49271249788238, 25.7625517948993], [-111.49330258368526, 25.761266686156194], [-111.49330258369474, 25.761266686137738], [-111.49330258369538, 25.76126668613671], [-111.49330258370921, 25.761266686118454], [-111.4940106868515, 25.760416380742708], [-111.49401068690099, 25.76041638069125], [-111.49471878983556, 25.759778647850215], [-111.49471878990332, 25.759778647783065], [-111.49471878996438, 25.759778647709762], [-111.49471879001817, 25.759778647630974], [-111.49471879006421, 25.75977864754742], [-111.49471879010207, 25.75977864745986], [-111.49471879013143, 25.75977864736909], [-111.49483680721606, 25.759343827821105], [-111.4948368072354, 25.759343827734934], [-111.49483680724707, 25.759343827647395], [-111.49483680725098, 25.759343827559167], [-111.49483680725098, 25.758280927776017], [-111.49483680725217, 25.75828092775178], [-111.49483680725805, 25.758280927728215], [-111.49519085882824, 25.757111726869454], [-111.49519085884994, 25.757111726784515], [-111.4954376220491, 25.755932851532066], [-111.495437622065, 25.755932851430174], [-111.49543762207031, 25.755932851327184], [-111.49543762207031, 25.75486992104005], [-111.49543762206697, 25.754869920958498], [-111.49543762205701, 25.75486992087749], [-111.4951908588425, 25.753372139154564], [-111.49519085883911, 25.75337213913517], [-111.49495482447446, 25.752096594079312], [-111.49495482445207, 25.752096593984422], [-111.49495482442055, 25.752096593892166], [-111.49495482438019, 25.752096593803415], [-111.49412870417277, 25.750492479951944], [-111.49412870411751, 25.750492479857687], [-111.4941287040523, 25.750492479770024], [-111.49412870397792, 25.750492479689996], [-111.49412870389524, 25.75049247961856], [-111.49246573449999, 25.749207240125457], [-111.49246573448255, 25.74920724011065], [-111.49246573446815, 25.74920724009295], [-111.4915215970546, 25.74793165037244], [-111.49152159699369, 25.74793165029793], [-111.4915215969259, 25.74793165022962], [-111.49152159685187, 25.747931650168145], [-111.49152159677226, 25.747931650114072], [-111.49152159668782, 25.7479316500679], [-111.48975133900755, 25.74707158561708], [-111.48975133890771, 25.74707158557509], [-111.48797035228246, 25.746433780910746], [-111.48797035217135, 25.74643378087808], [-111.48797035205719, 25.746433780858474], [-111.48788452150853, 25.746424117139988], [-111.48788452148551, 25.746424117136254], [-111.48788452148438, 25.746424117113076], [-111.48788452148438, 25.735696887516674], [-111.48788452148543, 25.735696887494875], [-111.4878845215019, 25.73569688750897], [-111.49259448014504, 25.740142523232198], [-111.49259448021635, 25.74014252329342], [-111.49259448029308, 25.740142523347686], [-111.49259448037458, 25.740142523394507], [-111.4925944804601, 25.74014252343347], [-111.4925944805489, 25.740142523464232], [-111.49259448064021, 25.740142523486522], [-111.4925944807332, 25.74014252350014], [-111.49259448082707, 25.740142523504968], [-111.49259448092096, 25.740142523500964], [-111.49259448101407, 25.740142523488164], [-111.49779796597791, 25.73917609510359], [-111.49779796600332, 25.739176095100227], [-111.49779796602796, 25.7391760951074], [-111.4999330043029, 25.739920245699373], [-111.4999330043801, 25.739920245722832], [-111.49993300445892, 25.73992024573999], [-111.50301218031807, 25.740461443253533], [-111.50301218033864, 25.740461443257598], [-111.50834441179288, 25.741630808059767], [-111.50834441190817, 25.741630808078074], [-111.51155233381411, 25.741949723750785], [-111.5115523338493, 25.74194972375555], [-111.51841878890328, 25.743128737925908], [-111.5184187889164, 25.743128737928345], [-111.52161598201623, 25.743766560383257], [-111.52161598209564, 25.7437665603958], [-111.52434110639247, 25.74408547033663], [-111.52434110641451, 25.744085470340213], [-111.52434110643469, 25.74408547034948], [-111.52516722677235, 25.744510682262103], [-111.5251672267908, 25.744510682272626], [-111.52516722680747, 25.744510682286386], [-111.52671217916843, 25.745902274307017], [-111.52671217918339, 25.745902274321665], [-111.52671217919686, 25.74590227433727], [-111.5273022651152, 25.746646382760275], [-111.5273022651698, 25.746646382823503], [-111.52730226522947, 25.746646382881952], [-111.52931928599016, 25.748463147325584], [-111.52931928606716, 25.748463147388307], [-111.52931928615001, 25.748463147443083], [-111.52931928623788, 25.748463147489367], [-111.52931928632991, 25.74846314752671], [-111.52931928642519, 25.748463147554737], [-111.52931928652279, 25.748463147573176], [-111.52931928662173, 25.748463147581845], [-111.52931928672103, 25.748463147580654], [-111.52931928681974, 25.74846314756962], [-111.53062820431984, 25.74825054894752], [-111.53062820434542, 25.748250548944732], [-111.5306282043677, 25.74825054895747], [-111.53145432453259, 25.74878204486585], [-111.53145432460926, 25.748782044910495], [-111.53145432468958, 25.748782044948168], [-111.53145432477292, 25.748782044978576], [-111.53145432485863, 25.748782045001477], [-111.53145432494604, 25.74878204501669], [-111.5331065654119, 25.748994642731713], [-111.53310656553951, 25.74899464273989], [-111.5345764159911, 25.74899464273989], [-111.53457641601447, 25.74899464274104], [-111.53457641601562, 25.748994642764405], [-111.53457641601562, 25.78924606584076], [-111.53457641601454, 25.789246065863725]]]}}, {"type": "Feature", "id": 1, "properties": {"actividad": "Conservación, Pesca y Turismo", "conflictos_potenciales": "Uso de suelo en zonas costeras ", "fragilidad": "media", "localidad_referencia": "San Juaniquito", "nombre": "UGA-9", "poblacion": 0, "politica_ambiental": "Preservación", "presion": "alta", "superficie_total": 285.11, "vulnerabilidad": "alta"}, "geometry": {"type": "Polygon", "coordinates": [[[-111.467993259, 26.469458946], [-111.467875242, 26.469343696], [-111.467879658, 26.469343696], [-111.467879659, 26.469343695], [-111.467879659, 26.469343694], [-111.467879658, 26.469343694], [-111.467671394, 26.469132404], [-111.467413902, 26.468191191], [-111.467413902, 26.46819119], [-111.467489004, 26.467835832], [-111.468143463, 26.467624538], [-111.468143463, 26.467624537], [-111.468658447, 26.466817773], [-111.469806433, 26.465357899], [-111.470611095, 26.464445468], [-111.471265554, 26.461631294], [-111.472123861, 26.458893892], [-111.472123861, 26.458893891], [-111.47158742, 26.458144696], [-111.472327709, 26.45766444], [-111.472327709, 26.457664439], [-111.472252607, 26.456713527], [-111.472113133, 26.456118002], [-111.472113132, 26.456118002], [-111.471909285, 26.455954713], [-111.471909285, 26.455954712], [-111.471909284, 26.455954712], [-111.470214129, 26.455109445], [-111.470214128, 26.455109445], [-111.470053196, 26.45424496], [-111.470375061, 26.453361257], [-111.470482349, 26.452314254], [-111.470482349, 26.452314253], [-111.469774246, 26.451833973], [-111.469666958, 26.450277851], [-111.4702034, 26.448510379], [-111.470203399, 26.448510379], [-111.470203399, 26.448510378], [-111.469656229, 26.447597815], [-111.469216347, 26.446752485], [-111.469302177, 26.446666031], [-111.469302178, 26.446666031], [-111.469624042, 26.44585912], [-111.469624042, 26.445859119], [-111.46946311, 26.444917716], [-111.46946311, 26.444917715], [-111.469012499, 26.444081973], [-111.468368769, 26.443159767], [-111.468390226, 26.442122277], [-111.468690634, 26.44227598], [-111.469312906, 26.442929214], [-111.46946311, 26.443620871], [-111.470396519, 26.445820695], [-111.471061707, 26.446992636], [-111.472027302, 26.448318261], [-111.472660303, 26.44906752], [-111.473346948, 26.450671686], [-111.473346949, 26.450671686], [-111.473346949, 26.450671687], [-111.474140882, 26.450969463], [-111.474140882, 26.450969464], [-111.474140883, 26.450969464], [-111.474527121, 26.450950252], [-111.475739479, 26.451737917], [-111.475449801, 26.453063486], [-111.4754498, 26.453063487], [-111.475342512, 26.454187327], [-111.475406885, 26.455051812], [-111.475406885, 26.455051813], [-111.475192308, 26.456108397], [-111.474848986, 26.457952594], [-111.47434473, 26.460238588], [-111.473475695, 26.462889517], [-111.472724676, 26.46570366], [-111.472885609, 26.467864645], [-111.472250129, 26.469343695], [-111.472250129, 26.469343696], [-111.47225013, 26.469343696], [-111.472252607, 26.469343696], [-111.471812726, 26.47036173], [-111.471812726, 26.470361731], [-111.471812727, 26.470361731], [-111.471812727, 26.470361732], [-111.471812728, 26.470361732], [-111.471812728, 26.470361731], [-111.472188234, 26.470160047], [-111.471093893, 26.471005204], [-111.471093893, 26.471005205], [-111.470696926, 26.471802336], [-111.470693734, 26.471802336], [-111.470693733, 26.471802336], [-111.470332146, 26.47252263], [-111.469838619, 26.474894769], [-111.469076872, 26.475115654], [-111.467478275, 26.476940339], [-111.466190815, 26.479101113], [-111.465536356, 26.480618432], [-111.463809013, 26.482106922], [-111.462135315, 26.484200378], [-111.459538937, 26.48686996], [-111.455354691, 26.489020945], [-111.455290318, 26.488070292], [-111.4557302, 26.487522942], [-111.456127167, 26.486293797], [-111.457264423, 26.486044125], [-111.457264424, 26.486044125], [-111.457972526, 26.485314312], [-111.457972527, 26.485314312], [-111.458659172, 26.484142761], [-111.459238529, 26.482807946], [-111.459496021, 26.482356602], [-111.459946632, 26.481991685], [-111.460107565, 26.481540338], [-111.460161209, 26.480935338], [-111.460654736, 26.479859775], [-111.461148262, 26.480003824], [-111.461802721, 26.479706122], [-111.462264061, 26.479331593], [-111.462521553, 26.478976269], [-111.462703943, 26.478784202], [-111.463304758, 26.479101113], [-111.463605165, 26.479341196], [-111.463605166, 26.479341196], [-111.463605166, 26.479341195], [-111.463862658, 26.478889839], [-111.464066505, 26.479053096], [-111.464592218, 26.479542866], [-111.464592219, 26.479542866], [-111.464871168, 26.47943723], [-111.465343237, 26.47932199], [-111.466072798, 26.478851426], [-111.466072798, 26.478851425], [-111.466501951, 26.478131171], [-111.466501951, 26.47813117], [-111.466555595, 26.477516549], [-111.466598511, 26.476738665], [-111.46659851, 26.476738664], [-111.466190815, 26.476412144], [-111.465697289, 26.476354522], [-111.465557814, 26.475759099], [-111.465525627, 26.475326935], [-111.465525627, 26.475326934], [-111.465021372, 26.47492358], [-111.465525627, 26.475240501], [-111.465525628, 26.475240501], [-111.466083527, 26.475029221], [-111.466373205, 26.475019617], [-111.466373205, 26.475019616], [-111.466544867, 26.47474111], [-111.466834545, 26.474731506], [-111.466834545, 26.474731505], [-111.466920376, 26.474549035], [-111.467553377, 26.474078452], [-111.467553377, 26.474078451], [-111.467607021, 26.473377374], [-111.468079089, 26.473348563], [-111.46807909, 26.473348563], [-111.46807909, 26.473348562], [-111.468111277, 26.472484215], [-111.468164921, 26.471869564], [-111.468164921, 26.471869563], [-111.467950344, 26.471543029], [-111.467950344, 26.471543028], [-111.468014717, 26.471187681], [-111.468390226, 26.470909164], [-111.468390226, 26.470909163], [-111.468325853, 26.470044798], [-111.467993259, 26.469458946]]]}}, {"type": "Feature", "id": 2, "properties": {"actividad": "Pesca, Turismo Alternativo y Conservación", "conflictos_potenciales": "Modificación de los ecosistemas costeros, afectación a la biodiversidad por  el aprovechamiento  de la fauna silvestre, uso de suelo ", "fragilidad": "alta", "localidad_referencia": "San Juaniquito", "nombre": "UGA-7", "poblacion": 0, "politica_ambiental": "Preservación", "presion": "media", "superficie_total": 1894.91, "vulnerabilidad": "alta"}, "geometry": {"type": "Polygon", "coordinates": [[[-111.49063110351456, 26.452688870522916], [-111.49063110349199, 26.45268887052064], [-111.49050235760295, 26.45266965943303], [-111.49050235748273, 26.452669659422455], [-111.49050235736209, 26.45266965942644], [-111.4895796777536, 26.45275610936448], [-111.48957967764103, 26.452756109381536], [-111.48957967753113, 26.452756109411276], [-111.48957967742533, 26.45275610945331], [-111.48902177827011, 26.45301545881159], [-111.48902177819106, 26.453015458852718], [-111.48902177811598, 26.453015458900722], [-111.48902177804548, 26.453015458955218], [-111.4890217779801, 26.45301545901577], [-111.48836731912391, 26.45367823829014], [-111.48836731910653, 26.453678238306107], [-111.48836731908312, 26.453678238309987], [-111.48762702973774, 26.453764687478248], [-111.48762702963572, 26.45376468749555], [-111.48762702953604, 26.453764687523304], [-111.48762702943976, 26.453764687561208], [-111.4876270293479, 26.453764687608857], [-111.48762702926147, 26.453764687665743], [-111.48762702918138, 26.453764687731255], [-111.48688673975107, 26.45443706801268], [-111.4868867397301, 26.454437068029737], [-111.48688673970473, 26.454437068039137], [-111.48632884026486, 26.454609965240472], [-111.48632884024657, 26.454609965245762], [-111.48568511010679, 26.454782862192015], [-111.48568511007731, 26.454782862198982], [-111.48530960147797, 26.45485970507009], [-111.48530960138366, 26.454859705094222], [-111.48530960129214, 26.45485970512741], [-111.4853096012043, 26.45485970516934], [-111.48530960112095, 26.454859705219615], [-111.48530960104287, 26.45485970527775], [-111.48530960097082, 26.454859705343207], [-111.48530960090547, 26.454859705415355], [-111.48530960084744, 26.45485970549352], [-111.48530960079731, 26.45485970557695], [-111.4853096007555, 26.454859705664862], [-111.48530960072245, 26.454859705756423], [-111.48530960069846, 26.45485970585076], [-111.48522377014606, 26.455282340801155], [-111.48522377014069, 26.455282340822645], [-111.48522377012824, 26.45528234084081], [-111.48484826088975, 26.45578181726982], [-111.48484826086839, 26.455781817296323], [-111.48448348046912, 26.456204449501023], [-111.48448348045314, 26.45620444951784], [-111.48448348043055, 26.456204449512267], [-111.483646631324, 26.455954712501256], [-111.48364663124009, 26.45595471248012], [-111.48364663115466, 26.45595471246632], [-111.48299217226712, 26.45587787020353], [-111.4829921722415, 26.455877870199156], [-111.48299217221651, 26.455877870192158], [-111.48225188257541, 26.45562813245699], [-111.48225188255395, 26.45562813244861], [-111.48225188254612, 26.455628132427037], [-111.48206949239156, 26.455042207303425], [-111.48206949235143, 26.455042207196474], [-111.48206949229937, 26.4550422070948], [-111.48206949223605, 26.455042206999725], [-111.48169398332237, 26.454542727794404], [-111.48169398326073, 26.454542727720145], [-111.4816939831922, 26.45454272765218], [-111.48169398311744, 26.454542727591136], [-111.48169398303715, 26.454542727537582], [-111.48169398295207, 26.45454272749202], [-111.48169398286299, 26.45454272745487], [-111.48169398277075, 26.45454272742648], [-111.48169398267619, 26.45454272740712], [-111.4811360843239, 26.45445627895695], [-111.4811360842275, 26.454456278946765], [-111.48113608413057, 26.454456278945965], [-111.48113608403402, 26.454456278954552], [-111.48113608393875, 26.454456278972447], [-111.48113608384566, 26.45445627899948], [-111.48113608375563, 26.4544562790354], [-111.4811360836695, 26.454456279079867], [-111.48113608358807, 26.45445627913247], [-111.48113608351213, 26.4544562791927], [-111.48113608344237, 26.454456279260008], [-111.48113608337945, 26.45445627933375], [-111.48113608332397, 26.454456279413236], [-111.48113608327645, 26.454456279497723], [-111.48067474366368, 26.45537839413414], [-111.48067474365142, 26.455378394155826], [-111.48067474362998, 26.45537839416895], [-111.47927999498668, 26.45613721266428], [-111.47927999496535, 26.456137212674534], [-111.47927999495805, 26.456137212652102], [-111.4790976048079, 26.4554648422962], [-111.47909760477482, 26.45546484219562], [-111.47909760473128, 26.455464842099104], [-111.47909760467778, 26.455464842007732], [-111.4790976046149, 26.45546484192253], [-111.4783465862425, 26.45455233288638], [-111.47834658622848, 26.45455233286761], [-111.47834658622456, 26.454552332844628], [-111.47815346722383, 26.45296743161841], [-111.47815346720618, 26.452967431517223], [-111.47815346717826, 26.452967431418376], [-111.47815346714033, 26.452967431322918], [-111.47815346709282, 26.45296743123185], [-111.47815346703621, 26.452967431146142], [-111.47815346697111, 26.45296743106669], [-111.4781534668982, 26.452967430994335], [-111.47759556796306, 26.452467942809285], [-111.47759556788868, 26.452467942748857], [-111.47759556780886, 26.452467942695826], [-111.47759556772432, 26.452467942650678], [-111.47759556763586, 26.45246794261383], [-111.47759556754427, 26.45246794258562], [-111.47759556745041, 26.452467942566305], [-111.47759556735512, 26.452467942556066], [-111.47629737856397, 26.45239109797526], [-111.47629737854076, 26.452391097972765], [-111.47629737852938, 26.452391097952297], [-111.47592186938975, 26.45163225499341], [-111.47592186934165, 26.451632254907192], [-111.47592186928529, 26.451632254826144], [-111.4759218692212, 26.451632254751043], [-111.47592186915003, 26.451632254682632], [-111.47592186907245, 26.45163225462157], [-111.47498846065298, 26.450969463651898], [-111.47498846057633, 26.450969463602565], [-111.4749884604955, 26.450969463560416], [-111.47498846041117, 26.450969463525805], [-111.47359371187639, 26.450469966246164], [-111.47359371185372, 26.450469966236753], [-111.47359371183643, 26.450469966219273], [-111.47285342218127, 26.449643869756454], [-111.47285342216601, 26.44964386973764], [-111.47285342216142, 26.44964386971405], [-111.47266030315342, 26.448308654987702], [-111.47266030313355, 26.448308654887065], [-111.47266030310347, 26.448308654788992], [-111.4726603030635, 26.448308654694515], [-111.47266030301407, 26.44830865460463], [-111.47266030295569, 26.448308654520282], [-111.4718234539135, 26.447223180772504], [-111.47182345389234, 26.447223180746004], [-111.47023558621423, 26.44530196287686], [-111.47023558616438, 26.445301962820945], [-111.47023558611048, 26.445301962768916], [-111.46977424623576, 26.444888896794406], [-111.46977424621706, 26.444888896775755], [-111.46977424620785, 26.444888896751042], [-111.46930217743626, 26.443380712858254], [-111.46930217743034, 26.443380712835626], [-111.46930217743325, 26.44338071281214], [-111.46938800807513, 26.442881182839194], [-111.46938800808701, 26.442881182741495], [-111.46938800808923, 26.4428811826431], [-111.46938800808175, 26.44288118254496], [-111.46938800806467, 26.442881182448033], [-111.46938800803814, 26.442881182353254], [-111.46910905842799, 26.44204542536771], [-111.46910905839164, 26.4420454252746], [-111.46910905834619, 26.442045425185583], [-111.46910905829208, 26.442045425101544], [-111.46845459939472, 26.441132809700054], [-111.4684545993817, 26.441132809679903], [-111.46845459938197, 26.441132809655947], [-111.46854043006327, 26.43971103641832], [-111.46854043006451, 26.439711036324137], [-111.46854043005689, 26.439711036230257], [-111.46834731102388, 26.43821239139234], [-111.46834731101977, 26.438212391330346], [-111.46833658218411, 26.435445611062402], [-111.46833658217382, 26.43544561092315], [-111.46814346313992, 26.434110231457513], [-111.46814346313478, 26.4341102313861], [-111.46814346313478, 26.43227526018018], [-111.46814346313603, 26.43227526015536], [-111.4681434631446, 26.43227526013197], [-111.46860480307554, 26.43118963515036], [-111.4686048030863, 26.431189635128238], [-111.46860480310782, 26.431189635116084], [-111.469624042116, 26.430680444842086], [-111.4696240422064, 26.430680444790884], [-111.46962404229102, 26.430680444730577], [-111.4696240423689, 26.430680444661817], [-111.46962404243925, 26.430680444585345], [-111.46962404250128, 26.430680444501988], [-111.46962404255432, 26.430680444412648], [-111.4696240425978, 26.43068044431828], [-111.46962404263127, 26.430680444219917], [-111.4698171615533, 26.4299983180444], [-111.46981716156097, 26.42999831802168], [-111.46981716158497, 26.429998318020484], [-111.4906311034911, 26.429998318020484], [-111.49063110351447, 26.42999831802163], [-111.49063110351562, 26.429998318044998], [-111.49063110351562, 26.43575303428918], [-111.49063110351449, 26.43575303431214], [-111.49063110349293, 26.435753034303946], [-111.49014830608468, 26.435541680952408], [-111.49014830598821, 26.435541680915982], [-111.49014830588851, 26.435541680889685], [-111.49014830578662, 26.43554168087379], [-111.49014830568365, 26.435541680868475], [-111.48986935617981, 26.435541680868475], [-111.489869356156, 26.435541680867313], [-111.48986935614177, 26.435541680848285], [-111.48959040642978, 26.435128579850897], [-111.48959040640743, 26.435128579814563], [-111.48931145669276, 26.434629013834755], [-111.48931145667022, 26.43462901378909], [-111.4891290666998, 26.434206302950095], [-111.48912906665736, 26.434206302863473], [-111.48912906660676, 26.434206302781345], [-111.4891290665485, 26.43420630270447], [-111.4891290664831, 26.43420630263357], [-111.48912906641117, 26.4342063025693], [-111.48912906633338, 26.434206302512262], [-111.48912906625046, 26.43420630246298], [-111.48912906616317, 26.434206302421916], [-111.48912906607235, 26.434206302389455], [-111.4891290659788, 26.434206302365897], [-111.48912906588343, 26.43420630235146], [-111.4883780484182, 26.434129445674838], [-111.48837804831936, 26.434129445669647], [-111.48837804822051, 26.43412944567425], [-111.48837804812258, 26.434129445688605], [-111.48837804802656, 26.434129445712564], [-111.48837804793338, 26.4341294457459], [-111.48837804784395, 26.43412944578828], [-111.48837804775914, 26.434129445839297], [-111.4883780476798, 26.434129445898442], [-111.48837804760669, 26.43412944596514], [-111.48829221727236, 26.434215909487893], [-111.48829221725406, 26.434215909504573], [-111.48829221722994, 26.43421590951036], [-111.48783087754825, 26.434302373274615], [-111.48783087745355, 26.43430237329719], [-111.48783087736147, 26.434302373328865], [-111.48783087727293, 26.43430237336934], [-111.48783087718874, 26.434302373418237], [-111.4878308771097, 26.43430237347509], [-111.48773431803394, 26.434379229787552], [-111.48773431795553, 26.434379229856983], [-111.48773431788479, 26.434379229934237], [-111.48773431782253, 26.434379230018465], [-111.48773431776942, 26.434379230108743], [-111.48773431772605, 26.43437923020408], [-111.48773431769288, 26.43437923030343], [-111.48745536814036, 26.43538796867263], [-111.48745536811839, 26.43538796877118], [-111.48745536810648, 26.435387968871446], [-111.48745536810473, 26.4353879689724], [-111.48745536811319, 26.435387969073016], [-111.48745536813173, 26.435387969172268], [-111.4874553681602, 26.435387969269144], [-111.48745536819828, 26.435387969362655], [-111.48764848707948, 26.43580106910898], [-111.48764848708961, 26.435801069134165], [-111.48764848709108, 26.435801069161126], [-111.48764848709108, 26.4358875315573], [-111.48764848709604, 26.435887531656714], [-111.48764848711085, 26.435887531755146], [-111.48764848713537, 26.435887531851616], [-111.48764848716937, 26.43588753194517], [-111.48792743666147, 26.43655040933448], [-111.48792743670562, 26.43655040942608], [-111.48792743675885, 26.436550409512723], [-111.48792743682061, 26.43655040959351], [-111.48792743689025, 26.43655040966761], [-111.48792743696706, 26.436550409734256], [-111.48792743705023, 26.436550409792755], [-111.48792743713892, 26.436550409842507], [-111.4879274372322, 26.43655040988299], [-111.48838877675594, 26.436723333784414], [-111.48838877677801, 26.43672333379396], [-111.4883887767797, 26.43672333381786], [-111.48839950561472, 26.437222890711013], [-111.4883995056141, 26.437222890734223], [-111.48839950559184, 26.43722289074093], [-111.48774504688647, 26.43738620689034], [-111.48774504679955, 26.437386206916276], [-111.48774504671532, 26.437386206949984], [-111.48774504663449, 26.437386206991185], [-111.48774504655773, 26.43738620703954], [-111.48774504648567, 26.437386207094658], [-111.48774504641891, 26.437386207156074], [-111.48765921594214, 26.437472668378845], [-111.48765921592657, 26.43747266839326], [-111.48765921590974, 26.437472668406357], [-111.48718714722872, 26.437808906632316], [-111.48718714714441, 26.4378089066995], [-111.48718714706781, 26.437808906775373], [-111.48672580732784, 26.438318065531302], [-111.48672580726375, 26.438318065609682], [-111.4867258072079, 26.438318065694137], [-111.48672580716088, 26.438318065783807], [-111.48672580712318, 26.438318065877773], [-111.48663997650931, 26.438567840945648], [-111.48663997650053, 26.43856784096767], [-111.48663997648103, 26.43856784098134], [-111.48598551758485, 26.438980929622165], [-111.48598551750479, 26.43898092967836], [-111.48598551743059, 26.438980929742108], [-111.48580312730591, 26.439153850072362], [-111.48580312728848, 26.439153850087397], [-111.48580312726557, 26.439153850084217], [-111.48534178736253, 26.439067389918552], [-111.48534178733951, 26.439067389913053], [-111.48534178734054, 26.439067389889644], [-111.48542761802392, 26.438154750811346], [-111.48542761803316, 26.43815475075193], [-111.48561000823788, 26.437318959138], [-111.48561000824195, 26.437318959120898], [-111.48597478849054, 26.435897139396516], [-111.48597478850967, 26.43589713930402], [-111.48597478851998, 26.435897139210137], [-111.48597478852139, 26.435897139115696], [-111.48597478851389, 26.435897139021545], [-111.48597478849753, 26.43589713892852], [-111.48597478847246, 26.435897138837458], [-111.48597478843892, 26.435897138749162], [-111.48597478839721, 26.435897138664423], [-111.48597478834768, 26.435897138584], [-111.48597478829079, 26.435897138508608], [-111.48597478822704, 26.43589713843892], [-111.485974788157, 26.43589713837556], [-111.48597478808128, 26.43589713831909], [-111.4852344992327, 26.435397576196458], [-111.4852344991476, 26.435397576144993], [-111.48523449905781, 26.43539757610224], [-111.48523449896422, 26.435397576068617], [-111.48523449886774, 26.435397576044455], [-111.48523449876934, 26.435397576029995], [-111.48523449867, 26.435397576025384], [-111.48235917098906, 26.43540718301931], [-111.48235917091392, 26.435407183022388], [-111.48235917083925, 26.435407183031103], [-111.48180127160704, 26.43549364591435], [-111.48180127149702, 26.4354936459378], [-111.48180127139032, 26.435493645973462], [-111.48180127128832, 26.435493646020884], [-111.48086786274952, 26.435993208187405], [-111.48086786265641, 26.435993208243968], [-111.48050308235183, 26.436242988485063], [-111.48050308227812, 26.436242988540698], [-111.48050308220986, 26.4362429886029], [-111.4795804024442, 26.43716524959011], [-111.47958040237806, 26.437165249663074], [-111.47958040231941, 26.43716524974219], [-111.47902250291581, 26.43800104240183], [-111.4790225028978, 26.43800104242557], [-111.47902250287703, 26.43800104244704], [-111.4785611629661, 26.438423739892574], [-111.4785611629482, 26.438423739907474], [-111.47856116292489, 26.438423739908185], [-111.47457003695129, 26.438356492702788], [-111.47457003685216, 26.43835649270604], [-111.47457003675383, 26.43835649271909], [-111.47457003665728, 26.43835649274182], [-111.47457003656346, 26.438356492774005], [-111.4745700364733, 26.438356492815327], [-111.47457003638766, 26.438356492865374], [-111.47457003630741, 26.43835649292366], [-111.47457003623333, 26.43835649298961], [-111.47457003616614, 26.438356493062575], [-111.47457003610651, 26.438356493141836], [-111.47457003605503, 26.438356493226614], [-111.4745700360122, 26.438356493316075], [-111.47457003597843, 26.43835649340934], [-111.47457003595407, 26.43835649350549], [-111.47457003593937, 26.43835649360358], [-111.47457003593445, 26.438356493702646], [-111.47457003593445, 26.43843334662517], [-111.47457003593308, 26.43843334665107], [-111.47457003591884, 26.4384333466728], [-111.4736473561861, 26.439691822842], [-111.47364735613053, 26.43969182292645], [-111.47364735608376, 26.439691823016076], [-111.47364735604629, 26.439691823109968], [-111.47364735601847, 26.439691823207163], [-111.47364735600063, 26.43969182330667], [-111.47356152534792, 26.44036428569635], [-111.4735615253438, 26.440364285719628], [-111.4735615253233, 26.44036428573144], [-111.4729070665182, 26.440700515494708], [-111.47290706643501, 26.440700515542638], [-111.47290706635678, 26.440700515598323], [-111.47290706628428, 26.44070051566125], [-111.47290706621813, 26.440700515730846], [-111.47254228593536, 26.441123203143633], [-111.47254228591838, 26.441123203161446], [-111.47254228589833, 26.441123203175536], [-111.47188782693866, 26.44153628269499], [-111.47188782691907, 26.441536282706153], [-111.47188782689874, 26.441536282715433], [-111.47124409691865, 26.4417956574126], [-111.47124409683964, 26.4417956574485], [-111.47124409676405, 26.441795657491106], [-111.47124409669243, 26.44179565754011], [-111.47124409662533, 26.44179565759514], [-111.47096514726353, 26.44204542500488], [-111.47096514718848, 26.442045425079595], [-111.47096514712176, 26.44204542516183], [-111.4709651470641, 26.442045425250654], [-111.47096514701617, 26.442045425345082], [-111.4709651469785, 26.442045425444046], [-111.4709651469515, 26.442045425546443], [-111.47087931636598, 26.442458501289174], [-111.47087931635194, 26.44245850137559], [-111.4708793163455, 26.4424585014629], [-111.47087931634674, 26.44245850155044], [-111.47087931635562, 26.44245850163754], [-111.47096514697996, 26.443044490531666], [-111.4709651470003, 26.443044490633387], [-111.47096514703107, 26.44304449073245], [-111.47096514707194, 26.4430444908278], [-111.47096514712246, 26.4430444909184], [-111.47096514718208, 26.443044491003278], [-111.47161960600613, 26.443880240898544], [-111.47161960601743, 26.44388024091419], [-111.47161960602757, 26.44388024093081], [-111.4718985556485, 26.444379766634047], [-111.47189855570622, 26.444379766725433], [-111.47189855577346, 26.444379766810055], [-111.47189855584945, 26.44437976688692], [-111.4718985559333, 26.44437976695514], [-111.472928523791, 26.445129051467973], [-111.4729285238669, 26.445129051518073], [-111.47292852394703, 26.445129051561068], [-111.47292852403073, 26.44512905159661], [-111.47292852411734, 26.4451290516244], [-111.47292852420608, 26.445129051644205], [-111.47292852429628, 26.44512905165587], [-111.47385120389445, 26.44520590107883], [-111.47385120391695, 26.4452059010818], [-111.47385120391031, 26.445205901103563], [-111.47366881383672, 26.44571502701381], [-111.47366881380952, 26.445715027102494], [-111.47366881379065, 26.445715027193316], [-111.4736688137803, 26.445715027285495], [-111.4736688137785, 26.445715027378238], [-111.47366881378532, 26.445715027470747], [-111.47366881380069, 26.445715027562226], [-111.47366881382446, 26.44571502765189], [-111.47366881385643, 26.445715027738963], [-111.4739477631854, 26.446377848201188], [-111.47394776322763, 26.44637784828925], [-111.47394776327825, 26.44637784837277], [-111.47394776333678, 26.446377848450954], [-111.47394776340266, 26.446377848523053], [-111.47394776347525, 26.446377848588387], [-111.47394776355388, 26.446377848646325], [-111.47394776363778, 26.44637784869632], [-111.47394776372616, 26.446377848737885], [-111.47394776381816, 26.446377848770638], [-111.47394776391293, 26.446377848794256], [-111.47394776400955, 26.44637784880852], [-111.4739477641071, 26.446377848813288], [-111.47469878194393, 26.446377848813288], [-111.47469878196686, 26.446377848814354], [-111.4746987819869, 26.446377848825612], [-111.47562146162517, 26.446954212024714], [-111.47562146170627, 26.446954212070274], [-111.47562146179126, 26.4469542121081], [-111.4756214618794, 26.446954212137868], [-111.47562146196992, 26.446954212159316], [-111.47562146206204, 26.44695421217226], [-111.47562146215496, 26.446954212176585], [-111.47599697110536, 26.446954212176585], [-111.4759969711297, 26.446954212177804], [-111.47599697114387, 26.446954212197653], [-111.47637248026972, 26.447540178447895], [-111.47637248032129, 26.44754017852096], [-111.47637248037918, 26.447540178589126], [-111.47637248044293, 26.447540178651845], [-111.47637248051204, 26.44754017870862], [-111.47637248058594, 26.447540178758995], [-111.47758483884749, 26.44828944287615], [-111.47758483886655, 26.448289442889184], [-111.47758483888431, 26.448289442903906], [-111.47822856901259, 26.44887540254178], [-111.47822856902975, 26.44887540255904], [-111.47822856903898, 26.44887540258154], [-111.47870063778804, 26.45021061091516], [-111.4787006378209, 26.450210610996564], [-111.47870063786078, 26.450210611074766], [-111.47907614665837, 26.45087340581751], [-111.4790761467125, 26.450873405902723], [-111.47907614677494, 26.45087340598204], [-111.47907614684507, 26.450873406054658], [-111.47907614692217, 26.450873406119836], [-111.47907614700544, 26.450873406176907], [-111.47907614709403, 26.450873406225295], [-111.47907614718706, 26.450873406264503], [-111.47907614728356, 26.45087340629413], [-111.47907614738257, 26.450873406313878], [-111.47907614748306, 26.45087340632354], [-111.47907614758401, 26.450873406323026], [-111.4790761476844, 26.450873406312336], [-111.47907614778319, 26.450873406291578], [-111.47907614787938, 26.450873406260968], [-111.47953748699979, 26.45070050374961], [-111.47953748706149, 26.450700503730932], [-111.48204803438347, 26.450114553420185], [-111.48204803447457, 26.450114553394314], [-111.48204803456284, 26.45011455335994], [-111.48204803464745, 26.45011455331737], [-111.48204803472764, 26.450114553266985], [-111.48204803480272, 26.45011455320924], [-111.482048034872, 26.450114553144655], [-111.48278832429887, 26.449355695205295], [-111.48278832435352, 26.449355695144472], [-111.48278832440303, 26.449355695079394], [-111.48343205443351, 26.448433531731585], [-111.48343205448637, 26.448433531647193], [-111.48343205453057, 26.448433531557967], [-111.48343205456568, 26.448433531464783], [-111.48370027539907, 26.447597814592687], [-111.4837002754331, 26.4475978144528], [-111.48388266562534, 26.446512333908437], [-111.48388266563735, 26.446512333802993], [-111.48396849632104, 26.445090626915658], [-111.48396849632398, 26.445090626889815], [-111.48396849633954, 26.44509062686892], [-111.48424744601269, 26.444754409895708], [-111.48424744605794, 26.444754409836857], [-111.48424744609869, 26.444754409774806], [-111.48480534552283, 26.443832209482554], [-111.48480534553585, 26.44383220946321], [-111.4848053455587, 26.443832209467118], [-111.48554563519978, 26.443995516311325], [-111.48554563522228, 26.44399551631744], [-111.4855456352234, 26.44399551634055], [-111.4855456352234, 26.444581497809285], [-111.48554563522252, 26.444581497830292], [-111.48554563521998, 26.44458149785057], [-111.48545980453895, 26.44509062686532], [-111.48545980453386, 26.44509062688857], [-111.48545980451401, 26.445090626901532], [-111.4849019055546, 26.445417236509375], [-111.4849019054753, 26.44541723656099], [-111.48490190540123, 26.44541723661986], [-111.48490190533306, 26.445417236685472], [-111.4849019052714, 26.445417236757233], [-111.48490190521679, 26.445417236834498], [-111.48490190516972, 26.44541723691658], [-111.48490190513064, 26.445417237002744], [-111.48490190509986, 26.44541723709221], [-111.48490190507768, 26.44541723718419], [-111.48490190506429, 26.445417237277855], [-111.48490190505981, 26.445417237372364], [-111.48490190505981, 26.445839906990468], [-111.48490190506315, 26.44583990707204], [-111.48490190507313, 26.44583990715306], [-111.48509502396882, 26.447011847504356], [-111.4850950239904, 26.447011847603576], [-111.48509502402192, 26.4470118477001], [-111.48509502406307, 26.447011847792925], [-111.48509502411342, 26.4470118478811], [-111.48509502417245, 26.447011847963715], [-111.48509502423957, 26.447011848039917], [-111.48509502431405, 26.44701184810892], [-111.48509502439515, 26.447011848170014], [-111.48509502448204, 26.44701184822257], [-111.4850950245738, 26.447011848266044], [-111.48509502466949, 26.447011848299987], [-111.48509502476814, 26.447011848324053], [-111.48509502486871, 26.44701184833799], [-111.48509502497019, 26.447011848341656], [-111.48574948308358, 26.44700224232704], [-111.48574948310836, 26.447002242327915], [-111.48574948313313, 26.447002242331287], [-111.4862108230348, 26.447088696541815], [-111.48621082305793, 26.447088696547347], [-111.4862108230591, 26.44708869657101], [-111.4862108230591, 26.448510378465112], [-111.48621082306335, 26.44851037855721], [-111.48621082307606, 26.448510378648525], [-111.48621082309714, 26.44851037873828], [-111.48621082312638, 26.448510378825713], [-111.48621082316356, 26.448510378910083], [-111.48621082320834, 26.44851037899067], [-111.48621082326036, 26.44851037906679], [-111.48621082331917, 26.44851037913779], [-111.4865863317569, 26.44892343128661], [-111.48658633182754, 26.448923431356928], [-111.48658633190482, 26.448923431419864], [-111.486586331988, 26.448923431474793], [-111.48658633207621, 26.44892343152117], [-111.48658633216861, 26.448923431558537], [-111.48658633226428, 26.448923431586515], [-111.48658633236225, 26.448923431604836], [-111.48658633246157, 26.44892343161331], [-111.48658633256123, 26.448923431611856], [-111.48658633266025, 26.448923431600488], [-111.48658633275764, 26.44892343157932], [-111.48658633285245, 26.44892343154856], [-111.48658633294373, 26.448923431508515], [-111.48658633303056, 26.448923431459587], [-111.48724079126998, 26.448510378883796], [-111.48724079136751, 26.448510378813705], [-111.48806691168052, 26.447837963745947], [-111.48806691169796, 26.447837963732965], [-111.48806691171626, 26.447837963721664], [-111.4892685413186, 26.44716554469696], [-111.48926854135425, 26.447165544678843], [-111.49056673049495, 26.44656997025682], [-111.49063110349292, 26.446541152069198], [-111.49063110351447, 26.446541152060814], [-111.49063110351562, 26.44654115208379], [-111.49063110351562, 26.45185318429293], [-111.49063110351435, 26.4518531843179], [-111.49063110350323, 26.451853184340425], [-111.49050235793206, 26.452083718245476], [-111.49050235788803, 26.452083718334386], [-111.49050235785305, 26.452083718427225], [-111.49050235782742, 26.45208371852307], [-111.49050235781144, 26.452083718620983], [-111.49050235780521, 26.45208371872], [-111.49050235780884, 26.452083718819146], [-111.49050235782228, 26.452083718917446], [-111.49050235784539, 26.45208371901393], [-111.49050235787794, 26.452083719107648], [-111.49050235791962, 26.45208371919768], [-111.49050235797002, 26.452083719283138], [-111.49050235802864, 26.452083719363184], [-111.4905023580949, 26.452083719437024], [-111.49050235816814, 26.45208371950394], [-111.49050235824767, 26.452083719563262], [-111.49063110349533, 26.452170169441445], [-111.49063110351446, 26.452170169455687], [-111.49063110351562, 26.452170169479537], [-111.49063110351562, 26.452688870500438], [-111.49063110351456, 26.452688870522916]]]}}, {"type": "Feature", "id": 2, "properties": {"actividad": "Conservación, Pesca y Turismo", "conflictos_potenciales": "Uso de suelo en zonas costeras ", "fragilidad": "media", "localidad_referencia": "San Juaniquito", "nombre": "UGA-9", "poblacion": 0, "politica_ambiental": "Preservación", "presion": "alta", "superficie_total": 285.11, "vulnerabilidad": "alta"}, "geometry": {"type": "Polygon", "coordinates": [[[-111.47414088249086, 26.41550937958269], [-111.47414088248965, 26.415509379606643], [-111.47391557693643, 26.417776999377327], [-111.47391557693373, 26.417776999409917], [-111.47369027137918, 26.421168737308527], [-111.47369027137643, 26.421168737332543], [-111.47369027136914, 26.421168737355448], [-111.47279977799161, 26.423561149683444], [-111.47279977798391, 26.423561149701865], [-111.47279977797474, 26.42356114971963], [-111.47152304652427, 26.42580939554684], [-111.47152304646973, 26.425809395658543], [-111.47005319596322, 26.429364224838388], [-111.4700531959523, 26.429364224861338], [-111.47005319593151, 26.42936422487587], [-111.46959185602508, 26.42965244944356], [-111.46959185600245, 26.42965244945609], [-111.46959185597665, 26.429652449455613], [-111.46891593935551, 26.429604412076714], [-111.46891593933141, 26.429604412073807], [-111.46891593931034, 26.42960441206195], [-111.46841168415433, 26.429287364922672], [-111.46841168407396, 26.429287364877176], [-111.46841168398971, 26.429287364839286], [-111.46841168390235, 26.429287364809333], [-111.46791815760135, 26.429143252191427], [-111.4679181575784, 26.429143252183472], [-111.46791815756794, 26.429143252161513], [-111.46745681763677, 26.42803838246543], [-111.46745681762822, 26.428038382441603], [-111.46745681762468, 26.42803838241659], [-111.46740317344884, 26.427442709167863], [-111.46740317344785, 26.427442709144156], [-111.4674031734636, 26.427442709126506], [-111.46795034406735, 26.426885463613143], [-111.46795034408647, 26.42688546359561], [-111.46795034411, 26.426885463584842], [-111.46896958317322, 26.42648193940776], [-111.4689695832639, 26.426481939366525], [-111.46896958335003, 26.42648193931647], [-111.46896958343075, 26.426481939258096], [-111.46896958350526, 26.426481939191984], [-111.46896958357281, 26.426481939118784], [-111.46896958363277, 26.426481939039224], [-111.4689695836845, 26.426481938954094], [-111.46931290617796, 26.425847826934884], [-111.46931290621745, 26.425847826853307], [-111.4693129062494, 26.42584782676849], [-111.46931290627354, 26.425847826681128], [-111.46931290628967, 26.42584782659194], [-111.46993517874114, 26.421216778346025], [-111.46993517874989, 26.421216778230033], [-111.46993517874513, 26.42121677811381], [-111.46959185600635, 26.41776739096469], [-111.46959185600436, 26.417767390893328], [-111.46973133086394, 26.414558119191064], [-111.46973133086392, 26.41455811910391], [-111.46973133085632, 26.414558119017084], [-111.46973133084119, 26.41455811893125], [-111.46973133081865, 26.41455811884706], [-111.4689803123978, 26.41217512897008], [-111.46898031235872, 26.412175128866505], [-111.46898031230845, 26.412175128767878], [-111.46898031224758, 26.412175128675415], [-111.46824002267444, 26.411175795707308], [-111.46824002266041, 26.4111757956862], [-111.46824002264862, 26.411175795663826], [-111.46800398827557, 26.410666516843655], [-111.468003988267, 26.4106665168227], [-111.46800398826444, 26.410666516800088], [-111.46793961526203, 26.409715216502743], [-111.46793961525181, 26.4097152164126], [-111.46793961523345, 26.40971521632375], [-111.46793961520711, 26.409715216236933], [-111.46793961517304, 26.409715216152858], [-111.4672422409724, 26.40819696304879], [-111.46724224092335, 26.408196962955376], [-111.46724224086475, 26.408196962867642], [-111.46724224079723, 26.408196962786572], [-111.46640539180333, 26.40729368885345], [-111.46640539172643, 26.407293688778882], [-111.46640539164198, 26.40729368871297], [-111.46640539155098, 26.407293688656466], [-111.4654076099606, 26.406745955220735], [-111.46540760994034, 26.40674595520832], [-111.46540760992447, 26.406745955190658], [-111.46392703057957, 26.404929767567975], [-111.46392703056448, 26.404929767547376], [-111.463927030554, 26.40492976752446], [-111.46369099617966, 26.404333974917282], [-111.4636909961714, 26.40433397489272], [-111.46369099617111, 26.404333974867054], [-111.46372318266721, 26.40355559624965], [-111.46372318266609, 26.403555596145505], [-111.46372318265414, 26.403555596042047], [-111.4637231826315, 26.403555595940386], [-111.4637231825984, 26.403555595841635], [-111.46372318255521, 26.403555595746862], [-111.46328330048216, 26.40270994396864], [-111.463283300438, 26.402709943892173], [-111.46328330038725, 26.402709943819904], [-111.46328330033032, 26.402709943752388], [-111.46328330026766, 26.402709943690162], [-111.46256446840165, 26.402056481084983], [-111.4625644683847, 26.402056481067998], [-111.46256446836935, 26.402056481049343], [-111.46213531503638, 26.401479893351777], [-111.46213531496927, 26.401479893270878], [-111.46213531489406, 26.401479893197468], [-111.46213531481155, 26.40147989313236], [-111.46111607553793, 26.400759154383422], [-111.46111607549548, 26.40075915434982], [-111.46028995515773, 26.400028801085128], [-111.4602899551407, 26.400028801068473], [-111.46028995515209, 26.4000288010474], [-111.46089076994535, 26.399038972796024], [-111.46089076995881, 26.399038972776186], [-111.46089076997792, 26.399038972790493], [-111.46293997739862, 26.400739934398057], [-111.46293997748165, 26.400739934460002], [-111.46293997757064, 26.400739934513027], [-111.46293997766465, 26.40073993455656], [-111.46293997776264, 26.400739934590135], [-111.46293997786358, 26.40073993461339], [-111.4629399779664, 26.400739934626078], [-111.46361589429316, 26.400787984006683], [-111.46361589431743, 26.40078798400961], [-111.46361589434133, 26.40078798401491], [-111.46568655965714, 26.401354965472724], [-111.46568655967688, 26.401354965479015], [-111.46568655969588, 26.401354965486863], [-111.4666843414039, 26.40181623647121], [-111.46668434142977, 26.401816236485068], [-111.46668434145383, 26.40181623650189], [-111.46842241285728, 26.40319042874779], [-111.46842241287187, 26.40319042876026], [-111.4684224128853, 26.403190428773634], [-111.47040724752874, 26.405323757759835], [-111.47040724754262, 26.405323757776088], [-111.47040724755342, 26.405323757794246], [-111.47185564039951, 26.408014386758108], [-111.47185564041004, 26.40801438678026], [-111.47185564040372, 26.40801438680404], [-111.47154450429137, 26.40898491930979], [-111.47154450426615, 26.408984919404098], [-111.47154450425023, 26.408984919500412], [-111.4715445042438, 26.40898491959782], [-111.47154450424688, 26.408984919695396], [-111.47154450425946, 26.4089849197922], [-111.47154450428141, 26.40898491988732], [-111.47154450431255, 26.408984919979844], [-111.47154450435255, 26.408984920068892], [-111.4721024036369, 26.410080362887403], [-111.4721024036443, 26.410080362902587], [-111.47347569464621, 26.413030320452524], [-111.4734756946552, 26.413030320474572], [-111.4734756946552, 26.413030320498564], [-111.47340059282224, 26.41459655355622], [-111.47340059282268, 26.41459655366036], [-111.47340059283394, 26.41459655376389], [-111.47340059285591, 26.414596553865685], [-111.47340059288835, 26.414596553964646], [-111.4734005929309, 26.414596554059695], [-111.47340059298311, 26.414596554149803], [-111.4734005930444, 26.414596554234], [-111.47414088247673, 26.41550937956342], [-111.47414088249086, 26.41550937958269]]]}}, {"type": "Feature", "id": 1, "properties": {"actividad": "Conservación y Turismo Alternativo", "conflictos_potenciales": "Afectación a la biodiversidad por el aprovechamiento de fauna o flora silvestre ", "fragilidad": "baja", "localidad_referencia": "Agua Escondida, El Aguaje, Agua  Bonita, La Higuera", "nombre": "UGA-66", "poblacion": 57, "politica_ambiental": "Preservación", "presion": "media", "superficie_total": 10116.43, "vulnerabilidad": "baja"}, "geometry": {"type": "Polygon", "coordinates": [[[-111.49063110351454, 25.747496786837278], [-111.49063110349395, 25.747496786828513], [-111.48975133900667, 25.747071585616528], [-111.48975133890868, 25.747071585575434], [-111.48797035226524, 25.746433780904578], [-111.48797035217169, 25.746433780876153], [-111.4879703520758, 25.746433780857], [-111.48583531380736, 25.746114877228084], [-111.48583531378672, 25.74611487722522], [-111.48334622396142, 25.74579597274227], [-111.4833462238747, 25.745795972734978], [-111.48334622378769, 25.745795972735248], [-111.48334622370103, 25.745795972743085], [-111.48097515119659, 25.74611487720844], [-111.48097515110808, 25.74611487722443], [-111.48097515102135, 25.7461148772483], [-111.48097515093714, 25.746114877279872], [-111.47848606110723, 25.747177886042724], [-111.47848606108548, 25.74717788605232], [-111.47659778606996, 25.748037949804882], [-111.47659778599193, 25.748037949844633], [-111.47659778591769, 25.74803794989106], [-111.47659778584779, 25.748037949943804], [-111.47505283365288, 25.749313538575453], [-111.4750528335916, 25.74931353863043], [-111.47505283353507, 25.749313538690267], [-111.47505283348364, 25.749313538754553], [-111.47410869603915, 25.750598777072184], [-111.47410869598762, 25.750598777149634], [-111.47410869594351, 25.75059877723154], [-111.47338986402373, 25.75209659381807], [-111.47338986399005, 25.752096593896702], [-111.47338986396322, 25.752096593977928], [-111.47338986394342, 25.75209659406115], [-111.47291779519944, 25.75454137679347], [-111.47291779518584, 25.754541376887833], [-111.47291779518129, 25.75454137698306], [-111.47291779518129, 25.757111726598644], [-111.47291779518534, 25.75711172668852], [-111.47291779519745, 25.75711172677767], [-111.47291779521753, 25.75711172686537], [-111.4729177952454, 25.75711172695091], [-111.47291779528084, 25.757111727033603], [-111.47446274747539, 25.760310091905566], [-111.47446274751765, 25.760310091983932], [-111.4744627475667, 25.76031009205823], [-111.47446274762218, 25.76031009212787], [-111.47446274768363, 25.7603100921923], [-111.47446274775056, 25.760310092251004], [-111.47601842878314, 25.761556561576832], [-111.47601842879943, 25.761556561591277], [-111.47601842877782, 25.761556561592343], [-111.41623735430355, 25.761556561592343], [-111.4162373542814, 25.761556561591235], [-111.41623735429707, 25.761556561575393], [-111.41876935916257, 25.759237538516743], [-111.41876935922964, 25.75923753844916], [-111.41876935928998, 25.759237538375505], [-111.41876935934306, 25.759237538296446], [-111.41876935938836, 25.759237538212698], [-111.4187693594255, 25.759237538125017], [-111.41876935945412, 25.759237538034206], [-111.41876935947398, 25.759237537941083], [-111.4187693594849, 25.75923753784649], [-111.41876935948676, 25.759237537751293], [-111.41876935947957, 25.759237537656347], [-111.41876935946337, 25.759237537562516], [-111.4185333252008, 25.758174637258875], [-111.41853332519663, 25.758174637234337], [-111.41853332520482, 25.758174637210825], [-111.41996026037657, 25.754657333758267], [-111.41996026040304, 25.75465733368493], [-111.42185926436525, 25.748675745996067], [-111.42185926438529, 25.748675745943476], [-111.42482042311568, 25.742056028812705], [-111.42482042312733, 25.742056028789875], [-111.42482042314353, 25.742056028769827], [-111.42730951307637, 25.739282402634057], [-111.42730951309257, 25.73928240261763], [-111.4273095131155, 25.73928240261457], [-111.42978787419803, 25.739069787488067], [-111.42978787422166, 25.73906978748717], [-111.42978787424387, 25.739069787495158], [-111.43725514393552, 25.74216233365444], [-111.4372551440279, 25.742162333687492], [-111.43725514412309, 25.74216233371133], [-111.43725514422015, 25.742162333725727], [-111.43725514431814, 25.74216233373054], [-111.4421153067233, 25.74216233373054], [-111.44211530681, 25.742162333726775], [-111.44211530689604, 25.742162333715505], [-111.4421153069808, 25.742162333696818], [-111.44650340061506, 25.740992974194043], [-111.44650340070636, 25.740992974164957], [-111.44650340079447, 25.740992974127266], [-111.44650340087857, 25.740992974081312], [-111.44650340095788, 25.74099297402752], [-111.44721150396178, 25.74046144327095], [-111.4472115039832, 25.74046144325654], [-111.44721150400709, 25.74046144324686], [-111.451234817182, 25.739069787597707], [-111.45123481726932, 25.739069787562826], [-111.45123481735297, 25.7390697875199], [-111.45123481743222, 25.739069787469305], [-111.45123481750637, 25.739069787411488], [-111.45123481757477, 25.739069787346963], [-111.4512348176368, 25.7390697872763], [-111.45123481769193, 25.739069787200123], [-111.45360589025536, 25.735445607472712], [-111.45360589029646, 25.735445607418388], [-111.45574092863373, 25.73299076674028], [-111.45574092865066, 25.732990766722644], [-111.45574092867186, 25.732990766710753], [-111.45917415616938, 25.731280080035578], [-111.45917415618929, 25.73128008002673], [-111.45917415621042, 25.731280080021484], [-111.46285414682251, 25.730535875332233], [-111.46285414691093, 25.730535875310114], [-111.46285414699697, 25.730535875280033], [-111.46285414707992, 25.730535875242243], [-111.46474242190021, 25.729569368818183], [-111.46474242197834, 25.729569368773646], [-111.46474242205217, 25.72956936872227], [-111.46474242212108, 25.729569368664468], [-111.4647424221845, 25.729569368600707], [-111.46474242224195, 25.729569368531507], [-111.46522521971202, 25.72893147007907], [-111.46522521972717, 25.728931470060946], [-111.4652252197506, 25.728931470058498], [-111.46711349485031, 25.72882515328604], [-111.46711349487283, 25.728825153285797], [-111.46711349489313, 25.728825153295475], [-111.46972060199727, 25.73021692897808], [-111.46972060207541, 25.73021692901554], [-111.47220969179494, 25.73128007993766], [-111.47220969189864, 25.73128007997534], [-111.47220969200586, 25.73128008000136], [-111.4722096921153, 25.73128008001541], [-111.47220969222562, 25.731280080017317], [-111.4806210994627, 25.730961135716225], [-111.48062109948144, 25.73096113571587], [-111.4828741550209, 25.73096113571587], [-111.48287415504412, 25.730961135716967], [-111.48287415506184, 25.730961135732183], [-111.49063110349712, 25.738286973936795], [-111.49063110351436, 25.738286973954814], [-111.49063110351562, 25.73828697397974], [-111.49063110351562, 25.747496786815], [-111.49063110351454, 25.747496786837278]]]}}, {"type": "Feature", "id": 1, "properties": {"actividad": "Conservación y Turismo", "conflictos_potenciales": "Zonas de alta sensibilidad y vulnerabilidad biológica ", "fragilidad": "media", "localidad_referencia": "Las Cuevas, El Saucito", "nombre": "UGA-28", "poblacion": 0, "politica_ambiental": "Preservación", "presion": "alta", "superficie_total": 281.32, "vulnerabilidad": "alta"}, "geometry": {"type": "Polygon", "coordinates": [[[-111.384029388, 26.195281007], [-111.381465197, 26.194722644], [-111.379072666, 26.194472343], [-111.379212141, 26.193490385], [-111.378793716, 26.192662454], [-111.378514767, 26.191709362], [-111.378353834, 26.190477071], [-111.379147766, 26.190631108], [-111.379147767, 26.190631108], [-111.379147767, 26.190631107], [-111.379147767, 26.190631106], [-111.378192902, 26.189321787], [-111.378042698, 26.188224255], [-111.378654241, 26.187791017], [-111.378654242, 26.187791016], [-111.378729343, 26.186751237], [-111.378836632, 26.186221716], [-111.379297972, 26.185672937], [-111.37968421, 26.185066389], [-111.380907297, 26.188898179], [-111.380907298, 26.188898179], [-111.383246183, 26.189350669], [-111.385724545, 26.18971651], [-111.387923956, 26.190236388], [-111.388481855, 26.191054709], [-111.38880372, 26.192527673], [-111.38880372, 26.192527674], [-111.388674974, 26.193644418], [-111.387848854, 26.194212414], [-111.386078596, 26.194645628], [-111.384029388, 26.195281007]]]}}, {"type": "Feature", "id": 2, "properties": {"actividad": "Pesca, Turismo Alternativo y Conservación", "conflictos_potenciales": "Uso de suelo en zona costera ", "fragilidad": "alta", "localidad_referencia": "Nopoló", "nombre": "UGA-46", "poblacion": 0, "politica_ambiental": "Preservación", "presion": "alta", "superficie_total": 53.84, "vulnerabilidad": "alta"}, "geometry": {"type": "Polygon", "coordinates": [[[-111.3613486289963, 25.92800177890029], [-111.36134862899412, 25.92800177892759], [-111.36110186577154, 25.929825409974985], [-111.3611018657674, 25.92982540999767], [-111.36110186575712, 25.929825410018363], [-111.36026501656845, 25.931330608034028], [-111.3602650165548, 25.93133060805581], [-111.3602650165335, 25.931330608070212], [-111.35828018190686, 25.93252703381036], [-111.35828018188434, 25.932527033822396], [-111.35828018185914, 25.932527033826997], [-111.35627388956564, 25.93278754427208], [-111.35627388954246, 25.932787544273953], [-111.35627388953571, 25.932787544251674], [-111.35604858398942, 25.931890228092932], [-111.35604858398523, 25.93189022807275], [-111.35604858398439, 25.93189022805253], [-111.35604858398439, 25.92309037812201], [-111.35604858398554, 25.923090378098635], [-111.35604858400885, 25.923090378099822], [-111.35787248609601, 25.92327371500498], [-111.35787248613283, 25.923273715010072], [-111.35902047154843, 25.923476350202296], [-111.35902047157225, 25.923476350207732], [-111.3590204715889, 25.92347635022561], [-111.35996460913053, 25.924595662157795], [-111.35996460915987, 25.924595662196225], [-111.36096239088516, 25.92604303256377], [-111.36096239089845, 25.926043032585337], [-111.36096239090463, 25.926043032610004], [-111.36134862899252, 25.9280017788734], [-111.3613486289963, 25.92800177890029]]]}}, {"type": "Feature", "id": 1, "properties": {"actividad": "Conservación, Pesca y Turismo", "conflictos_potenciales": "Uso de suelo en zonas costeras ", "fragilidad": "alta", "localidad_referencia": "Nopoló", "nombre": "UGA-43", "poblacion": 0, "politica_ambiental": "Preservación", "presion": "alta", "superficie_total": 44.21, "vulnerabilidad": "alta"}, "geometry": {"type": "Polygon", "coordinates": [[[-111.35598421096672, 25.94002371547453], [-111.35598421096738, 25.94002371549966], [-111.35596275329655, 25.94088237826027], [-111.35596275329452, 25.940882378286364], [-111.35596275328966, 25.94088237831245], [-111.35580182076068, 25.9415480788324], [-111.35580182075395, 25.941548078855366], [-111.35580182074116, 25.94154807887527], [-111.3553619384902, 25.94216553687068], [-111.35536193847574, 25.942165536889107], [-111.35536193845964, 25.942165536906064], [-111.3548791408719, 25.942628628273685], [-111.35487914085317, 25.942628628289945], [-111.3548791408316, 25.94262862830217], [-111.35414958018498, 25.94299524093345], [-111.3541495800971, 25.942995240983322], [-111.3541495800147, 25.94299524104181], [-111.35414957993864, 25.942995241108314], [-111.35414957986966, 25.942995241182157], [-111.35367751123076, 25.94355480561213], [-111.35367751121514, 25.94355480562894], [-111.35367751119777, 25.94355480561387], [-111.35350584985567, 25.94339079560734], [-111.35350584983937, 25.943390795590187], [-111.35350584983733, 25.94339079556678], [-111.35348439216693, 25.94283123022715], [-111.353484392167, 25.942831230206483], [-111.35348439216881, 25.942831230185696], [-111.35353803631445, 25.9424163785388], [-111.35353803632222, 25.942416378441383], [-111.35353803632046, 25.942416378343673], [-111.35353803630916, 25.942416378246598], [-111.35353803628846, 25.942416378151094], [-111.35353803625851, 25.942416378058066], [-111.3533127308368, 25.941818217270377], [-111.35331273080156, 25.941818217188157], [-111.35331273075911, 25.941818217109414], [-111.35331273070979, 25.941818217034783], [-111.35313034058989, 25.94156737448723], [-111.35313034057721, 25.941567374467972], [-111.35313034057451, 25.941567374445196], [-111.35310888290633, 25.941268292150117], [-111.35310888290581, 25.941268292086725], [-111.35311961173196, 25.94107533550718], [-111.35311961173264, 25.94107533541005], [-111.35311961172388, 25.941075335313315], [-111.3531196117058, 25.94107533521788], [-111.35303378117744, 25.9407183650484], [-111.35303378114966, 25.9407183649537], [-111.35303378111269, 25.940718364862196], [-111.35303378106687, 25.94071836477478], [-111.35303378101266, 25.940718364692312], [-111.35303378095057, 25.940718364615588], [-111.35303378088123, 25.940718364545354], [-111.3530337808053, 25.9407183644823], [-111.35303378072354, 25.940718364427035], [-111.35303378063672, 25.9407183643801], [-111.3530337805457, 25.940718364341954], [-111.35226130487818, 25.940438575825127], [-111.35226130485651, 25.940438575816074], [-111.3522613048562, 25.940438575792633], [-111.35227203369057, 25.94012984270232], [-111.35227203369253, 25.9401298426788], [-111.35227203371592, 25.940129842676168], [-111.35288357702362, 25.94009125099881], [-111.35288357712727, 25.940091250986814], [-111.35288357722911, 25.940091250964084], [-111.35288357732803, 25.940091250930863], [-111.35288357742294, 25.940091250887516], [-111.35288357751283, 25.940091250834513], [-111.3528835775967, 25.94009125077243], [-111.35301232283588, 25.939985124188315], [-111.3530123229058, 25.939985124124906], [-111.35301232296943, 25.939985124055188], [-111.3530123230262, 25.939985123979778], [-111.35301232307562, 25.93998512389935], [-111.35301232311723, 25.939985123814626], [-111.35301232315066, 25.939985123726352], [-111.35301232317562, 25.93998512363532], [-111.35301232319189, 25.939985123542343], [-111.35301232319932, 25.939985123448245], [-111.35301232319785, 25.939985123353864], [-111.35301232318747, 25.939985123260044], [-111.3530123231683, 25.93998512316762], [-111.3530123231405, 25.939985123077413], [-111.35288357735762, 25.939628149630614], [-111.3528835773399, 25.93962814956954], [-111.35276556015586, 25.939097510392603], [-111.35276556015152, 25.93909751036678], [-111.35276556015268, 25.939097510340773], [-111.3528084754924, 25.938653701192674], [-111.35280847549522, 25.938653701172164], [-111.35280847550129, 25.938653701152774], [-111.3530123233701, 25.938084465218076], [-111.35301232339185, 25.938084465166607], [-111.35317325590977, 25.937756429670358], [-111.35317325592119, 25.937756429649642], [-111.35317325594401, 25.937756429642835], [-111.35407447812852, 25.937534522739014], [-111.3540744781495, 25.9375345227348], [-111.35407447817086, 25.93753452273609], [-111.35435342786282, 25.937563467135252], [-111.3543534278864, 25.93756346713886], [-111.3543534279025, 25.937563467156536], [-111.35491132735062, 25.938238834529113], [-111.35491132737243, 25.93823883455755], [-111.35542631147348, 25.938962438152938], [-111.35542631150855, 25.93896243820997], [-111.35598421095615, 25.940023715451673], [-111.35598421096672, 25.94002371547453]]]}}, {"type": "Feature", "id": 2, "properties": {"actividad": "Pesca, Turismo Alternativo y Conservación", "conflictos_potenciales": "Modificación de los ecosistemas costeros , afectación de ecosistemas frágilas, uso de suelo,  afectación a la biodiversidad por el aprovechamiento de fauna o flora silvestre", "fragilidad": "alta", "localidad_referencia": "La Mesa del Chivato", "nombre": "UGA-48", "poblacion": 0, "politica_ambiental": "Preservación", "presion": "alta", "superficie_total": 182.95, "vulnerabilidad": "alta"}, "geometry": {"type": "Polygon", "coordinates": [[[-111.34893536567566, 25.919191988951766], [-111.3489353656658, 25.919191988972887], [-111.34825944901598, 25.920475383750578], [-111.34825944900435, 25.920475383770366], [-111.348259448984, 25.920475383780992], [-111.34759426134806, 25.92078416832656], [-111.347594261262, 25.920784168371714], [-111.34759426118073, 25.920784168425012], [-111.34759426110502, 25.920784168485948], [-111.34759426103558, 25.920784168553944], [-111.3474333286455, 25.920957859394797], [-111.34743332862801, 25.92095785941186], [-111.34743332860349, 25.92095785941362], [-111.34698271753372, 25.92096750890536], [-111.34698271751407, 25.92096750890501], [-111.34698271749463, 25.920967508903136], [-111.34662866638327, 25.920919261496966], [-111.34662866628723, 25.920919261488567], [-111.34662866619084, 25.920919261489455], [-111.34662866609497, 25.92091926149962], [-111.34662866600054, 25.920919261518968], [-111.3466286659084, 25.920919261547322], [-111.34662866581942, 25.920919261584412], [-111.34662866573443, 25.920919261629898], [-111.34662866565421, 25.92091926168336], [-111.34662866557952, 25.92091926174429], [-111.3464999202351, 25.921035055023363], [-111.34649992016676, 25.921035055091057], [-111.34649992010523, 25.921035055165007], [-111.3464999200511, 25.921035055244523], [-111.34649992000485, 25.921035055328876], [-111.34649991996693, 25.921035055417278], [-111.34649991993767, 25.92103505550892], [-111.34649991991735, 25.921035055602946], [-111.34649991990617, 25.92103505569849], [-111.3464999199042, 25.921035055794665], [-111.34651064872675, 25.921421034147752], [-111.34651064872631, 25.921421034170198], [-111.34651064870398, 25.92142103416617], [-111.34609222433302, 25.921324539629154], [-111.3460922242276, 25.92132453961072], [-111.34609222412081, 25.921324539603656], [-111.34609222401389, 25.921324539608047], [-111.34609222390803, 25.921324539623836], [-111.34585618980186, 25.92137278687066], [-111.34585618972856, 25.92137278688855], [-111.34585618965683, 25.92137278691191], [-111.34562015551494, 25.921459631919564], [-111.3456201554275, 25.921459631956544], [-111.34562015534395, 25.92145963200165], [-111.34562015526505, 25.92145963205447], [-111.34562015519153, 25.921459632114537], [-111.34550213827472, 25.921565775787244], [-111.3455021382099, 25.92156577585113], [-111.34550213815113, 25.921565775920637], [-111.34550213809895, 25.921565775995205], [-111.34550213805375, 25.921565776074203], [-111.34537339211612, 25.92181666114858], [-111.34537339210429, 25.921816661169125], [-111.34537339208316, 25.92181666117987], [-111.34526610412651, 25.92186490810232], [-111.34526610403823, 25.921864908147406], [-111.34526610395486, 25.921864908201], [-111.34526610387721, 25.92186490826259], [-111.34526610380603, 25.921864908331568], [-111.34526610374202, 25.92186490840725], [-111.34526610368583, 25.921864908488896], [-111.34526610363798, 25.921864908575706], [-111.34526610359897, 25.921864908666823], [-111.34523391773577, 25.921951751664174], [-111.34523391770671, 25.92195175175593], [-111.3452339176866, 25.921951751850056], [-111.34523391767563, 25.921951751945677], [-111.3452339176739, 25.92195175204191], [-111.34523391768144, 25.921951752137865], [-111.34523391769815, 25.921951752232648], [-111.34523391772392, 25.921951752325388], [-111.34523391775848, 25.921951752415218], [-111.34523391780151, 25.92195175250131], [-111.34523391785261, 25.92195175258287], [-111.34523391791133, 25.921951752659137], [-111.3452339179771, 25.921951752729406], [-111.34523391804933, 25.921951752793028], [-111.34523391812733, 25.92195175284941], [-111.3452339182104, 25.921951752898032], [-111.34523391829775, 25.92195175293844], [-111.34523391838859, 25.921951752970266], [-111.34523391848207, 25.921951752993213], [-111.3452339185773, 25.921951753007065], [-111.34523391867344, 25.921951753011697], [-111.34526610371977, 25.921951753011697], [-111.34526610374414, 25.921951753012905], [-111.34526610376507, 25.921951753025557], [-111.34535193441276, 25.922009649454264], [-111.34535193443217, 25.92200964946878], [-111.34535193444647, 25.922009649488107], [-111.34544849394192, 25.92215439046061], [-111.34544849395608, 25.92215439048467], [-111.34544849396448, 25.922154390511135], [-111.34548068046, 25.922279832531963], [-111.34548068046463, 25.92227983255425], [-111.34548068046097, 25.92227983257651], [-111.34543776514846, 25.922482469334998], [-111.34543776513424, 25.92248246942019], [-111.34543776512741, 25.92248246950629], [-111.34543776512804, 25.92248246959266], [-111.34544849395624, 25.922694755348378], [-111.34544849395624, 25.92269475537355], [-111.34544849394875, 25.92269475539742], [-111.34541630745856, 25.922781599475144], [-111.34541630744819, 25.92278159949912], [-111.34541630742726, 25.922781599514455], [-111.34529829036403, 25.922858794152354], [-111.34529829029245, 25.92285879420382], [-111.34529829022568, 25.922858794261387], [-111.34529829016425, 25.92285879432461], [-111.34521245957964, 25.92295528754321], [-111.34521245956363, 25.922955287559642], [-111.34521245954222, 25.92295528756714], [-111.34508371355568, 25.92299388486533], [-111.34508371353122, 25.92299388487134], [-111.3450837135064, 25.92299388487484], [-111.34497642530366, 25.923003534186666], [-111.34497642521615, 25.923003534198447], [-111.34497642513001, 25.923003534217905], [-111.34497642504594, 25.923003534244884], [-111.3447940349824, 25.92307107944965], [-111.3447940349576, 25.92307107945738], [-111.34479403493177, 25.923071079459795], [-111.3445580005897, 25.923080728777414], [-111.3445580005653, 25.923080728777187], [-111.34455800055237, 25.923080728756467], [-111.34451508533668, 25.92300353440786], [-111.34451508528723, 25.92300353432797], [-111.34451508523048, 25.92300353425308], [-111.34451508516696, 25.923003534183845], [-111.34451508509723, 25.923003534120877], [-111.34451508502188, 25.923003534064733], [-111.34438633935402, 25.92291669034812], [-111.3443863392693, 25.922916690296887], [-111.34438633917993, 25.922916690254283], [-111.3443863390868, 25.922916690220724], [-111.34438633899079, 25.92291669019654], [-111.34428977968768, 25.92289739157372], [-111.34428977966466, 25.922897391567908], [-111.34428977967126, 25.92289739154497], [-111.34433269496574, 25.922771950277397], [-111.34433269498986, 25.922771950195695], [-111.34433269500694, 25.922771950112235], [-111.34433269501685, 25.922771950027624], [-111.34434342382728, 25.922627210115234], [-111.34434342382947, 25.92262721000808], [-111.34434342382018, 25.922627209901304], [-111.3443434237995, 25.92262720979614], [-111.3443434237677, 25.92262720969379], [-111.3443112374613, 25.922540365998177], [-111.34431123742216, 25.922540365906812], [-111.34431123737416, 25.92254036581978], [-111.34431123731774, 25.922540365737945], [-111.34431123725349, 25.922540365662112], [-111.34431123718203, 25.922540365593033], [-111.34431123710405, 25.922540365531393], [-111.34431123702035, 25.922540365477797], [-111.34419322054629, 25.92247282032715], [-111.34419322045936, 25.922472820282877], [-111.34419322036852, 25.922472820247286], [-111.34419322027465, 25.922472820220715], [-111.34419322017864, 25.92247282020342], [-111.3441932200814, 25.922472820195562], [-111.34419321998385, 25.922472820197214], [-111.34419321988693, 25.922472820208366], [-111.34419321979156, 25.922472820228908], [-111.34419321969865, 25.922472820258648], [-111.34406447412799, 25.92252106692102], [-111.34406447410568, 25.922521066928205], [-111.34406447408249, 25.9225210669267], [-111.34397864344398, 25.922511417566792], [-111.34397864341787, 25.922511417562433], [-111.34397864339431, 25.92251141754997], [-111.343914270571, 25.922472820195722], [-111.34391427048477, 25.922472820149594], [-111.34391427039445, 25.92247282011211], [-111.3439142703009, 25.922472820083627], [-111.34391427020502, 25.922472820064417], [-111.34378552439105, 25.922453521357465], [-111.34378552436884, 25.922453521353077], [-111.34378552435366, 25.922453521336113], [-111.34366750718684, 25.922308780723906], [-111.34366750717265, 25.922308780704697], [-111.34366750716454, 25.922308780682283], [-111.34361386299871, 25.922135091715948], [-111.34361386299256, 25.922135091691842], [-111.34361386298885, 25.922135091667368], [-111.3435924053214, 25.92192280479445], [-111.34359240532015, 25.92192280477295], [-111.34359240532258, 25.921922804751826], [-111.3436245918233, 25.92172016692842], [-111.34362459182867, 25.921720166903217], [-111.3436245918461, 25.921720166883976], [-111.34382843964555, 25.921517528750453], [-111.3438284397091, 25.921517528681026], [-111.34382843976586, 25.921517528605936], [-111.3439142703878, 25.921392085821786], [-111.3439142704018, 25.921392085803244], [-111.3439142704191, 25.921392085787556], [-111.3440430164137, 25.921285941738144], [-111.34404301643431, 25.921285941722893], [-111.34404301645922, 25.92128594171724], [-111.34432196492932, 25.921237694595415], [-111.34432196502685, 25.921237694573474], [-111.34432196512171, 25.921237694541908], [-111.34432196521293, 25.921237694501027], [-111.34432196529963, 25.92123769445124], [-111.34432196538091, 25.92123769439305], [-111.34432196545598, 25.921237694327033], [-111.34432196552409, 25.92123769425385], [-111.34432196558454, 25.92123769417423], [-111.34432196563674, 25.921237694088976], [-111.34432196568018, 25.921237693998936], [-111.3443219657144, 25.92123769390501], [-111.34432196573907, 25.921237693808134], [-111.34432196575395, 25.92123769370928], [-111.3443219657589, 25.92123769360943], [-111.34432196575384, 25.921237693509593], [-111.34432196573883, 25.921237693410756], [-111.34432196571403, 25.92123769331391], [-111.3443219656797, 25.921237693220025], [-111.34423613554064, 25.921035055469066], [-111.344236135498, 25.92103505538072], [-111.3442361354469, 25.92103505529698], [-111.34423613538785, 25.92103505521865], [-111.34410738946582, 25.920880663461954], [-111.3441073894524, 25.92088066344416], [-111.34410738947467, 25.920880663443068], [-111.34419322011215, 25.920880663443068], [-111.34419322013827, 25.920880663444446], [-111.34419322016264, 25.920880663453893], [-111.34430050847565, 25.920928910919674], [-111.34430050849842, 25.920928910931362], [-111.34430050851836, 25.920928910947516], [-111.34455800027942, 25.921160498337354], [-111.34455800036073, 25.921160498403133], [-111.34455800044849, 25.92116049846006], [-111.3445580005417, 25.92116049850751], [-111.34455800063935, 25.921160498544968], [-111.34455800074038, 25.921160498572018], [-111.34455800084369, 25.921160498588367], [-111.34455800094814, 25.92116049859384], [-111.3446223731974, 25.92116049859384], [-111.34462237330185, 25.921160498588367], [-111.34462237340516, 25.921160498572018], [-111.34462237350618, 25.921160498544968], [-111.34462237360384, 25.92116049850751], [-111.34462237369705, 25.92116049846006], [-111.3446223737848, 25.921160498403133], [-111.34462237386612, 25.921160498337354], [-111.34475111955616, 25.921044704870614], [-111.34475111961147, 25.921044704816868], [-111.34475111966248, 25.921044704759026], [-111.34498715396565, 25.920755219934684], [-111.34498715404139, 25.92075521982828], [-111.34509444235707, 25.920581528598813], [-111.34509444236824, 25.920581528582247], [-111.34509444238051, 25.92058152856683], [-111.34531974759135, 25.92032099153437], [-111.34531974764957, 25.920320991460247], [-111.34531974770056, 25.92032099138097], [-111.34531974774386, 25.920320991297242], [-111.34531974777909, 25.920320991209813], [-111.34531974780592, 25.920320991119453], [-111.34531974782412, 25.92032099102697], [-111.34531974783354, 25.920320990933185], [-111.3453197478341, 25.920320990838928], [-111.34531974782576, 25.920320990745036], [-111.34531974780863, 25.920320990652346], [-111.34527683271914, 25.92013765023887], [-111.34527683269174, 25.920137650143456], [-111.34527683265502, 25.920137650051227], [-111.34527683260933, 25.92013764996309], [-111.34527683255514, 25.920137649879923], [-111.34527683249296, 25.920137649802534], [-111.34527683242342, 25.920137649731693], [-111.3452768323472, 25.920137649668096], [-111.34527683226504, 25.92013764961237], [-111.34527683217777, 25.920137649565063], [-111.34527683208623, 25.920137649526644], [-111.34527683199134, 25.920137649497487], [-111.34485840807893, 25.920031504463235], [-111.34485840797345, 25.920031504442438], [-111.34485840786634, 25.920031504433087], [-111.34456872959902, 25.92002185487397], [-111.3445687295011, 25.920021854875504], [-111.34456872940382, 25.92002185488661], [-111.34456872930807, 25.920021854907176], [-111.3445687292148, 25.92002185493701], [-111.34443998378286, 25.920070102550515], [-111.3444399836873, 25.92007010259213], [-111.34443998359659, 25.920070102643468], [-111.3444399835117, 25.920070102703967], [-111.34443998343359, 25.920070102772975], [-111.34443998336307, 25.92007010284974], [-111.34443998330093, 25.920070102933426], [-111.34443998324784, 25.920070103023125], [-111.34443998320438, 25.920070103117865], [-111.34438633919656, 25.920205196526695], [-111.34438633918698, 25.920205196547787], [-111.34438633916498, 25.92020519654074], [-111.34425759329376, 25.920156948817873], [-111.34425759320033, 25.920156948787998], [-111.34425759310442, 25.920156948767417], [-111.34425759300694, 25.920156948756336], [-111.34395718600814, 25.920137649663857], [-111.34395718590517, 25.920137649662557], [-111.3439571858026, 25.920137649671855], [-111.34395718570153, 25.92013764969165], [-111.34395718560303, 25.920137649721735], [-111.34395718550816, 25.92013764976179], [-111.34381771089896, 25.920205196538333], [-111.34381771087628, 25.920205196547947], [-111.34381771085172, 25.92020519654551], [-111.34368896486627, 25.92018589744162], [-111.34368896484403, 25.92018589743724], [-111.343688964823, 25.92018589742891], [-111.34358167650473, 25.920137649656663], [-111.34358167648392, 25.920137649646097], [-111.34358167647012, 25.920137649627115], [-111.34344220162698, 25.919925359149968], [-111.34344220161539, 25.919925359130435], [-111.3434422016116, 25.919925359108195], [-111.34342074394513, 25.91975166662926], [-111.3434207439434, 25.919751666606192], [-111.3434207439525, 25.919751666584464], [-111.34348511676822, 25.919616572642674], [-111.34348511680807, 25.919616572546463], [-111.34348511683768, 25.91961657244663], [-111.34348511685675, 25.919616572344257], [-111.34348511686508, 25.919616572240454], [-111.34348511686257, 25.91961657213635], [-111.34348511684925, 25.91961657203307], [-111.34348511682525, 25.919616571931737], [-111.34348511679084, 25.91961657183345], [-111.34341001511541, 25.91943322966827], [-111.34341001510738, 25.9194332296456], [-111.3434100151062, 25.919433229621493], [-111.3434100151062, 25.919249886786485], [-111.34341001510725, 25.919249886763907], [-111.34341001512357, 25.9192498867478], [-111.34346365908783, 25.91920163876777], [-111.34346365916171, 25.919201638694], [-111.3434636592275, 25.919201638612922], [-111.34346365928445, 25.919201638525433], [-111.343463659332, 25.919201638432476], [-111.34346365936958, 25.91920163833507], [-111.34351730345753, 25.91903759467701], [-111.34351730346846, 25.919037594649296], [-111.34351730348234, 25.919037594623504], [-111.3435709474979, 25.918950748005813], [-111.34357094754267, 25.91895074792523], [-111.34357094757983, 25.918950747840867], [-111.34357094760908, 25.91895074775344], [-111.34357094763014, 25.91895074766369], [-111.34357094764286, 25.918950747572385], [-111.34357094764711, 25.918950747480295], [-111.34357094764711, 25.918806003117698], [-111.3435709476423, 25.918806003019807], [-111.34357094762794, 25.918806002922853], [-111.34357094760415, 25.918806002827772], [-111.34357094757118, 25.918806002735476], [-111.34357094752932, 25.91880600264685], [-111.343570947479, 25.918806002562746], [-111.34347438813505, 25.918661257706233], [-111.34347438812343, 25.91866125768698], [-111.3434743881137, 25.918661257667043], [-111.34339928631593, 25.9184875634062], [-111.34339928626439, 25.918487563303604], [-111.34339928620142, 25.91848756320759], [-111.34324908258016, 25.918284919545165], [-111.34324908256673, 25.91828491952502], [-111.34324908257636, 25.9182849195028], [-111.3432919971965, 25.918198073529318], [-111.34329199723507, 25.91819807344073], [-111.34329199726491, 25.918198073348837], [-111.34329199728573, 25.918198073254494], [-111.34329199729737, 25.918198073158578], [-111.34329199729969, 25.91819807306199], [-111.34329199729267, 25.918198072965627], [-111.3432919972764, 25.918198072870393], [-111.343291997251, 25.918198072777173], [-111.34329199721672, 25.918198072686838], [-111.34329199717389, 25.91819807260023], [-111.3432919971229, 25.918198072518162], [-111.34329199706424, 25.9181980724414], [-111.34329199699843, 25.918198072370654], [-111.34329199692611, 25.91819807230659], [-111.34329199684795, 25.918198072249808], [-111.34329199676466, 25.91819807220083], [-111.34329199667704, 25.91819807216012], [-111.3432919965859, 25.918198072128053], [-111.34329199649208, 25.918198072104936], [-111.34329199639649, 25.918198072090977], [-111.34329199629998, 25.91819807208631], [-111.34322762491803, 25.91819807208631], [-111.34322762489495, 25.91819807208516], [-111.34322762490316, 25.918198072063618], [-111.34338855742409, 25.91783138221756], [-111.34338855743503, 25.917831382195644], [-111.34338855745513, 25.91783138218155], [-111.34371042249664, 25.917628737303914], [-111.34371042251617, 25.917628737292823], [-111.34371042253858, 25.917628737291402], [-111.34424686429561, 25.91761908752626], [-111.34424686434201, 25.917619087527576], [-111.34489059445826, 25.917667336345996], [-111.34489059448217, 25.91766733634896], [-111.34489059450515, 25.91766733635651], [-111.34546995092761, 25.917889280405614], [-111.34546995102183, 25.917889280436448], [-111.34546995111863, 25.917889280457796], [-111.34546995121708, 25.91788928046946], [-111.3454699513162, 25.917889280471314], [-111.34546995141501, 25.917889280463346], [-111.34546995151256, 25.917889280445635], [-111.34546995160785, 25.917889280418354], [-111.3454699517, 25.917889280381768], [-111.34546995178806, 25.91788928033624], [-111.34546995187118, 25.917889280282218], [-111.34546995194854, 25.91788928022023], [-111.34546995201939, 25.917889280150888], [-111.34546995208302, 25.91788928007487], [-111.34565234182786, 25.91764803684098], [-111.34565234184336, 25.91764803682243], [-111.34565234186654, 25.917648036815628], [-111.34609222409553, 25.917541889375798], [-111.34609222412116, 25.917541889371023], [-111.34609222414697, 25.91754188937446], [-111.34666085242203, 25.917648036819475], [-111.3466608524424, 25.917648036823714], [-111.34716510771584, 25.917763833929932], [-111.34716510773818, 25.917763833935606], [-111.34761571881775, 25.91788928066792], [-111.34761571886456, 25.917889280683486], [-111.348087787607, 25.9180726256646], [-111.34808778762772, 25.91807262567375], [-111.34808778764636, 25.918072625686456], [-111.34866714475694, 25.918506862675496], [-111.34866714477451, 25.918506862689984], [-111.34866714478387, 25.918506862710988], [-111.3489353656682, 25.919191988929644], [-111.34893536567566, 25.919191988951766]]]}}, {"type": "Feature", "id": 3, "properties": {"actividad": "Pesca, Turismo Alternativo y Conservación", "conflictos_potenciales": "Uso de suelo en zona costera ", "fragilidad": "alta", "localidad_referencia": "Nopoló", "nombre": "UGA-46", "poblacion": 0, "politica_ambiental": "Preservación", "presion": "alta", "superficie_total": 53.84, "vulnerabilidad": "alta"}, "geometry": {"type": "Polygon", "coordinates": [[[-111.35879516601445, 25.923437753053562], [-111.35879516601562, 25.923437753077277], [-111.35879516601562, 25.93221827992434], [-111.35879516601433, 25.932218279949332], [-111.35879516599357, 25.932218279963283], [-111.35828018190676, 25.93252703381049], [-111.35828018188434, 25.93252703382241], [-111.35828018185936, 25.932527033826968], [-111.35627388956568, 25.932787544272077], [-111.35627388954248, 25.93278754427395], [-111.35627388953569, 25.932787544251518], [-111.3559305667926, 25.931417445839173], [-111.35593056678847, 25.931417445819413], [-111.355930566786, 25.93141744580005], [-111.35575890542603, 25.92944910765398], [-111.35575890541473, 25.929449107567876], [-111.355758905396, 25.92944910748308], [-111.35575890537, 25.929449107400224], [-111.3557589053369, 25.92944910731994], [-111.35519027712857, 25.92822370383193], [-111.35519027706245, 25.92822370371176], [-111.35408520704362, 25.92650618745203], [-111.35408520698103, 25.92650618736531], [-111.35408520690952, 25.92650618728576], [-111.35292649270812, 25.925348297023962], [-111.35292649269284, 25.925348297007137], [-111.35292649271194, 25.925348296994837], [-111.35409593563824, 25.924672855819317], [-111.35409593572568, 25.924672855762534], [-111.35409593580674, 25.924672855696958], [-111.35409593588052, 25.9246728556233], [-111.35409593594623, 25.924672855542354], [-111.35493278502038, 25.923524596650335], [-111.35493278503488, 25.9235245966323], [-111.35493278505602, 25.92352459662274], [-111.35602712629006, 25.923090378106178], [-111.35602712631247, 25.9230903780985], [-111.356027126336, 25.923090378099722], [-111.35787248609536, 25.923273715004935], [-111.3578724861335, 25.923273715010215], [-111.35879516599107, 25.923437753048194], [-111.35879516601445, 25.923437753053562]]]}}, {"type": "Feature", "id": 1, "properties": {"actividad": "Pesca, Turismo Alternativo y Conservación", "conflictos_potenciales": "Modificación de los ecosistemas costeros , afectación de ecosistemas frágilas, uso de suelo,  afectación a la biodiversidad por el aprovechamiento de fauna o flora silvestre", "fragilidad": "alta", "localidad_referencia": "La Mesa del Chivato", "nombre": "UGA-48", "poblacion": 0, "politica_ambiental": "Preservación", "presion": "alta", "superficie_total": 182.95, "vulnerabilidad": "alta"}, "geometry": {"type": "Polygon", "coordinates": [[[-111.34893536567566, 25.919191988951756], [-111.34893536566572, 25.919191988972987], [-111.34863495827872, 25.919761316175578], [-111.3486349582665, 25.919761316196222], [-111.34863495824257, 25.919761316197402], [-111.34342074396679, 25.919761316197402], [-111.34342074394341, 25.919761316196254], [-111.34342074394226, 25.919761316172888], [-111.34342074394226, 25.919751666628052], [-111.34342074394324, 25.91975166660622], [-111.34342074395187, 25.91975166658582], [-111.34348511676822, 25.919616572642674], [-111.34348511680807, 25.919616572546463], [-111.34348511683768, 25.91961657244663], [-111.34348511685675, 25.919616572344257], [-111.34348511686508, 25.919616572240454], [-111.34348511686257, 25.91961657213635], [-111.34348511684925, 25.91961657203307], [-111.34348511682525, 25.919616571931737], [-111.34348511679084, 25.91961657183345], [-111.34341001511541, 25.91943322966827], [-111.34341001510738, 25.9194332296456], [-111.3434100151062, 25.919433229621493], [-111.3434100151062, 25.919249886786485], [-111.34341001510725, 25.919249886763907], [-111.34341001512357, 25.9192498867478], [-111.34346365908783, 25.91920163876777], [-111.34346365916171, 25.919201638694], [-111.3434636592275, 25.919201638612922], [-111.34346365928445, 25.919201638525433], [-111.343463659332, 25.919201638432476], [-111.34346365936958, 25.91920163833507], [-111.34351730345753, 25.91903759467701], [-111.34351730346846, 25.919037594649296], [-111.34351730348234, 25.919037594623504], [-111.3435709474979, 25.918950748005813], [-111.34357094754267, 25.91895074792523], [-111.34357094757983, 25.918950747840867], [-111.34357094760908, 25.91895074775344], [-111.34357094763014, 25.91895074766369], [-111.34357094764286, 25.918950747572385], [-111.34357094764711, 25.918950747480295], [-111.34357094764711, 25.918806003117698], [-111.3435709476423, 25.918806003019807], [-111.34357094762794, 25.918806002922853], [-111.34357094760415, 25.918806002827772], [-111.34357094757118, 25.918806002735476], [-111.34357094752932, 25.91880600264685], [-111.343570947479, 25.918806002562746], [-111.34347438813505, 25.918661257706233], [-111.34347438812343, 25.91866125768698], [-111.3434743881137, 25.918661257667043], [-111.34339928631593, 25.9184875634062], [-111.34339928626439, 25.918487563303604], [-111.34339928620142, 25.91848756320759], [-111.34324908258016, 25.918284919545165], [-111.34324908256673, 25.91828491952502], [-111.34324908257636, 25.9182849195028], [-111.3432919971965, 25.918198073529318], [-111.34329199723507, 25.91819807344073], [-111.34329199726491, 25.918198073348837], [-111.34329199728573, 25.918198073254494], [-111.34329199729737, 25.918198073158578], [-111.34329199729969, 25.91819807306199], [-111.34329199729267, 25.918198072965627], [-111.3432919972764, 25.918198072870393], [-111.343291997251, 25.918198072777173], [-111.34329199721672, 25.918198072686838], [-111.34329199717389, 25.91819807260023], [-111.3432919971229, 25.918198072518162], [-111.34329199706424, 25.9181980724414], [-111.34329199699843, 25.918198072370654], [-111.34329199692611, 25.91819807230659], [-111.34329199684795, 25.918198072249808], [-111.34329199676466, 25.91819807220083], [-111.34329199667704, 25.91819807216012], [-111.3432919965859, 25.918198072128053], [-111.34329199649208, 25.918198072104936], [-111.34329199639649, 25.918198072090977], [-111.34329199629998, 25.91819807208631], [-111.34322762491803, 25.91819807208631], [-111.34322762489495, 25.91819807208516], [-111.34322762490316, 25.918198072063618], [-111.34338855742409, 25.91783138221756], [-111.34338855743503, 25.917831382195644], [-111.34338855745513, 25.91783138218155], [-111.34371042249664, 25.917628737303914], [-111.34371042251617, 25.917628737292823], [-111.34371042253858, 25.917628737291402], [-111.34424686429561, 25.91761908752626], [-111.34424686434201, 25.917619087527576], [-111.34489059445826, 25.917667336345996], [-111.34489059448217, 25.91766733634896], [-111.34489059450515, 25.91766733635651], [-111.34546995092761, 25.917889280405614], [-111.34546995102183, 25.917889280436448], [-111.34546995111863, 25.917889280457796], [-111.34546995121708, 25.91788928046946], [-111.3454699513162, 25.917889280471314], [-111.34546995141501, 25.917889280463346], [-111.34546995151256, 25.917889280445635], [-111.34546995160785, 25.917889280418354], [-111.3454699517, 25.917889280381768], [-111.34546995178806, 25.91788928033624], [-111.34546995187118, 25.917889280282218], [-111.34546995194854, 25.91788928022023], [-111.34546995201939, 25.917889280150888], [-111.34546995208302, 25.91788928007487], [-111.34565234182786, 25.91764803684098], [-111.34565234184336, 25.91764803682243], [-111.34565234186654, 25.917648036815628], [-111.34609222409553, 25.917541889375798], [-111.34609222412116, 25.917541889371023], [-111.34609222414697, 25.91754188937446], [-111.34666085242203, 25.917648036819475], [-111.3466608524424, 25.917648036823714], [-111.34716510771584, 25.917763833929932], [-111.34716510773818, 25.917763833935606], [-111.34761571881775, 25.91788928066792], [-111.34761571886456, 25.917889280683486], [-111.348087787607, 25.9180726256646], [-111.34808778762772, 25.91807262567375], [-111.34808778764636, 25.918072625686456], [-111.34866714475694, 25.918506862675496], [-111.34866714477451, 25.918506862689984], [-111.34866714478387, 25.918506862710988], [-111.3489353656682, 25.919191988929665], [-111.34893536567566, 25.919191988951756]]]}}, {"type": "Feature", "id": 1, "properties": {"actividad": "Pesca, Turismo Alternativo y Conservación", "conflictos_potenciales": "Uso de suelo, afectación a la biodiversidad por el aprovechamiento de fauna o flora silvestre,  acceso a playa, afectación a ecosistemas frágiles, modificación de ecosistemas costeros", "fragilidad": "alta", "localidad_referencia": "Puerto Escondido", "nombre": "UGA-61", "poblacion": 0, "politica_ambiental": "Preservación", "presion": "alta", "superficie_total": 63.68, "vulnerabilidad": "alta"}, "geometry": {"type": "Polygon", "coordinates": [[[-111.31782174110303, 25.82941623153373], [-111.31782174108227, 25.82941623154423], [-111.31603002590312, 25.83021775746158], [-111.31603002581748, 25.83021775750493], [-111.31603002573641, 25.830217757556287], [-111.31603002566062, 25.830217757615184], [-111.31603002559085, 25.830217757681076], [-111.3160300255277, 25.830217757753353], [-111.31603002547176, 25.83021775783135], [-111.31603002542357, 25.83021775791435], [-111.31603002538355, 25.830217758001588], [-111.31603002535209, 25.83021775809226], [-111.31593346596375, 25.83054609206113], [-111.31593346595682, 25.830546092081423], [-111.31593346594481, 25.830546092099386], [-111.31551504136439, 25.83111584671097], [-111.31551504135068, 25.831115846728014], [-111.31551504133182, 25.8311158467393], [-111.315085887929, 25.831347610535314], [-111.3150858879086, 25.831347610545166], [-111.31508588788643, 25.83134761054913], [-111.31362676622967, 25.83154074671067], [-111.31362676620488, 25.831540746712694], [-111.31362676618015, 25.831540746709745], [-111.31221056006159, 25.831299326491887], [-111.31221055995421, 25.831299326479506], [-111.31221055984612, 25.831299326478792], [-111.31221055973859, 25.831299326489745], [-111.31221055963286, 25.831299326512244], [-111.31210327150777, 25.831328296905724], [-111.31210327148548, 25.831328296910602], [-111.31210327148439, 25.831328296887843], [-111.31210327148439, 25.830845455060466], [-111.31210327148565, 25.8308454550358], [-111.31210327150845, 25.830845455026253], [-111.3121569147514, 25.83082614164767], [-111.31215691484032, 25.830826141610736], [-111.31215691492525, 25.83082614156542], [-111.31215691500545, 25.830826141512144], [-111.31215691508015, 25.830826141451407], [-111.31215691514866, 25.830826141383763], [-111.31215691521035, 25.830826141309846], [-111.31215691526465, 25.83082614123034], [-111.31215691531105, 25.83082614114598], [-111.31215691534912, 25.83082614105755], [-111.31215691537851, 25.83082614096587], [-111.31215691539894, 25.830826140871782], [-111.31215691541024, 25.83082614077617], [-111.31215691541229, 25.830826140679914], [-111.31215691540507, 25.830826140583905], [-111.31215691538866, 25.830826140489037], [-111.31215691536319, 25.83082614039619], [-111.31210327149256, 25.83066197463013], [-111.31210327148575, 25.83066197460489], [-111.31210327148439, 25.83066197457887], [-111.31210327148439, 25.830517121458044], [-111.31210327148554, 25.83051712143493], [-111.31210327150802, 25.830517121441005], [-111.3140988343524, 25.83116413068762], [-111.31409883444752, 25.831164130713358], [-111.31409883454472, 25.831164130729608], [-111.31409883464306, 25.831164130736212], [-111.31409883474156, 25.831164130733104], [-111.31409883483929, 25.831164130720314], [-111.31409883493527, 25.831164130697967], [-111.31409883502859, 25.83116413066628], [-111.31409883511834, 25.831164130625563], [-111.31409883520364, 25.831164130576212], [-111.31409883528367, 25.8311641305187], [-111.31409883535765, 25.83116413045359], [-111.31409883542487, 25.831164130381516], [-111.3143026828611, 25.830922709885982], [-111.31430268287713, 25.830922709868755], [-111.31430268290073, 25.83092270986762], [-111.31519317535647, 25.83092270986762], [-111.31519317545498, 25.830922709862758], [-111.31519317555252, 25.830922709848213], [-111.31519317564816, 25.830922709824133], [-111.31519317574097, 25.830922709790748], [-111.31519317583003, 25.830922709748382], [-111.31519317591449, 25.83092270969745], [-111.31519317599351, 25.830922709638447], [-111.31519317606634, 25.830922709571947], [-111.31519317613227, 25.830922709498594], [-111.31519317619066, 25.830922709419106], [-111.31519317624092, 25.830922709334253], [-111.31519317628259, 25.83092270924486], [-111.31519317631525, 25.830922709151796], [-111.31519317633857, 25.83092270905597], [-111.31519317635235, 25.83092270895831], [-111.31530046462797, 25.829744568213773], [-111.31530046463118, 25.82974456819084], [-111.3153004646541, 25.82974456818681], [-111.31713509460774, 25.829512801358405], [-111.31713509470416, 25.82951280134139], [-111.31713509479846, 25.82951280131503], [-111.31713509488972, 25.829512801279574], [-111.31713509497709, 25.82951280123536], [-111.31713509505971, 25.829512801182815], [-111.31713509513679, 25.82951280112244], [-111.3171350952076, 25.829512801054822], [-111.31713509527147, 25.8295128009806], [-111.31713509532776, 25.829512800900485], [-111.31713509537595, 25.82951280081525], [-111.31713509541557, 25.829512800725713], [-111.31713509544625, 25.82951280063273], [-111.31713509546769, 25.82951280053719], [-111.31713509547967, 25.829512800440014], [-111.3171350954821, 25.829512800342133], [-111.31713509547495, 25.82951280024448], [-111.31693124789132, 25.827851792900805], [-111.31693124787472, 25.827851792804648], [-111.31693124784883, 25.827851792710568], [-111.3169312478139, 25.827851792619455], [-111.31693124777024, 25.827851792532186], [-111.31693124771829, 25.827851792449582], [-111.31693124765854, 25.82785179237244], [-111.31693124759155, 25.827851792301484], [-111.31693124751797, 25.827851792237393], [-111.3169312474385, 25.827851792180784], [-111.31693124735388, 25.827851792132186], [-111.31693124726493, 25.82785179209207], [-111.31693124717249, 25.827851792060812], [-111.31693124707745, 25.82785179203871], [-111.3169312469807, 25.82785179202598], [-111.31693124688317, 25.827851792022738], [-111.3169312467858, 25.82785179202902], [-111.3169312466895, 25.827851792044758], [-111.31693124659519, 25.827851792069808], [-111.31693124650377, 25.82785179210393], [-111.31693124641612, 25.827851792146802], [-111.31640553476566, 25.82814150411112], [-111.31640553474406, 25.828141504121685], [-111.31640553472033, 25.82814150411862], [-111.3145172596218, 25.827803505920155], [-111.31451725959867, 25.827803505914837], [-111.31451725959006, 25.827803505892742], [-111.31341218949132, 25.824500729813675], [-111.31341218948512, 25.824500729791737], [-111.31341218950763, 25.824500729789108], [-111.3160836685426, 25.82431723960348], [-111.31608366864106, 25.824317239591792], [-111.31608366873786, 25.824317239570412], [-111.31608366883208, 25.824317239539553], [-111.31608366892279, 25.824317239499514], [-111.31608366900907, 25.82431723945069], [-111.3160836690901, 25.82431723939356], [-111.31608366916507, 25.824317239328693], [-111.31608366923325, 25.824317239256718], [-111.31608366929397, 25.82431723917834], [-111.31608366934664, 25.82431723909434], [-111.31608366939072, 25.82431723900554], [-111.3160836694258, 25.82431723891281], [-111.31608366945152, 25.82431723881706], [-111.31608366946763, 25.824317238719235], [-111.31608366947397, 25.824317238620296], [-111.31608366947049, 25.824317238521214], [-111.31608366945721, 25.824317238422964], [-111.31530046463442, 25.820106542720843], [-111.31530046463125, 25.820106542697864], [-111.31530046463662, 25.82010654267548], [-111.31555795668888, 25.819218027928518], [-111.31555795669618, 25.8192180279072], [-111.31555795671491, 25.819218027919682], [-111.31651282308313, 25.819923045607865], [-111.3165128231037, 25.81992304562483], [-111.31651282311527, 25.819923045648878], [-111.31724238394737, 25.821671085125796], [-111.3172423839557, 25.82167108514892], [-111.31724238395691, 25.821671085173435], [-111.31724238395691, 25.823467386147342], [-111.31724238395559, 25.823467386172887], [-111.31724238395157, 25.82346738619857], [-111.31698489189637, 25.824693877106856], [-111.31698489189051, 25.824693877129413], [-111.31698489187207, 25.824693877143577], [-111.31651282312562, 25.82502222686926], [-111.31651282310447, 25.82502222688244], [-111.31651282307952, 25.825022226883704], [-111.31566524514207, 25.825022226883704], [-111.31566524505648, 25.825022226887373], [-111.31566524497151, 25.82502222689836], [-111.31482839604053, 25.825167086745534], [-111.3148283959443, 25.825167086767124], [-111.31482839585067, 25.82516708679809], [-111.31482839576054, 25.825167086838125], [-111.3148283956748, 25.825167086886843], [-111.31446361606227, 25.825398861834735], [-111.3144636159804, 25.82539886189272], [-111.31446361590476, 25.82539886195861], [-111.31446361583609, 25.82539886203175], [-111.3144636157751, 25.825398862111403], [-111.31446361572239, 25.825398862196764], [-111.3144636156785, 25.825398862286978], [-111.31446361564387, 25.825398862381135], [-111.31446361561886, 25.825398862478288], [-111.3144636156037, 25.825398862577458], [-111.31446361559856, 25.82539886267765], [-111.31446361560349, 25.82539886277785], [-111.31446361561841, 25.825398862877055], [-111.31446361564322, 25.82539886297426], [-111.31498932820948, 25.827098534555677], [-111.31498932824265, 25.827098534646986], [-111.31498932828454, 25.82709853473464], [-111.31498932833473, 25.827098534817818], [-111.31498932839276, 25.827098534895732], [-111.31498932845807, 25.82709853496765], [-111.31498932853005, 25.82709853503289], [-111.31498932860802, 25.827098535090837], [-111.31498932869124, 25.827098535140944], [-111.31498932877895, 25.82709853518274], [-111.31498932887028, 25.82709853521583], [-111.3149893289644, 25.827098535239898], [-111.31593346588691, 25.827291678207782], [-111.31593346602973, 25.827291678226413], [-111.31677031514737, 25.827339963946933], [-111.31677031516989, 25.827339963949278], [-111.3167703151879, 25.827339963963126], [-111.31782174108571, 25.82822841777601], [-111.317821741103, 25.82822841779212], [-111.31782174110414, 25.828228417815758], [-111.31782174110414, 25.82941623151054], [-111.31782174110303, 25.82941623153373]]]}}, {"type": "Feature", "id": 1, "properties": {"actividad": "Conservación y Turismo Alternativo", "conflictos_potenciales": "Uso de suelo, afectación a la biodiversidad por el aprovechamiento de fauna o flora silvestre, uso  de agua, cambio de uso de suelo  ", "fragilidad": "baja", "localidad_referencia": "Ligüi", "nombre": "UGA-67b", "poblacion": 203, "politica_ambiental": "Preservación", "presion": "alta", "superficie_total": 3911.23, "vulnerabilidad": "alta"}, "geometry": {"type": "Polygon", "coordinates": [[[-111.3366293907156, 25.670510588206294], [-111.33662939070884, 25.670510588227398], [-111.33497714999785, 25.674968329130795], [-111.33497714996813, 25.67496832922505], [-111.33497714994785, 25.67496832932178], [-111.33415102961162, 25.68018009683836], [-111.33415102960066, 25.68018009694254], [-111.33415102960066, 25.680180097047298], [-111.33415102961162, 25.680180097151478], [-111.33497714995976, 25.685391636797934], [-111.3349771499623, 25.685391636820697], [-111.33497714996057, 25.685391636843825], [-111.33456945421948, 25.688736957611564], [-111.33456945421223, 25.688736957718476], [-111.33456945421646, 25.68873695782555], [-111.33456945423214, 25.688736957931557], [-111.33456945425905, 25.68873695803528], [-111.33539557451078, 25.691337734780934], [-111.33539557454424, 25.691337734870988], [-111.33539557458617, 25.691337734957422], [-111.33539557463621, 25.691337735039433], [-111.33539557469388, 25.691337735116264], [-111.33662939070052, 25.692826630124976], [-111.33662939071498, 25.692826630144324], [-111.33662939070007, 25.69282663016328], [-111.33209109307816, 25.698037616657146], [-111.33209109306273, 25.698037616673346], [-111.3320910930436, 25.69803761668481], [-111.3300311565593, 25.699149393176306], [-111.33003115652095, 25.699149393198116], [-111.32878661193662, 25.69989379403921], [-111.32878661185022, 25.6998937940972], [-111.3287866117703, 25.699893794163856], [-111.32878661169775, 25.699893794238456], [-111.32878661163335, 25.699893794320193], [-111.32878661157778, 25.69989379440818], [-111.32878661153165, 25.699893794501463], [-111.32878661149549, 25.699893794599035], [-111.32878661146964, 25.69989379469984], [-111.327960491185, 25.703992750570766], [-111.32796049117938, 25.70399275059318], [-111.32796049117172, 25.70399275061501], [-111.32630825043518, 25.708081898902797], [-111.32630825042648, 25.708081898921954], [-111.32630825041456, 25.708081898939493], [-111.32548213006517, 25.709193581605337], [-111.32548213005036, 25.70919358162335], [-111.32548213002964, 25.709193581612514], [-111.31484985502169, 25.702955393469043], [-111.314849854933, 25.7029553934228], [-111.31484985484012, 25.702955393385654], [-111.31484985474401, 25.70295539335797], [-111.3148498546456, 25.702955393340027], [-111.3148498545459, 25.702955393332005], [-111.3148498544459, 25.70295539333398], [-111.31484985434659, 25.70295539334594], [-111.31484985424898, 25.70295539336776], [-111.31484985415403, 25.70295539339922], [-111.3148498540627, 25.702955393440007], [-111.3148498539759, 25.702955393489717], [-111.3148498538945, 25.70295539354785], [-111.31484985381931, 25.70295539361382], [-111.3148498537511, 25.702955393686974], [-111.31484985369053, 25.702955393766576], [-111.31484985363822, 25.70295539385183], [-111.31484985359468, 25.702955393941885], [-111.31484985356036, 25.702955394035836], [-111.3148498535356, 25.702955394132747], [-111.31484985352064, 25.702955394231648], [-111.31484985351564, 25.702955394331546], [-111.31484985351564, 25.702958357451596], [-111.31484985351449, 25.702958357474603], [-111.31484985349405, 25.702958357463945], [-111.30773663538677, 25.698782024809873], [-111.30773663529621, 25.698782024762743], [-111.30773663520131, 25.69878202472509], [-111.30773663510307, 25.698782024697316], [-111.3077366350025, 25.6987820246797], [-111.28957271581088, 25.696548786656106], [-111.28957271570738, 25.6965487866488], [-111.2697565555601, 25.696181410143843], [-111.26815795900852, 25.69614273886728], [-111.26815795898551, 25.69614273886561], [-111.26815795898439, 25.69614273884266], [-111.26815795898439, 25.696140811111675], [-111.26815795897973, 25.696140811015237], [-111.26815795896579, 25.6961408109197], [-111.2681579589427, 25.696140810825952], [-111.26815795891068, 25.696140810734867], [-111.26815795887002, 25.696140810647293], [-111.2681579588211, 25.69614081056405], [-111.26815795876439, 25.69614081048591], [-111.26815795870041, 25.696140810413606], [-111.26815795862976, 25.696140810347806], [-111.26815795855309, 25.69614081028913], [-111.26815795847111, 25.69614081023812], [-111.26815795838459, 25.696140810195253], [-111.26815795829435, 25.69614081016093], [-111.26815795820121, 25.696140810135468], [-111.26815795810607, 25.696140810119108], [-111.26815795800978, 25.696140810112], [-111.24044537544505, 25.695436985853735], [-111.2404453754399, 25.69543698585362], [-111.2269592295359, 25.6951638950968], [-111.22695922943653, 25.69516389509973], [-111.22695922933796, 25.695163895112508], [-111.22695922924115, 25.695163895135007], [-111.22695922914704, 25.69516389516701], [-111.22695922905658, 25.695163895208196], [-111.22695922897064, 25.695163895258162], [-111.2269592288901, 25.69516389531641], [-111.22695922881573, 25.695163895382365], [-111.22695922874829, 25.695163895455376], [-111.22695922868841, 25.695163895534726], [-111.22695922863672, 25.695163895619626], [-111.22695922859371, 25.69516389570924], [-111.2269592285598, 25.69516389580268], [-111.22695922853535, 25.69516389589902], [-111.22695922852058, 25.695163895997318], [-111.22695922851564, 25.695163896096595], [-111.22695922851564, 25.695166284933038], [-111.22695922851446, 25.695166284956738], [-111.22695922849077, 25.695166284957423], [-111.22186303141221, 25.69505993800964], [-111.22186303139014, 25.69505993800808], [-111.22186303140579, 25.695059937992497], [-111.22474908826793, 25.692459242172475], [-111.22474908828792, 25.692459242156275], [-111.22474908828917, 25.692459242156076], [-111.22474908831344, 25.692459242152236], [-111.2269592284911, 25.692227207053996], [-111.22695922851449, 25.6922272070527], [-111.22695922851564, 25.692227207076016], [-111.22695922851564, 25.692228441363945], [-111.22695922852049, 25.692228441462305], [-111.226959228535, 25.692228441559713], [-111.22695922855901, 25.69222844165522], [-111.22695922859229, 25.692228441747904], [-111.22695922863454, 25.692228441836864], [-111.22695922868533, 25.692228441921237], [-111.22695922874416, 25.692228442000207], [-111.2269592288105, 25.692228442073006], [-111.22695922888366, 25.692228442138926], [-111.22695922896295, 25.69222844219733], [-111.22695922904761, 25.692228442247654], [-111.2269592291368, 25.692228442289405], [-111.22695922922966, 25.69222844232218], [-111.2269592293253, 25.692228442345662], [-111.22695922942279, 25.692228442359625], [-111.22695922952117, 25.69222844236393], [-111.22695922961951, 25.692228442358537], [-111.23548865239366, 25.691337735048847], [-111.23548865248836, 25.69133773503434], [-111.23548865258122, 25.691337735010844], [-111.23548865267142, 25.691337734978568], [-111.23548865275812, 25.691337734937807], [-111.23548865284052, 25.69133773488894], [-111.23548865291787, 25.691337734832413], [-111.23548865298943, 25.69133773476874], [-111.2354886530546, 25.691337734698514], [-111.23548865311274, 25.691337734622373], [-111.23548865316332, 25.69133773454102], [-111.23548865320589, 25.691337734455196], [-111.23548865324005, 25.691337734365696], [-111.23548865326549, 25.691337734273336], [-111.23548865328198, 25.691337734178965], [-111.2366151963323, 25.68237496735407], [-111.23661519633978, 25.682374967254642], [-111.23661519633734, 25.682374967154956], [-111.23661519632496, 25.682374967056013], [-111.23661519630281, 25.682374966958793], [-111.23661519627107, 25.682374966864263], [-111.23661519623009, 25.682374966773363], [-111.23661519618025, 25.682374966686996], [-111.23661519612206, 25.682374966606023], [-111.23661519605609, 25.68237496653125], [-111.236615195983, 25.682374966463414], [-111.23661519590354, 25.682374966403195], [-111.23661519581846, 25.68237496635119], [-111.23661519572862, 25.68237496630792], [-111.23661519563493, 25.68237496627381], [-111.23661519553829, 25.682374966249196], [-111.2366151954397, 25.68237496623433], [-111.23661519534011, 25.68237496622936], [-111.23661518099422, 25.68237496622936], [-111.23661518097057, 25.682374966228178], [-111.23661518097236, 25.682374966204605], [-111.23662106895887, 25.68232824478765], [-111.23692631721194, 25.679899692310013], [-111.23692631721596, 25.67989969228702], [-111.23692631723902, 25.679899692285908], [-111.23692712224464, 25.679899692285908], [-111.23692712234084, 25.679899692281268], [-111.23692712243617, 25.679899692267394], [-111.23692712252972, 25.679899692244412], [-111.23692712262061, 25.679899692212537], [-111.23692712270802, 25.679899692172064], [-111.23692712279113, 25.67989969212337], [-111.23692712286918, 25.679899692066904], [-111.23692712294142, 25.679899692003193], [-111.23692712300719, 25.679899691932825], [-111.2369271230659, 25.679899691856455], [-111.23692712311698, 25.679899691774793], [-111.23692712315997, 25.679899691688593], [-111.23692712319448, 25.679899691598656], [-111.23692712322016, 25.67989969150582], [-111.2369271232368, 25.67989969141094], [-111.23754858970337, 25.674968329248237], [-111.2375485897075, 25.674968329224765], [-111.23754858973035, 25.6749683292175], [-111.24456524846448, 25.673111763207487], [-111.24456524851486, 25.6731117631969], [-111.25406026822364, 25.67162262166517], [-111.25406026831118, 25.671622621647398], [-111.2540602683968, 25.67162262162189], [-111.25406026847979, 25.67162262158884], [-111.2540602685595, 25.671622621548515], [-111.26066923109906, 25.667899686517906], [-111.26066923118304, 25.66789968646494], [-111.26066923126136, 25.6678996864039], [-111.26066923133324, 25.667899686335396], [-111.26066923139798, 25.667899686260103], [-111.26066923145493, 25.66789968617876], [-111.26066923150353, 25.66789968609217], [-111.26066923154329, 25.667899686001185], [-111.26645207404243, 25.652648943315047], [-111.26645207405176, 25.652648943293602], [-111.26645207407402, 25.652648943286707], [-111.26815795823424, 25.6522087698775], [-111.26815795833097, 25.65220876984723], [-111.26815795842415, 25.652208769807327], [-111.26815795851282, 25.652208769758193], [-111.26815795859603, 25.65220876970034], [-111.26815795867299, 25.652208769634356], [-111.26815795874286, 25.652208769560925], [-111.26815795880493, 25.652208769480797], [-111.26815795885858, 25.652208769394793], [-111.26815795890325, 25.652208769303805], [-111.26815795893847, 25.65220876920876], [-111.26815795896388, 25.652208769110636], [-111.26815795897924, 25.652208769010446], [-111.26815795898439, 25.652208768909215], [-111.26815795898439, 25.652204060414416], [-111.26815795898564, 25.652204060389874], [-111.26815795900906, 25.65220406038264], [-111.26933813061747, 25.651904247146266], [-111.269338130708, 25.65190424711865], [-111.2693381307955, 25.651904247082598], [-111.2693381308792, 25.651904247038438], [-111.26933813095836, 25.651904246986557], [-111.26933813103227, 25.65190424692743], [-111.26933813110024, 25.65190424686158], [-111.26933813116169, 25.651904246789595], [-111.27090454100036, 25.649882905308832], [-111.27090454101456, 25.649882905292284], [-111.27090454101564, 25.64988290531394], [-111.27090454101564, 25.64988328343955], [-111.27090454102057, 25.649883283538678], [-111.27090454103529, 25.649883283636825], [-111.27090454105968, 25.649883283733033], [-111.27090454109347, 25.649883283826348], [-111.27090454113636, 25.64988328391585], [-111.2709045411879, 25.649883284000666], [-111.2709045412476, 25.649883284079955], [-111.27090454131486, 25.64988328415293], [-111.27090454138903, 25.649883284218884], [-111.27090454146938, 25.64988328427716], [-111.2709045415551, 25.649883284327185], [-111.27090454164535, 25.649883284368464], [-111.27090454173926, 25.649883284400595], [-111.27090454183588, 25.64988328442326], [-111.27090454193427, 25.649883284436235], [-111.27090454203348, 25.64988328443939], [-111.2709045421325, 25.6498832844327], [-111.27090454223037, 25.649883284416227], [-111.27090454232612, 25.649883284390132], [-111.27090454241882, 25.649883284354672], [-111.27090454250755, 25.6498832843102], [-111.27090454259142, 25.64988328425715], [-111.27090454266964, 25.649883284196047], [-111.2709045427414, 25.649883284127494], [-111.27090454280602, 25.649883284052162], [-111.272224187836, 25.648180696203088], [-111.27222418785169, 25.648180696184752], [-111.27222418787325, 25.64818069617374], [-111.27552866933542, 25.64669124330738], [-111.27552866935649, 25.64669124329907], [-111.2755286693615, 25.646691243321115], [-111.27718091010665, 25.655995183247263], [-111.27718091010952, 25.655995183268853], [-111.27718091011049, 25.655995183290898], [-111.27718091011049, 25.657852015494427], [-111.2771809101161, 25.65785201560025], [-111.27718091013288, 25.657852015704883], [-111.27718091016065, 25.657852015807155], [-111.27718091019908, 25.657852015905913], [-111.27718091024774, 25.65785201600005], [-111.27718091030609, 25.657852016088512], [-111.27965927122399, 25.661207780475284], [-111.2796592712389, 25.661207780497953], [-111.27965927124855, 25.661207780523412], [-111.28048539140295, 25.66380915778372], [-111.28048539143582, 25.663809157872436], [-111.28048539147692, 25.663809157957647], [-111.2804853915259, 25.663809158038593], [-111.2804853915823, 25.663809158114546], [-111.28048539164563, 25.66380915818483], [-111.28048539171532, 25.663809158248817], [-111.28048539179073, 25.66380915830593], [-111.28048539187122, 25.66380915835566], [-111.28048539195603, 25.663809158397562], [-111.28048539204444, 25.66380915843126], [-111.28048539213563, 25.663809158456456], [-111.2804853922288, 25.66380915847292], [-111.2804853923231, 25.663809158480504], [-111.29163265194254, 25.66417663477299], [-111.29163265203623, 25.664176634771685], [-111.29163265212938, 25.664176634761617], [-111.2916326522212, 25.664176634742873], [-111.29163265231084, 25.66417663471562], [-111.29163265239755, 25.664176634680093], [-111.29163265248054, 25.664176634636608], [-111.29163265255912, 25.664176634585548], [-111.29576325414524, 25.661207780511962], [-111.29576325416602, 25.661207780498565], [-111.29576325419072, 25.661207780499318], [-111.30030155179594, 25.66157526483875], [-111.30030155181855, 25.661575264841627], [-111.30030155183861, 25.66157526485247], [-111.30773663497041, 25.666043010082646], [-111.3077366350497, 25.66604301012555], [-111.30773663513253, 25.666043010161136], [-111.30773663521822, 25.66604301018912], [-111.30773663530609, 25.666043010209272], [-111.30773663539541, 25.66604301022143], [-111.30773663548547, 25.666043010225494], [-111.31104111653973, 25.666043010225494], [-111.31104111662613, 25.666043010221752], [-111.31104111671188, 25.666043010210565], [-111.31104111679635, 25.666043010192006], [-111.3110411168789, 25.66604301016622], [-111.31210327082356, 25.665660065828376], [-111.31210327091763, 25.665660065788924], [-111.31210327100722, 25.66566006574009], [-111.31210327109135, 25.665660065682385], [-111.31210327116915, 25.665660065616407], [-111.31210327123985, 25.66566006554285], [-111.31210327130266, 25.66566006546247], [-111.31210327135697, 25.665660065376105], [-111.31210327140221, 25.66566006528466], [-111.31210327143788, 25.66566006518908], [-111.31210327146363, 25.66566006509036], [-111.31210327147919, 25.665660064989535], [-111.31210327148439, 25.66566006488765], [-111.31210327148439, 25.665656199087806], [-111.31210327148564, 25.66565619906331], [-111.31210327150833, 25.665656199053803], [-111.31516098974137, 25.664553780370472], [-111.31516098976155, 25.66455378036416], [-111.31516098978256, 25.664553780361334], [-111.31929159162101, 25.66417663478633], [-111.31929159164397, 25.664176634785314], [-111.31929159166282, 25.664176634798526], [-111.32507443367759, 25.668644282234823], [-111.32507443375977, 25.668644282291986], [-111.32507443384726, 25.668644282340647], [-111.32507443393918, 25.668644282380313], [-111.3250744340346, 25.66864428241059], [-111.32507443413257, 25.668644282431174], [-111.32507443423212, 25.66864428244186], [-111.32507443433222, 25.66864428244254], [-111.3250744344319, 25.668644282433206], [-111.32507443453014, 25.668644282413954], [-111.32507443462598, 25.668644282384975], [-111.32507443471842, 25.66864428234656], [-111.32507443480657, 25.668644282299095], [-111.32507443488952, 25.66864428224305], [-111.33003115643668, 25.66492125447304], [-111.33003115650284, 25.66492125441876], [-111.33003115656413, 25.664921254359026], [-111.33003115662008, 25.664921254294267], [-111.33209109304764, 25.662319900715655], [-111.33209109306367, 25.6623199006974], [-111.33209109308548, 25.66231990070847], [-111.33662939069588, 25.66492125438362], [-111.33662939071546, 25.66492125439612], [-111.33662939071657, 25.664921254419223], [-111.33662939071657, 25.670510588184552], [-111.3366293907156, 25.670510588206294]]]}}, {"type": "Feature", "id": 1, "properties": {"actividad": "Pesca, Turismo Alternativo y Conservación", "conflictos_potenciales": "Uso de suelo, afectación a la biodiversidad por el aprovechamiento de fauna o flora silvestre,  acceso a playa, afectación a ecosistemas frágiles, modificación de ecosistemas costeros", "fragilidad": "alta", "localidad_referencia": "Puerto Escondido", "nombre": "UGA-63", "poblacion": 0, "politica_ambiental": "Preservación", "presion": "alta", "superficie_total": 23.06, "vulnerabilidad": "alta"}, "geometry": {"type": "Polygon", "coordinates": [[[-111.30386352538918, 25.81326867015647], [-111.30386352538507, 25.813268670179315], [-111.30375623703557, 25.813732267185525], [-111.30375623702906, 25.81373226720847], [-111.30375623700631, 25.81373226721573], [-111.30197525026708, 25.814205520657968], [-111.30197525024408, 25.814205520662924], [-111.30197525022056, 25.814205520661197], [-111.299668550515, 25.81392543211604], [-111.29966855049176, 25.81392543211209], [-111.2996685504716, 25.81392543209972], [-111.29883170130091, 25.813355594756207], [-111.29883170127984, 25.81335559474014], [-111.2988317012673, 25.813355594716587], [-111.29830598838466, 25.81222557030591], [-111.29830598833075, 25.812225570205452], [-111.29830598826577, 25.812225570111785], [-111.29830598819055, 25.812225570026122], [-111.29746913910553, 25.811375630026195], [-111.29746913909293, 25.81137563001293], [-111.2959992885752, 25.80977231728258], [-111.29599928856051, 25.809772317264905], [-111.29599928857606, 25.809772317247905], [-111.29714727400105, 25.80863259983929], [-111.29714727401787, 25.808632599824044], [-111.2971472740396, 25.808632599817827], [-111.29914283750139, 25.80815932410986], [-111.29914283752456, 25.80815932410551], [-111.2991428375481, 25.808159324105606], [-111.30103111264712, 25.808255911138076], [-111.30103111267, 25.808255911140346], [-111.3010311126753, 25.808255911162636], [-111.30113840102692, 25.808825773018203], [-111.30113840102999, 25.808825773040606], [-111.3011384010089, 25.80882577303211], [-111.30071997784434, 25.808632600478283], [-111.30071997775144, 25.808632600440916], [-111.30071997765529, 25.80863260041303], [-111.30071997755682, 25.808632600394898], [-111.30071997745704, 25.808632600386705], [-111.30071997735692, 25.80863260038853], [-111.3007199772575, 25.808632600400358], [-111.30071997715976, 25.808632600422065], [-111.30071997706467, 25.808632600453443], [-111.30071997697321, 25.808632600494168], [-111.30071997688628, 25.808632600543834], [-111.30071997680474, 25.808632600601946], [-111.30071997672943, 25.80863260066792], [-111.3007199766611, 25.808632600741095], [-111.30071997660042, 25.808632600820737], [-111.30071997654801, 25.808632600906048], [-111.30071997650438, 25.80863260099617], [-111.30071997646999, 25.808632601090203], [-111.3007199764452, 25.808632601187202], [-111.3007199764302, 25.8086326012862], [-111.30071997642519, 25.808632601386197], [-111.30071997642519, 25.80985924439328], [-111.30071997642413, 25.809859244415932], [-111.30071997640945, 25.8098592444334], [-111.30019426360762, 25.81042909844563], [-111.30019426353857, 25.810429098529134], [-111.30019426347896, 25.810429098619622], [-111.30019426342949, 25.810429098716025], [-111.30019426339075, 25.810429098817217], [-111.29997968674463, 25.811095534753928], [-111.2999796867361, 25.81109553477661], [-111.29997968671536, 25.81109553478863], [-111.29925012599955, 25.811472214373314], [-111.2992501259254, 25.81147221441571], [-111.29925012585512, 25.811472214464274], [-111.29925012578926, 25.81147221451866], [-111.29883170160964, 25.8118488925918], [-111.29883170154345, 25.811848892657217], [-111.29883170148364, 25.811848892728502], [-111.29883170143069, 25.81184889280504], [-111.2988317013851, 25.811848892886164], [-111.29883170134724, 25.811848892971177], [-111.29883170131745, 25.81184889305934], [-111.29883170129598, 25.811848893149897], [-111.29883170128304, 25.81184889324205], [-111.2988317012787, 25.81184889333501], [-111.2988317012787, 25.8123221537571], [-111.29883170128491, 25.812322153868337], [-111.29883170130346, 25.812322153978194], [-111.29893898958666, 25.812795412725297], [-111.29893898961156, 25.81279541281538], [-111.29893898964475, 25.81279541290274], [-111.29893898968596, 25.81279541298662], [-111.29893898973482, 25.81279541306629], [-111.29893898979091, 25.81279541314105], [-111.2992501257177, 25.81317208700465], [-111.29925012578711, 25.81317208708038], [-111.2992501258639, 25.813172087148594], [-111.2992501259473, 25.81317208720857], [-111.29925012603641, 25.813172087259673], [-111.29925012613029, 25.813172087301368], [-111.29997968666, 25.813452177509866], [-111.29997968673803, 25.813452177536192], [-111.29997968681796, 25.81345217755601], [-111.30092382421113, 25.813645342879678], [-111.30092382431083, 25.813645342894883], [-111.30092382441157, 25.81364534289997], [-111.30177140220904, 25.81364534289997], [-111.30177140230813, 25.81364534289505], [-111.30177140240625, 25.81364534288033], [-111.30177140250242, 25.813645342855963], [-111.30271553990572, 25.813355594749233], [-111.30271553993256, 25.8133555947426], [-111.30271553995992, 25.813355594738994], [-111.30386352536608, 25.813268670157075], [-111.30386352538918, 25.81326867015647]]]}}, {"type": "Feature", "id": 2, "properties": {"actividad": "Pesca, Turismo Alternativo y Conservación", "conflictos_potenciales": "Uso de suelo, afectación a la biodiversidad por el aprovechamiento de fauna o flora silvestre,  acceso a playa, afectación a ecosistemas frágiles, modificación de ecosistemas costeros", "fragilidad": "alta", "localidad_referencia": "Puerto Escondido", "nombre": "UGA-61", "poblacion": 0, "politica_ambiental": "Preservación", "presion": "alta", "superficie_total": 63.68, "vulnerabilidad": "alta"}, "geometry": {"type": "MultiPolygon", "coordinates": [[[[-111.31484985351449, 25.83092270986877], [-111.31484985351564, 25.830922709892135], [-111.31484985351564, 25.831376580967497], [-111.31484985351454, 25.831376580990458], [-111.31484985349188, 25.83137658099461], [-111.31362676622986, 25.831540746710598], [-111.31362676620488, 25.83154074671268], [-111.31362676618001, 25.83154074670972], [-111.31221056004802, 25.831299326489574], [-111.3122105599472, 25.831299326477616], [-111.3122105598457, 25.83129932647594], [-111.31221055974456, 25.831299326484565], [-111.3122105596448, 25.831299326503398], [-111.31121277811808, 25.831540746707507], [-111.31121277809133, 25.831540746712445], [-111.3112127780641, 25.831540746711443], [-111.3106870651502, 25.831492462703913], [-111.31068706512491, 25.831492462700268], [-111.31068706510202, 25.83149246268916], [-111.3090562820657, 25.830594376492595], [-111.30905628204424, 25.830594376479304], [-111.3090562820259, 25.830594376461942], [-111.3077473640594, 25.829223091915868], [-111.30774736404494, 25.829223091899348], [-111.30774736403373, 25.829223091880767], [-111.30658864981848, 25.827098535247234], [-111.30658864976908, 25.82709853516609], [-111.30658864971221, 25.82709853509], [-111.30658864964838, 25.82709853501965], [-111.30602002144727, 25.826528761145997], [-111.30602002143044, 25.826528761128294], [-111.30517244340905, 25.82559200813964], [-111.30517244339126, 25.825592008117578], [-111.305172443376, 25.82559200809346], [-111.3047003746146, 25.824742163936023], [-111.30470037460442, 25.824742163915534], [-111.30470037461085, 25.82474216389363], [-111.30507588381096, 25.823650877912556], [-111.30507588384106, 25.823650877806326], [-111.30507588385927, 25.823650877697425], [-111.30507588386537, 25.82365087758718], [-111.30507588386537, 25.822327800710816], [-111.30507588386052, 25.82232780061257], [-111.30507588384606, 25.82232780051527], [-111.3050758838221, 25.822327800419867], [-111.30507588378889, 25.82232780032728], [-111.30464673043302, 25.821294437953554], [-111.30464673042435, 25.821294437929126], [-111.30464673042366, 25.821294437903052], [-111.30470037460258, 25.81921802793246], [-111.30470037460472, 25.819218027905574], [-111.30470037460971, 25.819218027879185], [-111.30496859549878, 25.818126690855305], [-111.30496859550581, 25.818126690831825], [-111.30496859552753, 25.818126690820623], [-111.3062238691634, 25.81755687374458], [-111.30622386924108, 25.817556873705144], [-111.30622386931505, 25.8175568736591], [-111.30622386938471, 25.817556873606797], [-111.30622386944957, 25.81755687354863], [-111.30732893913739, 25.816475179613224], [-111.30732893920492, 25.81647517954019], [-111.30732893926486, 25.816475179460813], [-111.30732893931663, 25.816475179375875], [-111.30732893935969, 25.81647517928621], [-111.30732893939364, 25.816475179192715], [-111.30732893941814, 25.816475179096308], [-111.30732893943294, 25.816475178997944], [-111.30732893943788, 25.8164751788986], [-111.30732893943788, 25.815152021927226], [-111.30732893943927, 25.81515202190104], [-111.30732893945132, 25.81515202187773], [-111.30785465239242, 25.81425381174775], [-111.30785465240564, 25.814253811727486], [-111.30785465242678, 25.814253811715798], [-111.30832672116972, 25.81402201445757], [-111.30832672119034, 25.814022014448657], [-111.30832672119142, 25.81402201447112], [-111.30832672119142, 25.8140703054972], [-111.30832672119519, 25.814070305583908], [-111.30832672120646, 25.81407030566996], [-111.3089060783342, 25.817373372621777], [-111.30890607833726, 25.817373372646728], [-111.30890607832293, 25.817373372667614], [-111.30800485612417, 25.818551637417087], [-111.30800485610905, 25.818551637435004], [-111.3080048560858, 25.818551637437494], [-111.30554795329883, 25.81869650521028], [-111.30554795320359, 25.81869650522049], [-111.30554795310977, 25.818696505239767], [-111.3055479530182, 25.818696505267933], [-111.30554795292977, 25.81869650530473], [-111.30554795284526, 25.818696505349816], [-111.30554795276545, 25.818696505402784], [-111.30554795269107, 25.818696505463144], [-111.30554795262282, 25.818696505530344], [-111.3055479525613, 25.818696505603764], [-111.30554795250708, 25.818696505682738], [-111.30554795246069, 25.818696505766532], [-111.3055479524225, 25.81869650585438], [-111.30522608772173, 25.81954639244435], [-111.30522608769078, 25.819546392540516], [-111.30522608766968, 25.81954639263931], [-111.30522608765865, 25.81954639273973], [-111.30522608765781, 25.81954639284075], [-111.30522608766718, 25.819546392941337], [-111.30522608768663, 25.81954639304047], [-111.305226087716, 25.81954639313713], [-111.30522608775496, 25.81954639323034], [-111.3063311576744, 25.82185457949301], [-111.30633115768325, 25.821854579513868], [-111.30633115767995, 25.821854579536023], [-111.30611658096788, 25.822945882207453], [-111.30611658096218, 25.822945882230442], [-111.30611658093879, 25.822945882234], [-111.30564451294724, 25.82299416965116], [-111.30564451284705, 25.822994169666575], [-111.30564451274894, 25.82299416969205], [-111.30564451265391, 25.822994169727327], [-111.30564451256295, 25.822994169772045], [-111.30564451247697, 25.82299416982574], [-111.30564451239687, 25.822994169887863], [-111.30564451232348, 25.822994169957777], [-111.30564451225753, 25.82299417003476], [-111.30564451219972, 25.822994170118026], [-111.30564451215064, 25.822994170206712], [-111.30564451211079, 25.822994170299914], [-111.30564451208058, 25.822994170396672], [-111.30564451206031, 25.822994170495992], [-111.30527973180115, 25.825398861910518], [-111.30527973179149, 25.82539886200304], [-111.30527973179048, 25.825398862096062], [-111.30527973179811, 25.825398862188774], [-111.30527973181431, 25.825398862280373], [-111.30527973183897, 25.825398862370072], [-111.30527973187185, 25.825398862457092], [-111.30527973191268, 25.82539886254068], [-111.30564451207803, 25.826065213998252], [-111.305644512131, 25.82606521408437], [-111.30564451219239, 25.826065214164696], [-111.30564451226158, 25.82606521423841], [-111.30564451233786, 25.826065214304766], [-111.30606293647972, 25.826393559890516], [-111.30606293656564, 25.826393559950926], [-111.30606293665741, 25.826393560001993], [-111.30606293675405, 25.82639356004315], [-111.30606293685446, 25.826393560073946], [-111.30606293695756, 25.82639356009404], [-111.30606293706218, 25.82639356010321], [-111.3060629371672, 25.826393560101355], [-111.30674958226724, 25.826345274017992], [-111.30674958229012, 25.82634527401746], [-111.30674958230404, 25.82634527403552], [-111.30727529499974, 25.827098534751805], [-111.30727529505712, 25.827098534826295], [-111.30727529512124, 25.82709853489507], [-111.30727529519154, 25.827098534957518], [-111.3072752952674, 25.827098535013086], [-111.30727529534813, 25.827098535061282], [-111.30727529543304, 25.827098535101683], [-111.30727529552138, 25.82709853513393], [-111.30727529561234, 25.827098535157738], [-111.30727529570514, 25.827098535172897], [-111.30769371983884, 25.82714682092315], [-111.3076937198631, 25.827146820927197], [-111.30769371987485, 25.827146820948784], [-111.30921721444473, 25.830314326404732], [-111.30921721449454, 25.830314326495838], [-111.30921721455351, 25.830314326581288], [-111.30921721462103, 25.830314326660165], [-111.30921721469637, 25.830314326731614], [-111.30921721477871, 25.830314326794866], [-111.30921721486716, 25.830314326849237], [-111.3106870648752, 25.831115846592812], [-111.31068706495809, 25.831115846633175], [-111.31068706504435, 25.831115846665732], [-111.31068706513325, 25.831115846690203], [-111.31068706522402, 25.831115846706385], [-111.31068706531589, 25.831115846714138], [-111.31068706540809, 25.831115846713395], [-111.31157755834572, 25.83106756255234], [-111.31157755845851, 25.831067562539776], [-111.31157755856916, 25.831067562514512], [-111.31157755867622, 25.83106756247687], [-111.31215691481181, 25.830826141674255], [-111.31215691490156, 25.830826141631505], [-111.31215691498662, 25.83082614158005], [-111.31215691506615, 25.830826141520408], [-111.31215691513937, 25.830826141453162], [-111.31215691520555, 25.830826141378978], [-111.31215691526404, 25.83082614129859], [-111.31215691531425, 25.830826141212793], [-111.3121569153557, 25.830826141122433], [-111.31215691538797, 25.830826141028403], [-111.31215691541075, 25.830826140931638], [-111.3121569154238, 25.830826140833086], [-111.31215691542701, 25.830826140733723], [-111.31215691542033, 25.830826140634535], [-111.31215691540385, 25.8308261405365], [-111.3121569153777, 25.83082614044059], [-111.31204962731185, 25.83049780768744], [-111.31204962730587, 25.830497807665488], [-111.3120496273279, 25.83049780767145], [-111.31409883435198, 25.831164130686886], [-111.31409883444717, 25.831164130712718], [-111.31409883454442, 25.831164130729054], [-111.31409883464282, 25.831164130735726], [-111.3140988347414, 25.831164130732677], [-111.31409883483919, 25.83116413071993], [-111.31409883493525, 25.831164130697612], [-111.31409883502866, 25.83116413066594], [-111.31409883511849, 25.831164130625222], [-111.31409883520386, 25.831164130575853], [-111.31409883528396, 25.831164130518317], [-111.31409883535801, 25.831164130453168], [-111.31409883542527, 25.831164130381044], [-111.3143026828611, 25.830922709885982], [-111.31430268287713, 25.830922709868755], [-111.31430268290073, 25.83092270986762], [-111.31484985349111, 25.83092270986762], [-111.31484985351449, 25.83092270986877]]], [[[-111.31484985351453, 25.824404156004128], [-111.31484985351564, 25.82440415602707], [-111.31484985351564, 25.825167086755123], [-111.31484985351449, 25.82516708677849], [-111.31484985349111, 25.825167086779636], [-111.31482839613435, 25.825167086779636], [-111.31482839604014, 25.825167086784084], [-111.31482839594679, 25.825167086797382], [-111.31482839585509, 25.82516708681942], [-111.31482839576589, 25.825167086849994], [-111.31482839567995, 25.825167086888836], [-111.31482839559806, 25.8251670869356], [-111.31446361606272, 25.825398861834444], [-111.31446361598081, 25.825398861892456], [-111.31446361590513, 25.82539886195839], [-111.31446361583644, 25.825398862031577], [-111.31446361577544, 25.825398862111278], [-111.31446361572272, 25.8253988621967], [-111.31446361567883, 25.82539886228697], [-111.31446361564423, 25.82539886238119], [-111.31446361561923, 25.825398862478398], [-111.31446361560411, 25.825398862577625], [-111.31446361559901, 25.82539886267787], [-111.31446361560398, 25.82539886277812], [-111.31446361561899, 25.825398862877364], [-111.31446361564386, 25.82539886297461], [-111.31484985350826, 25.82664464756972], [-111.31484985351439, 25.82664464759364], [-111.3148498535144, 25.826644647593774], [-111.31484985351564, 25.82664464761835], [-111.31484985351564, 25.827861448510053], [-111.31484985351453, 25.827861448532847], [-111.31484985349171, 25.827861448530005], [-111.31451725962192, 25.827803505920063], [-111.31451725959867, 25.82780350591483], [-111.31451725959002, 25.82780350589263], [-111.31341218949133, 25.824500729813717], [-111.31341218948512, 25.824500729791747], [-111.3134121895076, 25.824500729789147], [-111.31484985349157, 25.82440415600456], [-111.31484985351453, 25.824404156004128]]]]}}, {"type": "Feature", "id": 1, "properties": {"actividad": "Conservación y Turismo Alternativo", "conflictos_potenciales": "Modificación de los ecosistemas costeros, posible afectación de ecosistemas frágiles (Manglar) y  áreas de alta biodiversidad", "fragilidad": "alta", "localidad_referencia": "Ligüi", "nombre": "UGA-71", "poblacion": 0, "politica_ambiental": "Preservación", "presion": "alta", "superficie_total": "61.20", "vulnerabilidad": "alta"}, "geometry": {"type": "Polygon", "coordinates": [[[-111.293950081, 25.761459937], [-111.294057369, 25.762107323], [-111.294196844, 25.763479384], [-111.294132471, 25.764020474], [-111.293821335, 25.764242707], [-111.293263435, 25.765170283], [-111.292630434, 25.765566433], [-111.29128933, 25.764841767], [-111.290699244, 25.764484264], [-111.290001869, 25.763933514], [-111.289722919, 25.763228163], [-111.289701462, 25.762928629], [-111.289551258, 25.76260977], [-111.289486885, 25.762261922], [-111.289272308, 25.761943061], [-111.289057732, 25.761836774], [-111.288821697, 25.761672512], [-111.288533913, 25.761556562], [-111.288533912, 25.761556562], [-111.288532019, 25.761556562], [-111.28759861, 25.761179723], [-111.287351847, 25.760947822], [-111.287072897, 25.760783559], [-111.286933422, 25.760619295], [-111.286622286, 25.760368068], [-111.286600828, 25.760213466], [-111.286354065, 25.75993325], [-111.286139488, 25.759739997], [-111.286085844, 25.759440455], [-111.286085844, 25.759440454], [-111.286633015, 25.759140911], [-111.288027763, 25.758880018], [-111.289336681, 25.758773728], [-111.290683563, 25.759082935], [-111.290688515, 25.759082935], [-111.290978193, 25.759150574], [-111.291493177, 25.759450117], [-111.292093992, 25.759923587], [-111.292490959, 25.76037773], [-111.292995214, 25.760503344], [-111.293359995, 25.761102423], [-111.293950081, 25.761459937]]]}}, {"type": "Feature", "id": 1, "properties": {"actividad": "Pesca, Turismo Alternativo y Conservación", "conflictos_potenciales": "Acceso a playa, afectación a la biodiversidad por el aprovechamiento de fauna o flora silvestre,  afectación a ecosistemas frágiles, modificación de ecosistemas costeros", "fragilidad": "alta", "localidad_referencia": "Puerto Agua Verde, Agua Verde,  Palo Blanco ", "nombre": "UGA-77b", "poblacion": 221, "politica_ambiental": "Preservación", "presion": "alta", "superficie_total": 9581.15, "vulnerabilidad": "alta"}, "geometry": {"type": "MultiPolygon", "coordinates": [[[[-110.962600708, 25.235117554], [-110.962600708, 25.237728154], [-110.960540772, 25.237941658], [-110.960540771, 25.237941658], [-110.960540771, 25.237938181], [-110.960540771, 25.23793818], [-110.96054077, 25.23793818], [-110.958888531, 25.238106638], [-110.95558405, 25.238475416], [-110.955584049, 25.238475416], [-110.955584049, 25.238475417], [-110.955584049, 25.241095649], [-110.956002474, 25.243337359], [-110.956002474, 25.244453346], [-110.956002474, 25.244453347], [-110.956002475, 25.244453347], [-110.963845252, 25.244453347], [-110.963845253, 25.244453347], [-110.963845253, 25.244453346], [-110.964210033, 25.243453811], [-110.964213607, 25.243453811], [-110.964213608, 25.243453811], [-110.964213608, 25.24345381], [-110.964671373, 25.242211657], [-110.966323614, 25.241464418], [-110.969209671, 25.24184289], [-110.969209671, 25.241842891], [-110.969617367, 25.244084587], [-110.968383551, 25.246694995], [-110.965497494, 25.248936602], [-110.963426828, 25.251178167], [-110.963017598, 25.251350158], [-110.95723629, 25.253788423], [-110.953105688, 25.256777048], [-110.948148966, 25.256029899], [-110.946496725, 25.253419691], [-110.944436789, 25.249305347], [-110.940477848, 25.243453811], [-110.940482486, 25.243453811], [-110.940482486, 25.24345381], [-110.940482487, 25.24345381], [-110.940482487, 25.243453809], [-110.939898491, 25.242590127], [-110.939898491, 25.241842891], [-110.939898491, 25.24184289], [-110.941958427, 25.239969927], [-110.941958427, 25.239969926], [-110.941958427, 25.236990593], [-110.941958427, 25.236990592], [-110.939072371, 25.232506897], [-110.93824625, 25.228770358], [-110.93824625, 25.228770357], [-110.937827826, 25.223170186], [-110.937827825, 25.223170186], [-110.934941769, 25.217938597], [-110.933707953, 25.212706784], [-110.935360193, 25.211590505], [-110.944436789, 25.2082319], [-110.951453447, 25.210843077], [-110.951453448, 25.210843077], [-110.954757929, 25.210095646], [-110.958470106, 25.208979343], [-110.962193012, 25.208979343], [-110.961366892, 25.210464509], [-110.961366892, 25.211590505], [-110.957643986, 25.211590505], [-110.954350234, 25.212706783], [-110.954350233, 25.212706783], [-110.954350233, 25.212706784], [-110.953931808, 25.216443816], [-110.953105688, 25.222791655], [-110.953105688, 25.222791656], [-110.953105689, 25.222791656], [-110.954757929, 25.223170186], [-110.960122346, 25.223539009], [-110.960122347, 25.223539009], [-110.960122347, 25.223539008], [-110.960122347, 25.222044297], [-110.960540771, 25.22159123], [-110.960540771, 25.221588115], [-110.960540772, 25.221588115], [-110.962193012, 25.219802195], [-110.964252949, 25.218685981], [-110.966731309, 25.217938598], [-110.966731309, 25.217938597], [-110.96673131, 25.217938597], [-110.967139006, 25.214949017], [-110.967139006, 25.210464509], [-110.969617367, 25.209726782], [-110.970443487, 25.211590505], [-110.970443487, 25.220180734], [-110.970035792, 25.225033701], [-110.970035792, 25.225033702], [-110.970035793, 25.225033702], [-110.972921848, 25.223170186], [-110.97705245, 25.221296934], [-110.979530811, 25.21943336], [-110.981590748, 25.214580168], [-110.982835293, 25.214949017], [-110.984895229, 25.220549567], [-110.981590748, 25.220928104], [-110.979530811, 25.22242283], [-110.978704691, 25.223917538], [-110.97705245, 25.225412227], [-110.974574089, 25.226159564], [-110.974574089, 25.226159565], [-110.972921848, 25.228770357], [-110.969617367, 25.229886479], [-110.967965127, 25.229886479], [-110.967965126, 25.229886479], [-110.96755743, 25.231381094], [-110.964252949, 25.230633789], [-110.963287354, 25.230749915], [-110.963287354, 25.230749916], [-110.963287354, 25.230750252], [-110.963287353, 25.230750252], [-110.95806241, 25.231381094], [-110.958888531, 25.229517675], [-110.958888531, 25.229517674], [-110.957643986, 25.226906898], [-110.957643985, 25.226906898], [-110.944436789, 25.227654226], [-110.944436788, 25.227654226], [-110.943202973, 25.228770357], [-110.943202972, 25.228770357], [-110.943202972, 25.228770358], [-110.941550732, 25.23325419], [-110.941550732, 25.233254191], [-110.943202972, 25.235496045], [-110.943202973, 25.235496046], [-110.95723629, 25.235496046], [-110.962600708, 25.235117554]]], [[[-111.00471139, 25.397828115], [-111.00471139, 25.397828116], [-111.00471139, 25.39932066], [-111.00471139, 25.399320661], [-111.00553751, 25.403051942], [-111.00636363, 25.405658924], [-111.00636363, 25.405658925], [-111.006363631, 25.405658925], [-111.007232666, 25.405503865], [-111.007232666, 25.416735552], [-111.006771326, 25.416473911], [-111.005129814, 25.415727747], [-111.003885269, 25.411996857], [-111.003885269, 25.409012062], [-111.002233028, 25.406027193], [-111.002233028, 25.401927724], [-111.000999212, 25.398196408], [-111.000999212, 25.398196407], [-110.998928547, 25.395220963], [-111.000999212, 25.391857751], [-111.002233028, 25.394096672], [-111.002233029, 25.394096672], [-111.004486083, 25.39358783], [-111.004486084, 25.39358783], [-111.004486084, 25.393587829], [-111.004486084, 25.393582984], [-111.00553751, 25.39335037], [-111.00636363, 25.394096672], [-111.006771326, 25.39484297], [-111.003059151, 25.395220963], [-111.00305915, 25.395220963], [-111.00305915, 25.395220964], [-111.00305915, 25.395220965], [-111.003059151, 25.395220965], [-111.003477573, 25.395589263], [-111.00471139, 25.397828115]]], [[[-111.009711027, 25.404825472], [-111.012554169, 25.403798185], [-111.01503253, 25.402305695], [-111.015654802, 25.404825472], [-111.009711027, 25.404825472]]], [[[-111.093889475, 25.50108993], [-111.093674898, 25.499220982], [-111.093674898, 25.499220981], [-111.093674897, 25.499220981], [-111.092376709, 25.499366237], [-111.092376709, 25.499362272], [-111.092376709, 25.499362271], [-111.092376708, 25.499362271], [-111.088514329, 25.499782637], [-111.088514328, 25.499782637], [-111.088514328, 25.499782638], [-111.087902784, 25.501641894], [-111.086250544, 25.503326822], [-111.085209847, 25.504624392], [-111.085209847, 25.504624393], [-111.085209847, 25.504624394], [-111.087076664, 25.506677239], [-111.08665824, 25.507984456], [-111.08665824, 25.507984457], [-111.088932753, 25.508536389], [-111.090992689, 25.509465954], [-111.079233886, 25.510211537], [-111.079233885, 25.510211537], [-111.079233885, 25.510211538], [-111.079233885, 25.510957115], [-111.07716322, 25.511702689], [-111.077163219, 25.511702689], [-111.077163219, 25.51170269], [-111.076959372, 25.513009852], [-111.076959372, 25.513009853], [-111.07798934, 25.515992068], [-111.07798934, 25.515992069], [-111.081916094, 25.516553647], [-111.083772182, 25.517667112], [-111.083772183, 25.517667112], [-111.090992689, 25.517483149], [-111.094919443, 25.516921576], [-111.097397804, 25.518780568], [-111.098223924, 25.521017127], [-111.098223925, 25.521017127], [-111.098223926, 25.521017127], [-111.098835468, 25.519342133], [-111.098835468, 25.519342132], [-111.098835468, 25.51710554], [-111.098835468, 25.517105539], [-111.097397804, 25.51450097], [-111.097601652, 25.510589168], [-111.103169918, 25.513571444], [-111.10461831, 25.514684937], [-111.104618311, 25.514684937], [-111.106270551, 25.513939383], [-111.106270551, 25.513939382], [-111.106270552, 25.513939382], [-111.107096672, 25.511702689], [-111.108748913, 25.509465954], [-111.110401154, 25.510957115], [-111.111838817, 25.512080315], [-111.111838818, 25.512080315], [-111.116591692, 25.513377792], [-111.118243933, 25.513939382], [-111.119896173, 25.514868905], [-111.121752262, 25.517667111], [-111.121752262, 25.517667112], [-111.121752263, 25.517667112], [-111.123404503, 25.516359999], [-111.124842167, 25.51450097], [-111.124842167, 25.514500969], [-111.124016047, 25.511896344], [-111.126912832, 25.511150771], [-111.131043434, 25.514868905], [-111.132695675, 25.518780567], [-111.132695675, 25.518780568], [-111.132695676, 25.518780568], [-111.137950571, 25.51854106], [-111.140742302, 25.518412644], [-111.143628359, 25.515992069], [-111.150033474, 25.511150771], [-111.150859594, 25.513193822], [-111.150859594, 25.513193823], [-111.150859595, 25.513193823], [-111.153949499, 25.515992069], [-111.15560174, 25.518228682], [-111.15437547, 25.521375361], [-111.15437547, 25.521375362], [-111.154375471, 25.521375362], [-111.154378653, 25.521375362], [-111.154367924, 25.521394726], [-111.154367924, 25.521394727], [-111.15642786, 25.523815193], [-111.156309843, 25.52385392], [-111.156305831, 25.52385392], [-111.152919534, 25.52492859], [-111.152919534, 25.524928591], [-111.152919534, 25.524928592], [-111.156020164, 25.525674078], [-111.156020165, 25.525674078], [-111.157672405, 25.52865598], [-111.15560174, 25.529217498], [-111.152297258, 25.528288087], [-111.150033474, 25.527165038], [-111.149207354, 25.526235611], [-111.149207353, 25.526235611], [-111.145484448, 25.526797141], [-111.145484447, 25.526797141], [-111.143424511, 25.529401444], [-111.140742303, 25.530146903], [-111.140742302, 25.530146903], [-111.140742302, 25.533128693], [-111.142802238, 25.535364987], [-111.142802239, 25.535364987], [-111.14693284, 25.53703976], [-111.15044117, 25.539275982], [-111.15044117, 25.541134627], [-111.151685714, 25.543932221], [-111.151685715, 25.543932221], [-111.151685716, 25.543932221], [-111.153745651, 25.543186848], [-111.154979467, 25.542063939], [-111.154979467, 25.539643841], [-111.15642786, 25.537785172], [-111.158080101, 25.536110409], [-111.15993619, 25.536855827], [-111.16076231, 25.540389236], [-111.16076231, 25.542809319], [-111.16076231, 25.54280932], [-111.162006855, 25.545790795], [-111.162006856, 25.545790795], [-111.163036823, 25.545790795], [-111.164066792, 25.549333621], [-111.166126728, 25.558267659], [-111.166749001, 25.563107055], [-111.166008711, 25.563503877], [-111.166003703, 25.563503877], [-111.163240671, 25.56497501], [-111.160354614, 25.565720248], [-111.158702374, 25.56721071], [-111.158702373, 25.56721071], [-111.150859594, 25.56721071], [-111.149207354, 25.567017144], [-111.148166657, 25.566088026], [-111.148166656, 25.566088026], [-111.146525145, 25.565536358], [-111.145484447, 25.563852305], [-111.145484447, 25.56348452], [-111.145699024, 25.561994012], [-111.146310568, 25.559196839], [-111.146310568, 25.559196838], [-111.145699026, 25.556031803], [-111.145699026, 25.556031802], [-111.145699025, 25.556031802], [-111.145699024, 25.556031802], [-111.145699024, 25.556031803], [-111.145699024, 25.556970668], [-111.144658327, 25.553795884], [-111.143628359, 25.551753524], [-111.142802238, 25.549885363], [-111.14094615, 25.547097588], [-111.14094615, 25.547097587], [-111.140946149, 25.547097587], [-111.139712334, 25.546913669], [-111.139293909, 25.544116145], [-111.139293909, 25.544116144], [-111.139068605, 25.543831336], [-111.139068604, 25.543831336], [-111.139068604, 25.543831337], [-111.139068604, 25.54383542], [-111.137233973, 25.541512161], [-111.137233972, 25.541512161], [-111.136322022, 25.541018463], [-111.136322021, 25.541018463], [-111.136322021, 25.541016752], [-111.134133339, 25.53982777], [-111.130421162, 25.538530579], [-111.128768921, 25.538346648], [-111.12629056, 25.53517137], [-111.124842167, 25.53200569], [-111.123200655, 25.529962959], [-111.120507717, 25.526051661], [-111.117213965, 25.5241831], [-111.117213964, 25.5241831], [-111.113083363, 25.523815193], [-111.101517678, 25.523815193], [-111.101517677, 25.523815193], [-111.101517677, 25.523815194], [-111.101313829, 25.525122225], [-111.099661589, 25.527348987], [-111.098223925, 25.525674078], [-111.097397804, 25.525122225], [-111.092848778, 25.5241831], [-111.087280512, 25.5241831], [-111.085005999, 25.524376734], [-111.084716321, 25.523853921], [-111.084716321, 25.52385392], [-111.08471632, 25.52385392], [-111.084179879, 25.52288574], [-111.084179878, 25.52288574], [-111.084179877, 25.52288574], [-111.082119942, 25.523999146], [-111.081293821, 25.524560687], [-111.080060005, 25.524560687], [-111.07798934, 25.524744639], [-111.076337099, 25.524928591], [-111.075307131, 25.524744639], [-111.073654891, 25.524560687], [-111.07365489, 25.524560687], [-111.072624922, 25.52660351], [-111.072624922, 25.52865598], [-111.069942713, 25.53051479], [-111.069116592, 25.529217498], [-111.070972681, 25.52660351], [-111.072624922, 25.524928591], [-111.074888706, 25.523815193], [-111.075714826, 25.523069695], [-111.075714826, 25.523069694], [-111.075339317, 25.521375362], [-111.075343228, 25.521375362], [-111.075343229, 25.521375362], [-111.075343229, 25.521375361], [-111.075307131, 25.521210769], [-111.074277163, 25.518412644], [-111.074277162, 25.518412644], [-111.072002649, 25.515062555], [-111.069524288, 25.513939382], [-111.067872048, 25.513377792], [-111.067872047, 25.513377792], [-111.065393686, 25.513193823], [-111.062507629, 25.512825882], [-111.061059237, 25.511334745], [-111.061059237, 25.511334744], [-111.061059236, 25.511334744], [-111.061059236, 25.511334745], [-111.059203148, 25.512632229], [-111.058795452, 25.515614455], [-111.057765484, 25.516737611], [-111.057765484, 25.516737612], [-111.057969332, 25.518228682], [-111.055898666, 25.519903695], [-111.053634882, 25.519342132], [-111.051982641, 25.518228682], [-111.05117798, 25.517502508], [-111.051177979, 25.517502508], [-111.051177979, 25.517502509], [-111.051177979, 25.517502514], [-111.051177978, 25.517502514], [-111.048678161, 25.515246522], [-111.04867816, 25.515246522], [-111.048678159, 25.515246522], [-111.046618223, 25.515992069], [-111.045995951, 25.515614455], [-111.043936014, 25.514868905], [-111.042283774, 25.51450097], [-111.042283773, 25.51450097], [-111.038153172, 25.515062555], [-111.038153171, 25.515062555], [-111.037123203, 25.516359999], [-111.036297083, 25.517483149], [-111.034644842, 25.515808103], [-111.032574177, 25.515246522], [-111.032574176, 25.515246522], [-111.031136513, 25.515992069], [-111.030106545, 25.515992069], [-111.030106544, 25.515992069], [-111.029484272, 25.515246522], [-111.026383639, 25.514123351], [-111.026383638, 25.514123351], [-111.024323702, 25.514123351], [-111.023905278, 25.513571445], [-111.023905277, 25.513571445], [-111.023905277, 25.513571444], [-111.022467613, 25.513571444], [-111.020600796, 25.513755414], [-111.019989252, 25.513939382], [-111.019989252, 25.513939383], [-111.019163132, 25.514868905], [-111.017510891, 25.51450097], [-111.016888618, 25.512448258], [-111.016684771, 25.509281978], [-111.016277075, 25.506677239], [-111.016062498, 25.505747653], [-111.017714739, 25.505747653], [-111.017714739, 25.505747652], [-111.0201931, 25.504256427], [-111.0201931, 25.504256426], [-111.021845341, 25.501641895], [-111.021845341, 25.501641894], [-111.022671461, 25.499036989], [-111.024323701, 25.497545681], [-111.024323701, 25.49754568], [-111.024323701, 25.497545679], [-111.022049189, 25.494756688], [-111.02101922, 25.492141949], [-111.021223068, 25.491212251], [-111.021223068, 25.49121225], [-111.019989252, 25.48729969], [-111.0201931, 25.485062501], [-111.021641493, 25.483571018], [-111.025149822, 25.483387002], [-111.025975943, 25.485624223], [-111.026802063, 25.486737976], [-111.027832031, 25.488413427], [-111.027832032, 25.488413427], [-111.03051424, 25.489536838], [-111.032166481, 25.491212251], [-111.031748056, 25.49288764], [-111.028454304, 25.493633326], [-111.028239727, 25.494940685], [-111.028239727, 25.494940686], [-111.028239728, 25.494940686], [-111.03134036, 25.495492678], [-111.031340361, 25.495492678], [-111.031340361, 25.495492677], [-111.032166481, 25.493265325], [-111.034022569, 25.493071641], [-111.03402257, 25.493071641], [-111.03402257, 25.49307164], [-111.03567481, 25.491580257], [-111.036500931, 25.492325951], [-111.036500931, 25.494756688], [-111.036908627, 25.497177692], [-111.035470963, 25.499598646], [-111.035470962, 25.499598647], [-111.031748057, 25.500150617], [-111.031748057, 25.500150618], [-111.031748056, 25.500150618], [-111.032166481, 25.505186023], [-111.032166481, 25.505186024], [-111.032166482, 25.505186024], [-111.03650093, 25.50444041], [-111.036500931, 25.50444041], [-111.036500931, 25.504440409], [-111.036093235, 25.502019553], [-111.038357019, 25.502581196], [-111.038357019, 25.503694791], [-111.03835702, 25.503694791], [-111.041457653, 25.506677239], [-111.043313742, 25.508168435], [-111.043313742, 25.511518716], [-111.043313742, 25.511518717], [-111.043313743, 25.511518717], [-111.044762134, 25.511702689], [-111.044762135, 25.511702689], [-111.047444344, 25.511702689], [-111.04950428, 25.512448258], [-111.051360369, 25.513939382], [-111.053431034, 25.515062555], [-111.056520938, 25.515062555], [-111.056520939, 25.515062555], [-111.056520939, 25.515062554], [-111.057143211, 25.514123352], [-111.057143211, 25.514123351], [-111.05714321, 25.514123351], [-111.05714321, 25.51412335], [-111.05466485, 25.512825882], [-111.05466485, 25.510405194], [-111.055490971, 25.508720366], [-111.057550907, 25.507984457], [-111.057550907, 25.507984456], [-111.057969332, 25.506115615], [-111.057969331, 25.506115615], [-111.057969331, 25.506115614], [-111.056317091, 25.505186024], [-111.056724787, 25.503133153], [-111.0589993, 25.501273919], [-111.061059236, 25.50108993], [-111.061059237, 25.50108993], [-111.061059237, 25.496800019], [-111.061059236, 25.496800019], [-111.061059236, 25.496800018], [-111.060029268, 25.496432028], [-111.059417725, 25.494756688], [-111.058999301, 25.493071645], [-111.058999301, 25.493071644], [-111.0589993, 25.493071644], [-111.058999299, 25.493071644], [-111.058999299, 25.493071645], [-111.058591604, 25.494756688], [-111.054257154, 25.494940686], [-111.054461002, 25.492325951], [-111.054257154, 25.49009854], [-111.05383873, 25.487861403], [-111.053838729, 25.487861403], [-111.049300432, 25.489536838], [-111.049300432, 25.486921986], [-111.050534248, 25.485992247], [-111.053431033, 25.485808235], [-111.053431034, 25.485808235], [-111.053431034, 25.485808234], [-111.053431034, 25.483948733], [-111.057969332, 25.483755033], [-111.057969332, 25.485808235], [-111.059203148, 25.486737976], [-111.05982542, 25.490098539], [-111.059825421, 25.490098539], [-111.059825421, 25.49009854], [-111.06415987, 25.49046655], [-111.065189838, 25.494195008], [-111.065189839, 25.494195008], [-111.067464352, 25.494563006], [-111.070554256, 25.496238348], [-111.071594954, 25.498475329], [-111.071594954, 25.49847533], [-111.071380377, 25.500896258], [-111.071380377, 25.500896259], [-111.072624922, 25.502949168], [-111.073858738, 25.504624393], [-111.07448101, 25.506677238], [-111.07448101, 25.506677239], [-111.074481011, 25.506677239], [-111.076337098, 25.507984456], [-111.076337099, 25.507984456], [-111.0763371, 25.507984456], [-111.076755524, 25.507045198], [-111.076959372, 25.504808376], [-111.078611612, 25.503694791], [-111.078611612, 25.50369479], [-111.078611612, 25.501457907], [-111.079845428, 25.499220981], [-111.082119941, 25.498659322], [-111.082119942, 25.498659322], [-111.082119942, 25.498659321], [-111.082742214, 25.49754568], [-111.084383726, 25.494756688], [-111.086454391, 25.494011009], [-111.086454392, 25.494011009], [-111.086454392, 25.494011008], [-111.086862087, 25.492325951], [-111.089758873, 25.492325951], [-111.090370417, 25.493633326], [-111.091411113, 25.494563005], [-111.091411114, 25.494563005], [-111.091411114, 25.494563006], [-111.093063354, 25.494563006], [-111.093063355, 25.494563006], [-111.095327139, 25.493817325], [-111.096775531, 25.49288764], [-111.096775532, 25.49288764], [-111.096775532, 25.492887639], [-111.096775532, 25.491396254], [-111.099050045, 25.491580257], [-111.102343798, 25.491773944], [-111.104618311, 25.49288764], [-111.106270552, 25.494379007], [-111.109982729, 25.495870356], [-111.109982729, 25.497177692], [-111.107922792, 25.498291337], [-111.107718945, 25.497177692], [-111.107718944, 25.497177692], [-111.103792191, 25.496616023], [-111.100906134, 25.495686359], [-111.100906133, 25.495686359], [-111.099253893, 25.495870356], [-111.098427773, 25.497177692], [-111.097183228, 25.499598646], [-111.097183228, 25.499598647], [-111.09697938, 25.501273919], [-111.095123292, 25.501163398], [-111.095123291, 25.501163398], [-111.095123291, 25.501163399], [-111.095123291, 25.501167399], [-111.093889475, 25.50108993]]], [[[-111.018455029, 25.404825472], [-111.020396948, 25.403420219], [-111.020396948, 25.403420218], [-111.022467613, 25.40118147], [-111.027832031, 25.399320661], [-111.027413607, 25.400813187], [-111.027005911, 25.404166458], [-111.027005911, 25.404166459], [-111.027188301, 25.404825472], [-111.018455029, 25.404825472]]]]}}, {"type": "Feature", "id": 2, "properties": {"actividad": "Pesca, Turismo Alternativo y Conservación", "conflictos_potenciales": "Afectación a la biodiversidad por el aprovechamiento de fauna o flora silvestre ", "fragilidad": "baja", "localidad_referencia": "Santa Martha", "nombre": "UGA-85", "poblacion": 0, "politica_ambiental": "Preservación", "presion": "media", "superficie_total": 11360.75, "vulnerabilidad": "media"}, "geometry": {"type": "MultiPolygon", "coordinates": [[[[-110.963212252, 25.24494826], [-110.962525606, 25.244123404], [-110.962482691, 25.243550854], [-110.96248269, 25.243550854], [-110.960605145, 25.243948728], [-110.960605144, 25.243948728], [-110.960540772, 25.243948728], [-110.960540771, 25.243948728], [-110.960540771, 25.243946376], [-110.960540771, 25.243946375], [-110.95741868, 25.243832277], [-110.957300663, 25.242114614], [-110.957300663, 25.242114613], [-110.956506729, 25.239843767], [-110.958749055, 25.240008745], [-110.958749056, 25.240008744], [-110.959575176, 25.238223094], [-110.962697267, 25.237466126], [-110.962697268, 25.237466126], [-110.964521169, 25.236204503], [-110.964521169, 25.236204502], [-110.964521169, 25.236204501], [-110.962482691, 25.234302336], [-110.96203208, 25.232303089], [-110.96424222, 25.232176921], [-110.96681714, 25.232603948], [-110.966817141, 25.232603948], [-110.968694686, 25.232215742], [-110.968694687, 25.232215742], [-110.968694687, 25.232215741], [-110.969166756, 25.229876773], [-110.970314741, 25.228071563], [-110.973801613, 25.227877453], [-110.976001024, 25.227460115], [-110.977760553, 25.225334581], [-110.978940725, 25.224111654], [-110.979434252, 25.222063709], [-110.981934071, 25.221345465], [-110.982964039, 25.222442242], [-110.985850096, 25.222849891], [-110.988382099, 25.222704303], [-110.988382099, 25.222704302], [-110.9883821, 25.222704302], [-110.9883821, 25.222704301], [-110.986998081, 25.221054283], [-110.985292196, 25.219413948], [-110.982438326, 25.214949017], [-110.982298852, 25.212939752], [-110.982298851, 25.212939752], [-110.982298851, 25.212939751], [-110.98229885, 25.212939751], [-110.98229885, 25.212939752], [-110.982062817, 25.214104544], [-110.981633663, 25.217026201], [-110.979788303, 25.217996835], [-110.979155302, 25.218025954], [-110.977084637, 25.220171028], [-110.976151228, 25.220510742], [-110.976151228, 25.220510743], [-110.975636244, 25.222277241], [-110.973801613, 25.223247833], [-110.972181559, 25.222762538], [-110.970894098, 25.217919185], [-110.970658064, 25.214463689], [-110.970808268, 25.212143792], [-110.971720218, 25.21151285], [-110.971720219, 25.21151285], [-110.971602201, 25.209785023], [-110.999239683, 25.214279263], [-110.99927187, 25.214861657], [-110.99927187, 25.214861658], [-111.00055933, 25.215075202], [-111.002565622, 25.216404991], [-111.00323081, 25.21694855], [-110.999711753, 25.21657], [-110.999711752, 25.21657], [-110.999711752, 25.216570001], [-110.999851227, 25.218579211], [-110.999851227, 25.218579212], [-111.000505686, 25.218831575], [-111.003091335, 25.219549834], [-111.001932621, 25.221063989], [-111.000087262, 25.222034591], [-111.000087261, 25.222034591], [-111.000087261, 25.222034592], [-111.000151634, 25.222898421], [-111.000548601, 25.224034007], [-111.000548601, 25.224034008], [-111.001600027, 25.225421932], [-111.000055075, 25.226091625], [-111.000055075, 25.226091626], [-111.000151634, 25.227528054], [-111.000591516, 25.229236218], [-111.001042128, 25.231235516], [-110.997565985, 25.231429621], [-110.996235611, 25.230643495], [-110.99623561, 25.230643495], [-110.996235609, 25.230643495], [-110.996235609, 25.230643496], [-110.996278524, 25.231216105], [-110.997008085, 25.232623358], [-110.997008085, 25.232623359], [-110.999110937, 25.235389292], [-110.99761963, 25.236922658], [-110.997619629, 25.236922658], [-110.997619629, 25.236922659], [-110.99761963, 25.236922659], [-110.99761963, 25.23692266], [-110.998628139, 25.237728154], [-110.998735428, 25.23917415], [-110.998735428, 25.239174151], [-110.998456478, 25.239766131], [-110.996911526, 25.240426039], [-110.996911526, 25.24042604], [-110.995109081, 25.241978752], [-110.992534161, 25.241551758], [-110.991429091, 25.23930031], [-110.99142909, 25.23930031], [-110.991235971, 25.236418008], [-110.991729497, 25.234370275], [-110.991729497, 25.234370274], [-110.991729496, 25.234370274], [-110.991729495, 25.234370274], [-110.990259647, 25.236185092], [-110.989712477, 25.237369079], [-110.988800526, 25.237999886], [-110.987824202, 25.237766973], [-110.987824201, 25.237766973], [-110.986880064, 25.237825201], [-110.986880064, 25.237825202], [-110.985689163, 25.23904799], [-110.982191563, 25.238960649], [-110.982009172, 25.236369484], [-110.982170105, 25.234040301], [-110.982170105, 25.2340403], [-110.981590748, 25.230323221], [-110.981590748, 25.23032322], [-110.981590747, 25.23032322], [-110.981590746, 25.23032322], [-110.980389118, 25.231254926], [-110.978629589, 25.233380357], [-110.975518227, 25.234428501], [-110.975518227, 25.234428502], [-110.9755826, 25.235292242], [-110.9755826, 25.235292243], [-110.976612568, 25.236388894], [-110.977106094, 25.238960649], [-110.974220037, 25.238543349], [-110.973211527, 25.237737859], [-110.973211526, 25.237737859], [-110.971945525, 25.237805792], [-110.971945524, 25.237805792], [-110.971945524, 25.237805793], [-110.971977711, 25.238388074], [-110.972417593, 25.240096085], [-110.972417593, 25.240096086], [-110.97124815, 25.24160028], [-110.969327688, 25.2414256], [-110.968319178, 25.240610425], [-110.967332125, 25.240096086], [-110.967332124, 25.240096086], [-110.965754986, 25.240183426], [-110.965754986, 25.240183427], [-110.964896679, 25.241677915], [-110.964896679, 25.241677916], [-110.964660645, 25.24284244], [-110.964757204, 25.244288375], [-110.963287354, 25.244916182], [-110.963287354, 25.244916183], [-110.963287354, 25.244919147], [-110.963287353, 25.244919147], [-110.963212252, 25.24494826]]], [[[-111.004486084, 25.32540784], [-111.004486084, 25.283196013], [-111.045953035, 25.283196013], [-111.049648842, 25.322925198], [-111.049648842, 25.322925199], [-111.049648843, 25.322925199], [-111.049654484, 25.322925199], [-111.050995588, 25.337345144], [-111.048431397, 25.337975432], [-111.048431396, 25.337975432], [-111.048431396, 25.325407841], [-111.048431396, 25.32540784], [-111.048431395, 25.32540784], [-111.023358107, 25.32540784], [-111.023744343, 25.32502963], [-111.023744343, 25.325029629], [-111.023744342, 25.325029629], [-111.018358469, 25.325339956], [-111.017768383, 25.316698976], [-111.017768383, 25.316698975], [-111.017768382, 25.316698975], [-111.015547515, 25.316825054], [-111.015547514, 25.316825054], [-111.015547514, 25.316825055], [-111.014184952, 25.324709602], [-111.008820534, 25.325310863], [-111.007457972, 25.323943476], [-111.007457971, 25.323943476], [-111.005848647, 25.323739821], [-111.005848646, 25.323739821], [-111.004647017, 25.32540784], [-111.004486084, 25.32540784]]], [[[-111.041339636, 25.491367201], [-111.038764715, 25.490941087], [-111.036211252, 25.490795821], [-111.033990383, 25.490921718], [-111.031887531, 25.488151942], [-111.029291153, 25.487435276], [-111.027188301, 25.484665419], [-111.025418043, 25.482166683], [-111.025106907, 25.482186053], [-111.022263766, 25.482631568], [-111.022263765, 25.482631568], [-111.02083683, 25.485023761], [-111.018025875, 25.485769496], [-111.017231941, 25.483493538], [-111.016201973, 25.481711481], [-111.042101383, 25.481711481], [-111.038045884, 25.485198089], [-111.038045883, 25.485198089], [-111.038045883, 25.48519809], [-111.038045884, 25.48519809], [-111.041339636, 25.491367201]]], [[[-111.034473181, 25.245792518], [-111.037616727, 25.245326721], [-111.037616728, 25.245326721], [-111.037616728, 25.24532672], [-111.03558898, 25.243706122], [-111.03558898, 25.243706121], [-111.035588979, 25.243706121], [-111.034011841, 25.24379346], [-111.033217907, 25.241532349], [-111.035438776, 25.241406192], [-111.036994456, 25.241027718], [-111.036994456, 25.241027717], [-111.035277844, 25.239096514], [-111.035277843, 25.239096514], [-111.035277843, 25.239096513], [-111.033014059, 25.2386501], [-111.036200523, 25.238756851], [-111.039129495, 25.239746721], [-111.039129496, 25.239746721], [-111.041661501, 25.239601153], [-111.042046346, 25.24345381], [-111.042046347, 25.24345381], [-111.042046347, 25.243453811], [-111.042047739, 25.243453811], [-111.042723656, 25.250236909], [-111.041157246, 25.250615354], [-111.039912701, 25.25097439], [-111.039698124, 25.247810953], [-111.039698124, 25.247810952], [-111.039698123, 25.247810952], [-111.039698122, 25.247810952], [-111.037874222, 25.249072455], [-111.037284136, 25.249683795], [-111.037756204, 25.247345164], [-111.037756204, 25.247345163], [-111.037756203, 25.247345163], [-111.034966707, 25.248364074], [-111.033164263, 25.249916685], [-111.030632257, 25.250062241], [-111.029205322, 25.247830359], [-111.031029224, 25.246568843], [-111.034473181, 25.245792518]]], [[[-111.048431396, 25.444514703], [-111.048431396, 25.430097861], [-111.048431397, 25.430097861], [-111.059771776, 25.431347777], [-111.059653759, 25.438876062], [-111.059653759, 25.438876063], [-111.05965376, 25.438876063], [-111.07973814, 25.443788089], [-111.079598665, 25.444514703], [-111.048431397, 25.444514703], [-111.048431396, 25.444514703]]], [[[-111.092376709, 25.47041805], [-111.092376709, 25.469740023], [-111.092698574, 25.469914373], [-111.092376709, 25.47041805]]]]}}, {"type": "Feature", "id": 1, "properties": {"actividad": "Pesca, Turismo Alternativo y Conservación", "conflictos_potenciales": "Uso de suelo en zonas costeras, modificación de los ecosistemas costeros ", "fragilidad": "baja", "localidad_referencia": "Santa Martha", "nombre": "UGA-87", "poblacion": 0, "politica_ambiental": "Preservación", "presion": "baja", "superficie_total": 360.09, "vulnerabilidad": "baja"}, "geometry": {"type": "Polygon", "coordinates": [[[-111.032520533, 25.444514703], [-111.031941175, 25.444291875], [-111.030471325, 25.443652454], [-111.029269695, 25.443652454], [-111.02793932, 25.443865595], [-111.026287079, 25.444253122], [-111.024699211, 25.444272499], [-111.024763584, 25.443981853], [-111.025085449, 25.442945212], [-111.025085449, 25.442945211], [-111.024398804, 25.442267029], [-111.021233797, 25.440203395], [-111.01927042, 25.438294745], [-111.019173861, 25.436860815], [-111.01917386, 25.436860815], [-111.018229723, 25.434738955], [-111.019002199, 25.43440953], [-111.022650003, 25.434196373], [-111.024173498, 25.434332018], [-111.024495363, 25.434457975], [-111.027177572, 25.435310601], [-111.028014421, 25.435921], [-111.028239727, 25.436773616], [-111.028507948, 25.437190233], [-111.028958559, 25.437955641], [-111.02895856, 25.437955641], [-111.029580832, 25.437703735], [-111.030761003, 25.437635914], [-111.030761004, 25.437635914], [-111.032509804, 25.436453886], [-111.033936739, 25.435213712], [-111.034730673, 25.435174957], [-111.034934521, 25.435736912], [-111.035782099, 25.437713424], [-111.036361456, 25.439127966], [-111.036361456, 25.439127967], [-111.0381639, 25.441114111], [-111.039022207, 25.442005444], [-111.039022208, 25.442005444], [-111.04203701, 25.441831053], [-111.042122841, 25.44306147], [-111.042122841, 25.443061471], [-111.04028821, 25.444514703], [-111.040287338, 25.444514703], [-111.040287337, 25.444514703], [-111.039859058, 25.444853787], [-111.039859057, 25.444853787], [-111.039859057, 25.444853788], [-111.039859057, 25.444853789], [-111.039859058, 25.444853789], [-111.040781736, 25.445444762], [-111.041682959, 25.446985158], [-111.040309668, 25.447857071], [-111.040309668, 25.447857072], [-111.040223837, 25.448874295], [-111.040277481, 25.449736506], [-111.040277481, 25.449736507], [-111.041543484, 25.450821529], [-111.041693687, 25.452981855], [-111.041693688, 25.452981855], [-111.044086218, 25.454144347], [-111.044558287, 25.457515509], [-111.044000387, 25.458561712], [-111.042841673, 25.45905575], [-111.042369604, 25.46038286], [-111.042809486, 25.462097426], [-111.043034792, 25.463095156], [-111.043850183, 25.464490027], [-111.043850184, 25.464490027], [-111.045609713, 25.465691153], [-111.045609713, 25.465691154], [-111.046199798, 25.467386271], [-111.046199799, 25.467386271], [-111.046854258, 25.467638115], [-111.048184633, 25.470747376], [-111.048431395, 25.47124434], [-111.048431396, 25.47124434], [-111.048431396, 25.471244339], [-111.048431396, 25.471241363], [-111.048463583, 25.471309165], [-111.049032211, 25.472578025], [-111.048957109, 25.473730641], [-111.048452854, 25.474631418], [-111.04830265, 25.475871185], [-111.047776938, 25.476326409], [-111.047776937, 25.476326409], [-111.046328545, 25.476055212], [-111.046435833, 25.475251303], [-111.046811342, 25.473788756], [-111.046704054, 25.472277762], [-111.046704054, 25.472277761], [-111.04572773, 25.470815178], [-111.044504643, 25.469362264], [-111.044504642, 25.469362263], [-111.042745113, 25.469246029], [-111.041940451, 25.469003875], [-111.040631533, 25.468500192], [-111.040116549, 25.467957762], [-111.039301157, 25.466553245], [-111.038024426, 25.465332754], [-111.038024425, 25.465332754], [-111.035696268, 25.462862676], [-111.034548283, 25.462349281], [-111.034548282, 25.462349281], [-111.034033299, 25.462959542], [-111.034033299, 25.462959543], [-111.034033298, 25.462959543], [-111.033711433, 25.463986326], [-111.032499075, 25.463695728], [-111.03107214, 25.462620509], [-111.030524969, 25.461642148], [-111.031415462, 25.461952124], [-111.031415463, 25.461952124], [-111.032799482, 25.461225616], [-111.035020351, 25.459937263], [-111.035020351, 25.459937262], [-111.03512764, 25.45927855], [-111.036114693, 25.458571399], [-111.03733778, 25.457854557], [-111.03844285, 25.456566168], [-111.038764715, 25.455461824], [-111.038678885, 25.45307873], [-111.038453579, 25.450995906], [-111.038013697, 25.449145554], [-111.038013697, 25.449145553], [-111.036758423, 25.447120789], [-111.033754349, 25.445125055], [-111.032928228, 25.444669713], [-111.032523284, 25.444514703], [-111.032520533, 25.444514703]]]}}, {"type": "Feature", "id": 2, "properties": {"actividad": "Pesca, Turismo Alternativo y Conservación", "conflictos_potenciales": "Acceso a playa, afectación a la biodiversidad por el aprovechamiento de fauna o flora silvestre,  afectación a ecosistemas frágiles, modificación de ecosistemas costeros", "fragilidad": "alta", "localidad_referencia": "Puerto Agua Verde, Agua Verde,  Palo Blanco ", "nombre": "UGA-77b", "poblacion": 221, "politica_ambiental": "Preservación", "presion": "alta", "superficie_total": 9581.15, "vulnerabilidad": "alta"}, "geometry": {"type": "MultiPolygon", "coordinates": [[[[-110.982416868, 25.284777281], [-110.979530812, 25.28290498], [-110.979530811, 25.28290498], [-110.976634026, 25.28290498], [-110.976634025, 25.28290498], [-110.973747969, 25.284777281], [-110.972514153, 25.284777281], [-110.972514152, 25.284777281], [-110.970035792, 25.28290498], [-110.970035791, 25.28290498], [-110.966591835, 25.285679468], [-110.966588514, 25.285679468], [-110.966588513, 25.285679468], [-110.966588513, 25.285679469], [-110.966323615, 25.285892888], [-110.966323614, 25.285892888], [-110.966323614, 25.285892889], [-110.967139005, 25.288512097], [-110.967139006, 25.288512097], [-110.967139006, 25.288512098], [-110.970443487, 25.288512098], [-110.975400209, 25.286639854], [-110.975818634, 25.288512097], [-110.975818634, 25.288512098], [-110.976634025, 25.288880723], [-110.976634026, 25.288880723], [-110.978286266, 25.288880723], [-110.983661413, 25.294109257], [-110.978286268, 25.292615413], [-110.978286267, 25.292615413], [-110.978286267, 25.292615414], [-110.978286266, 25.292615414], [-110.978286266, 25.294477865], [-110.974992515, 25.293730948], [-110.974992514, 25.293730948], [-110.974992514, 25.293730949], [-110.974992514, 25.295971686], [-110.972514153, 25.296349988], [-110.970861912, 25.295224778], [-110.970861911, 25.295224778], [-110.96755743, 25.296349988], [-110.965497494, 25.294477865], [-110.965497493, 25.294477865], [-110.963287354, 25.295476978], [-110.963287354, 25.295476979], [-110.963287354, 25.295476981], [-110.963287353, 25.295476981], [-110.962193016, 25.295971684], [-110.962193013, 25.295971685], [-110.962193013, 25.295971686], [-110.962193013, 25.295971687], [-110.964252949, 25.298212382], [-110.964252949, 25.298212383], [-110.96590519, 25.298590678], [-110.970443487, 25.299706157], [-110.973340273, 25.303062234], [-110.974574089, 25.303809093], [-110.97457409, 25.303809093], [-110.977460146, 25.302693652], [-110.982835293, 25.3015685], [-110.989851952, 25.298959272], [-110.988199711, 25.302315369], [-110.988199711, 25.30231537], [-110.992330313, 25.306049645], [-110.98737359, 25.30792159], [-110.986139775, 25.304934225], [-110.986139774, 25.304934225], [-110.986139773, 25.304934225], [-110.985313654, 25.305302799], [-110.985313654, 25.3053028], [-110.982009172, 25.308658721], [-110.976634026, 25.309405546], [-110.970861912, 25.310899183], [-110.968383552, 25.313139603], [-110.968383552, 25.313139604], [-110.972095728, 25.314633195], [-110.978704691, 25.318367091], [-110.981183052, 25.317620321], [-110.987781286, 25.315758225], [-110.991911888, 25.316495308], [-110.99686861, 25.316495308], [-111.000173092, 25.320607374], [-110.99356413, 25.316873547], [-110.993564129, 25.316873547], [-110.993564129, 25.316873548], [-110.993564129, 25.322847615], [-110.994518995, 25.32540784], [-110.965969563, 25.32540784], [-110.965497494, 25.322847615], [-110.963845253, 25.320607374], [-110.963287355, 25.320505859], [-110.963287354, 25.320505859], [-110.963287354, 25.32050586], [-110.963287354, 25.320510393], [-110.963287353, 25.320510393], [-110.955584049, 25.319113857], [-110.951453447, 25.315758225], [-110.948148966, 25.311645995], [-110.946089029, 25.306049645], [-110.946089029, 25.303440514], [-110.94856739, 25.306427916], [-110.948567391, 25.306427916], [-110.952279568, 25.308290156], [-110.955584049, 25.308658721], [-110.959714651, 25.308658721], [-110.960540771, 25.308486031], [-110.960540771, 25.30848603], [-110.960540771, 25.308484138], [-110.960540772, 25.308484138], [-110.96163338, 25.308257634], [-110.963287353, 25.307911891], [-110.963287354, 25.307911891], [-110.963287354, 25.307914755], [-110.963287354, 25.307914756], [-110.963287355, 25.307914756], [-110.965079069, 25.307543324], [-110.965079069, 25.307543323], [-110.967139005, 25.3053028], [-110.967139006, 25.305302799], [-110.96673131, 25.299337566], [-110.96673131, 25.299337565], [-110.966731309, 25.299337565], [-110.963845253, 25.298590678], [-110.962646829, 25.298759533], [-110.956002474, 25.299706157], [-110.94856739, 25.299706157], [-110.947322846, 25.295971686], [-110.947322845, 25.295971686], [-110.947322845, 25.295971685], [-110.944855213, 25.293362337], [-110.936594009, 25.28962767], [-110.937001705, 25.288512098], [-110.939439339, 25.28567947], [-110.93943934, 25.28567947], [-110.93943934, 25.285679469], [-110.939439339, 25.285679469], [-110.939439339, 25.285679468], [-110.939437151, 25.285679468], [-110.939898491, 25.285145918], [-110.940724611, 25.284398943], [-110.945262908, 25.284030304], [-110.945262909, 25.284030304], [-110.945262909, 25.284030303], [-110.945262909, 25.278801336], [-110.948148966, 25.275444588], [-110.949393511, 25.275444588], [-110.954757929, 25.277685664], [-110.959296226, 25.28104235], [-110.959296227, 25.28104235], [-110.962600707, 25.278801336], [-110.962600708, 25.278801336], [-110.962600708, 25.278801335], [-110.960948467, 25.273950515], [-110.960948467, 25.273950514], [-110.956817865, 25.271340692], [-110.954757929, 25.267974036], [-110.955176353, 25.26647987], [-110.956817865, 25.263869887], [-110.960948467, 25.2597656], [-110.963287353, 25.258494504], [-110.963287354, 25.258494504], [-110.963287354, 25.258496438], [-110.963287354, 25.258496439], [-110.963287355, 25.258496439], [-110.965079069, 25.257524193], [-110.969617367, 25.254535586], [-110.972514152, 25.251546906], [-110.972514152, 25.251546905], [-110.972514153, 25.251546905], [-110.974166393, 25.247063747], [-110.978286266, 25.245947783], [-110.981183052, 25.248936602], [-110.980356932, 25.248189404], [-110.980356931, 25.248189404], [-110.976634026, 25.250052537], [-110.976634026, 25.250052538], [-110.976634026, 25.252294082], [-110.976634026, 25.252294083], [-110.978286266, 25.254904314], [-110.979938507, 25.256398622], [-110.977460146, 25.260512726], [-110.977460146, 25.257892913], [-110.977460146, 25.257892912], [-110.977460145, 25.257892912], [-110.974166393, 25.256398622], [-110.970035793, 25.255651471], [-110.970035792, 25.255651471], [-110.970035792, 25.255651472], [-110.970861912, 25.258271333], [-110.970443487, 25.261259848], [-110.963426829, 25.262375671], [-110.963426828, 25.262375671], [-110.960948468, 25.265364084], [-110.960948468, 25.265364085], [-110.960948469, 25.265364085], [-110.971688032, 25.267226955], [-110.971688032, 25.270593631], [-110.971688032, 25.270593632], [-110.971688033, 25.270593632], [-110.971688034, 25.270593632], [-110.975400209, 25.269099499], [-110.980764627, 25.27021525], [-110.974166394, 25.273203471], [-110.974166393, 25.273203471], [-110.972095729, 25.275813252], [-110.972095728, 25.275813252], [-110.972095728, 25.275813253], [-110.972095729, 25.275813253], [-110.974166393, 25.277307303], [-110.974166393, 25.277307304], [-110.974166394, 25.277307304], [-110.974574089, 25.277307304], [-110.977460146, 25.276938643], [-110.980764627, 25.275066221], [-110.98572135, 25.275444588], [-110.982416868, 25.279179692], [-110.978704694, 25.280295349], [-110.978704693, 25.280295349], [-110.978704693, 25.28029535], [-110.978704693, 25.280295351], [-110.978704694, 25.280295351], [-110.982416868, 25.281789345], [-110.982416868, 25.281789346], [-110.982416868, 25.284777281]]], [[[-111.004486084, 25.362903111], [-111.00471139, 25.36238929], [-111.010901928, 25.36238929], [-111.011288166, 25.36512318], [-111.011284743, 25.36512318], [-111.011284742, 25.365123181], [-111.011320353, 25.365375237], [-111.010494232, 25.369107568], [-111.009249688, 25.370222397], [-111.009249688, 25.370222398], [-111.009249688, 25.370222399], [-111.012554168, 25.372093349], [-111.012554169, 25.372093349], [-111.012972593, 25.370600468], [-111.01503253, 25.370222398], [-111.016277075, 25.372093349], [-111.016277075, 25.37209335], [-111.019989252, 25.37246172], [-111.020815372, 25.371346911], [-111.023293734, 25.373208152], [-111.019989252, 25.374332638], [-111.013798715, 25.375447419], [-111.013798714, 25.375447419], [-111.013798714, 25.37544742], [-111.013798714, 25.376193832], [-111.013798714, 25.376193833], [-111.016684771, 25.376940241], [-111.019570827, 25.378064692], [-111.019570828, 25.378064692], [-111.022049189, 25.380294176], [-111.018337011, 25.382533311], [-111.014624834, 25.381786938], [-111.014624834, 25.381786937], [-111.013798714, 25.380672215], [-111.013798713, 25.380672215], [-111.011320353, 25.382164972], [-111.011320352, 25.382164972], [-111.010075808, 25.38365771], [-111.001825333, 25.38365771], [-111.001825332, 25.38365771], [-110.999346972, 25.38515043], [-110.999346972, 25.385150431], [-110.999346971, 25.385150431], [-110.998928547, 25.385896784], [-110.997276306, 25.382911343], [-110.994808674, 25.379547788], [-110.993564129, 25.379179439], [-110.994390249, 25.378064692], [-110.99521637, 25.378064692], [-110.999346972, 25.378433044], [-111.002651453, 25.378801395], [-111.005129811, 25.378801395], [-111.005129812, 25.378801395], [-111.005129812, 25.378801394], [-111.000999212, 25.375825473], [-111.000580788, 25.368739187], [-111.001406908, 25.368361111], [-111.002233028, 25.365753323], [-111.002233028, 25.364260363], [-111.003885269, 25.364260363], [-111.003885269, 25.364260362], [-111.004486084, 25.362907161], [-111.004486084, 25.36290716], [-111.004486084, 25.362903111]]], [[[-111.028658152, 25.428780107], [-111.026587486, 25.426541829], [-111.026587486, 25.425049622], [-111.026587486, 25.425049621], [-111.026587485, 25.425049621], [-111.022467613, 25.425049621], [-111.018744707, 25.425795727], [-111.01585865, 25.427656128], [-111.01585865, 25.42541783], [-111.013798714, 25.422443057], [-111.011320353, 25.419080604], [-111.011320352, 25.419080604], [-111.006771326, 25.416473911], [-111.005129814, 25.415727747], [-111.004486084, 25.413799327], [-111.004486084, 25.402344461], [-111.005376577, 25.402344461], [-111.00553751, 25.403051942], [-111.00636363, 25.405658924], [-111.00636363, 25.405658925], [-111.006363631, 25.405658925], [-111.008423567, 25.405290656], [-111.012554169, 25.403798185], [-111.014968157, 25.402344461], [-111.015043259, 25.402344461], [-111.01585865, 25.405658924], [-111.01585865, 25.405658925], [-111.015858651, 25.405658925], [-111.018337011, 25.404912694], [-111.020396948, 25.403420219], [-111.020396948, 25.403420218], [-111.02139473, 25.402344461], [-111.027231216, 25.402344461], [-111.027005911, 25.404166458], [-111.027005911, 25.404166459], [-111.027413607, 25.405658925], [-111.023701429, 25.407151373], [-111.022049189, 25.406405152], [-111.022049188, 25.406405152], [-111.020396948, 25.407519637], [-111.018337011, 25.409012062], [-111.012972594, 25.409012062], [-111.012972593, 25.409012062], [-111.012972593, 25.409012063], [-111.011320353, 25.411628607], [-111.011320353, 25.411628608], [-111.012554168, 25.415349817], [-111.012554169, 25.415349817], [-111.012554169, 25.415349818], [-111.012972593, 25.415349818], [-111.015450954, 25.414613337], [-111.015450955, 25.414613337], [-111.019570827, 25.411996857], [-111.019570828, 25.411996857], [-111.02617979, 25.412743044], [-111.022875309, 25.413120981], [-111.022467615, 25.413120981], [-111.022467614, 25.413120982], [-111.022467614, 25.413120983], [-111.024527549, 25.41647391], [-111.02452755, 25.41647391], [-111.02452755, 25.416473911], [-111.027413607, 25.416473911], [-111.030310392, 25.419826747], [-111.026587488, 25.420950798], [-111.026587487, 25.420950798], [-111.026587487, 25.420950799], [-111.028658152, 25.423557394], [-111.030718088, 25.426910034], [-111.028658152, 25.428780107]]], [[[-111.021040678, 25.484190857], [-111.021641493, 25.483571018], [-111.025149822, 25.483387002], [-111.02545023, 25.484190857], [-111.021040678, 25.484190857]]], [[[-111.053431034, 25.484190857], [-111.053431034, 25.483948733], [-111.057969332, 25.483755033], [-111.057969332, 25.484190857], [-111.053431034, 25.484190857]]]]}}, {"type": "Feature", "id": 3, "properties": {"actividad": "Pesca, Turismo Alternativo y Conservación", "conflictos_potenciales": "Afectación a la biodiversidad por el aprovechamiento de fauna o flora silvestre ", "fragilidad": "baja", "localidad_referencia": "Santa Martha", "nombre": "UGA-85", "poblacion": 0, "politica_ambiental": "Preservación", "presion": "media", "superficie_total": 11360.75, "vulnerabilidad": "media"}, "geometry": {"type": "MultiPolygon", "coordinates": [[[[-110.93298912, 25.211988484], [-110.929963589, 25.209552056], [-110.928000212, 25.208794909], [-110.925081968, 25.207804787], [-110.922067165, 25.205669202], [-110.921949148, 25.203941293], [-110.928976536, 25.204407248], [-110.960658789, 25.207814494], [-110.96046567, 25.209552056], [-110.959221125, 25.209911214], [-110.953781605, 25.209357916], [-110.951185227, 25.208639597], [-110.951185226, 25.208639597], [-110.946099758, 25.208639597], [-110.943943262, 25.209629712], [-110.940145254, 25.209843265], [-110.936744213, 25.211192525], [-110.932989121, 25.211988484], [-110.93298912, 25.211988484]]], [[[-110.963212252, 25.24494826], [-110.962525606, 25.244123404], [-110.962482691, 25.243550854], [-110.96248269, 25.243550854], [-110.960605145, 25.243948728], [-110.960605144, 25.243948728], [-110.960540772, 25.243948728], [-110.960540771, 25.243948728], [-110.960540771, 25.243946376], [-110.960540771, 25.243946375], [-110.95741868, 25.243832277], [-110.957397223, 25.243453811], [-110.96470356, 25.243453811], [-110.964757204, 25.244288375], [-110.963287354, 25.244916182], [-110.963287354, 25.244916183], [-110.963287354, 25.244919147], [-110.963287353, 25.244919147], [-110.963212252, 25.24494826]]], [[[-110.997083187, 25.32540784], [-110.995752812, 25.32489386], [-110.995752811, 25.32489386], [-110.992544889, 25.324505949], [-110.993338823, 25.322139665], [-110.99383235, 25.320093373], [-110.994132756, 25.319783033], [-110.994132757, 25.319783033], [-110.994132757, 25.319783032], [-110.994132756, 25.319783032], [-110.99244833, 25.318434979], [-110.994722842, 25.319172046], [-110.994722843, 25.319172046], [-110.994722843, 25.319172045], [-110.99521637, 25.317125705], [-110.995870829, 25.317377862], [-110.998188257, 25.318687134], [-110.998188258, 25.318687134], [-111.001235246, 25.316776563], [-111.001235246, 25.316776562], [-111.001235247, 25.316776562], [-111.001009941, 25.31361484], [-111.001009941, 25.313614839], [-111.00100994, 25.313614839], [-110.995312929, 25.313934895], [-110.993435383, 25.314332538], [-110.991847515, 25.314429524], [-110.990720988, 25.311888466], [-110.990720988, 25.311888465], [-110.990720987, 25.311888465], [-110.990720986, 25.311888465], [-110.98793149, 25.312916533], [-110.98793149, 25.312916534], [-110.98765254, 25.313508154], [-110.984305143, 25.315719431], [-110.981140137, 25.315903702], [-110.981140136, 25.315903703], [-110.979927778, 25.316834753], [-110.977674723, 25.316388625], [-110.976623297, 25.31500174], [-110.976204872, 25.313585744], [-110.976204872, 25.313585743], [-110.976204871, 25.313585743], [-110.971752405, 25.313546949], [-110.968748331, 25.311403524], [-110.971956252, 25.311801176], [-110.971956253, 25.311801176], [-110.971956253, 25.311801175], [-110.973254442, 25.307679112], [-110.975679159, 25.310433635], [-110.975679159, 25.310433636], [-110.97567916, 25.310433636], [-110.97567916, 25.310433635], [-110.977814198, 25.309153372], [-110.98028183, 25.30814467], [-110.98028183, 25.308144669], [-110.98303914, 25.306544307], [-110.983039141, 25.306544307], [-110.984165668, 25.304458955], [-110.984165669, 25.304458955], [-110.986161232, 25.305787765], [-110.987910031, 25.307999181], [-110.987910031, 25.307999182], [-110.987910032, 25.307999182], [-110.987910033, 25.307999181], [-110.988425016, 25.306243631], [-110.988317728, 25.300171746], [-110.990474222, 25.299182369], [-110.990474223, 25.299182369], [-110.990474223, 25.299182368], [-110.990474223, 25.299182367], [-110.990474222, 25.299182367], [-110.988500119, 25.298144483], [-110.988500118, 25.298144483], [-110.988500118, 25.298144484], [-110.983350277, 25.301898287], [-110.979552269, 25.302121378], [-110.963920355, 25.296650689], [-110.963104963, 25.294099557], [-110.967857838, 25.29382795], [-110.969617366, 25.296330587], [-110.969617367, 25.296330587], [-110.969617367, 25.296330588], [-110.969617368, 25.296330588], [-110.970840454, 25.295680683], [-110.971634388, 25.293323536], [-110.973597765, 25.294080156], [-110.975003242, 25.296020185], [-110.975003243, 25.296020185], [-110.975893736, 25.295098676], [-110.97769618, 25.293556343], [-110.980163813, 25.292547511], [-110.982159376, 25.293876451], [-110.982159377, 25.293876451], [-110.985592603, 25.29281912], [-110.985592603, 25.292819119], [-110.984830857, 25.291121551], [-110.984830856, 25.291121551], [-110.982556343, 25.290384313], [-110.982502699, 25.289520965], [-110.982502699, 25.289520964], [-110.982502698, 25.289520964], [-110.980914831, 25.289608269], [-110.979906321, 25.288803118], [-110.97990632, 25.288803118], [-110.977299213, 25.287794246], [-110.976912976, 25.28695028], [-110.976912975, 25.28695028], [-110.976912975, 25.286950279], [-110.975636244, 25.286736862], [-110.973415375, 25.286862972], [-110.970765353, 25.285281731], [-110.970765352, 25.285281731], [-110.968866348, 25.285388441], [-110.967890024, 25.283196013], [-110.974767208, 25.283196013], [-110.975099802, 25.283584056], [-110.975099803, 25.283584056], [-110.976344347, 25.283225116], [-110.976365805, 25.283196013], [-111.007232666, 25.283196013], [-111.007232666, 25.323914382], [-111.005848647, 25.323739821], [-111.005848646, 25.323739821], [-111.004647017, 25.32540784], [-111.00286603, 25.32540784], [-111.002780199, 25.325359352], [-111.001921892, 25.32540784], [-110.997083187, 25.32540784]]], [[[-110.985581875, 25.362641353], [-110.984712839, 25.363097005], [-110.984594822, 25.362641353], [-110.985581875, 25.362641353]]], [[[-111.049600839, 25.47268457], [-111.049600839, 25.472684569], [-111.048431397, 25.470631143], [-111.048431396, 25.470631143], [-111.048431396, 25.470626464], [-111.048431396, 25.470626463], [-111.047058105, 25.468209605], [-111.044096947, 25.462310534], [-111.043957472, 25.460295678], [-111.044493914, 25.458813575], [-111.044665575, 25.456779286], [-111.043817997, 25.453650289], [-111.042745113, 25.451984041], [-111.040298939, 25.44894211], [-111.042069196, 25.446820463], [-111.042069196, 25.446820462], [-111.040341854, 25.444892541], [-111.040341854, 25.44489254], [-111.040771228, 25.444514705], [-111.040771228, 25.444514704], [-111.040771228, 25.444514703], [-111.040771227, 25.444514703], [-111.040771008, 25.444514703], [-111.042444706, 25.443042094], [-111.042444706, 25.443042093], [-111.042369604, 25.442034509], [-111.042369819, 25.442034509], [-111.04236982, 25.442034509], [-111.04236982, 25.442034508], [-111.042337418, 25.441598533], [-111.042337417, 25.441598533], [-111.042337417, 25.441598532], [-111.039483547, 25.441763235], [-111.037445068, 25.439854609], [-111.036436558, 25.439050458], [-111.036018133, 25.437626226], [-111.03484869, 25.43451611], [-111.03484869, 25.434516109], [-111.034848689, 25.434516109], [-111.033893824, 25.434564554], [-111.033893823, 25.434564554], [-111.032745838, 25.436366686], [-111.031200886, 25.437035213], [-111.028325558, 25.436909259], [-111.028228998, 25.435475313], [-111.028228998, 25.435475312], [-111.024624109, 25.433944459], [-111.020182371, 25.434196373], [-111.017918587, 25.433750678], [-111.017210484, 25.432636436], [-111.016330719, 25.42921613], [-111.016255617, 25.428063087], [-111.018412113, 25.427074756], [-111.020815372, 25.424913965], [-111.020815373, 25.424913965], [-111.024956703, 25.424962413], [-111.027821302, 25.42508838], [-111.02987051, 25.42699724], [-111.032145023, 25.427733644], [-111.032145024, 25.427733644], [-111.033990382, 25.426764691], [-111.033990382, 25.42676469], [-111.033990382, 25.426764689], [-111.031651497, 25.425156208], [-111.03051424, 25.422627166], [-111.030911207, 25.419129055], [-111.033325194, 25.417258833], [-111.033325194, 25.417258832], [-111.033325195, 25.417258832], [-111.033325195, 25.417258831], [-111.033325194, 25.417258831], [-111.031329632, 25.415931247], [-111.031329632, 25.415931246], [-111.028754711, 25.415495175], [-111.022692919, 25.415272294], [-111.021201611, 25.412171291], [-111.025278564, 25.411366956], [-111.025278565, 25.411366956], [-111.025278565, 25.411366955], [-111.025278564, 25.411366955], [-111.025278564, 25.411366954], [-111.023336649, 25.410892104], [-111.020847559, 25.411618916], [-111.019495726, 25.410533542], [-111.019495725, 25.410533542], [-111.015847921, 25.413062837], [-111.013852358, 25.411725515], [-111.015826464, 25.408149559], [-111.020504236, 25.406724962], [-111.022639275, 25.405445717], [-111.02745652, 25.406036884], [-111.027456521, 25.406036884], [-111.027456521, 25.406036883], [-111.026984853, 25.404825473], [-111.026984852, 25.404825473], [-111.026984852, 25.404825472], [-111.026984453, 25.404825472], [-111.02591157, 25.402082789], [-111.026802063, 25.401162087], [-111.027574538, 25.398516242], [-111.027574539, 25.398516242], [-111.027574539, 25.398516241], [-111.027574538, 25.398516241], [-111.027574538, 25.39851624], [-111.027574537, 25.39851624], [-111.027574537, 25.398516241], [-111.021210878, 25.40234446], [-111.021210878, 25.402344461], [-111.021210879, 25.402344461], [-111.021212339, 25.402344461], [-111.017489433, 25.404583188], [-111.017349958, 25.402567367], [-111.017124653, 25.402344461], [-111.017126821, 25.402344461], [-111.017126822, 25.402344461], [-111.017126822, 25.40234446], [-111.014614106, 25.399834325], [-111.014614105, 25.399834325], [-111.013014814, 25.40234446], [-111.013014814, 25.402344461], [-111.013014815, 25.402344461], [-111.013015509, 25.402344461], [-111.012897491, 25.402528601], [-111.009539366, 25.402344461], [-111.00954451, 25.402344461], [-111.009544511, 25.402344461], [-111.009544511, 25.40234446], [-111.00954451, 25.402344459], [-111.007779837, 25.402247546], [-111.007232668, 25.401392789], [-111.007232667, 25.401392789], [-111.007232666, 25.401392789], [-111.007232666, 25.40139279], [-111.007232666, 25.401394686], [-111.006352901, 25.400018468], [-111.006352901, 25.400018467], [-111.005483866, 25.396597237], [-111.005483866, 25.396597236], [-111.004486084, 25.395046505], [-111.004486084, 25.395042375], [-111.004486084, 25.395042374], [-111.003338099, 25.393253447], [-111.004486083, 25.393496287], [-111.004486084, 25.393496287], [-111.004486084, 25.393496286], [-111.004486084, 25.393495754], [-111.009796857, 25.39462005], [-111.009796858, 25.39462005], [-111.010569334, 25.39197406], [-111.013777256, 25.392371446], [-111.016180515, 25.394833278], [-111.016180516, 25.394833278], [-111.021684406, 25.396248323], [-111.021684407, 25.396248323], [-111.021684408, 25.396248323], [-111.021684408, 25.396248322], [-111.020858288, 25.393408523], [-111.01964593, 25.389715714], [-111.019645929, 25.389715714], [-111.017049551, 25.388998462], [-111.01475358, 25.387980733], [-111.014410257, 25.387709337], [-111.012768745, 25.386933916], [-111.012800932, 25.382882264], [-111.014549732, 25.380468655], [-111.016309261, 25.382969502], [-111.017339229, 25.38407451], [-111.01733923, 25.384074511], [-111.022971868, 25.38259147], [-111.022971869, 25.38259147], [-111.023476124, 25.380827308], [-111.023476124, 25.380827307], [-111.023476123, 25.380827307], [-111.02139473, 25.378345803], [-111.021394729, 25.378345803], [-111.018111706, 25.376804531], [-111.01696372, 25.373973967], [-111.020525693, 25.374933651], [-111.020525694, 25.374933651], [-111.021620035, 25.372267842], [-111.021620035, 25.372267841], [-111.021620034, 25.372267841], [-111.019002199, 25.371259665], [-111.017103195, 25.371366299], [-111.016899347, 25.368487138], [-111.016899347, 25.368487137], [-111.016899346, 25.368487137], [-111.014131308, 25.36980555], [-111.010065079, 25.370900985], [-111.012468338, 25.368739188], [-111.012468338, 25.368739187], [-111.013573408, 25.366364074], [-111.01336956, 25.363484793], [-111.01336956, 25.363484792], [-111.013369559, 25.363484792], [-111.010483504, 25.363077615], [-111.010483503, 25.363077615], [-111.007028818, 25.363853189], [-111.003863812, 25.364027692], [-111.003863811, 25.364027692], [-111.001138687, 25.365918129], [-110.997469425, 25.368157531], [-110.997802019, 25.363795021], [-110.999765396, 25.362641353], [-111.017017364, 25.362641353], [-111.026040316, 25.380972706], [-111.034759208, 25.402344461], [-111.034759209, 25.402344461], [-111.034762859, 25.402344461], [-111.045974493, 25.429826559], [-111.045974493, 25.42982656], [-111.045974494, 25.42982656], [-111.051177978, 25.43039823], [-111.051177979, 25.43039823], [-111.051177979, 25.442034508], [-111.051177979, 25.442034509], [-111.05117798, 25.442034509], [-111.072571278, 25.442034509], [-111.07973814, 25.443788089], [-111.076476574, 25.461022192], [-111.076476574, 25.461022193], [-111.076476575, 25.461022193], [-111.092698574, 25.469914373], [-111.091550589, 25.471715977], [-111.077635288, 25.463850713], [-111.074148417, 25.464054132], [-111.074148416, 25.464054132], [-111.061048508, 25.472607082], [-111.061048508, 25.472607083], [-111.05752945, 25.476859116], [-111.057529449, 25.476859116], [-111.05697155, 25.478040748], [-111.055190563, 25.479880971], [-111.051177979, 25.480110958], [-111.051177979, 25.480110959], [-111.051177979, 25.480113418], [-111.048431599, 25.480268371], [-111.048431397, 25.480268383], [-111.048431396, 25.480268383], [-111.043453217, 25.480549256], [-111.043453216, 25.480549256], [-111.039215326, 25.484190857], [-111.026855707, 25.484190857], [-111.025418043, 25.482166683], [-111.025106907, 25.482186053], [-111.022263766, 25.482631568], [-111.022263765, 25.482631568], [-111.021330357, 25.484190857], [-111.017478704, 25.484190857], [-111.017231941, 25.483493538], [-111.015783548, 25.480975406], [-111.014024019, 25.478476593], [-111.015504599, 25.476946286], [-111.01954937, 25.475561245], [-111.021287441, 25.473149492], [-111.020182371, 25.475522502], [-111.020182371, 25.475522503], [-111.022639274, 25.478854323], [-111.022639275, 25.478854323], [-111.024956703, 25.475541874], [-111.024956703, 25.475541873], [-111.026308537, 25.47199687], [-111.028958558, 25.473575668], [-111.028958559, 25.473575668], [-111.02895856, 25.473575668], [-111.03014946, 25.472355249], [-111.030310392, 25.470030607], [-111.030310392, 25.470030606], [-111.02664113, 25.467647801], [-111.025847197, 25.465371501], [-111.025847196, 25.465371501], [-111.025847195, 25.465371501], [-111.023722887, 25.4669407], [-111.023722887, 25.466940699], [-111.02350831, 25.463773221], [-111.02350831, 25.46377322], [-111.022768021, 25.462368654], [-111.024001837, 25.461729329], [-111.026898622, 25.462136172], [-111.026898623, 25.462136173], [-111.026898623, 25.462136172], [-111.028776169, 25.461739016], [-111.030761003, 25.462785182], [-111.030761004, 25.462785182], [-111.033121347, 25.464674071], [-111.033121348, 25.464674071], [-111.034859419, 25.4622621], [-111.037284136, 25.4650131], [-111.038990021, 25.466650109], [-111.041125059, 25.469991861], [-111.041125059, 25.469991862], [-111.04112506, 25.469991862], [-111.043335199, 25.469575359], [-111.044933796, 25.469778767], [-111.044933796, 25.469778768], [-111.046403646, 25.472578025], [-111.04572773, 25.476665404], [-111.04572773, 25.476665405], [-111.045727731, 25.476665405], [-111.048270463, 25.476520121], [-111.048270464, 25.476520121], [-111.048431396, 25.476056143], [-111.048431396, 25.476055212], [-111.049600839, 25.47268457]]]]}}, {"type": "Feature", "id": 1, "properties": {"actividad": "Pesca, Turismo Alternativo y Conservación", "conflictos_potenciales": "Afectación a la biodiversidad por el aprovechamiento de fauna o flora silvestre ", "fragilidad": "baja", "localidad_referencia": "Santa Martha", "nombre": "UGA-85", "poblacion": 0, "politica_ambiental": "Preservación", "presion": "media", "superficie_total": 11360.75, "vulnerabilidad": "media"}, "geometry": {"type": "MultiPolygon", "coordinates": [[[[-110.94549894331718, 25.20618368765843], [-110.9454989433044, 25.206183687659056], [-110.9227967262524, 25.206183687659056], [-110.92279672622722, 25.206183687657767], [-110.9227967262059, 25.206183687644316], [-110.9220671653949, 25.205669202440195], [-110.9220671653759, 25.205669202425344], [-110.92206716537306, 25.205669202401186], [-110.92194914817982, 25.203941292734548], [-110.9219491481794, 25.20394129271083], [-110.92194914820318, 25.20394129271121], [-110.92897653578682, 25.20440724830599], [-110.9289765358074, 25.204407248307778], [-110.94549894330449, 25.206183687656434], [-110.94549894331718, 25.20618368765843]]], [[[-111.04079246520804, 25.23618509216757], [-111.0407924651886, 25.23618509215843], [-111.03881835972493, 25.235136963585237], [-111.03881835963968, 25.235136963545006], [-111.03881835955102, 25.23513696351298], [-111.03881835945974, 25.235136963489445], [-111.03881835936664, 25.23513696347461], [-111.03881835927257, 25.235136963468605], [-111.03881835917835, 25.235136963471486], [-111.03881835908481, 25.235136963483225], [-111.0388183589928, 25.23513696350372], [-111.034762859436, 25.236243321255966], [-111.03476285934606, 25.236243321285137], [-111.03476285925927, 25.236243321322675], [-111.03076100351556, 25.238203685068786], [-111.0307610034944, 25.238203685077945], [-111.0307610034759, 25.238203685064455], [-111.02874398233416, 25.236582990555412], [-111.02874398231677, 25.23658299053997], [-111.02874398233223, 25.236582990522372], [-111.03111505506807, 25.234137350706867], [-111.03111505508471, 25.234137350691224], [-111.03111505510743, 25.234137350688858], [-111.03364706036174, 25.23399177534], [-111.03364706042667, 25.23399177533414], [-111.03805661195791, 25.233448292490618], [-111.03805661207046, 25.233448292470154], [-111.039623022056, 25.2330697940661], [-111.03962302207879, 25.23306979406175], [-111.03962302208798, 25.23306979408307], [-111.0407924652015, 25.2361850921472], [-111.04079246520804, 25.23618509216757]]], [[[-111.0498797893512, 25.325407840166136], [-111.04987978932795, 25.325407840167266], [-111.04843139650892, 25.325407840167266], [-111.04843139648554, 25.32540784016612], [-111.04843139648439, 25.325407840142752], [-111.04843139648439, 25.309842000421074], [-111.04843139648497, 25.309842000409166], [-111.04843139648669, 25.309842000421142], [-111.04987978935016, 25.325407840142894], [-111.0498797893512, 25.325407840166136]]]]}}, {"type": "Feature", "id": 1, "properties": {"actividad": "Conservación, Pesca y Turismo", "conflictos_potenciales": "Uso de suelo y acceso a la costa", "fragilidad": "baja", "localidad_referencia": "Santa Martha", "nombre": "UGA-36a", "poblacion": 6, "politica_ambiental": "Preservación", "presion": "media", "superficie_total": 274.05, "vulnerabilidad": "baja"}, "geometry": {"type": "Polygon", "coordinates": [[[-111.0061168670641, 25.346071915824563], [-111.00611686705432, 25.346071915845208], [-111.00597739220791, 25.34633370923316], [-111.0059773921959, 25.346333709253322], [-111.00597739217376, 25.346333709261664], [-111.00582718903722, 25.346382189280856], [-111.00582718894869, 25.34638218931413], [-111.00582718886369, 25.346382189355623], [-111.00582718878299, 25.34638218940496], [-111.00582718870731, 25.346382189461696], [-111.00582718863734, 25.346382189525333], [-111.00582718857369, 25.346382189595293], [-111.00582718851693, 25.346382189670955], [-111.00582718846758, 25.34638218975164], [-111.00582718842607, 25.34638218983663], [-111.00582718839277, 25.34638218992516], [-111.005827188368, 25.34638219001644], [-111.0057306289721, 25.346818510384402], [-111.0057306289606, 25.346818510427255], [-111.00553750996475, 25.347429356943557], [-111.00553750993899, 25.347429357042277], [-111.00553750992343, 25.34742935714311], [-111.00553750991823, 25.347429357245], [-111.00553750991823, 25.347817194623875], [-111.0055375099145, 25.347817194684694], [-111.00544095040394, 25.348602561828432], [-111.0054409503972, 25.348602561911964], [-111.0054409503975, 25.348602561995765], [-111.00549459457287, 25.349785451093823], [-111.00549459457277, 25.349785451117338], [-111.00549459454933, 25.34978545111702], [-111.00472211840277, 25.34973697228167], [-111.00472211837854, 25.349736972278922], [-111.00472211836781, 25.34973697225694], [-111.00448608399424, 25.34918431217084], [-111.00448608398563, 25.34918431214751], [-111.00448608398439, 25.349184312122684], [-111.00448608398439, 25.345538631183576], [-111.00448608398555, 25.345538631160302], [-111.00448608400866, 25.345538631164327], [-111.00452899927913, 25.345548327253475], [-111.004528999379, 25.345548327270773], [-111.00524783131753, 25.345635592178713], [-111.00524783134418, 25.345635592183434], [-111.00524783136926, 25.345635592193855], [-111.00607395169965, 25.346033131553934], [-111.00607395172057, 25.346033131565257], [-111.00607395173891, 25.346033131580317], [-111.00611686704795, 25.346071915808526], [-111.0061168670641, 25.346071915824563]]]}}, {"type": "Feature", "id": 3, "properties": {"actividad": "Pesca, Turismo Alternativo y Conservación", "conflictos_potenciales": "Acceso a playa, afectación a la biodiversidad por el aprovechamiento de fauna o flora silvestre,  afectación a ecosistemas frágiles, modificación de ecosistemas costeros", "fragilidad": "alta", "localidad_referencia": "Puerto Agua Verde, Agua Verde,  Palo Blanco ", "nombre": "UGA-77b", "poblacion": 221, "politica_ambiental": "Preservación", "presion": "alta", "superficie_total": 9581.15, "vulnerabilidad": "alta"}, "geometry": {"type": "MultiPolygon", "coordinates": [[[[-111.00723266601449, 25.362389289684128], [-111.00723266601564, 25.362389289707494], [-111.00723266601564, 25.365123179663648], [-111.00723266601449, 25.365123179687014], [-111.00723266599111, 25.36512317968816], [-111.00223302843641, 25.36512317968816], [-111.00223302841303, 25.365123179687014], [-111.00223302841188, 25.365123179663648], [-111.00223302841188, 25.364260362950052], [-111.00223302841303, 25.364260362926686], [-111.00223302843641, 25.36426036292554], [-111.00388526851344, 25.36426036292554], [-111.00388526860955, 25.36426036292091], [-111.00388526870476, 25.364260362907068], [-111.0038852687982, 25.36426036288414], [-111.00388526888901, 25.364260362852335], [-111.00388526897633, 25.36426036281195], [-111.00388526905938, 25.364260362763364], [-111.00388526913737, 25.36426036270702], [-111.00388526920959, 25.364260362643442], [-111.00388526927536, 25.36426036257322], [-111.00388526933408, 25.364260362497], [-111.0038852693852, 25.36426036241549], [-111.00388526942824, 25.364260362329443], [-111.00471138953195, 25.362389289704943], [-111.00471138954236, 25.362389289684103], [-111.0047113895657, 25.36238928968298], [-111.00723266599111, 25.36238928968298], [-111.00723266601449, 25.362389289684128]]], [[[-111.01916313171242, 25.34448175096552], [-111.01916313169426, 25.34448175098001], [-111.01709246637422, 25.34597495513663], [-111.01709246635463, 25.345974955149348], [-111.01709246633989, 25.34597495513123], [-111.01462483412101, 25.34262006806652], [-111.01462483405686, 25.342620067987983], [-111.0146248339851, 25.34262006791635], [-111.01007580792167, 25.33851844689658], [-111.01007580784585, 25.33851844683467], [-111.01007580776434, 25.338518446780466], [-111.01007580767792, 25.338518446734493], [-111.01007580758743, 25.338518446697186], [-111.0100758074937, 25.33851844666891], [-111.01007580739768, 25.33851844664993], [-111.01007580730027, 25.33851844664043], [-111.01007580720238, 25.338518446640496], [-111.01007580710497, 25.338518446650134], [-111.00759744646734, 25.338886919432518], [-111.00759744644166, 25.338886919434984], [-111.00759744641606, 25.338886919432106], [-111.00448608400917, 25.3383729964646], [-111.0044860839856, 25.338372996459476], [-111.00448608398439, 25.33837299643545], [-111.00448608398439, 25.33305909889099], [-111.00448608398546, 25.333059098869423], [-111.0044860839998, 25.333059098885553], [-111.00677132576486, 25.335900317292378], [-111.00677132583081, 25.33590031736652], [-111.00677132590378, 25.335900317433758], [-111.00677132598307, 25.335900317493437], [-111.00677132606786, 25.33590031754496], [-111.00677132615736, 25.33590031758783], [-111.00677132625066, 25.335900317621615], [-111.00677132634685, 25.33590031764599], [-111.00677132644498, 25.33590031766071], [-111.00677132654408, 25.335900317665633], [-111.01338028905293, 25.335900317665633], [-111.01338028907728, 25.335900317666844], [-111.01338028909521, 25.335900317683386], [-111.01668477056563, 25.339265087760356], [-111.01668477058294, 25.339265087779967], [-111.01668477059329, 25.339265087804055], [-111.0175108909341, 25.34150498365767], [-111.01751089096337, 25.34150498372853], [-111.01751089099797, 25.341504983796938], [-111.01916313170211, 25.34448175094466], [-111.01916313171242, 25.34448175096552]]], [[[-111.02823972701852, 25.262938429775726], [-111.02823972700591, 25.262938429794694], [-111.02658748628107, 25.265179736753918], [-111.02658748626641, 25.265179736771955], [-111.02658748624508, 25.265179736781388], [-111.02370142957267, 25.266295523451152], [-111.0237014294738, 25.26629552349567], [-111.02370142938035, 25.266295523550635], [-111.0237014292934, 25.26629552361539], [-111.02370142921396, 25.26629552368918], [-111.02081537248371, 25.26928384100925], [-111.02081537246676, 25.269283841025207], [-111.02081537244452, 25.269283841018346], [-111.01668477060686, 25.26778969148266], [-111.01668477058598, 25.267789691473943], [-111.01668477059985, 25.267789691456134], [-111.01957082724243, 25.26443263931893], [-111.01957082730456, 25.264432639238787], [-111.01957082735824, 25.264432639152766], [-111.01957082740294, 25.26443263906175], [-111.01957082743819, 25.264432638966674], [-111.01957082746362, 25.26443263886852], [-111.019570827479, 25.26443263876829], [-111.01957082748415, 25.26443263866702], [-111.01957082748415, 25.261812909657987], [-111.0195708274794, 25.261812909560646], [-111.01957082746519, 25.261812909464233], [-111.01957082744167, 25.261812909369656], [-111.01957082740905, 25.261812909277822], [-111.01957082736766, 25.261812909189594], [-111.01957082731788, 25.261812909105814], [-111.01833701151233, 25.259949956347732], [-111.01833701145156, 25.25994995626546], [-111.0183370113827, 25.259949956189818], [-111.01833701130649, 25.259949956121606], [-111.0183370112237, 25.259949956061536], [-111.0183370111352, 25.25994995601024], [-111.01833701104194, 25.25994995596825], [-111.0154509544568, 25.258824407971197], [-111.01545095441848, 25.25882440795436], [-111.01090192796805, 25.25659268688699], [-111.01090192794865, 25.256592686876367], [-111.01090192793411, 25.256592686859477], [-111.00884199161973, 25.253972788303518], [-111.00884199155276, 25.253972788226726], [-111.0088419914783, 25.25397278815715], [-111.00884199139716, 25.25397278809551], [-111.00884199131016, 25.25397278804245], [-111.00884199121822, 25.25397278799852], [-111.00884199112228, 25.253972787964173], [-111.006363630436, 25.253225621410866], [-111.00636363034133, 25.253225621387294], [-111.00636363024479, 25.253225621373062], [-111.00636363014735, 25.2532256213683], [-111.00448608400892, 25.2532256213683], [-111.00448608398554, 25.253225621367154], [-111.00448608398439, 25.253225621343788], [-111.00448608398439, 25.21641469707647], [-111.00448608398548, 25.216414697053995], [-111.00448608400477, 25.216414697065304], [-111.0059559344536, 25.217375629977635], [-111.00595593452626, 25.217375630020868], [-111.00595593460231, 25.21737563005781], [-111.01627707479054, 25.221859883528236], [-111.01627707481265, 25.221859883539203], [-111.01627707481497, 25.221859883563724], [-111.01668477054871, 25.231196693964712], [-111.01668477055769, 25.231196694061683], [-111.01668477057606, 25.231196694157322], [-111.01668477060365, 25.231196694250723], [-111.0166847706402, 25.231196694340994], [-111.01668477068534, 25.231196694427283], [-111.01668477073866, 25.23119669450877], [-111.01668477079967, 25.231196694584686], [-111.01668477086777, 25.231196694654308], [-111.01668477094232, 25.231196694716974], [-111.0166847710226, 25.231196694772095], [-111.01668477110788, 25.23119669481914], [-111.01668477119732, 25.231196694857672], [-111.01668477129007, 25.23119669488732], [-111.01668477138529, 25.2311966949078], [-111.02122306821255, 25.231943996909916], [-111.0212230682362, 25.23194399691504], [-111.02122306823988, 25.23194399693905], [-111.02164149284127, 25.236049224112033], [-111.02164149284252, 25.236049224134852], [-111.02164149282623, 25.236049224151028], [-111.01998925210766, 25.237543764146793], [-111.01998925209011, 25.237543764161245], [-111.01998925206733, 25.23754376416002], [-111.01255416980119, 25.236796496556288], [-111.01255416970307, 25.23679649655128], [-111.01255416960493, 25.236796496555918], [-111.01255416950771, 25.23679649657017], [-111.01255416941237, 25.236796496593893], [-111.01255416931981, 25.23679649662686], [-111.01255416923094, 25.236796496668745], [-111.0125541691466, 25.236796496719155], [-111.01255416906761, 25.236796496777593], [-111.01255416899475, 25.236796496843503], [-111.0125541689287, 25.23679649691625], [-111.01255416887011, 25.23679649699512], [-111.01255416881955, 25.23679649707936], [-111.01255416877748, 25.236796497168157], [-111.01255416874436, 25.236796497260652], [-111.01255416872046, 25.236796497355954], [-111.01255416870602, 25.236796497453142], [-111.01255416870119, 25.236796497551275], [-111.01255416870119, 25.239785539599964], [-111.012554168706, 25.23978553969793], [-111.01255416872038, 25.239785539794955], [-111.0125541687442, 25.239785539890104], [-111.01366631706465, 25.243453809898007], [-111.0136663170977, 25.24345380999042], [-111.01366631713965, 25.24345381007915], [-111.0136663171901, 25.24345381016334], [-111.01366631724856, 25.24345381024218], [-111.01366631731446, 25.243453810314907], [-111.01366631738718, 25.243453810380824], [-111.013666317466, 25.2434538104393], [-111.01366631755019, 25.24345381048976], [-111.01366631763891, 25.24345381053173], [-111.01366631773132, 25.243453810564798], [-111.01366631782652, 25.243453810588647], [-111.01366631792361, 25.24345381060305], [-111.01366631802163, 25.243453810607868], [-111.01366996762667, 25.243453810607868], [-111.0136699676505, 25.243453810609047], [-111.01366996765839, 25.243453810631618], [-111.01379871323414, 25.243890500618114], [-111.01379871326571, 25.243890500708904], [-111.01379871330587, 25.24389050079624], [-111.01379871335422, 25.243890500879317], [-111.01379871341032, 25.243890500957367], [-111.01379871347368, 25.24389050102967], [-111.01379871354366, 25.243890501095557], [-111.01379871361965, 25.24389050115442], [-111.01379871370095, 25.243890501205716], [-111.0137987137868, 25.243890501248966], [-111.0137987138764, 25.24389050128378], [-111.01379871396892, 25.243890501309824], [-111.01379871406353, 25.243890501326867], [-111.01379871415932, 25.243890501334747], [-111.01379871425544, 25.243890501333393], [-111.01379871435098, 25.243890501322817], [-111.01379871444506, 25.243890501303117], [-111.01379871453682, 25.243890501274475], [-111.01379871462541, 25.243890501237154], [-111.01379871470999, 25.2438905011915], [-111.01379871478981, 25.243890501137937], [-111.01379871486412, 25.243890501076958], [-111.01379871841284, 25.243890497867135], [-111.01462483404248, 25.243143273465876], [-111.01462483406083, 25.24314327345086], [-111.01462483408173, 25.243143273462138], [-111.01513863111211, 25.243453810463695], [-111.01513863119168, 25.24345381050699], [-111.01513863127482, 25.243453810542906], [-111.01513863136088, 25.24345381057115], [-111.01513863144915, 25.243453810591493], [-111.01513863153889, 25.243453810603764], [-111.01513863162937, 25.243453810607868], [-111.01513981816886, 25.243453810607868], [-111.01513981819126, 25.243453810608884], [-111.01513981821087, 25.243453810619542], [-111.02204918859275, 25.24762657668249], [-111.0220491886108, 25.24762657669464], [-111.0220491885896, 25.247626576698657], [-111.01668477144617, 25.248373777699992], [-111.01668477135236, 25.24837377771766], [-111.01668477126066, 25.24837377774419], [-111.01668477117191, 25.248373777779342], [-111.01668477108691, 25.2483737778228], [-111.01668477100645, 25.248373777874157], [-111.01668477093126, 25.248373777932958], [-111.01668477086201, 25.24837377799866], [-111.01668477079934, 25.24837377807066], [-111.01668477074382, 25.248373778148313], [-111.01668477069596, 25.248373778230903], [-111.0166847706562, 25.24837377831768], [-111.01668477062488, 25.248373778407856], [-111.01668477060231, 25.248373778500603], [-111.01668477058868, 25.248373778595084], [-111.01668477058412, 25.248373778690432], [-111.01668477058412, 25.250993797378793], [-111.01668477058293, 25.25099379740252], [-111.01668477055922, 25.250993797405474], [-111.01172804916958, 25.251362536301773], [-111.01172804906997, 25.251362536314232], [-111.01172804897213, 25.251362536336615], [-111.01172804887702, 25.251362536368692], [-111.0117280487856, 25.251362536410145], [-111.0117280486988, 25.251362536460555], [-111.01172804861748, 25.25136253651941], [-111.0117280485425, 25.251362536586118], [-111.01172804847455, 25.251362536660015], [-111.01172804841437, 25.251362536740345], [-111.01172804836254, 25.251362536826303], [-111.0117280483196, 25.25136253691703], [-111.01172804828595, 25.251362537011598], [-111.01172804826196, 25.251362537109067], [-111.01172804824786, 25.251362537208447], [-111.01132035265351, 25.255845535216217], [-111.01132035264943, 25.255845535313828], [-111.01132035265489, 25.25584553541137], [-111.01132035266984, 25.255845535507916], [-111.01132035269414, 25.255845535602543], [-111.01132035272757, 25.255845535694345], [-111.01132035276979, 25.25584553578245], [-111.01132035282039, 25.255845535866012], [-111.01132035287891, 25.255845535944236], [-111.0113203529448, 25.255845536016377], [-111.0113203530174, 25.255845536081747], [-111.01132035309604, 25.25584553613972], [-111.01132035317995, 25.255845536189742], [-111.01132035326836, 25.255845536231337], [-111.01132035336039, 25.255845536264108], [-111.01132035345518, 25.255845536287744], [-111.01132035355182, 25.255845536302015], [-111.01132035364941, 25.255845536306786], [-111.0129725932278, 25.255845536306786], [-111.01297259330725, 25.255845536303624], [-111.0129725933862, 25.255845536294164], [-111.01998925207084, 25.254719950149372], [-111.01998925209054, 25.254719950147013], [-111.01998925211032, 25.254719950146225], [-111.02658748624225, 25.254719950146225], [-111.0265874862627, 25.254719950147244], [-111.02658748624475, 25.25471995015714], [-111.02122307132215, 25.257339831344503], [-111.02122307123547, 25.25733983139229], [-111.02122307115393, 25.257339831448416], [-111.02122307107834, 25.25733983151233], [-111.02122307100944, 25.257339831583398], [-111.02122307094791, 25.257339831660936], [-111.02122307089434, 25.257339831744172], [-111.02122307084926, 25.2573398318323], [-111.02122307081312, 25.25733983192445], [-111.02122307078626, 25.257339832019728], [-111.02122307076895, 25.25733983211719], [-111.02122307076137, 25.257339832215884], [-111.02122307076358, 25.257339832314845], [-111.02122307077556, 25.257339832413106], [-111.0212230707972, 25.257339832509697], [-111.02122307082828, 25.257339832603677], [-111.0212230708685, 25.257339832694125], [-111.02122307091747, 25.25733983278015], [-111.0212230709747, 25.257339832860914], [-111.02122307103964, 25.257339832935624], [-111.02122307111165, 25.25733983300355], [-111.02122307119001, 25.257339833064023], [-111.02122307127397, 25.25733983311645], [-111.02122307136271, 25.257339833160323], [-111.02122307145534, 25.257339833195207], [-111.02122307155098, 25.25733983322076], [-111.02122307164866, 25.257339833236735], [-111.02783203122566, 25.25808697422571], [-111.02783203124699, 25.258086974229183], [-111.02783203122952, 25.25808697424191], [-111.02329373523695, 25.26106578982746], [-111.02329373515627, 25.26106578988638], [-111.02329373508188, 25.261065789953058], [-111.0232937350145, 25.26106579002683], [-111.02329373495483, 25.261065790106954], [-111.02329373490345, 25.26106579019263], [-111.02329373486087, 25.26106579028301], [-111.02329373482752, 25.261065790377184], [-111.02329373480374, 25.261065790474216], [-111.02329373478976, 25.261065790573138], [-111.02329373478571, 25.261065790672962], [-111.02329373479165, 25.26106579077269], [-111.02329373480751, 25.261065790871328], [-111.02329373483313, 25.26106579096789], [-111.02329373486826, 25.261065791061412], [-111.02329373491256, 25.261065791150966], [-111.02329373496555, 25.26106579123565], [-111.02329373502674, 25.26106579131463], [-111.02329373509549, 25.261065791387104], [-111.02329373517115, 25.26106579145236], [-111.02329373525293, 25.261065791509736], [-111.02329373534003, 25.26106579155867], [-111.02329373543158, 25.26106579159867], [-111.02823972699757, 25.262938429766606], [-111.02823972701852, 25.262938429775726]]], [[[-111.02204918861158, 25.329189891602518], [-111.02204918858943, 25.329189891607403], [-111.01545095445921, 25.33030508933714], [-111.0154509544151, 25.330305089342595], [-111.00595593463271, 25.33105178120521], [-111.00595593452563, 25.331051781219486], [-111.00595593442071, 25.33105178124523], [-111.00448608400784, 25.33149785467303], [-111.00448608398551, 25.331497854678627], [-111.00448608398439, 25.331497854655638], [-111.00448608398439, 25.327977708520013], [-111.00448608398547, 25.327977708497166], [-111.00448608400669, 25.327977708488568], [-111.0063636302744, 25.3273182757958], [-111.0063636303158, 25.32731827578324], [-111.01214647291064, 25.32583453906808], [-111.01214647293108, 25.32583453906374], [-111.01214647295183, 25.32583453906288], [-111.01709246620578, 25.32583453906288], [-111.01709246630396, 25.325834539058047], [-111.0170924664012, 25.325834539043598], [-111.01709246649655, 25.325834539019674], [-111.01833701131375, 25.325456328761028], [-111.01833701133695, 25.32545632875521], [-111.01833701135469, 25.32545632877137], [-111.02204918859637, 25.329189891585624], [-111.02204918861158, 25.329189891602518]]]]}}, {"type": "Feature", "id": 4, "properties": {"actividad": "Pesca, Turismo Alternativo y Conservación", "conflictos_potenciales": "Afectación a la biodiversidad por el aprovechamiento de fauna o flora silvestre ", "fragilidad": "baja", "localidad_referencia": "Santa Martha", "nombre": "UGA-85", "poblacion": 0, "politica_ambiental": "Preservación", "presion": "media", "superficie_total": 11360.75, "vulnerabilidad": "media"}, "geometry": {"type": "MultiPolygon", "coordinates": [[[[-110.960540771, 25.222597537], [-110.960540771, 25.222593192], [-110.960540771, 25.222593191], [-110.96054077, 25.222593191], [-110.959178209, 25.223218716], [-110.956013203, 25.223393421], [-110.955047607, 25.22316048], [-110.954489708, 25.215094615], [-110.955916643, 25.212706784], [-110.958116055, 25.212289394], [-110.959693193, 25.212202033], [-110.959693194, 25.212202033], [-110.960540771, 25.21183459], [-110.960540771, 25.211834589], [-110.960540771, 25.211833175], [-110.960540772, 25.211833175], [-110.961238146, 25.211532264], [-110.963115692, 25.21114399], [-110.964574814, 25.209319088], [-110.968458652, 25.210260664], [-110.966098309, 25.212988278], [-110.966098309, 25.212988279], [-110.966044664, 25.216754422], [-110.965508223, 25.218229786], [-110.963287354, 25.218353811], [-110.963287354, 25.218353812], [-110.963287354, 25.218355968], [-110.963287353, 25.218355968], [-110.96203208, 25.218423912], [-110.962032079, 25.218423912], [-110.961195231, 25.220209853], [-110.961334705, 25.222228711], [-110.960540772, 25.222597537], [-110.960540771, 25.222597537]]], [[[-110.963287354, 25.294671869], [-110.963104963, 25.294099557], [-110.963287353, 25.294089856], [-110.963287354, 25.294089856], [-110.963287354, 25.294671869]]], [[[-111.013487577, 25.36512318], [-111.01336956, 25.363484793], [-111.01336956, 25.363484792], [-111.013369559, 25.363484792], [-111.010483504, 25.363077615], [-111.010483503, 25.363077615], [-111.007028818, 25.363853189], [-111.004486084, 25.363988914], [-111.004486084, 25.350056932], [-111.004496813, 25.350124802], [-111.004496814, 25.350124802], [-111.00544095, 25.350066628], [-111.00544095, 25.350066627], [-111.005580425, 25.347458445], [-111.006073951, 25.345402887], [-111.006073951, 25.345402886], [-111.00607395, 25.345402886], [-111.004486084, 25.345499847], [-111.004486084, 25.340506247], [-111.006138324, 25.341650429], [-111.006138324, 25.34165043], [-111.006138325, 25.34165043], [-111.006138325, 25.341650429], [-111.007500887, 25.33839239], [-111.011953353, 25.33842148], [-111.011953353, 25.338421479], [-111.011534929, 25.337005757], [-111.014549732, 25.339139032], [-111.016631126, 25.346246445], [-111.01733923, 25.347361485], [-111.015665531, 25.359888017], [-111.018240452, 25.36512318], [-111.013487577, 25.36512318]]], [[[-111.004486084, 25.285679468], [-111.004486084, 25.25294422], [-111.006020308, 25.252624003], [-111.008906364, 25.253041255], [-111.010901928, 25.254370628], [-111.015043258, 25.259047577], [-111.015043259, 25.259047578], [-111.015043259, 25.259047577], [-111.017811298, 25.257737662], [-111.019849777, 25.259639461], [-111.019184589, 25.263724347], [-111.019538641, 25.268905453], [-111.019538641, 25.268905454], [-111.019538642, 25.268905454], [-111.021384001, 25.267935226], [-111.02434516, 25.264878958], [-111.027413607, 25.263258619], [-111.030288934, 25.263375051], [-111.030288935, 25.263375051], [-111.031050682, 25.260735893], [-111.034677029, 25.257922021], [-111.043474674, 25.256553874], [-111.04618907, 25.285679468], [-111.004486084, 25.285679468]]]]}}, {"type": "Feature", "id": 5, "properties": {"actividad": "Pesca, Turismo Alternativo y Conservación", "conflictos_potenciales": "Afectación a la biodiversidad por el aprovechamiento de fauna o flora silvestre ", "fragilidad": "baja", "localidad_referencia": "Santa Martha", "nombre": "UGA-85", "poblacion": 0, "politica_ambiental": "Preservación", "presion": "media", "superficie_total": 11360.75, "vulnerabilidad": "media"}, "geometry": {"type": "MultiPolygon", "coordinates": [[[[-111.00723266601456, 25.25279866691315], [-111.00723266601564, 25.252798666936016], [-111.00723266601564, 25.285679468405345], [-111.00723266601449, 25.28567946842871], [-111.00723266599111, 25.28567946842986], [-110.97143054011183, 25.28567946842986], [-110.97143054008525, 25.285679468428427], [-110.97143054006176, 25.28567946841605], [-110.97076535251232, 25.28528173107006], [-110.97076535242482, 25.28528173102347], [-110.97076535233313, 25.28528173098577], [-110.97076535223816, 25.28528173095733], [-110.97076535214086, 25.285281730938433], [-110.97076535204215, 25.285281730929263], [-110.97076535194302, 25.28528173092991], [-110.96886634829168, 25.2853884411049], [-110.96886634826737, 25.28538844110504], [-110.96886634825637, 25.285388441083402], [-110.9677290916545, 25.282846772824726], [-110.96772909164572, 25.282846772802163], [-110.96772909166167, 25.282846772784094], [-110.96891999242928, 25.281624424823423], [-110.9689199924472, 25.28162442480678], [-110.96891999246999, 25.281624424815334], [-110.97187042192249, 25.282904979350825], [-110.97187042201563, 25.282904979385847], [-110.97187042211178, 25.282904979411445], [-110.97187042221, 25.28290497942736], [-110.97187042230932, 25.282904979433436], [-110.97187042240874, 25.28290497942961], [-110.97187042250731, 25.28290497941592], [-110.97187042260401, 25.28290497939251], [-110.97187042269792, 25.282904979359596], [-110.97187042278809, 25.282904979317518], [-110.97370505330811, 25.281934863569884], [-110.97370505332921, 25.281934863559997], [-110.97370505334506, 25.281934863576996], [-110.97509980159894, 25.283584055619855], [-110.97509980166421, 25.28358405568993], [-110.97509980173588, 25.28358405575344], [-110.9750998018133, 25.2835840558098], [-110.97509980189575, 25.2835840558585], [-110.9750998019825, 25.28358405589909], [-110.9750998020727, 25.283584055931197], [-110.97509980216559, 25.283584055954528], [-110.97509980226026, 25.283584055968866], [-110.97509980235589, 25.283584055974085], [-110.97509980245157, 25.28358405597013], [-110.97509980254642, 25.283584055957046], [-110.9750998026396, 25.28358405593494], [-110.97634434663672, 25.283225116218972], [-110.97634434673434, 25.283225116185275], [-110.97634434682794, 25.283225116141686], [-110.97634434691658, 25.283225116088676], [-110.97634434699926, 25.28322511602681], [-110.97634434707511, 25.283225115956746], [-110.97634434714334, 25.283225115879233], [-110.97634434720322, 25.283225115795098], [-110.97806096075658, 25.280528181622653], [-110.97806096077014, 25.2805281816035], [-110.97806096079252, 25.28052818161089], [-110.98002433774677, 25.281284881500888], [-110.9800243377681, 25.28128488151027], [-110.98002433778841, 25.281284881521568], [-110.98301768257322, 25.283137805941504], [-110.98301768265934, 25.28313780598912], [-110.98301768274972, 25.28313780602804], [-110.9830176828435, 25.283137806057887], [-110.98301768293975, 25.283137806078376], [-110.98301768303754, 25.2831378060893], [-110.98301768313594, 25.28313780609056], [-110.983017683234, 25.28313780608215], [-110.98301768333073, 25.283137806064136], [-110.98301768342525, 25.283137806036702], [-110.9830176835166, 25.283137806000113], [-110.98517417809337, 25.28214829019203], [-110.98517417817948, 25.28214829014734], [-110.98517417826085, 25.282148290094515], [-110.98517417833673, 25.28214829003406], [-110.98517417840638, 25.28214828996653], [-110.98517417846917, 25.28214828989257], [-110.98517417852449, 25.282148289812877], [-110.98517417857184, 25.282148289728195], [-110.98517417861075, 25.282148289639327], [-110.98517417864086, 25.282148289547102], [-110.9851741786619, 25.282148289452397], [-110.98517417867366, 25.282148289356098], [-110.98517417867603, 25.282148289259112], [-110.98517417866901, 25.282148289162354], [-110.98517417865263, 25.28214828906673], [-110.98517417862706, 25.282148288973143], [-110.98517417859256, 25.282148288882475], [-110.98517417854941, 25.28214828879558], [-110.98407983799527, 25.280188635589116], [-110.98407983794472, 25.280188635507972], [-110.98407983788665, 25.280188635432026], [-110.98407983782161, 25.280188635361974], [-110.98407983775016, 25.28018863529845], [-110.98407983767298, 25.28018863524204], [-110.98407983759076, 25.28018863519326], [-110.98407983750427, 25.28018863515255], [-110.98407983741427, 25.280188635120286], [-110.98245978357716, 25.27969386598422], [-110.982459783555, 25.279693865976274], [-110.9824597835467, 25.279693865954044], [-110.98164439202084, 25.277142376800903], [-110.981644392015, 25.277142376779132], [-110.98164439203738, 25.27714237677668], [-110.98227739331617, 25.27710357044606], [-110.98227739334077, 25.27710357044578], [-110.98227739336254, 25.27710357045735], [-110.98625779062277, 25.279480434941803], [-110.98625779071183, 25.27948043498907], [-110.9862577908052, 25.27948043502712], [-110.98625779090193, 25.27948043505558], [-110.98625779100104, 25.279480435074152], [-110.9862577911015, 25.279480435082654], [-110.9862577912023, 25.27948043508099], [-110.98625779130245, 25.27948043506919], [-110.98625779140087, 25.27948043504736], [-110.98625779149661, 25.27948043501573], [-110.98625779158868, 25.279480434974626], [-110.98625779167614, 25.279480434924455], [-110.9862577917581, 25.279480434865732], [-110.98625779183374, 25.279480434799055], [-110.98625779190228, 25.2794804347251], [-110.98625779196301, 25.279480434644622], [-110.98625779201534, 25.27948043455844], [-110.98738431898131, 25.277394618244234], [-110.98738431902426, 25.277394618154233], [-110.98738431905804, 25.277394618060402], [-110.98738431908231, 25.277394617963676], [-110.98738431909682, 25.277394617865014], [-110.98738431910142, 25.2773946177654], [-110.9873843190961, 25.277394617665816], [-110.98738431908087, 25.27739461756726], [-110.9873843190559, 25.277394617470712], [-110.98738431902144, 25.277394617377134], [-110.98738431897785, 25.27739461728745], [-110.98738431892552, 25.277394617202553], [-110.987384318865, 25.277394617123292], [-110.98668694504812, 25.27656998220111], [-110.98668694498782, 25.27656998213592], [-110.986686944922, 25.276569982076335], [-110.98668694485113, 25.276569982022828], [-110.98435878755697, 25.274969202996722], [-110.98435878753871, 25.27496920298278], [-110.9843587875575, 25.27496920296959], [-110.98588228196763, 25.274008725559273], [-110.98588228204484, 25.27400872550536], [-110.98588228211663, 25.274008725444425], [-110.98588228218237, 25.274008725377005], [-110.98588228224148, 25.2740087253037], [-110.98588228229343, 25.274008725225162], [-110.98588228233776, 25.274008725142085], [-110.98588228237408, 25.274008725055204], [-110.98641872354098, 25.272534039319833], [-110.98641872357013, 25.27253403922543], [-110.98641872358982, 25.272534039128608], [-110.98641872359985, 25.272534039030315], [-110.98641872360015, 25.272534038931514], [-110.98641872359069, 25.272534038833165], [-110.98641872357157, 25.272534038736232], [-110.98641872354297, 25.272534038641655], [-110.9864187235052, 25.272534038550365], [-110.98641872345858, 25.272534038463245], [-110.9864187234036, 25.272534038381153], [-110.98641872334079, 25.272534038304887], [-110.98641872327076, 25.272534038235193], [-110.98641872319419, 25.272534038172747], [-110.98641872311183, 25.272534038118163], [-110.98641872302449, 25.27253403807197], [-110.98641872293302, 25.272534038034625], [-110.98641872283831, 25.27253403800649], [-110.98641872274128, 25.272534037987835], [-110.98641872264288, 25.272534037978847], [-110.98641872254409, 25.272534037979614], [-110.98387599000475, 25.272679567054713], [-110.98387598991455, 25.272679567063992], [-110.98387598982556, 25.272679567081408], [-110.98232030877872, 25.273057942054862], [-110.98232030868685, 25.273057942081927], [-110.98232030859798, 25.27305794211766], [-110.98016381273028, 25.27404753265749], [-110.98016381263999, 25.274047532704632], [-110.98016381255496, 25.27404753276071], [-110.97803950311706, 25.275609517148943], [-110.97803950309742, 25.27560951716196], [-110.97803950307546, 25.275609517152976], [-110.9763979914035, 25.274843080198494], [-110.97639799131417, 25.27484308016193], [-110.97639799122175, 25.274843080134143], [-110.97639799112706, 25.274843080115403], [-110.97639799103102, 25.27484308010587], [-110.9763979909345, 25.274843080105647], [-110.97576498987861, 25.27487218538673], [-110.97576498985335, 25.274872185386595], [-110.97576498983284, 25.27487218537188], [-110.97475647935443, 25.274066936429925], [-110.97475647925974, 25.274066936362924], [-110.97475647915792, 25.274066936307346], [-110.97311496736883, 25.273290787666628], [-110.9731149673482, 25.273290787655572], [-110.97311496736367, 25.273290787637965], [-110.97459554670658, 25.271767581416103], [-110.97459554672297, 25.271767581400702], [-110.97459554674433, 25.271767581394062], [-110.97740650174659, 25.271030226287486], [-110.97740650179398, 25.271030226277478], [-110.98023891434946, 25.270574228133597], [-110.98023891444153, 25.270574228114288], [-110.98023891453138, 25.270574228086417], [-110.98023891461823, 25.270574228050222], [-110.983006952325, 25.269264437488722], [-110.98300695241088, 25.26926443744284], [-110.98300695249189, 25.269264437388827], [-110.98300695256727, 25.269264437327188], [-110.98300695263629, 25.269264437258514], [-110.98300695269829, 25.269264437183452], [-110.98300695275272, 25.269264437102716], [-110.98300695279903, 25.269264437017068], [-110.98300695283679, 25.269264436927322], [-110.98300695286565, 25.26926443683433], [-110.98300695288532, 25.269264436738975], [-110.98300695289564, 25.269264436642157], [-110.98300695289647, 25.269264436544795], [-110.98300695288785, 25.26926443644781], [-110.98300695286983, 25.269264436352124], [-110.9830069528426, 25.26926443625865], [-110.98300695280639, 25.26926443616826], [-110.98300695276157, 25.269264436081823], [-110.98300695270856, 25.269264436000153], [-110.98300695264786, 25.26926443592403], [-110.98300695258004, 25.269264435854165], [-110.98300695250575, 25.26926443579123], [-110.98300695242568, 25.269264435735817], [-110.98300695234062, 25.269264435688456], [-110.98037838946901, 25.26796433333503], [-110.98037838935605, 25.267964333287534], [-110.98037838923813, 25.26796433325421], [-110.97618341459207, 25.267052312219175], [-110.97618341450331, 25.267052312204026], [-110.97618341441354, 25.267052312196924], [-110.9761834143235, 25.267052312197926], [-110.97428441050187, 25.26715903841515], [-110.97428441047751, 25.267159038415294], [-110.9742844104665, 25.267159038393576], [-110.973908901414, 25.266314928875207], [-110.97390890136819, 25.266314928784855], [-110.97390890131348, 25.2663149286996], [-110.97390890125041, 25.266314928620318], [-110.97390890117966, 25.26631492854782], [-110.97390890110192, 25.26631492848286], [-110.97390890101802, 25.26631492842609], [-110.9739089009288, 25.266314928378105], [-110.97390890083518, 25.266314928339394], [-110.97390890073814, 25.266314928310347], [-110.9719669819789, 25.26583950759545], [-110.97196698188719, 25.265839507577496], [-110.97196698179421, 25.265839507568177], [-110.96941351895974, 25.26570367270439], [-110.96941351885152, 25.2657036727045], [-110.96624851229001, 25.26587831750736], [-110.96624851226812, 25.26587831750761], [-110.96624851224638, 25.265878317505948], [-110.96463918688359, 25.26568426771039], [-110.96463918685959, 25.26568426770629], [-110.96463918683904, 25.26568426769334], [-110.96196770670008, 25.263811671201648], [-110.96196770668267, 25.263811671188147], [-110.96196770670323, 25.263811671180445], [-110.96414566038256, 25.263113078565908], [-110.96414566040055, 25.263113078560878], [-110.96414566041895, 25.2631130785572], [-110.96697807295855, 25.262657050674772], [-110.96697807306418, 25.262657050651846], [-110.96697807316673, 25.262657050617655], [-110.96697807326498, 25.262657050572596], [-110.9688234327814, 25.261686772871894], [-110.96882343287187, 25.261686772818067], [-110.96882343295617, 25.261686772755027], [-110.96882343303338, 25.261686772683476], [-110.97060441969208, 25.25985292650069], [-110.97060441970874, 25.25985292648505], [-110.97060441973134, 25.259852926482665], [-110.9740805615769, 25.25964916413235], [-110.97408056167546, 25.259649164121647], [-110.9740805617725, 25.259649164101237], [-110.97408056186703, 25.259649164071316], [-110.97408056195813, 25.259649164032183], [-110.9740805620449, 25.25964916398422], [-110.9740805621265, 25.2596491639279], [-110.97408056220213, 25.259649163863777], [-110.97408056227104, 25.259649163792478], [-110.97408056233253, 25.259649163714705], [-110.97408056238604, 25.259649163631227], [-110.974080562431, 25.25964916354286], [-110.974080562467, 25.259649163450472], [-110.97408056249367, 25.259649163354975], [-110.97408056251075, 25.259649163257308], [-110.97408056251808, 25.25964916315843], [-110.97408056251558, 25.259649163059308], [-110.97403764725905, 25.259076687054034], [-110.97403764724594, 25.259076686951136], [-110.97403764722225, 25.25907668685015], [-110.97403764718821, 25.259076686752163], [-110.97288966190925, 25.256253073847137], [-110.97288966186561, 25.25625307375386], [-110.9728896618126, 25.25625307366557], [-110.97288966175078, 25.256253073583196], [-110.97288966168084, 25.256253073507615], [-110.97288966160349, 25.256253073439634], [-110.97288966151955, 25.256253073379966], [-110.97122669222058, 25.25519541455156], [-110.97122669220546, 25.25519541454087], [-110.97122669222333, 25.255195414545028], [-110.9754431247164, 25.256398622220217], [-110.97544312482724, 25.256398622245136], [-110.9767305850732, 25.256612093320072], [-110.97673058509776, 25.256612093325447], [-110.97673058511826, 25.256612093340195], [-110.97942352245808, 25.258766189280752], [-110.9794235225409, 25.25876618934034], [-110.97942352262938, 25.258766189391178], [-110.97942352272256, 25.258766189432734], [-110.9794235228195, 25.25876618946458], [-110.97942352291918, 25.258766189486384], [-110.97942352302056, 25.258766189497912], [-110.97942352312259, 25.258766189499053], [-110.9794235232242, 25.25876618948979], [-110.97942352332434, 25.258766189470222], [-110.97942352342197, 25.25876618944055], [-110.97942352351606, 25.258766189401083], [-110.98281383371038, 25.257136066912484], [-110.9828138337949, 25.257136066866718], [-110.98281383387464, 25.25713606681305], [-110.98281383394885, 25.25713606675198], [-110.98281383401687, 25.25713606668406], [-110.98281383407804, 25.257136066609927], [-110.98281383413182, 25.257136066530265], [-110.98281383417769, 25.257136066445806], [-110.98281383421525, 25.257136066357333], [-110.98281383424414, 25.257136066265662], [-110.9828138342641, 25.257136066171643], [-110.98281383427494, 25.25713606607614], [-110.98281383427656, 25.25713606598004], [-110.98281383426895, 25.257136065884225], [-110.98281383425217, 25.257136065789588], [-110.98281383422639, 25.257136065696994], [-110.98281383419183, 25.257136065607305], [-110.98281383414883, 25.257136065521347], [-110.98281383409777, 25.257136065439916], [-110.98281383403912, 25.257136065363763], [-110.98281383397345, 25.257136065293594], [-110.98281383390133, 25.25713606523005], [-110.98078608514695, 25.255515624216947], [-110.98078608512974, 25.255515624201838], [-110.98078608512317, 25.255515624180042], [-110.980356931754, 25.25380782984069], [-110.98035693172811, 25.25380782975434], [-110.98035693169456, 25.253807829670674], [-110.9803569316536, 25.253807829590368], [-110.98035693160557, 25.253807829514077], [-110.98035693155087, 25.253807829442422], [-110.98035693148995, 25.25380782937598], [-110.97898364068774, 25.25243963588397], [-110.97898364067184, 25.252439635866537], [-110.97898364066573, 25.252439635843555], [-110.97806096077504, 25.24815058837999], [-110.97806096077107, 25.248150588355514], [-110.97806096078985, 25.248150588339364], [-110.97926259038942, 25.24721901052318], [-110.97926259040834, 25.247219010509912], [-110.97926259042691, 25.24721901052344], [-110.98127961103134, 25.248839562762157], [-110.98127961110839, 25.248839562818244], [-110.98127961119044, 25.248839562866735], [-110.98127961127673, 25.2488395629072], [-110.98127961136647, 25.248839562939263], [-110.98127961145887, 25.24883956296264], [-110.98127961155308, 25.248839562977114], [-110.98127961164822, 25.248839562982553], [-110.98127961174346, 25.24883956297891], [-110.98127961183792, 25.24883956296622], [-110.98127961193073, 25.248839562944596], [-110.98127961202107, 25.24883956291423], [-110.98127961210811, 25.248839562875403], [-110.98127961219106, 25.24883956282847], [-110.98280310606118, 25.247878879043274], [-110.98280310613873, 25.247878878989088], [-110.98280310621081, 25.247878878927814], [-110.98280310627676, 25.247878878860007], [-110.98280310633602, 25.247878878786267], [-110.98280310638806, 25.247878878707258], [-110.98280310643239, 25.247878878623688], [-110.98308205603507, 25.247286938323487], [-110.98308205604592, 25.247286938303134], [-110.98308205606364, 25.247286938317902], [-110.98545312878693, 25.24947031138451], [-110.98545312884431, 25.249470311433488], [-110.98647236772898, 25.2502757231791], [-110.98647236780727, 25.25027572323506], [-110.98647236789057, 25.25027572328324], [-110.98647236797812, 25.25027572332319], [-110.98647236806912, 25.250275723354537], [-110.9864723681627, 25.250275723376994], [-110.98647236825799, 25.25027572339035], [-110.98647236835414, 25.250275723394484], [-110.98647236845024, 25.250275723389358], [-110.9864723685454, 25.25027572337502], [-110.98647236863874, 25.2502757233516], [-110.9864723687294, 25.250275723319312], [-110.98647236881654, 25.250275723278467], [-110.98830699918568, 25.24930534682326], [-110.98830699920663, 25.249305346813422], [-110.98830699922868, 25.249305346820748], [-110.98961591658728, 25.249809943462008], [-110.98961591667988, 25.24980994349261], [-110.98961591677504, 25.249809943514045], [-110.98961591687181, 25.24980994352611], [-110.9896159169693, 25.249809943528692], [-110.98961591706659, 25.249809943521765], [-110.98961591716272, 25.24980994350539], [-110.98961591725683, 25.249809943479733], [-110.98961591734796, 25.24980994344503], [-110.9896159174353, 25.249809943401612], [-110.98961591751798, 25.249809943349895], [-110.98961591759524, 25.249809943290366], [-110.98961591766633, 25.249809943223596], [-110.99109649656485, 25.24827673899039], [-110.99109649658214, 25.24827673897416], [-110.99109649660127, 25.248276738987947], [-110.9921050068776, 25.249082158823686], [-110.99210500696111, 25.249082158883617], [-110.99210500705033, 25.249082158934662], [-110.99210500714432, 25.249082158976275], [-110.99210500724209, 25.249082159008022], [-110.9921050073426, 25.249082159029566], [-110.99210500744479, 25.249082159040675], [-110.99210500754758, 25.249082159041237], [-110.99273800847847, 25.24905304758312], [-110.99273800849912, 25.24905304758303], [-110.99273800851975, 25.249053047584653], [-110.99434733388486, 25.249247123956675], [-110.99434733390773, 25.249247123960522], [-110.99434733392759, 25.249247123972467], [-110.99634289739878, 25.250576538797453], [-110.99634289741473, 25.250576538809003], [-110.99634289742963, 25.25057653882168], [-110.99871397016688, 25.252759852780244], [-110.99871397018345, 25.252759852797016], [-110.99871397019463, 25.25275985281767], [-111.00020527772571, 25.255855238197842], [-111.00020527777336, 25.25585523828532], [-111.0002052778295, 25.255855238367623], [-111.00020527789351, 25.255855238443935], [-111.00020527796482, 25.255855238513497], [-111.0002052780427, 25.25585523857562], [-111.00020527812636, 25.25585523862969], [-111.00020527821499, 25.255855238675164], [-111.00020527830772, 25.255855238711593], [-111.0002052784036, 25.25585523873862], [-111.00020527850168, 25.25585523875597], [-111.00020527860102, 25.255855238763477], [-111.0002052787006, 25.25585523876106], [-111.00020527879946, 25.25585523874875], [-111.0002052788966, 25.255855238726667], [-111.00020527899106, 25.255855238695027], [-111.0002052790819, 25.255855238654146], [-111.00020527916823, 25.255855238604433], [-111.00020527924917, 25.255855238546374], [-111.00020527932395, 25.25585523848055], [-111.00020527939179, 25.255855238407612], [-111.00225448606876, 25.25341969109762], [-111.00225448608458, 25.25341969108052], [-111.00225448610722, 25.253419691074605], [-111.0060203075194, 25.252624003297612], [-111.00602030754095, 25.25262400329404], [-111.00602030756265, 25.252624003296205], [-111.0072326659921, 25.252798666908816], [-111.00723266601456, 25.25279866691315]]], [[[-111.00723266601469, 25.339032368943638], [-111.00723266601564, 25.33903236896322], [-111.00723266601564, 25.363804715609255], [-111.00723266601454, 25.363804715632092], [-111.00723266599238, 25.363804715638494], [-111.00702881815218, 25.36385318882568], [-111.00702881813037, 25.36385318882985], [-111.00702881810828, 25.36385318883206], [-111.00386381177574, 25.36402769216666], [-111.00386381168424, 25.364027692175938], [-111.00386381159399, 25.364027692193588], [-111.00386381150572, 25.36402769221945], [-111.00386381142022, 25.364027692253316], [-111.00386381133818, 25.364027692294894], [-111.00386381126032, 25.364027692343832], [-111.00228667261302, 25.365123179673684], [-111.00228667259177, 25.3651231796869], [-111.00228667256685, 25.36512317968816], [-110.99770545961887, 25.36512317968816], [-110.99770545959593, 25.36512317968705], [-110.99770545959647, 25.365123179664216], [-110.99780201911753, 25.363795021015093], [-110.99780201912037, 25.363795020991724], [-110.99780201914008, 25.3637950209788], [-111.00269436682102, 25.360915678839334], [-111.00269436690165, 25.36091567878648], [-111.00269436697683, 25.36091567872611], [-111.00269436704585, 25.360915678658774], [-111.00269436710805, 25.360915678585112], [-111.00269436716287, 25.360915678505798], [-111.0026943672098, 25.360915678421573], [-111.0026943672484, 25.36091567833322], [-111.00269436727831, 25.36091567824156], [-111.00269436729926, 25.36091567814745], [-111.00269436731105, 25.360915678051754], [-111.00269436731355, 25.360915677955372], [-111.00269436730677, 25.360915677859193], [-111.00269436729077, 25.360915677764115], [-111.00269436726568, 25.36091567767102], [-111.00269436723174, 25.360915677580778], [-111.00269436718926, 25.36091567749422], [-111.00269436713864, 25.360915677412155], [-111.00269436708037, 25.36091567733535], [-111.00269436701497, 25.360915677264508], [-111.00269436694305, 25.3609156772003], [-111.00269436686527, 25.360915677143314], [-111.00269436678236, 25.360915677094084], [-111.00170731581314, 25.36039215383842], [-111.00170731572379, 25.36039215379654], [-111.00170731563075, 25.36039215376367], [-111.00170731553492, 25.36039215374013], [-111.00170731543724, 25.36039215372615], [-111.00170731533866, 25.360392153721865], [-111.00170731524014, 25.360392153727314], [-111.00170731514262, 25.360392153742453], [-111.00170731504708, 25.360392153767123], [-110.99828481676485, 25.36145858960757], [-110.99828481674199, 25.36145858961351], [-110.99828481671959, 25.361458589606087], [-110.99697589875865, 25.360954457425056], [-110.99697589872646, 25.36095445741329], [-110.99339246752267, 25.359713507679984], [-110.99339246749986, 25.359713507670772], [-110.99339246749308, 25.35971350764696], [-110.9929311277692, 25.357716328380068], [-110.99293112774282, 25.357716328286738], [-110.99293112770751, 25.357716328196403], [-110.99293112766362, 25.357716328109912], [-110.99293112761157, 25.357716328028083], [-110.99293112755183, 25.357716327951678], [-110.99293112748495, 25.35771632788142], [-110.99293112741161, 25.357716327817972], [-110.99293112733244, 25.357716327761928], [-110.99293112724823, 25.357716327713817], [-110.99293112715975, 25.357716327674087], [-110.99293112706785, 25.357716327643118], [-110.99293112697336, 25.357716327621198], [-110.99293112687721, 25.357716327608532], [-110.99293112678028, 25.357716327605242], [-110.99293112668349, 25.357716327611357], [-110.99293112658773, 25.35771632762682], [-110.99105358156412, 25.35811382702404], [-110.99105358147513, 25.3581138270472], [-110.99105358138866, 25.358113827078437], [-110.99105358130541, 25.358113827117485], [-110.9910535812261, 25.358113827164015], [-110.99105358115139, 25.358113827217633], [-110.99105358108193, 25.358113827277887], [-110.9910535810183, 25.358113827344265], [-110.9883928299102, 25.361158049502965], [-110.98839282989435, 25.361158049519485], [-110.98839282987474, 25.361158049530996], [-110.98471283914863, 25.36309700471832], [-110.98471283912734, 25.363097004728218], [-110.98471283912015, 25.36309700470608], [-110.98386526111189, 25.359965576745765], [-110.98386526108577, 25.359965576663548], [-110.98386526105269, 25.35996557658389], [-110.98386526101284, 25.359965576507378], [-110.98241686822197, 25.3574545586556], [-110.98241686821108, 25.357454558634426], [-110.98241686821585, 25.357454558611114], [-110.98316788672803, 25.35451689226867], [-110.983167886735, 25.354516892246014], [-110.98316788675585, 25.354516892234674], [-110.98655819886395, 25.352878360873877], [-110.9865581989885, 25.35287836080222], [-110.9926307201042, 25.348777087299613], [-110.99263072017096, 25.348777087250365], [-110.99534511564343, 25.346595502132207], [-110.99534511566188, 25.34659550211875], [-110.99534511568432, 25.346595502123623], [-110.99890708921093, 25.347545708484404], [-110.99890708923284, 25.347545708491356], [-110.99890708924927, 25.34754570850735], [-111.00096702410053, 25.34974666627963], [-111.00096702417112, 25.34974666634798], [-111.00096702424807, 25.34974666640907], [-111.00096702433063, 25.34974666646232], [-111.00096702441803, 25.349746666507208], [-111.00096702450942, 25.349746666543304], [-111.00096702460391, 25.349746666570255], [-111.00096702470057, 25.349746666587805], [-111.0009670247985, 25.349746666595784], [-111.00096702489674, 25.34974666659411], [-111.00096702499434, 25.34974666658281], [-111.00096702509036, 25.349746666561984], [-111.00096702518388, 25.349746666531836], [-111.00096702527398, 25.349746666492653], [-111.0009670253598, 25.349746666444823], [-111.00096702544052, 25.349746666388796], [-111.00096702551535, 25.34974666632512], [-111.00096702558356, 25.34974666625441], [-111.00096702564451, 25.349746666177346], [-111.0009670256976, 25.349746666094674], [-111.00096702574233, 25.34974666600719], [-111.00096702577825, 25.349746665915738], [-111.00096702580502, 25.349746665821204], [-111.00096702582239, 25.3497466657245], [-111.00096702583019, 25.349746665626554], [-111.00106358528065, 25.346556718049992], [-111.00106358528252, 25.346556718026456], [-111.00106358530584, 25.346556718021592], [-111.00389599797674, 25.346110700075766], [-111.00389599800015, 25.346110700073258], [-111.00389599800475, 25.34611070009628], [-111.00449681268478, 25.350124801537433], [-111.00449681270423, 25.350124801634376], [-111.00449681273317, 25.350124801728928], [-111.0044968127713, 25.350124801820158], [-111.00449681281825, 25.350124801907178], [-111.00449681287357, 25.350124801989132], [-111.00449681293671, 25.350124802065228], [-111.00449681300705, 25.350124802134715], [-111.00449681308392, 25.350124802196913], [-111.00449681316654, 25.35012480225122], [-111.00449681325414, 25.3501248022971], [-111.00449681334582, 25.3501248023341], [-111.00449681344072, 25.350124802361872], [-111.0044968135379, 25.350124802380133], [-111.00449681363641, 25.350124802388706], [-111.00449681373527, 25.350124802387512], [-111.00544094950422, 25.35006662805339], [-111.00544094960065, 25.350066628042732], [-111.0054409496956, 25.350066628022784], [-111.00544094978815, 25.350066627993726], [-111.00544094987747, 25.350066627955833], [-111.00544094996269, 25.350066627909467], [-111.00544095004301, 25.35006662785506], [-111.00544095011769, 25.350066627793126], [-111.00544095018601, 25.350066627724246], [-111.00544095024733, 25.35006662764907], [-111.0054409503011, 25.350066627568307], [-111.00544095034677, 25.350066627482715], [-111.00544095038393, 25.350066627393097], [-111.00544095041224, 25.3500666273003], [-111.00544095043142, 25.350066627205198], [-111.00544095044128, 25.350066627108685], [-111.00558042526124, 25.34745844497408], [-111.0055804252635, 25.347458444951226], [-111.0055804252678, 25.347458444928943], [-111.00607395140567, 25.345402886910104], [-111.00607395142389, 25.345402886813552], [-111.00607395143254, 25.34540288671568], [-111.00607395143155, 25.34540288661743], [-111.00607395142092, 25.345402886519746], [-111.00607395140075, 25.34540288642358], [-111.00607395137125, 25.34540288632986], [-111.0060739513327, 25.345402886239487], [-111.00607395128544, 25.345402886153334], [-111.00607395122998, 25.345402886072232], [-111.00607395116681, 25.345402885996968], [-111.00607395109657, 25.345402885928262], [-111.00607395101993, 25.345402885866786], [-111.00607395093762, 25.345402885813126], [-111.00607395085044, 25.3454028857678], [-111.00607395075923, 25.34540288573125], [-111.00607395066488, 25.34540288570383], [-111.0060739505683, 25.345402885685797], [-111.00607395047041, 25.345402885677334], [-111.00607395037215, 25.345402885678517], [-111.00417494776309, 25.345519238943393], [-111.00417494773913, 25.345519238943687], [-111.00417494772202, 25.345519238927114], [-111.00211501153497, 25.343318202801594], [-111.00211501146516, 25.343318202733926], [-111.00211501138912, 25.343318202673355], [-111.00211501130755, 25.343318202620456], [-111.00211501122122, 25.343318202575723], [-111.00211501113097, 25.34331820253959], [-111.00211501103763, 25.343318202512386], [-111.00211501094209, 25.343318202494377], [-111.00211501084526, 25.34331820248573], [-111.00211501074804, 25.343318202486525], [-110.99768400194691, 25.343570305584564], [-110.99768400192366, 25.343570305584755], [-110.99768400192089, 25.343570305561713], [-110.99743723870797, 25.340118386570225], [-110.99743723869555, 25.34011838646921], [-110.99743723867294, 25.340118386369976], [-110.99743723864036, 25.34011838627356], [-110.99743723859814, 25.34011838618095], [-110.99670767828636, 25.338712380660436], [-110.9967076782381, 25.338712380577437], [-110.99670767818209, 25.338712380499448], [-110.99670767811888, 25.33871238042719], [-110.99670767804902, 25.338712380361326], [-110.99670767797316, 25.338712380302464], [-110.99670767789202, 25.33871238025115], [-110.99670767780633, 25.338712380207852], [-110.99670767771687, 25.33871238017297], [-110.9967076776245, 25.33871238014683], [-110.99670767753003, 25.33871238012967], [-110.99670767743436, 25.33871238012165], [-110.99670767733835, 25.33871238012284], [-110.99670767724291, 25.338712380133227], [-110.99670767714889, 25.338712380152725], [-110.99670767705719, 25.33871238018115], [-110.99670767696863, 25.338712380218233], [-110.99393963816078, 25.340031117456107], [-110.99393963813777, 25.340031117465667], [-110.99393963811417, 25.340031117457926], [-110.98935842516353, 25.338266332936758], [-110.98935842514183, 25.338266332927137], [-110.98935842514733, 25.33826633290408], [-110.99013090133005, 25.33561910788053], [-110.99013090133751, 25.33561910785883], [-110.99013090136036, 25.335619107856495], [-110.99298477162567, 25.335463957344828], [-110.9929847717277, 25.335463957334007], [-110.9929847718281, 25.335463957312786], [-110.9957957267489, 25.334717292693966], [-110.99579572680402, 25.3347172926826], [-110.99893927571662, 25.334251837069576], [-110.99893927574094, 25.33425183706722], [-110.99893927575381, 25.334251837087802], [-111.00112795818468, 25.33817906249194], [-111.0011279582327, 25.33817906256954], [-111.0011279582876, 25.33817906264245], [-111.0011279583489, 25.338179062710047], [-111.00112795841613, 25.338179062771772], [-111.0011279584887, 25.338179062827113], [-111.00613832372194, 25.34165042938137], [-111.00613832380591, 25.341650429433603], [-111.00613832389463, 25.341650429477284], [-111.00613832398723, 25.34165042951199], [-111.00613832408281, 25.341650429537378], [-111.00613832418043, 25.3416504295532], [-111.00613832427914, 25.34165042955931], [-111.00613832437796, 25.341650429555635], [-111.00613832447593, 25.341650429542216], [-111.0061383245721, 25.341650429519188], [-111.00613832466553, 25.341650429486773], [-111.0061383247553, 25.34165042944529], [-111.00613832484053, 25.34165042939514], [-111.0061383249204, 25.341650429336823], [-111.00613832499411, 25.3416504292709], [-111.00613832506096, 25.341650429198015], [-111.00613832512028, 25.34165042911889], [-111.00613832517148, 25.34165042903429], [-111.00613832521408, 25.341650428945044], [-111.0072326660062, 25.33903236896141], [-111.00723266601469, 25.339032368943638]]], [[[-111.01449608802665, 25.322925198584272], [-111.0144960880238, 25.322925198607052], [-111.01418495178649, 25.32470960234261], [-111.01418495178123, 25.3247096023659], [-111.01418495175758, 25.324709602369744], [-111.00882053377731, 25.32531086293302], [-111.00882053375292, 25.325310862934526], [-111.00882053373488, 25.325310862918137], [-111.00745797181517, 25.32394347594623], [-111.00745797174542, 25.323943475882558], [-111.00745797167, 25.32394347582575], [-111.00745797158953, 25.32394347577631], [-111.00745797150476, 25.32394347573468], [-111.00745797141646, 25.32394347570123], [-111.00745797132538, 25.323943475676263], [-111.00745797123236, 25.32394347566], [-111.00584864675345, 25.323739821038792], [-111.00584864665629, 25.323739821031282], [-111.00584864655887, 25.323739821033268], [-111.00584864646211, 25.32373982104472], [-111.00584864636691, 25.32373982106554], [-111.0058486462742, 25.323739821095526], [-111.00584864618484, 25.323739821134392], [-111.0058486460997, 25.32373982118177], [-111.00584864601956, 25.32373982123721], [-111.0058486459452, 25.32373982130019], [-111.00584864587732, 25.323739821370104], [-111.00584864581658, 25.323739821446296], [-111.00448608399854, 25.32563088748519], [-111.00448608398541, 25.32563088750168], [-111.00448608398439, 25.325630887480695], [-111.00448608398439, 25.322925198607678], [-111.00448608398554, 25.32292519858431], [-111.00448608400892, 25.322925198583164], [-111.01449608800377, 25.322925198583164], [-111.01449608802665, 25.322925198584272]]], [[[-111.05099558830129, 25.33734514395957], [-111.05099558827798, 25.33734514396657], [-111.01878762247601, 25.345257443746245], [-111.01878762245269, 25.345257443750757], [-111.01878762244642, 25.345257443727746], [-111.01647019401418, 25.33469789942742], [-111.01647019398958, 25.334697899336184], [-111.01647019395648, 25.334697899247676], [-111.01647019391518, 25.334697899162684], [-111.01647019386604, 25.334697899081974], [-111.0164701938095, 25.334697899006258], [-111.01647019374607, 25.33469789893622], [-111.01647019367631, 25.33469789887248], [-111.01647019360084, 25.334697898815612], [-111.01647019352035, 25.33469789876612], [-111.01647019343554, 25.334697898724446], [-111.01647019334717, 25.334697898690965], [-111.01647019325604, 25.334697898665972], [-111.01647019316296, 25.334697898649694], [-111.01486086859654, 25.334494262109825], [-111.01486086850173, 25.334494262102385], [-111.01486086840664, 25.334494262103988], [-111.01486086831214, 25.334494262114614], [-111.00919604303851, 25.335405775839646], [-111.0091960430151, 25.335405775842258], [-111.00919604300152, 25.33540577582301], [-111.00848794006298, 25.334290625462287], [-111.00848794000483, 25.33429062538015], [-111.00848793993872, 25.334290625304273], [-111.0084879398653, 25.33429062523543], [-111.00848793978535, 25.33429062517431], [-111.00848793969966, 25.33429062512154], [-111.0084879396091, 25.334290625077646], [-111.00848793951458, 25.334290625043078], [-111.00848793941707, 25.334290625018188], [-111.00623488428519, 25.33383486489004], [-111.00623488426291, 25.33383486488443], [-111.0062348842544, 25.333834864863363], [-111.00544095040169, 25.331565735303773], [-111.00544095039523, 25.33156573528195], [-111.00544095041803, 25.33156573527953], [-111.00765109006453, 25.331439671309546], [-111.00765109016574, 25.331439671298586], [-111.0076510902653, 25.33143967127739], [-111.0076510903622, 25.33143967124618], [-111.00765109045543, 25.33143967120528], [-111.00765109054402, 25.331439671155117], [-111.00765109062704, 25.331439671096206], [-111.00765109070363, 25.33143967102916], [-111.00765109077302, 25.331439670954673], [-111.00765109083449, 25.331439670873518], [-111.00765109088738, 25.331439670786537], [-111.00877761839612, 25.3293547475905], [-111.008777618409, 25.329354747569344], [-111.00877761843358, 25.329354747566676], [-111.01132035252814, 25.32920928643581], [-111.0113203525539, 25.329209286435688], [-111.01132035257481, 25.329209286450787], [-111.01366996732204, 25.331100267274653], [-111.01366996740293, 25.33110026733335], [-111.01366996748929, 25.331100267383675], [-111.01366996758024, 25.331100267425132], [-111.01366996767486, 25.331100267457302], [-111.01366996777223, 25.331100267479865], [-111.01366996787137, 25.331100267492594], [-111.01366996797127, 25.331100267495366], [-111.01366996807096, 25.331100267488154], [-111.01809024777248, 25.330557219620452], [-111.01809024786424, 25.33055721960481], [-111.01809024795415, 25.330557219580708], [-111.01809024804143, 25.330557219548346], [-111.01809024812532, 25.330557219508012], [-111.0180902482051, 25.33055721946005], [-111.01809024828007, 25.33055721940488], [-111.0180902483496, 25.330557219342975], [-111.02374434280155, 25.32502963039233], [-111.02374434286752, 25.325029630321264], [-111.02374434292629, 25.325029630244142], [-111.02374434297732, 25.32502963016169], [-111.02374434302013, 25.325029630074685], [-111.0237443430543, 25.325029629983945], [-111.02374434307953, 25.32502962989032], [-111.02374434309557, 25.32502962979469], [-111.02374434310228, 25.32502962969796], [-111.02374434309958, 25.32502962960103], [-111.02374434308751, 25.32502962950482], [-111.02374434306617, 25.32502962941023], [-111.02374434303579, 25.325029629318152], [-111.02374434299661, 25.32502962922945], [-111.02374434294904, 25.32502962914496], [-111.02374434289351, 25.325029629065472], [-111.02374434283054, 25.32502962899174], [-111.02374434276072, 25.32502962892445], [-111.02374434268471, 25.32502962886424], [-111.02374434260324, 25.325029628811674], [-111.02374434251705, 25.325029628767243], [-111.02374434242697, 25.32502962873137], [-111.02374434233383, 25.325029628704392], [-111.02374434223852, 25.32502962868656], [-111.02374434214192, 25.325029628678045], [-111.02374434204496, 25.325029628678923], [-111.01835846903376, 25.32533995611199], [-111.01835846901047, 25.325339956112195], [-111.0183584690078, 25.325339956089177], [-111.01819753647013, 25.32292519860723], [-111.0181975364697, 25.322925198584258], [-111.01819753649258, 25.322925198583164], [-111.04965448377052, 25.322925198583164], [-111.04965448379413, 25.32292519858433], [-111.04965448379747, 25.322925198607695], [-111.05099558830025, 25.337345143935067], [-111.05099558830129, 25.33734514395957]]]]}}, {"type": "Feature", "id": 1, "properties": {"actividad": "Conservación, Pesca y Turismo", "conflictos_potenciales": "Uso de suelo y acceso a la costa", "fragilidad": "baja", "localidad_referencia": "El Carrizalito", "nombre": "UGA-36b", "poblacion": 7, "politica_ambiental": "Preservación", "presion": "media", "superficie_total": 86.23, "vulnerabilidad": "baja"}, "geometry": {"type": "Polygon", "coordinates": [[[-110.956817865, 25.325126606], [-110.957440138, 25.324825976], [-110.957440138, 25.324825975], [-110.957676172, 25.32437018], [-110.957686901, 25.323710727], [-110.957665443, 25.32296399], [-110.957643986, 25.322925199], [-110.95764613, 25.322925199], [-110.95764613, 25.322925198], [-110.957646131, 25.322925198], [-110.957646131, 25.322925197], [-110.957472324, 25.322576073], [-110.956656933, 25.321625671], [-110.956581831, 25.321218353], [-110.956292152, 25.320966203], [-110.955841542, 25.320646167], [-110.955841541, 25.320646167], [-110.955841541, 25.320646166], [-110.955122709, 25.320733449], [-110.954661369, 25.320297034], [-110.954639912, 25.319133253], [-110.955659151, 25.319172046], [-110.963287353, 25.320558883], [-110.963287354, 25.320558883], [-110.963287354, 25.320560822], [-110.963287354, 25.320560823], [-110.963813066, 25.320655864], [-110.965476036, 25.322954292], [-110.965926647, 25.32540784], [-110.965921585, 25.32540784], [-110.965921584, 25.32540784], [-110.965921584, 25.325407841], [-110.96617341, 25.326794606], [-110.967267752, 25.329461419], [-110.96765399, 25.330082051], [-110.967675447, 25.330372971], [-110.967578888, 25.330886928], [-110.967160463, 25.331420277], [-110.966709852, 25.330741468], [-110.965315104, 25.329897801], [-110.965315103, 25.329897801], [-110.962074995, 25.328928061], [-110.960540772, 25.328559558], [-110.960540771, 25.328559558], [-110.960540771, 25.328557393], [-110.960540771, 25.328557392], [-110.958663226, 25.328103776], [-110.958663225, 25.328103776], [-110.957171917, 25.329092917], [-110.956088305, 25.328908666], [-110.956088304, 25.328908666], [-110.955605507, 25.328937759], [-110.955605507, 25.328937758], [-110.9553051, 25.328511071], [-110.955476761, 25.328278331], [-110.955970287, 25.327938919], [-110.955970287, 25.327938918], [-110.956163406, 25.327366764], [-110.95631361, 25.326823699], [-110.956195593, 25.326212748], [-110.956420898, 25.325912121], [-110.956420898, 25.32591212], [-110.956817865, 25.325126606]]]}}, {"type": "Feature", "id": 2, "properties": {"actividad": "Conservación, Pesca y Turismo", "conflictos_potenciales": "Uso de suelo y acceso a la costa", "fragilidad": "baja", "localidad_referencia": "Santa Martha", "nombre": "UGA-36a", "poblacion": 6, "politica_ambiental": "Preservación", "presion": "media", "superficie_total": 274.05, "vulnerabilidad": "baja"}, "geometry": {"type": "Polygon", "coordinates": [[[-111.0061168670641, 25.346071915824563], [-111.00611686705432, 25.346071915845208], [-111.00597739220791, 25.34633370923316], [-111.0059773921959, 25.346333709253322], [-111.00597739217376, 25.346333709261664], [-111.00582718903722, 25.346382189280856], [-111.00582718894869, 25.34638218931413], [-111.00582718886369, 25.346382189355623], [-111.00582718878299, 25.34638218940496], [-111.00582718870731, 25.346382189461696], [-111.00582718863734, 25.346382189525333], [-111.00582718857369, 25.346382189595293], [-111.00582718851693, 25.346382189670955], [-111.00582718846758, 25.34638218975164], [-111.00582718842607, 25.34638218983663], [-111.00582718839277, 25.34638218992516], [-111.005827188368, 25.34638219001644], [-111.0057306289721, 25.346818510384402], [-111.0057306289606, 25.346818510427255], [-111.00553750996475, 25.347429356943557], [-111.00553750993899, 25.347429357042277], [-111.00553750992343, 25.34742935714311], [-111.00553750991823, 25.347429357245], [-111.00553750991823, 25.347817194623875], [-111.0055375099145, 25.347817194684694], [-111.00544095040394, 25.348602561828432], [-111.0054409503972, 25.348602561911964], [-111.0054409503975, 25.348602561995765], [-111.00549459457287, 25.349785451093823], [-111.00549459457277, 25.349785451117338], [-111.00549459454933, 25.34978545111702], [-111.00472211840277, 25.34973697228167], [-111.00472211837852, 25.349736972278922], [-111.00472211836785, 25.34973697225712], [-111.00356340434296, 25.347031822903553], [-111.00356340430041, 25.347031822816227], [-111.0035634042496, 25.347031822733438], [-111.003563404191, 25.34703182265597], [-111.00356340412516, 25.34703182258455], [-111.0035634040527, 25.34703182251986], [-111.0035634039743, 25.347031822462505], [-111.00356340389071, 25.347031822413022], [-111.00356340380272, 25.34703182237189], [-111.00356340371114, 25.34703182233948], [-111.00356340361685, 25.347031822316115], [-111.00356340352074, 25.347031822302007], [-111.00356340342373, 25.34703182229729], [-111.00022673629142, 25.34703182229729], [-111.00022673618209, 25.347031822303283], [-111.00022673607407, 25.3470318223212], [-111.00022673596865, 25.347031822350814], [-111.0002267358671, 25.347031822391777], [-110.99993705905163, 25.347167565302826], [-110.99993705896385, 25.347167565349412], [-110.99993705888113, 25.347167565404483], [-110.99993705880428, 25.347167565467494], [-110.99993705873406, 25.347167565537816], [-110.99993705867118, 25.347167565614765], [-110.99993705861623, 25.347167565697575], [-110.99993705856978, 25.347167565785426], [-110.99993705853228, 25.34716756587746], [-110.9999370585041, 25.347167565972757], [-110.99993705848551, 25.34716756607038], [-110.99993705847672, 25.347167566169368], [-110.99993705847778, 25.347167566268737], [-110.9999370584887, 25.347167566367514], [-110.99993705850937, 25.34716756646472], [-110.9999370585396, 25.34716756655939], [-110.99993705857906, 25.347167566650594], [-110.9999370586274, 25.34716756673743], [-110.9999370586841, 25.347167566819042], [-110.99993705874861, 25.347167566894623], [-110.99993705882032, 25.347167566963424], [-110.99993705889851, 25.347167567024773], [-111.00018382070331, 25.34734209345252], [-111.00018382072325, 25.347342093468246], [-111.00018382072768, 25.347342093493435], [-111.00022673604013, 25.347691147349877], [-111.00022673605557, 25.347691147440674], [-111.0002267360793, 25.347691147529666], [-111.0002267361111, 25.347691147616096], [-111.00022673615074, 25.347691147699233], [-111.00022673619785, 25.34769114777837], [-111.00085973738354, 25.348651041185693], [-111.0008597373953, 25.348651041205468], [-111.00085973740322, 25.348651041226887], [-111.00114941596232, 25.349562448276803], [-111.00114941596851, 25.3495624483003], [-111.00114941595218, 25.349562448318185], [-111.00070953370911, 25.349998757759526], [-111.00070953369162, 25.34999875777522], [-111.00070953367816, 25.349998757756097], [-111.00032329565128, 25.349387924161043], [-111.00032329558869, 25.349387924072964], [-111.00032329551695, 25.349387923992158], [-110.99950790416821, 25.348563778579912], [-110.99950790408789, 25.34856377850708], [-110.99950790400015, 25.348563778443378], [-110.99950790390604, 25.348563778389547], [-110.99854230882829, 25.348078984317333], [-110.99854230880798, 25.34807898430592], [-110.99854230878874, 25.348078984292613], [-110.99757671383071, 25.34734209367255], [-110.99757671375416, 25.34734209361958], [-110.99757671367301, 25.34734209357396], [-110.99757671358799, 25.34734209353608], [-110.9975767134998, 25.347342093506278], [-110.99757671340922, 25.3473420934848], [-110.99757671331703, 25.34734209347184], [-110.99757671322405, 25.347342093467507], [-110.99661111833822, 25.347342093467507], [-110.99661111831679, 25.347342093466583], [-110.99661111829582, 25.347342093461982], [-110.99510908150158, 25.346944558449], [-110.99510908140903, 25.346944558429136], [-110.995109081315, 25.346944558418116], [-110.99510908122035, 25.346944558416038], [-110.99510908112593, 25.346944558422916], [-110.9951090810326, 25.34694455843869], [-110.99448680899755, 25.347080302171964], [-110.99448680891169, 25.347080302194733], [-110.99448680882819, 25.347080302225034], [-110.9944868087477, 25.347080302262622], [-110.99448680867087, 25.347080302307205], [-110.9944868085983, 25.34708030235843], [-110.99381089212343, 25.347603884134077], [-110.99381089208558, 25.3476038841607], [-110.9926521778693, 25.34834077335534], [-110.99265217775776, 25.348340773437663], [-110.99172949792899, 25.349126137233608], [-110.9917294979093, 25.349126137248714], [-110.99172949788539, 25.349126137242294], [-110.98999142740496, 25.34856377876639], [-110.98999142731115, 25.348563778741], [-110.98999142721532, 25.348563778724838], [-110.98999142711837, 25.348563778718056], [-110.98999142702122, 25.348563778720713], [-110.9899914269248, 25.34856377873279], [-110.98999142682999, 25.34856377875417], [-110.98999142673772, 25.348563778784648], [-110.98999142664883, 25.348563778823944], [-110.98999142656417, 25.34856377887168], [-110.98999142648456, 25.34856377892741], [-110.98999142641073, 25.348563778990602], [-110.98999142634338, 25.348563779060665], [-110.98999142628314, 25.348563779136935], [-110.9899914262306, 25.34856377921869], [-110.98999142618624, 25.34856377930516], [-110.98999142615048, 25.348563779395523], [-110.98994851117703, 25.348689824468845], [-110.98994851114752, 25.348689824574116], [-110.98994851112965, 25.348689824681983], [-110.98994851112367, 25.34868982479115], [-110.98994851112367, 25.348864349839264], [-110.98994851112244, 25.34886434986384], [-110.98994851110768, 25.348864349883304], [-110.98950862889963, 25.34938792400456], [-110.98950862884813, 25.349387924071404], [-110.98950862880244, 25.349387924142352], [-110.9891223907591, 25.350047236490077], [-110.98912239074625, 25.35004723650983], [-110.98912239072818, 25.35004723652525], [-110.98844647411957, 25.35057080556039], [-110.98844647403526, 25.350570805633577], [-110.98772764206754, 25.35126889417274], [-110.98772764205066, 25.35126889418839], [-110.98719120026827, 25.351743979931204], [-110.98719120024388, 25.35174397995147], [-110.98656892778642, 25.352228759389806], [-110.9865689277642, 25.352228759405257], [-110.98656892773913, 25.35222875941553], [-110.98545312890315, 25.35261658154843], [-110.98545312881656, 25.352616581583135], [-110.98545312873357, 25.352616581625757], [-110.98454117776987, 25.353140139527543], [-110.98454117774935, 25.35314013953808], [-110.98454117772623, 25.353140139540397], [-110.98362922679281, 25.353188617007618], [-110.98362922668552, 25.35318861701915], [-110.9836292265801, 25.353188617042175], [-110.98299622541154, 25.35336313574464], [-110.98299622530463, 25.35336313578072], [-110.98212718965374, 25.35371217248954], [-110.9821271896183, 25.353712172502252], [-110.98130106928322, 25.35397394938061], [-110.98130106926081, 25.353973949386514], [-110.98130106925966, 25.353973949363258], [-110.98130106925966, 25.353799431547113], [-110.98130106926077, 25.35379943152362], [-110.98130106926848, 25.353799431501223], [-110.98149418829989, 25.353314658377595], [-110.98149418830974, 25.353314658355906], [-110.98149418832334, 25.35331465833672], [-110.98193407027978, 25.352752319438697], [-110.98193407033887, 25.35275231935458], [-110.981934070389, 25.352752319264845], [-110.98193407042967, 25.35275231917043], [-110.98193407046043, 25.352752319072344], [-110.98193407048096, 25.35275231897162], [-110.98193407049104, 25.35275231886932], [-110.98193407049055, 25.352752318766523], [-110.98193407047953, 25.352752318664322], [-110.98193407045807, 25.35275231856379], [-110.98168730739326, 25.35183124052116], [-110.98168730736582, 25.35183124043466], [-110.98168730733065, 25.351831240350997], [-110.98168730728804, 25.351831240270872], [-110.9813547134523, 25.35126889420158], [-110.98135471344105, 25.35126889418025], [-110.98135471343184, 25.351268894157744], [-110.98110795042561, 25.35057080620296], [-110.98110795038953, 25.35057080611458], [-110.98110795034519, 25.35057080603004], [-110.981107950293, 25.350570805950113], [-110.98110795023342, 25.350570805875527], [-110.981107950167, 25.35057080580696], [-110.98110795009434, 25.350570805745043], [-110.98110795001611, 25.350570805690335], [-110.98110794993302, 25.350570805643333], [-110.98110794984584, 25.35057080560447], [-110.98110794975533, 25.350570805574097], [-110.98110794966234, 25.35057080555249], [-110.98110794956773, 25.35057080553985], [-110.98053932192377, 25.350522327073072], [-110.98053932190156, 25.350522327070077], [-110.98053932191463, 25.350522327051632], [-110.98077535590717, 25.350221760281464], [-110.98077535596569, 25.350221760198625], [-110.98077535601551, 25.35022176011028], [-110.98077535605613, 25.350221760017345], [-110.98077535608714, 25.35022175992077], [-110.98077535610818, 25.350221759821554], [-110.98077535611908, 25.350221759720718], [-110.98077535611971, 25.350221759619295], [-110.98077535611006, 25.35022175951833], [-110.98077535609022, 25.35022175941886], [-110.98077535606042, 25.350221759321915], [-110.98077535602096, 25.350221759228482], [-110.98014235498093, 25.348912829085023], [-110.98014235495434, 25.348912829018115], [-110.9799063205796, 25.34816624742272], [-110.97990632057322, 25.348166247398282], [-110.97990632057191, 25.34816624737282], [-110.97990632057191, 25.347603884182526], [-110.97990632057662, 25.347603884114307], [-110.98000288009509, 25.34690577441687], [-110.98000288009816, 25.34690577439744], [-110.98014235496026, 25.346120396159844], [-110.98014235496679, 25.346120396132285], [-110.9801423549763, 25.34612039610587], [-110.98062515241831, 25.344985952241284], [-110.98062515245346, 25.34498595214539], [-110.98062515247864, 25.34498595204641], [-110.98062515249359, 25.34498595194538], [-110.98062515249815, 25.34498595184335], [-110.9806251524923, 25.344985951741386], [-110.98062515247607, 25.344985951640552], [-110.98062515244963, 25.3449859515419], [-110.98062515241327, 25.34498595144646], [-110.98014235499647, 25.34389028194482], [-110.98014235496258, 25.34389028187531], [-110.98014235492342, 25.343890281808637], [-110.97967028619212, 25.34315336553766], [-110.97967028617994, 25.343153365516386], [-110.97967028618666, 25.34315336549308], [-110.98004579530298, 25.342057679351182], [-110.98004579533072, 25.342057679254715], [-110.98004579534864, 25.342057679155953], [-110.98004579535657, 25.34205767905589], [-110.98004579535444, 25.34205767895554], [-110.98004579534225, 25.34205767885591], [-110.98004579532014, 25.342057678758], [-110.98004579528833, 25.3420576786628], [-110.98004579524712, 25.342057678571273], [-110.97971320152861, 25.34140801940714], [-110.9797132015177, 25.341408019384463], [-110.97947716726055, 25.340884410940312], [-110.97947716721353, 25.340884410848865], [-110.97947716715737, 25.340884410762726], [-110.97947716709265, 25.340884410682815], [-110.97947716702008, 25.34088441060997], [-110.9794771669404, 25.340884410544966], [-110.97947716685447, 25.340884410488485], [-110.97850084306597, 25.340312317032048], [-110.97850084304861, 25.340312317020885], [-110.97850084303339, 25.340312317007072], [-110.97743868846858, 25.33926508796687], [-110.97743868839048, 25.339265087897527], [-110.97743868830558, 25.339265087836708], [-110.97743868821479, 25.33926508778508], [-110.97743868811912, 25.339265087743197], [-110.9774386880196, 25.33926508771152], [-110.9766232967593, 25.33905176219828], [-110.97662329673815, 25.339051762191726], [-110.97662329672058, 25.339051762178144], [-110.97594738008333, 25.338479659913855], [-110.97594738006677, 25.338479659898507], [-110.97594738005489, 25.33847965987918], [-110.97546458245488, 25.33760695629611], [-110.9754645824452, 25.337606956276428], [-110.97546458246707, 25.337606956278428], [-110.97608685270792, 25.33769422660844], [-110.97608685280768, 25.33769422661737], [-110.97608685290784, 25.337694226616268], [-110.97608685300739, 25.337694226605155], [-110.97608685310531, 25.33769422658414], [-110.97608685320066, 25.337694226553435], [-110.97608685329244, 25.337694226513346], [-110.97608685337975, 25.337694226464276], [-110.97608685346174, 25.337694226406718], [-110.97608685353754, 25.33769422634125], [-110.9760868536064, 25.337694226268525], [-110.97608685366765, 25.337694226189274], [-110.97608685372067, 25.337694226104293], [-110.97608685376493, 25.337694226014438], [-110.97608685379997, 25.337694225920604], [-110.97608685382544, 25.33769422582374], [-110.9760868538411, 25.33769422572481], [-110.97608685384678, 25.33769422562481], [-110.97608685384243, 25.337694225524743], [-110.9760868538281, 25.33769422542561], [-110.97608685380392, 25.337694225328413], [-110.97608685377013, 25.337694225234124], [-110.97608685372708, 25.337694225143682], [-110.97608685367521, 25.337694225058], [-110.97585082055502, 25.33734514398067], [-110.97585082054314, 25.337345143961116], [-110.97585082056463, 25.33734514395296], [-110.97638726222837, 25.337170602140514], [-110.97638726234126, 25.337170602096045], [-110.97638726244794, 25.337170602038224], [-110.97700953457483, 25.336782730569062], [-110.97700953465649, 25.336782730512343], [-110.9770095347321, 25.3367827304478], [-110.97700953480093, 25.336782730376065], [-110.9770095348623, 25.336782730297852], [-110.97700953491561, 25.33678273021393], [-110.9770095349603, 25.33678273012513], [-110.97720265387551, 25.336346373283096], [-110.97720265388568, 25.33634637326272], [-110.97720265390686, 25.336346373254628], [-110.97787857054861, 25.33612334567194], [-110.97787857056478, 25.33612334566691], [-110.97860813138182, 25.33591001455176], [-110.97860813140893, 25.33591001454546], [-110.97860813143677, 25.335910014542215], [-110.98087191580227, 25.3357742581783], [-110.9808719158323, 25.335774258177402], [-110.98270654676112, 25.335774258177402], [-110.98270654678335, 25.335774258178397], [-110.98270654680502, 25.33577425818333], [-110.98492741582695, 25.336385160621596], [-110.98492741584745, 25.336385160628204], [-110.98492741586647, 25.336385160638226], [-110.98695516583192, 25.337568169283106], [-110.98695516589125, 25.337568169323706], [-110.98821043965326, 25.338566929892483], [-110.9882104397071, 25.338566929942203], [-110.98902583120864, 25.339439626600807], [-110.98902583122194, 25.33943962661627], [-110.9890258312338, 25.339439626632572], [-110.98946571348914, 25.340098993263645], [-110.9894657135002, 25.340098993281867], [-110.98946571350965, 25.340098993300966], [-110.98965883204444, 25.340535335750804], [-110.98965883208918, 25.340535335839668], [-110.98965883214254, 25.340535335923644], [-110.98965883220396, 25.340535336001906], [-110.98965883227287, 25.340535336073675], [-110.98965883234857, 25.34053533613824], [-110.9896588324303, 25.340535336194968], [-110.98965883251726, 25.34053533624329], [-110.9896588326086, 25.34053533628273], [-110.98965883270341, 25.340535336312904], [-110.98965883280074, 25.340535336333502], [-110.98965883289965, 25.34053533634433], [-110.98965883299913, 25.340535336345276], [-110.98965883309822, 25.34053533633633], [-110.98965883319593, 25.340535336317583], [-110.98965883329129, 25.34053533628922], [-110.98965883338336, 25.340535336251524], [-110.98965883347124, 25.340535336204862], [-110.98965883355403, 25.3405353361497], [-110.99043130872755, 25.3399632416285], [-110.99043130874666, 25.33996324161569], [-110.99043130876967, 25.339963241617205], [-110.99086046216638, 25.340011724367702], [-110.9908604621885, 25.340011724371216], [-110.99086046221036, 25.340011724376744], [-110.99201917646346, 25.340360799631426], [-110.99201917648286, 25.340360799638148], [-110.99201917650076, 25.340360799647886], [-110.99274873709815, 25.340797142163186], [-110.99274873719348, 25.34079714221343], [-110.99274873729365, 25.340797142253127], [-110.9927487373975, 25.34079714228182], [-110.99274873750386, 25.340797142299166], [-110.99274873761145, 25.34079714230497], [-110.99308133074808, 25.34079714230497], [-110.99308133084148, 25.3407971423006], [-110.99308133093405, 25.340797142287528], [-110.993081331025, 25.340797142265867], [-110.99308133111352, 25.340797142235807], [-110.99308133119885, 25.340797142197612], [-110.99308133128024, 25.340797142151615], [-110.99308133135699, 25.340797142098218], [-110.9930813314284, 25.340797142037886], [-110.99308133149388, 25.340797141971148], [-110.99308133155283, 25.340797141898587], [-110.99327445028815, 25.340535336912197], [-110.99327445030285, 25.34053533689414], [-110.9932744503241, 25.34053533688473], [-110.99395036696392, 25.340273530918854], [-110.99395036698402, 25.34027353091156], [-110.99472284314928, 25.340011724377312], [-110.99472284317034, 25.3400117243712], [-110.99472284319235, 25.34001172437084], [-110.99612832066408, 25.340050510559927], [-110.99612832069371, 25.340050510562524], [-110.99612832072286, 25.34005051056865], [-110.9969437122082, 25.340273530907794], [-110.99694371223397, 25.340273530916377], [-110.99694371225866, 25.34027353092772], [-110.99810242650278, 25.340884410635876], [-110.99810242655326, 25.340884410666426], [-110.99873542783614, 25.34132075141486], [-110.99873542785483, 25.34132075142916], [-110.9987354278422, 25.341320751449107], [-110.99858522416717, 25.341534072992772], [-110.99858522415062, 25.341534073013758], [-110.99858522412809, 25.34153407302845], [-110.9981989863359, 25.341757090471315], [-110.99819898624781, 25.34175709052854], [-110.99819898616623, 25.341757090594683], [-110.99819898609204, 25.341757090669024], [-110.99819898602604, 25.341757090750733], [-110.99819898596898, 25.341757090838914], [-110.99819898592149, 25.341757090932596], [-110.99800586709, 25.342193428072864], [-110.99800586705287, 25.34219342817014], [-110.99800586702607, 25.342193428270754], [-110.99800586700987, 25.342193428373605], [-110.99800586700444, 25.342193428477586], [-110.99800586700444, 25.34275581664404], [-110.99800586700307, 25.342755816669797], [-110.9980058669888, 25.342755816691596], [-110.99752306955223, 25.343415165030034], [-110.99752306950052, 25.34341516510807], [-110.99752306945632, 25.3434151651906], [-110.99752306942005, 25.3434151652769], [-110.997523069392, 25.343415165366217], [-110.99752306937243, 25.343415165457767], [-110.9975230693615, 25.34341516555074], [-110.99748015403947, 25.344026029106274], [-110.99748015403239, 25.34402602916198], [-110.99738359467534, 25.344549623402667], [-110.99738359466237, 25.34454962349913], [-110.99738359465884, 25.3445496235964], [-110.99738359466478, 25.34454962369355], [-110.99738359468013, 25.34454962378966], [-110.99738359470476, 25.344549623883825], [-110.99738359473842, 25.34454962397515], [-110.9973835947808, 25.344549624062772], [-110.9973835948315, 25.344549624145856], [-110.99738359489004, 25.344549624223617], [-110.99738359495586, 25.34454962429532], [-110.99738359502834, 25.344549624360283], [-110.9973835951068, 25.344549624417894], [-110.99738359519047, 25.344549624467604], [-110.99738359527859, 25.344549624508943], [-110.99738359537031, 25.34454962454152], [-110.99796295157371, 25.344724155469873], [-110.997962951661, 25.344724155491935], [-110.99796295174991, 25.344724155506057], [-110.99873542777269, 25.34481142099836], [-110.99873542785656, 25.34481142100428], [-110.99873542794064, 25.34481142100313], [-110.99960446320054, 25.344762940196674], [-110.99960446330299, 25.34476294018564], [-110.99960446340377, 25.34476294016412], [-110.9996044635018, 25.344762940132348], [-110.99960446359603, 25.344762940090654], [-110.99960446368547, 25.344762940039484], [-110.99960446376917, 25.344762939979383], [-110.99960446384624, 25.344762939910982], [-111.00008726118351, 25.34428782700827], [-111.00008726120049, 25.344287826993018], [-111.00008726122243, 25.344287826986886], [-111.00105285642135, 25.344064814043424], [-111.00105285644506, 25.34406481403916], [-111.00105285646477, 25.344064814052857], [-111.00134253489546, 25.34428782689701], [-111.00134253498022, 25.344287826955565], [-111.00134253507056, 25.344287827005093], [-111.00134253516552, 25.34428782704506], [-111.00182533261734, 25.344462358573704], [-111.00182533266484, 25.34446235859369], [-111.00244760510024, 25.3447629401598], [-111.00244760516323, 25.3447629401961], [-111.00322008116231, 25.345286532021685], [-111.00322008124738, 25.345286532073356], [-111.00322008133715, 25.34528653211632], [-111.00322008143075, 25.345286532150144], [-111.00322008152726, 25.345286532174494], [-111.00452899929103, 25.345548327257134], [-111.00452899936664, 25.34554832726927], [-111.00524783131753, 25.345635592178713], [-111.00524783134418, 25.345635592183434], [-111.00524783136926, 25.345635592193855], [-111.00607395169965, 25.346033131553934], [-111.00607395172057, 25.346033131565257], [-111.00607395173891, 25.346033131580317], [-111.00611686704795, 25.346071915808526], [-111.0061168670641, 25.346071915824563]]]}}, {"type": "Feature", "id": 4, "properties": {"actividad": "Pesca, Turismo Alternativo y Conservación", "conflictos_potenciales": "Acceso a playa, afectación a la biodiversidad por el aprovechamiento de fauna o flora silvestre,  afectación a ecosistemas frágiles, modificación de ecosistemas costeros", "fragilidad": "alta", "localidad_referencia": "Puerto Agua Verde, Agua Verde,  Palo Blanco ", "nombre": "UGA-77b", "poblacion": 221, "politica_ambiental": "Preservación", "presion": "alta", "superficie_total": 9581.15, "vulnerabilidad": "alta"}, "geometry": {"type": "MultiPolygon", "coordinates": [[[[-111.00723266601456, 25.327095231561213], [-111.00723266601564, 25.32709523158391], [-111.00723266601564, 25.330954808478776], [-111.00723266601446, 25.33095480850237], [-111.00723266599081, 25.330954808505357], [-111.00595593463309, 25.331051781205474], [-111.00595593452564, 25.331051781219525], [-111.00595593442034, 25.331051781245115], [-111.00347757481426, 25.33179846805262], [-111.0034775747222, 25.331798468085342], [-111.00347757463378, 25.331798468126888], [-111.00347757454983, 25.331798468176864], [-111.00347757447116, 25.331798468234794], [-111.00347757439852, 25.331798468300125], [-111.0034775743326, 25.33179846837223], [-111.00347757427403, 25.331798468450422], [-111.00347757422337, 25.33179846853396], [-111.0034775741811, 25.33179846862204], [-111.00347757414764, 25.331798468713824], [-111.00347757412328, 25.33179846880844], [-111.00347757410827, 25.331798468904978], [-111.00347757410276, 25.331798469002518], [-111.0034775741068, 25.331798469100132], [-111.00347757412034, 25.331798469196887], [-111.00347757414325, 25.331798469291858], [-111.00347757417532, 25.33179846938414], [-111.00347757421625, 25.331798469472854], [-111.00347757426563, 25.33179846955715], [-111.003477574323, 25.331798469636226], [-111.00677132576484, 25.33590031729175], [-111.0067713258308, 25.335900317366004], [-111.0067713259038, 25.335900317433353], [-111.00677132598311, 25.33590031749313], [-111.00677132606796, 25.335900317544745], [-111.00677132615752, 25.335900317587686], [-111.0067713262509, 25.335900317621537], [-111.00677132634716, 25.335900317645955], [-111.00677132644539, 25.335900317660702], [-111.00677132654458, 25.335900317665633], [-111.00723266599111, 25.335900317665633], [-111.00723266601449, 25.33590031766678], [-111.00723266601564, 25.335900317690147], [-111.00723266601564, 25.33882873956225], [-111.00723266601453, 25.33882873958508], [-111.00723266599188, 25.338828739582457], [-111.0030591488132, 25.338140275908458], [-111.00305914876427, 25.338140275897846], [-110.99892854692139, 25.3370251503666], [-110.99892854688999, 25.33702515035701], [-110.99563479423904, 25.33590031766693], [-110.99563479423144, 25.335900317664258], [-110.99356412908988, 25.335153655782637], [-110.99356412900441, 25.335153655756077], [-110.99356412891693, 25.335153655737265], [-110.9935641288281, 25.335153655726348], [-110.99356412873865, 25.335153655723417], [-110.99356412864931, 25.335153655728494], [-110.98985195221617, 25.33553183565273], [-110.98985195211644, 25.335531835668007], [-110.98985195201875, 25.335531835693256], [-110.98985195192411, 25.33553183572822], [-110.98985195183347, 25.335531835772542], [-110.98985195174777, 25.33553183582577], [-110.98985195166786, 25.335531835887366], [-110.98985195159456, 25.335531835956697], [-110.98985195152862, 25.335531836033066], [-110.98985195147071, 25.33553183611569], [-110.98985195142143, 25.335531836203725], [-110.98985195138125, 25.335531836296276], [-110.98943352700137, 25.33664697499613], [-110.98943352699203, 25.336646975017736], [-110.98943352696844, 25.33664697501748], [-110.9832429886139, 25.33627849534406], [-110.98324298858687, 25.33627849534095], [-110.98324298856225, 25.33627849532922], [-110.98118305221918, 25.33515365579071], [-110.98118305214014, 25.335153655751963], [-110.981183052058, 25.33515365572032], [-110.9811830519734, 25.335153655696022], [-110.98118305188699, 25.335153655679257], [-110.978704691246, 25.334785171528363], [-110.97870469114443, 25.334785171518526], [-110.9787046910424, 25.334785171519087], [-110.97870469094096, 25.334785171530044], [-110.97870469084116, 25.33478517155128], [-110.97870469074404, 25.33478517158258], [-110.97870469065062, 25.33478517162361], [-110.97499251367778, 25.33664697500834], [-110.97499251365679, 25.336646975017658], [-110.97499251363814, 25.336646975004317], [-110.97168803217264, 25.334038502659023], [-110.9716880321301, 25.33403850262134], [-110.96755743028281, 25.329936590370792], [-110.96755743026814, 25.32993659035489], [-110.96755743025804, 25.3299365903357], [-110.96632361412968, 25.32731827580812], [-110.96632361412135, 25.32731827578827], [-110.96632361411662, 25.32731827576775], [-110.96550822258443, 25.322925198607205], [-110.96550822258132, 25.32292519858429], [-110.96550822260437, 25.322925198583164], [-110.99359631535854, 25.322925198583164], [-110.99359631538304, 25.322925198584407], [-110.99359631539275, 25.322925198607035], [-110.99480867375516, 25.326203050255398], [-110.99480867379302, 25.326203050344287], [-110.99480867383926, 25.326203050429104], [-110.99480867389349, 25.326203050509065], [-110.99480867395518, 25.32620305058342], [-110.99480867402374, 25.326203050651475], [-110.99480867409856, 25.326203050712596], [-110.99934697114499, 25.329558392590577], [-110.99934697122404, 25.329558392643406], [-110.99934697130776, 25.329558392688487], [-110.99934697139538, 25.329558392725414], [-110.99934697148612, 25.32955839275385], [-110.99934697157914, 25.329558392773542], [-110.99934697167362, 25.32955839278431], [-110.99934697176867, 25.329558392786055], [-110.99934697186349, 25.329558392778765], [-110.99934697195717, 25.3295583927625], [-111.00099921220823, 25.329189891615936], [-111.00099921231997, 25.3291898915841], [-111.00636363027488, 25.327318275795584], [-111.00636363031528, 25.327318275783377], [-111.00723266599246, 25.327095231565767], [-111.00723266601456, 25.327095231561213]]], [[[-111.00723266601452, 25.25348761540367], [-111.0072326659922, 25.25348761539812], [-111.006363630436, 25.253225621410866], [-111.00636363034133, 25.253225621387294], [-111.00636363024479, 25.253225621373062], [-111.00636363014735, 25.2532256213683], [-111.0026514540182, 25.2532256213683], [-111.0026514539202, 25.253225621373115], [-111.00265145382312, 25.253225621387514], [-111.00265145372792, 25.25322562141136], [-111.00265145363552, 25.25322562144442], [-111.0026514535468, 25.25322562148638], [-111.00265145346263, 25.25322562153683], [-111.00265145338382, 25.25322562159529], [-111.0026514533111, 25.253225621661194], [-111.00265145324519, 25.253225621733908], [-111.00265145318674, 25.25322562181273], [-111.00265145313628, 25.253225621896906], [-111.00265145309433, 25.253225621985617], [-111.00265145306126, 25.253225622078016], [-111.00265145303742, 25.25322562217321], [-111.00265145302302, 25.253225622270286], [-111.0026514530182, 25.2532256223683], [-111.0026514530182, 25.253604056993026], [-111.002651453017, 25.25360405701728], [-111.00265145299717, 25.25360405703148], [-110.99975466730275, 25.255467107627684], [-110.99975466728404, 25.25546710763846], [-110.99975466728954, 25.255467107617587], [-111.00058078731578, 25.252856889146262], [-111.00058078734112, 25.252856889049667], [-111.0005807873567, 25.25285688895103], [-111.00058078736237, 25.25285688885133], [-111.00058078735806, 25.25285688875156], [-111.00058078734382, 25.25285688865272], [-111.0005807873198, 25.25285688855579], [-111.00058078728622, 25.25285688846174], [-111.00058078724345, 25.252856888371507], [-111.00058078719188, 25.25285688828599], [-111.00058078713204, 25.252856888206043], [-111.00058078706452, 25.252856888132467], [-111.00058078699, 25.25285688806599], [-111.00058078690923, 25.252856888007276], [-111.000580786823, 25.25285688795691], [-111.00058078673217, 25.252856887915396], [-111.00058078663766, 25.25285688788315], [-111.0005807865404, 25.25285688786049], [-110.9964501858002, 25.252109714516056], [-110.99645018577789, 25.252109714510866], [-110.99645018579177, 25.252109714492427], [-110.99769472981767, 25.250615354751773], [-110.99769472987623, 25.250615354674053], [-110.99769472992698, 25.250615354591005], [-110.9976947299694, 25.25061535450342], [-110.9976947300031, 25.250615354412126], [-110.99769473002777, 25.250615354317986], [-110.99769473004318, 25.250615354221896], [-110.99769473004918, 25.25061535412476], [-110.9976947300457, 25.250615354027506], [-110.99769473003278, 25.25061535393105], [-110.99769473001055, 25.250615353836302], [-110.99769472997922, 25.250615353744166], [-110.99769472993908, 25.250615353655512], [-110.99769472989051, 25.25061535357118], [-110.99769472983398, 25.25061535349197], [-110.99769472977, 25.250615353418628], [-110.99769472969922, 25.25061535335185], [-110.99769472962227, 25.25061535329227], [-110.99769472953989, 25.250615353240452], [-110.99769472945287, 25.25061535319689], [-110.99769472936202, 25.250615353161987], [-110.99315643325784, 25.24912097439966], [-110.99315643315555, 25.249120974371895], [-110.99315643305091, 25.249120974355108], [-110.99315643294507, 25.24912097434949], [-110.98241686823486, 25.24912097434949], [-110.98241686821078, 25.249120974348283], [-110.9824168682032, 25.24912097432541], [-110.98159074783968, 25.246132160683192], [-110.98159074783472, 25.24613216066109], [-110.98159074785752, 25.246132160659986], [-110.98489522843475, 25.246132160659986], [-110.98489522853266, 25.246132160655183], [-110.98489522862963, 25.246132160640812], [-110.98489522872472, 25.24613216061702], [-110.98489522881704, 25.246132160584033], [-110.98489522890567, 25.246132160542164], [-110.98489522898977, 25.24613216049182], [-110.98489522906856, 25.24613216043348], [-110.98489522914124, 25.24613216036771], [-110.98489522920714, 25.246132160295137], [-110.98489522926562, 25.24613216021646], [-110.98489522931611, 25.24613216013244], [-110.98489522935813, 25.246132160043878], [-110.98489522939128, 25.246132159951628], [-110.98489522941524, 25.246132159856575], [-110.98489522942978, 25.246132159759632], [-110.98516345023866, 25.24345381063225], [-110.98516345024214, 25.24345381060902], [-110.98516345026562, 25.243453810607868], [-111.00723266599111, 25.243453810607868], [-111.00723266601449, 25.243453810609015], [-111.00723266601564, 25.24345381063238], [-111.00723266601564, 25.25348761538082], [-111.00723266601452, 25.25348761540367]]]]}}, {"type": "Feature", "id": 6, "properties": {"actividad": "Pesca, Turismo Alternativo y Conservación", "conflictos_potenciales": "Afectación a la biodiversidad por el aprovechamiento de fauna o flora silvestre ", "fragilidad": "baja", "localidad_referencia": "Santa Martha", "nombre": "UGA-85", "poblacion": 0, "politica_ambiental": "Preservación", "presion": "media", "superficie_total": 11360.75, "vulnerabilidad": "media"}, "geometry": {"type": "MultiPolygon", "coordinates": [[[[-111.007232666, 25.323914382], [-111.005848647, 25.323739821], [-111.005848646, 25.323739821], [-111.004110575, 25.326154562], [-111.002780199, 25.325359352], [-111.00055933, 25.325485422], [-110.999400616, 25.326998256], [-110.99724412, 25.327987406], [-110.997716188, 25.325650284], [-110.997716188, 25.325650283], [-110.995752812, 25.32489386], [-110.995752811, 25.32489386], [-110.992544889, 25.324505949], [-110.993070602, 25.322925199], [-111.007232666, 25.322925199], [-111.007232666, 25.323914382]]], [[[-111.007232666, 25.331459066], [-111.007232666, 25.334038503], [-111.006234884, 25.333834865], [-111.00544095, 25.331565735], [-111.007232666, 25.331459066]]]]}}, {"type": "Feature", "id": 5, "properties": {"actividad": "Pesca, Turismo Alternativo y Conservación", "conflictos_potenciales": "Acceso a playa, afectación a la biodiversidad por el aprovechamiento de fauna o flora silvestre,  afectación a ecosistemas frágiles, modificación de ecosistemas costeros", "fragilidad": "alta", "localidad_referencia": "Puerto Agua Verde, Agua Verde,  Palo Blanco ", "nombre": "UGA-77b", "poblacion": 221, "politica_ambiental": "Preservación", "presion": "alta", "superficie_total": 9581.15, "vulnerabilidad": "alta"}, "geometry": {"type": "Polygon", "coordinates": [[[-111.0072326660145, 25.217928891020367], [-111.00723266601564, 25.217928891043766], [-111.00723266601564, 25.24593807928234], [-111.00723266601449, 25.245938079305706], [-111.00723266599111, 25.245938079306853], [-110.98491668703633, 25.245938079306853], [-110.98491668701301, 25.245938079305706], [-110.98491668701422, 25.24593807928233], [-110.98531365383418, 25.24202727508704], [-110.98531365383928, 25.24202727498886], [-110.98531365383474, 25.242027274890656], [-110.98531365382055, 25.242027274793372], [-110.9853136537969, 25.242027274697953], [-110.98531365376398, 25.242027274605316], [-110.98531365372213, 25.24202727451636], [-110.98531365367174, 25.242027274431944], [-110.9853136536133, 25.242027274352882], [-110.9853136535474, 25.24202727427994], [-110.98531365347463, 25.24202727421382], [-110.98531365339574, 25.24202727415517], [-110.98531365331147, 25.242027274104547], [-110.98531365322263, 25.242027274062444], [-110.98531365313008, 25.242027274029265], [-110.98531365303472, 25.242027274005338], [-110.98531365293749, 25.242027273990885], [-110.9853136528393, 25.242027273986054], [-110.97168803217423, 25.242027273986054], [-110.97168803215156, 25.242027273984966], [-110.971688032154, 25.242027273962233], [-110.97209572791682, 25.23941676567727], [-110.97209572792151, 25.23941676565445], [-110.97209572794452, 25.23941676565171], [-110.97746014430672, 25.23903828592965], [-110.97746014440364, 25.239038285918035], [-110.97746014449896, 25.23903828589703], [-110.97746014459177, 25.23903828586683], [-110.97746014468122, 25.239038285827725], [-110.97746014476641, 25.239038285780087], [-110.97746014484656, 25.23903828572437], [-110.97746014492088, 25.239038285661103], [-110.9774601449887, 25.23903828559089], [-110.97746014504933, 25.239038285514404], [-110.97746014510223, 25.23903828543237], [-110.97746014514688, 25.239038285345565], [-110.97746014518285, 25.239038285254825], [-110.9774601452098, 25.23903828516101], [-110.97746014522748, 25.23903828506501], [-110.97746014523571, 25.239038284967748], [-110.97746014523442, 25.239038284870148], [-110.97746014522363, 25.239038284773134], [-110.97746014520342, 25.23903828467764], [-110.977460145174, 25.239038284584566], [-110.97746014513565, 25.239038284494807], [-110.97746014508873, 25.239038284409215], [-110.97540020943988, 25.235680438725897], [-110.97540020942832, 25.235680438704783], [-110.97540020944156, 25.23568043868483], [-110.9770524501661, 25.23343858742951], [-110.97705245018072, 25.233438587411523], [-110.97705245020296, 25.233438587404176], [-110.98241686818587, 25.23194399692068], [-110.98241686820745, 25.23194399691581], [-110.98241686819686, 25.231943996935158], [-110.98035693206546, 25.235301946613205], [-110.98035693201905, 25.235301946697767], [-110.98035693198099, 25.235301946786407], [-110.98035693195166, 25.2353019468783], [-110.98035693193131, 25.23530194697259], [-110.98035693192016, 25.235301947068407], [-110.98035693191827, 25.23530194716485], [-110.98035693192568, 25.235301947261025], [-110.98035693194234, 25.23530194735604], [-110.98035693196807, 25.235301947449006], [-110.98035693200264, 25.235301947539064], [-110.98035693204572, 25.23530194762537], [-110.98035693209692, 25.235301947707125], [-110.98035693215576, 25.23530194778356], [-110.98448753326984, 25.24016401690846], [-110.98448753333561, 25.240164016978728], [-110.98448753340783, 25.240164017042346], [-110.98448753348585, 25.240164017098724], [-110.98448753356891, 25.240164017147343], [-110.98448753365626, 25.24016401718775], [-110.98448753374709, 25.240164017219577], [-110.98448753384056, 25.24016401724252], [-110.9844875339358, 25.240164017256372], [-110.98448753403194, 25.240164017261005], [-110.98778128591577, 25.240164017261005], [-110.98778128601998, 25.24016401725556], [-110.98778128612307, 25.240164017239284], [-110.98778128622388, 25.240164017212354], [-110.98778128632135, 25.24016401717507], [-110.98778128641439, 25.240164017127825], [-110.98778128650201, 25.24016401707114], [-110.99191188810238, 25.23717498328056], [-110.99191188812144, 25.237174983268176], [-110.99191188812257, 25.23717498329092], [-110.99191188812257, 25.240532788798646], [-110.99191188812699, 25.240532788892555], [-110.99191188814021, 25.24053278898563], [-110.99191188816211, 25.240532789077054], [-110.9919118881925, 25.240532789166018], [-110.99191188823112, 25.240532789251738], [-110.9919118882776, 25.24053278933345], [-110.99356412848154, 25.243143272826575], [-110.99356412853776, 25.243143272906465], [-110.99356412860149, 25.24314327298049], [-110.99356412867215, 25.243143273047945], [-110.99356412874904, 25.24314327310818], [-110.99356412883145, 25.24314327316063], [-110.99356412891859, 25.243143273204787], [-110.99356412900961, 25.24314327324023], [-110.99356412910366, 25.243143273266625], [-110.99356412919984, 25.243143273283717], [-110.99356412929723, 25.24314327329134], [-110.9935641293949, 25.24314327328943], [-110.9935641294919, 25.243143273278], [-110.99356412958734, 25.243143273257157], [-110.9976947301831, 25.242027274141563], [-110.99769473027607, 25.2420272741115], [-110.99769473036567, 25.242027274072502], [-110.99769473045103, 25.242027274024952], [-110.99769473053134, 25.242027273969295], [-110.99769473060584, 25.242027273906064], [-110.99769473067381, 25.242027273835866], [-110.99769473073461, 25.24202727375937], [-110.99769473078764, 25.242027273677305], [-110.99769473083242, 25.242027273590452], [-110.99769473086852, 25.242027273499648], [-110.99769473089556, 25.242027273405753], [-110.99892854683272, 25.236796496754444], [-110.99892854685109, 25.23679649665377], [-110.99892854685906, 25.236796496551747], [-110.99892854685658, 25.236796496449443], [-110.99892854684364, 25.236796496347928], [-110.99892854682041, 25.236796496248264], [-110.99892854678711, 25.2367964961515], [-110.9972763061615, 25.23269129448161], [-110.99727630615402, 25.232691294460018], [-110.99727630617677, 25.232691294458906], [-110.99892854620828, 25.232691294458906], [-110.99892854630959, 25.232691294453762], [-110.99892854640984, 25.232691294438382], [-110.99892854650803, 25.232691294412923], [-110.99892854660314, 25.23269129437765], [-110.99892854669417, 25.23269129433292], [-110.99892854678022, 25.2326912942792], [-110.99892854686038, 25.232691294217037], [-110.99892854693383, 25.232691294147077], [-110.9989285469998, 25.232691294070033], [-110.99892854705764, 25.232691293986704], [-110.99892854710674, 25.232691293897943], [-110.9989285471466, 25.232691293804667], [-111.00058078760873, 25.22820744042917], [-111.00058078763747, 25.228207440337886], [-111.00058078765737, 25.228207440244272], [-111.00058078766823, 25.228207440149184], [-111.00099921224566, 25.221859883832103], [-111.0009992122474, 25.22185988373673], [-111.00099921224002, 25.221859883641624], [-111.00099921222363, 25.221859883547655], [-111.00099921219835, 25.221859883455675], [-111.00099921216443, 25.22185988336652], [-111.00099921212217, 25.221859883281002], [-110.99975466729445, 25.219617777465384], [-110.99975466728353, 25.219617777443084], [-110.9997546672898, 25.219617777418996], [-111.00140690802797, 25.214395742471154], [-111.0014069080359, 25.214395742449767], [-111.00140690805556, 25.21439574246132], [-111.00595593445283, 25.21737562997705], [-111.00595593452627, 25.21737563002079], [-111.00595593460316, 25.217375630058097], [-111.00723266599354, 25.21792889101005], [-111.0072326660145, 25.217928891020367]]]}}, {"type": "Feature", "id": 3, "properties": {"actividad": "Pesca, Turismo Alternativo y Conservación", "conflictos_potenciales": "Uso de suelo y acceso a la costa", "fragilidad": "baja", "localidad_referencia": "El Carrizalito", "nombre": "UGA-36c", "poblacion": 6, "politica_ambiental": "Preservación", "presion": "media", "superficie_total": 78.05, "vulnerabilidad": "baja"}, "geometry": {"type": "Polygon", "coordinates": [[[-110.94229102134551, 25.283428838946715], [-110.94229102132402, 25.283428838957487], [-110.9418940545924, 25.283603458167374], [-110.94189405450577, 25.2836034582106], [-110.94189405442373, 25.283603458261997], [-110.94189405434705, 25.28360345832109], [-110.94189405427643, 25.28360345838732], [-110.94174385072556, 25.283758675171843], [-110.94174385070731, 25.283758675188885], [-110.94174385068385, 25.283758675197372], [-110.93882560732337, 25.28465116875417], [-110.93882560730111, 25.284651168759794], [-110.93882560730232, 25.28465116873662], [-110.93890070913874, 25.283913892067353], [-110.9389007091438, 25.283913891979378], [-110.9389007091411, 25.283913891891295], [-110.93890070913065, 25.283913891803792], [-110.93878269195947, 25.28319601284811], [-110.93878269195686, 25.283196012825446], [-110.93878269197963, 25.283196012824348], [-110.94220519063319, 25.283196012824348], [-110.94220519065772, 25.28319601282559], [-110.94220519066735, 25.283196012848144], [-110.94229102133829, 25.283428838923616], [-110.94229102134551, 25.283428838946715]]]}}, {"type": "Feature", "id": 4, "properties": {"actividad": "Pesca, Turismo Alternativo y Conservación", "conflictos_potenciales": "Uso de suelo y acceso a la costa", "fragilidad": "baja", "localidad_referencia": "El Carrizalito", "nombre": "UGA-36c", "poblacion": 6, "politica_ambiental": "Preservación", "presion": "media", "superficie_total": 78.05, "vulnerabilidad": "baja"}, "geometry": {"type": "Polygon", "coordinates": [[[-110.94487667083598, 25.280683402480523], [-110.94487667082379, 25.28068340250209], [-110.94458699227712, 25.281139362641976], [-110.94458699226328, 25.28113936266152], [-110.94458699223988, 25.28113936265572], [-110.94326734545125, 25.28074161026579], [-110.9432673454294, 25.280741610258058], [-110.94326734542295, 25.280741610235754], [-110.9430527687131, 25.279839386581926], [-110.94305276870904, 25.279839386559942], [-110.94305276872794, 25.279839386571535], [-110.94388961772424, 25.280411765678963], [-110.94388961780344, 25.28041176572788], [-110.94388961788684, 25.280411765769223], [-110.94388961797372, 25.280411765802633], [-110.94388961806334, 25.280411765827818], [-110.9438896181549, 25.28041176584456], [-110.94482302663268, 25.28053788290951], [-110.94482302665624, 25.280537882913883], [-110.94482302666569, 25.28053788293608], [-110.94487667082853, 25.28068340245661], [-110.94487667083598, 25.280683402480523]]]}}, {"type": "Feature", "id": 5, "properties": {"actividad": "Pesca, Turismo Alternativo y Conservación", "conflictos_potenciales": "Uso de suelo y acceso a la costa", "fragilidad": "baja", "localidad_referencia": "El Carrizalito", "nombre": "UGA-36c", "poblacion": 6, "politica_ambiental": "Preservación", "presion": "media", "superficie_total": 78.05, "vulnerabilidad": "baja"}, "geometry": {"type": "Polygon", "coordinates": [[[-110.94442605972185, 25.27408634001105], [-110.94442605971707, 25.274086340033183], [-110.9439754486143, 25.275793849384726], [-110.94397544860745, 25.275793849406593], [-110.94397544859481, 25.27579384942579], [-110.94350337983563, 25.276443860855085], [-110.94350337982127, 25.27644386087303], [-110.94350337979826, 25.27644386087188], [-110.94280600577166, 25.27637594941985], [-110.94280600567615, 25.276375949415144], [-110.94280600558062, 25.276375949419585], [-110.94280600548595, 25.276375949433127], [-110.94280600539301, 25.27637594945565], [-110.94280600530264, 25.276375949486948], [-110.94280600521569, 25.276375949526738], [-110.94258070032427, 25.276492368844433], [-110.94258070024226, 25.276492368891855], [-110.94258070016511, 25.276492368946826], [-110.94258070009352, 25.27649236900885], [-110.9425807000281, 25.27649236907737], [-110.94258069996947, 25.27649236915177], [-110.94258069991814, 25.27649236923139], [-110.94258069987457, 25.276492369315505], [-110.94258069983916, 25.276492369403368], [-110.94258069981223, 25.27649236949419], [-110.94245195389368, 25.277016256125155], [-110.942451953887, 25.277016256147636], [-110.942451953865, 25.277016256155115], [-110.94197988512389, 25.277152078353115], [-110.94197988510136, 25.27715207835847], [-110.94197988507956, 25.277152078351], [-110.94180822374754, 25.277084167282236], [-110.94180822372567, 25.277084167272292], [-110.94180822372697, 25.27708416724831], [-110.94186186784783, 25.276569982643455], [-110.94186186785322, 25.276569982543435], [-110.94186186784859, 25.276569982443377], [-110.94186186783395, 25.276569982344284], [-110.94186186780948, 25.276569982247153], [-110.94186186777542, 25.276569982152957], [-110.9418618677321, 25.27656998206264], [-110.94186186767998, 25.27656998197711], [-110.94186186761955, 25.276569981897225], [-110.94186186755142, 25.276569981823783], [-110.9418618674763, 25.27656998175753], [-110.94096064569604, 25.275852059547386], [-110.94096064567694, 25.27585205953049], [-110.94096064567394, 25.275852059505187], [-110.94091773034337, 25.275202045074884], [-110.94091773033345, 25.275202044985733], [-110.94091773031559, 25.27520204489783], [-110.94091773028991, 25.27520204481188], [-110.94091773025664, 25.27520204472858], [-110.94082117110965, 25.27498860716165], [-110.94082117106521, 25.274988607074942], [-110.94082117101254, 25.274988606992974], [-110.94082117095216, 25.274988606916516], [-110.94082117088462, 25.2749886068463], [-110.94082117081057, 25.274988606782987], [-110.9408211707307, 25.274988606727185], [-110.94082117064579, 25.27498860667942], [-110.94082117055662, 25.27498860664014], [-110.94082117046406, 25.274988606609725], [-110.94082117036898, 25.27498860658846], [-110.94082117027229, 25.274988606576553], [-110.94082117017489, 25.274988606574112], [-110.94082117007771, 25.27498860658116], [-110.94026327135661, 25.275056518748755], [-110.94026327133274, 25.275056518750453], [-110.94026327132701, 25.27505651872731], [-110.94019889833775, 25.274726658964635], [-110.94019889830896, 25.27472665885227], [-110.94019889826737, 25.274726658743994], [-110.94010233903052, 25.27451322014224], [-110.94010233898695, 25.27451322005703], [-110.94010233893542, 25.27451321997638], [-110.94010233887643, 25.27451321990102], [-110.9401023388105, 25.27451321983165], [-110.94010233873824, 25.274513219768895], [-110.94010233866032, 25.274513219713338], [-110.94010233857745, 25.274513219665483], [-110.94010233849036, 25.27451321962577], [-110.9401023383999, 25.274513219594564], [-110.94010233830686, 25.274513219572146], [-110.9401023382121, 25.274513219558727], [-110.93937277796344, 25.274445307051458], [-110.93937277794002, 25.274445307048108], [-110.93937277793886, 25.27444530702456], [-110.93937277793886, 25.274338587253947], [-110.93937277793998, 25.27433858723066], [-110.93937277796176, 25.27433858722232], [-110.94019889829327, 25.27406693636447], [-110.94019889831567, 25.274066936358242], [-110.94019889833854, 25.274066936354135], [-110.94166874861936, 25.273872899678427], [-110.94166874871142, 25.27387289966186], [-110.94166874880153, 25.273872899636768], [-110.94166874888889, 25.273872899603365], [-110.94166874897276, 25.273872899561944], [-110.94166874905238, 25.273872899512867], [-110.9432458877366, 25.272795990281427], [-110.94324588775682, 25.272795990268985], [-110.94324588777971, 25.27279599026278], [-110.944125652289, 25.272601951531197], [-110.94412565231232, 25.272601951527253], [-110.94412565231816, 25.272601951550207], [-110.9444260597184, 25.274086339988862], [-110.94442605972185, 25.27408634001105]]]}}, {"type": "Feature", "id": 6, "properties": {"actividad": "Pesca, Turismo Alternativo y Conservación", "conflictos_potenciales": "Uso de suelo y acceso a la costa", "fragilidad": "baja", "localidad_referencia": "El Carrizalito", "nombre": "UGA-36c", "poblacion": 6, "politica_ambiental": "Preservación", "presion": "media", "superficie_total": 78.05, "vulnerabilidad": "baja"}, "geometry": {"type": "Polygon", "coordinates": [[[-110.94229102134553, 25.283428838946712], [-110.94229102132401, 25.283428838957494], [-110.9418940545924, 25.283603458167374], [-110.94189405450577, 25.2836034582106], [-110.94189405442373, 25.283603458261997], [-110.94189405434705, 25.28360345832109], [-110.94189405427643, 25.28360345838732], [-110.94174385072556, 25.283758675171843], [-110.94174385070731, 25.283758675188885], [-110.94174385068385, 25.283758675197372], [-110.93882560732337, 25.28465116875417], [-110.93882560730111, 25.284651168759794], [-110.93882560730232, 25.28465116873662], [-110.93890070913889, 25.283913892065918], [-110.93890070914395, 25.283913891978866], [-110.9389007091414, 25.283913891891707], [-110.93890070913125, 25.283913891805103], [-110.93876123432548, 25.283050496530734], [-110.93876123430384, 25.283050496429993], [-110.93876123427194, 25.283050496332013], [-110.93876123423011, 25.283050496237838], [-110.93876123417883, 25.283050496148466], [-110.93876123411862, 25.283050496064845], [-110.93822479256559, 25.28238111798082], [-110.9382247925061, 25.28238111791308], [-110.93822479244075, 25.282381117850974], [-110.93822479237006, 25.282381117795005], [-110.93743085864622, 25.281808747935496], [-110.93743085857596, 25.281808747889208], [-110.93625068664922, 25.281100557609964], [-110.93625068664184, 25.28110055760546], [-110.93528509141937, 25.280499077677224], [-110.93528509140086, 25.280499077664487], [-110.93528509138811, 25.280499077646088], [-110.93501687051115, 25.280072219142607], [-110.93501687049977, 25.280072219122452], [-110.9350168705008, 25.280072219099452], [-110.93508124349995, 25.279373720249694], [-110.93508124350403, 25.27937372014136], [-110.93508124349636, 25.279373720033224], [-110.93508124347703, 25.27937371992655], [-110.9348666668227, 25.27847148633355], [-110.93486666680025, 25.278471486253938], [-110.9348666667713, 25.278471486176453], [-110.93486666673604, 25.27847148610163], [-110.93458771715495, 25.277937904070832], [-110.93458771710155, 25.27793790398056], [-110.934587717039, 25.27793790389638], [-110.93458771696797, 25.27793790381921], [-110.93458771688924, 25.27793790374991], [-110.93424439432135, 25.277666261082196], [-110.93424439430393, 25.27766626106698], [-110.93424439431708, 25.277666261047923], [-110.93465209005826, 25.277132675214713], [-110.93465209007316, 25.277132675197013], [-110.9346520900963, 25.277132675196537], [-110.93501686930752, 25.27714237674646], [-110.93501686940441, 25.27714237674434], [-110.93501686950064, 25.27714237673285], [-110.93501686959532, 25.2771423767121], [-110.93501686968753, 25.27714237668228], [-110.93501686977642, 25.277142376643678], [-110.93501686986116, 25.277142376596647], [-110.93501686994095, 25.277142376541637], [-110.93501687001505, 25.27714237647916], [-110.93501687008273, 25.277142376409802], [-110.9350168701434, 25.277142376334222], [-110.93501687019646, 25.27714237625312], [-110.93501687024143, 25.277142376167266], [-110.93501687027786, 25.27714237607746], [-110.93501687030543, 25.27714237598455], [-110.93501687032389, 25.277142375889408], [-110.93501687033304, 25.277142375792927], [-110.93501687033282, 25.27714237569601], [-110.93501687032321, 25.27714237559957], [-110.93494176865019, 25.27663789349958], [-110.93494176864769, 25.276637893473193], [-110.93494176865372, 25.27663789344719], [-110.93519926068338, 25.275745341047127], [-110.93519926070655, 25.27574534094814], [-110.93519926071957, 25.275745340847312], [-110.9352421760549, 25.275192343169515], [-110.93524217605761, 25.275192343143566], [-110.93529582023304, 25.27478486951028], [-110.93529582023724, 25.274784869487135], [-110.9352958202595, 25.274784869479674], [-110.93612194000647, 25.27455202694553], [-110.93612194010326, 25.274552026912822], [-110.93612194019622, 25.274552026870417], [-110.93612194028435, 25.274552026818746], [-110.93612194036675, 25.27455202675835], [-110.93612194044256, 25.274552026689864], [-110.93612194051099, 25.274552026614], [-110.93612194057133, 25.274552026531552], [-110.93612194062293, 25.274552026443377], [-110.93612194066526, 25.274552026350396], [-110.93612194069789, 25.27455202625358], [-110.93612194072047, 25.27455202615394], [-110.93629360198544, 25.273562440290874], [-110.93629360199093, 25.273562440266556], [-110.93629360200543, 25.273562440246383], [-110.9368515014482, 25.27286390377519], [-110.93685150146581, 25.27286390375539], [-110.93685150148708, 25.27286390373985], [-110.93777418134127, 25.27226238299684], [-110.93777418136676, 25.272262382982284], [-110.9377741813937, 25.27226238297085], [-110.93848228452316, 25.27201013145455], [-110.93848228454557, 25.272010131447768], [-110.93848228456248, 25.272010131464118], [-110.93896508215032, 25.272524335922707], [-110.93896508216739, 25.272524335942936], [-110.93896508217979, 25.272524335966374], [-110.93929767607598, 25.273242278174735], [-110.9392976760845, 25.273242278195813], [-110.93929767606201, 25.273242278193], [-110.93852520060912, 25.27310645173633], [-110.93852520051291, 25.273106451724185], [-110.93852520041597, 25.273106451721418], [-110.93852520031922, 25.273106451728054], [-110.93852520022357, 25.27310645174403], [-110.93852520012992, 25.273106451769195], [-110.93852520003914, 25.273106451803315], [-110.9385251999521, 25.273106451846065], [-110.9385251998696, 25.273106451897046], [-110.93852519979244, 25.27310645195578], [-110.93852519972133, 25.27310645202171], [-110.93852519965692, 25.27310645209422], [-110.93852519959985, 25.273106452172623], [-110.93852519955065, 25.27310645225619], [-110.93791365628711, 25.27427067446901], [-110.93791365624064, 25.27427067457098], [-110.93791365620586, 25.274270674677513], [-110.93778491059031, 25.274755762708768], [-110.93778491056973, 25.274755762805253], [-110.93778491055878, 25.274755762903297], [-110.93778491055753, 25.274755763001945], [-110.937784910566, 25.274755763100234], [-110.93778491058411, 25.274755763197213], [-110.9377849106117, 25.27475576329193], [-110.93778491064849, 25.274755763383475], [-110.9377849106941, 25.274755763470946], [-110.93778491074814, 25.274755763553493], [-110.93778491081002, 25.27475576363032], [-110.93778491087919, 25.27475576370067], [-110.93778491095495, 25.274755763763867], [-110.93778491103656, 25.27475576381929], [-110.93778491112325, 25.2747557638664], [-110.93778491121414, 25.27475576390474], [-110.93778491130838, 25.274755763933936], [-110.93778491140503, 25.274755763953703], [-110.93778491150316, 25.274755763963853], [-110.93778491160182, 25.274755763964283], [-110.93778491170004, 25.27475576395499], [-110.93858957288191, 25.274639342847394], [-110.93858957290524, 25.274639342845195], [-110.93858957290469, 25.27463934286843], [-110.93848228461822, 25.276104302092072], [-110.93848228461584, 25.276104302189555], [-110.93848228462298, 25.276104302286804], [-110.93848228463955, 25.276104302382898], [-110.9384822846654, 25.27610430247692], [-110.93848228470029, 25.276104302567976], [-110.93848228474388, 25.276104302655206], [-110.93848228479575, 25.27610430273777], [-110.93848228485543, 25.276104302814893], [-110.93848228492233, 25.276104302885837], [-110.93848228499581, 25.276104302949925], [-110.9384822850752, 25.276104303006555], [-110.93848228515972, 25.27610430305518], [-110.93848228524858, 25.276104303095345], [-110.93848228534092, 25.276104303126665], [-110.93848228543588, 25.27610430314884], [-110.93848228553254, 25.276104303161663], [-110.93929767606217, 25.27617221471241], [-110.93929767608549, 25.276172214715505], [-110.93929767609171, 25.276172214738157], [-110.93981265996258, 25.278481186545417], [-110.93981265998792, 25.278481186637926], [-110.93981266002201, 25.27848118672758], [-110.93981266006455, 25.278481186813554], [-110.93981266011511, 25.27848118689506], [-110.93981266017326, 25.278481186971348], [-110.93981266023843, 25.27848118704171], [-110.93981266031007, 25.278481187105506], [-110.93981266038747, 25.278481187162146], [-110.93981266046995, 25.27848118721111], [-110.93981266055674, 25.27848118725195], [-110.93981266064704, 25.27848118728428], [-110.93981266074003, 25.278481187307815], [-110.93981266083485, 25.27848118732233], [-110.93981266093061, 25.278481187327696], [-110.93981266102645, 25.278481187323862], [-110.93981266112148, 25.278481187310863], [-110.93981266121483, 25.27848118728882], [-110.93981266130564, 25.27848118725793], [-110.94099283216151, 25.278015516012005], [-110.94099283218249, 25.27801551600487], [-110.94099283217992, 25.278015516026837], [-110.94059586557937, 25.280411763822418], [-110.94059586556821, 25.28041176391831], [-110.94059586556635, 25.280411764014833], [-110.9405958655738, 25.280411764111083], [-110.9405958655905, 25.280411764206164], [-110.94059586561629, 25.280411764299195], [-110.94059586565093, 25.280411764389306], [-110.94059586569409, 25.280411764475655], [-110.9405958657454, 25.280411764557442], [-110.94059586580433, 25.2804117646339], [-110.94059586587036, 25.28041176470432], [-110.94059586594288, 25.28041176476804], [-110.94059586602121, 25.280411764824475], [-110.94059586610462, 25.28041176487309], [-110.94059586619233, 25.28041176491344], [-110.9405958662835, 25.280411764945143], [-110.94059586637732, 25.280411764967905], [-110.94059586647289, 25.280411764981515], [-110.94059586656934, 25.280411764985846], [-110.94059586666575, 25.280411764980858], [-110.94059586676123, 25.280411764966598], [-110.94059586685489, 25.280411764943196], [-110.94059586694586, 25.28041176491087], [-110.94059586703328, 25.28041176486993], [-110.94129323869264, 25.280043115552722], [-110.94129323877802, 25.280043115502004], [-110.94129323885795, 25.28004311544307], [-110.94129323893165, 25.280043115376497], [-110.94129323899837, 25.280043115302945], [-110.94129323905747, 25.280043115223137], [-110.94129323910838, 25.280043115137858], [-110.94129323915055, 25.280043115047953], [-110.94129323918362, 25.280043114954307], [-110.94129323920723, 25.280043114857843], [-110.94129323922115, 25.280043114759515], [-110.94129323922525, 25.28004311466029], [-110.94129323921949, 25.28004311456115], [-110.94129323920393, 25.280043114463066], [-110.9412932391787, 25.28004311436701], [-110.94129323914409, 25.28004311427393], [-110.9412932391004, 25.280043114184743], [-110.94105720521183, 25.279616254950735], [-110.94105720520227, 25.27961625493128], [-110.94105720522361, 25.279616254935522], [-110.94167947766844, 25.279771476969223], [-110.94167947769053, 25.279771476975874], [-110.94167947769125, 25.27977147699904], [-110.94164729118388, 25.281711735760155], [-110.94164729118225, 25.281711735784743], [-110.9416472911736, 25.281711735807487], [-110.94140052831877, 25.282274404203825], [-110.94140052828378, 25.282274404295638], [-110.94140052825796, 25.28227440439044], [-110.94140052824157, 25.282274404487314], [-110.94140052823478, 25.282274404585333], [-110.94140052823762, 25.282274404683545], [-110.9414005282501, 25.282274404781003], [-110.94140052827208, 25.282274404876766], [-110.94140052830335, 25.28227440496991], [-110.9414005283436, 25.282274405059535], [-110.94140052839248, 25.28227440514478], [-110.94140052844946, 25.282274405224815], [-110.94140052851404, 25.28227440529887], [-110.94140052858556, 25.282274405366234], [-110.94140052866335, 25.282274405426254], [-110.94140052874666, 25.282274405478347], [-110.94199061391515, 25.28260424440456], [-110.94199061393635, 25.28260424441787], [-110.94199061394609, 25.282604244440886], [-110.94229102133849, 25.283428838923864], [-110.94229102134553, 25.283428838946712]]]}}, {"type": "Feature", "id": 7, "properties": {"actividad": "Pesca, Turismo Alternativo y Conservación", "conflictos_potenciales": "Afectación a la biodiversidad por el aprovechamiento de fauna o flora silvestre ", "fragilidad": "baja", "localidad_referencia": "Santa Martha", "nombre": "UGA-85", "poblacion": 0, "politica_ambiental": "Preservación", "presion": "media", "superficie_total": 11360.75, "vulnerabilidad": "media"}, "geometry": {"type": "Polygon", "coordinates": [[[-110.96328735351562, 25.264733419173545], [-110.9632873535145, 25.264733419196144], [-110.96328735349528, 25.264733419184086], [-110.96196770670004, 25.263811671201587], [-110.96196770668266, 25.263811671188147], [-110.96196770670316, 25.2638116711804], [-110.96328735349203, 25.2633847539562], [-110.96328735351447, 25.26338475395015], [-110.96328735351562, 25.2633847539733], [-110.96328735351562, 25.264733419173545]]]}}]}