{"type": "FeatureCollection", "name": "vialidades", "features": [{"type": "Feature", "id": 1, "properties": {"CARIMT2KG_": 1623, "CARIMT2KG__1": 1623, "CENTRO": "BCS", "DESCRIPCIO": "Carretera Federal Libre (pav.) 2 carriles", "FNODE_": 0, "LENGTH": 0.117, "LPOLY_": 0, "PAISGEO_ID": 100, "RPOLY_": 0, "TNODE_": 0, "extrude": 0, "fid": 1, "layer": "CARRETERA_FEDERAL_LIBRE", "path": "D:/Back-up/Escritorio Brenda/Datos_SIG/Mapoteca/BCS/BCS/camf-bcsg.shp", "tessellate": -1, "visibility": -1}, "geometry": {"type": "MultiLineString", "coordinates": [[[-111.7687976360321, 26.548147654014002], [-111.76920533180237, 26.54855075157406], [-111.7693018913269, 26.54876189734955], [-111.76969885826111, 26.549174590242725], [-111.76979541778564, 26.549404929816344], [-111.77010655403137, 26.549827217832927], [-111.77020311355591, 26.550028763838053], [-111.77039623260498, 26.550239906892045], [-111.77050352096558, 26.550451049557246], [-111.77069664001465, 26.55067178920061], [-111.77110433578491, 26.55129561633006], [-111.77129745483398, 26.551516354347523], [-111.77140474319458, 26.55172749466224], [-111.77159786224365, 26.551938634588144], [-111.77169442176819, 26.552149774125244], [-111.77189826965332, 26.552360913273525], [-111.77200555801392, 26.552572052032993], [-111.77219867706299, 26.55278319040365], [-111.77279949188232, 26.553598948637003], [-111.77290678024292, 26.553819682220038], [-111.77309989929199, 26.55403081829308], [-111.77340030670166, 26.554443492222237], [-111.7734968662262, 26.554654627146448], [-111.77380800247192, 26.555057701831107], [-111.7743980884552, 26.555883040811143], [-111.77449464797974, 26.556103769996398], [-111.77469849586487, 26.556305304968284], [-111.77480578422546, 26.55652603334049], [-111.77499890327454, 26.556727567570007], [-111.7752993106842, 26.55715942544017], [-111.77549242973328, 26.55756249131778], [-111.77570700645447, 26.55776402372511], [-111.775803565979, 26.55798474928849], [-111.77599668502808, 26.558186280953425], [-111.77660822868347, 26.55904038740994], [-111.77689790725708, 26.559472236566606], [-111.77700519561768, 26.5596833622288], [-111.77719831466675, 26.55988489090721], [-111.77729487419128, 26.560115208962937], [-111.77749872207642, 26.560326333440784], [-111.77760601043701, 26.560537457529726], [-111.77800297737122, 26.560978897549923], [-111.77809953689575, 26.56119961692243], [-111.77829265594482, 26.561420335869887], [-111.77839994430542, 26.561641054392258], [-111.77860379219055, 26.561861772489564], [-111.77870035171509, 26.5620824901618], [-111.77890419960022, 26.562303207408956], [-111.77900075912476, 26.562514327856327], [-111.77919387817383, 26.56274464062806], [-111.77950501441956, 26.563445172463755], [-111.77969813346863, 26.56368507964229], [-111.78009510040283, 26.56457752993721], [-111.78029894828796, 26.564807838562505], [-111.78080320358276, 26.56586341383916], [-111.78120017051697, 26.566467966209192], [-111.7814040184021, 26.566669482957074], [-111.78170442581175, 26.56706291939579], [-111.78199410438538, 26.567485142363772], [-111.78219795227051, 26.567696253264327], [-111.78249835968018, 26.568147261612342], [-111.78299188613892, 26.569394722264832], [-111.78339958190918, 26.57025834091384], [-111.78360342979431, 26.57046944670454], [-111.78379654884337, 26.570910848464436], [-111.78400039672852, 26.571131548706628], [-111.78410768508911, 26.57136184415822], [-111.78420424461365, 26.57160173476133], [-111.78420424461365, 26.571841624862106], [-111.78430080413818, 26.572091110034023], [-111.78430080413818, 26.573089045288313], [-111.78439736366272, 26.573328932274524], [-111.78439736366272, 26.574029399399098], [-111.78450465202332, 26.574259689024995], [-111.78450465202332, 26.57448038281536], [-111.78460121154785, 26.574710671534568], [-111.78460121154785, 26.57563182178143], [-111.78469777107239, 26.57585251292805], [-111.78469777107239, 26.576284298724172], [-111.78489089012146, 26.576668106954184], [-111.78510546684265, 26.57701353326154], [-111.78529858589172, 26.577176650877888], [-111.78579211235046, 26.577685192543523], [-111.78600668907166, 26.57806899607901], [-111.78629636764526, 26.578721459137462], [-111.78629636764526, 26.579892045307556], [-111.78619980812073, 26.580112728245012], [-111.78619980812073, 26.58055409284407], [-111.78629636764526, 26.580985860914517], [-111.7865002155304, 26.581388842978125], [-111.78669333457947, 26.581590333478108], [-111.78730487823486, 26.582357913087233], [-111.78749799728394, 26.58256899657769], [-111.78809881210327, 26.58334616425696]], [[-111.75189971923828, 26.536658777967524], [-111.7550003528595, 26.537186696407126], [-111.7553973197937, 26.53728268131698], [-111.7557942867279, 26.537426658531192], [-111.75610542297363, 26.537513044773004], [-111.75650238990784, 26.537705013966363], [-111.75729632377625, 26.538136943476978], [-111.75780057907104, 26.53835770682109], [-111.75819754600525, 26.53859766649591], [-111.75870180130005, 26.53882802731155], [-111.75909876823425, 26.53904878932582], [-111.759592294693, 26.539269550915275], [-111.75999999046326, 26.539509508682848], [-111.76120162010193, 26.54015259302486], [-111.76180243492126, 26.540565316897325], [-111.7620062828064, 26.540728486390822], [-111.76229596138, 26.54107402102264], [-111.76260709762573, 26.541409956472396], [-111.7628002166748, 26.541592321018854], [-111.76310062408447, 26.541947451145706], [-111.76329374313354, 26.54212981483764], [-111.76360487937927, 26.542494541351722], [-111.76379799842834, 26.542676904173874], [-111.76409840583801, 26.54304162894837], [-111.76430225372314, 26.54321439291046], [-111.76460266113281, 26.543588713935602], [-111.76499962806702, 26.54396303373917], [-111.76530003547668, 26.544337352321126], [-111.76569700241089, 26.544721267546436], [-111.76599740982056, 26.545085985820158], [-111.76640510559082, 26.545479496341056], [-111.76669478416443, 26.545853809973813], [-111.76709175109863, 26.546237720122942], [-111.76740288734436, 26.546621628986966], [-111.76779985427856, 26.546995938892035], [-111.76810026168823, 26.54737024757538], [-111.76849722862244, 26.547763750258525], [-111.7687976360321, 26.548147654014002]], [[-111.76866888999939, 26.54799409266603], [-111.7687976360321, 26.548147654014002]], [[-111.75189971923828, 26.536658777967524], [-111.75430297851562, 26.537061915904253]], [[-111.75159931182861, 26.53662038380444], [-111.75189971923828, 26.536658777967524]], [[-111.75155639648438, 26.536610785261658], [-111.75159931182861, 26.53662038380444]], [[-111.70761108398438, 26.521328887057642], [-111.70780420303345, 26.522010472347546], [-111.70809388160706, 26.523229635942748], [-111.70829772949219, 26.523661619936888], [-111.70859813690186, 26.52489996504428], [-111.70889854431152, 26.525283945310015], [-111.70910239219666, 26.52564872537274], [-111.70929551124573, 26.525831114969414], [-111.70960664749146, 26.526205492707266], [-111.70979976654053, 26.52657986922407], [-111.71000361442566, 26.52676225734121], [-111.71019673347473, 26.52710783403154], [-111.7104971408844, 26.527434211061493], [-111.71070098876953, 26.52773178930939], [-111.7108941078186, 26.5279717712054], [-111.71119451522827, 26.528096561593028], [-111.71160221099854, 26.528077363080694], [-111.7119026184082, 26.52794297340438], [-111.71209573745728, 26.527683792869983], [-111.71269655227661, 26.52714623137734], [-111.71299695968628, 26.526944645168538], [-111.71329736709595, 26.52685825097066], [-111.71369433403015, 26.52690624775528], [-111.71410202980042, 26.52706943667287], [-111.71430587768555, 26.527299820632138], [-111.71459555625916, 26.5275686013335], [-111.71489596366882, 26.52803896604638], [-111.71489596366882, 26.528384538892805], [-111.71499252319336, 26.528691713882818], [-111.71520709991455, 26.52893169377176], [-111.71540021896362, 26.529085280637347], [-111.71570062637329, 26.529238867297398], [-111.71600103378296, 26.529363656307346], [-111.71639800071716, 26.52938285460454], [-111.71679496765137, 26.529344458006964], [-111.71720266342163, 26.529334858855552], [-111.71759963035583, 26.529430850333434], [-111.7180073261261, 26.529622833048336], [-111.7184042930603, 26.52978601810351], [-111.7188012599945, 26.529978000224286], [-111.71919822692871, 26.53011238751774], [-111.71949863433838, 26.530179581105468], [-111.71979904174805, 26.530189180186223], [-111.72019600868225, 26.53012198660412], [-111.72049641609192, 26.52999719841869], [-111.72079682350159, 26.52978601810351], [-111.72109723091125, 26.529536440866366], [-111.72149419784546, 26.529325259703363], [-111.72190189361572, 26.52919087148821], [-111.72229886054993, 26.52911407815176], [-111.72690153121948, 26.52911407815176], [-111.72799587249756, 26.529094879809612], [-111.72840356826782, 26.52911407815176], [-111.73069953918457, 26.529104478981086], [-111.73120379447937, 26.529162073993056], [-111.73169732093811, 26.52925806561545], [-111.73310279846191, 26.529574837399718], [-111.73389673233032, 26.52972842340465], [-111.73429369926453, 26.5298340136638], [-111.7345941066742, 26.529862810990345], [-111.7354953289032, 26.530083590253827], [-111.73579573631287, 26.53013158568968], [-111.73619270324707, 26.530227576501183], [-111.7365038394928, 26.53027557187683], [-111.736900806427, 26.530371562567908], [-111.73720121383667, 26.530419557883317], [-111.73759818077087, 26.53058274180564], [-111.73799514770508, 26.53085151481894], [-111.73819899559021, 26.531033896148042], [-111.73859596252441, 26.531763418566022], [-111.73879981040955, 26.531917001642046], [-111.73919677734375, 26.53218577153046], [-111.73960447311401, 26.532396947429774], [-111.7416000366211, 26.53353921033077], [-111.74190044403076, 26.533759982521453], [-111.74229741096497, 26.533961556759383], [-111.74259781837463, 26.53414393314571], [-111.7437994480133, 26.534527882485243], [-111.74419641494751, 26.53464306703658], [-111.74449682235718, 26.534700659268886], [-111.74530148506165, 26.53495022527484], [-111.74560189247131, 26.535017416029866], [-111.74599885940552, 26.535151797421864], [-111.74680352210999, 26.535353369214768], [-111.74720048904419, 26.53550694748596], [-111.74800515174866, 26.535718117273202], [-111.7488956451416, 26.53598687825852], [-111.74919605255127, 26.53605406840648], [-111.75000071525574, 26.53629403289942], [-111.75069808959961, 26.536447609911537], [-111.75159931182861, 26.53662038380444]]]}}, {"type": "Feature", "id": 1, "properties": {"CRURIMT2KG": 69463, "CRURIMT2KG_1": 69463, "DESCRIPCIO": "Caminos Rurales (rev.) 2 carriles", "ESTADO": "BCS", "FNODE_": 0, "ID_IMT": 420, "LENGTH": 0, "LPOLY_": 0, "RPOLY_": 0, "TNODE_": 0, "extrude": 0, "fid": 31, "layer": "CAMINOS_RURALES", "path": "D:/Back-up/Escritorio Brenda/Datos_SIG/Mapoteca/BCS/BCS/camr-bcsg.shp", "tessellate": -1, "visibility": -1}, "geometry": {"type": "LineString", "coordinates": [[-111.73160076141357, 26.360380984467668], [-111.73169732093811, 26.360294465266353]]}}, {"type": "Feature", "id": 2, "properties": {"CRURIMT2KG": 69461, "CRURIMT2KG_1": 69461, "DESCRIPCIO": "Caminos Rurales (rev.) 2 carriles", "ESTADO": "BCS", "FNODE_": 0, "ID_IMT": 420, "LENGTH": 0.077, "LPOLY_": 0, "RPOLY_": 0, "TNODE_": 0, "extrude": 0, "fid": 29, "layer": "CAMINOS_RURALES", "path": "D:/Back-up/Escritorio Brenda/Datos_SIG/Mapoteca/BCS/BCS/camr-bcsg.shp", "tessellate": -1, "visibility": -1}, "geometry": {"type": "MultiLineString", "coordinates": [[[-111.70761108398438, 26.378798486874622], [-111.70780420303345, 26.378692758025014], [-111.70790076255798, 26.378625475979444], [-111.70809388160706, 26.378567805623465], [-111.70829772949219, 26.37846207656277], [-111.70850157737732, 26.37840440612523], [-111.70859813690186, 26.378327512163743], [-111.70880198478699, 26.37826984165904], [-111.70889854431152, 26.37820255936717], [-111.70910239219666, 26.3781352770361], [-111.70919895172119, 26.378067994665862], [-111.70939207077026, 26.37801032403161], [-111.70949935913086, 26.377943041588598], [-111.70989632606506, 26.377798864793082], [-111.71000361442566, 26.377712358629395], [-111.71019673347473, 26.377664299621586], [-111.71029329299927, 26.377587405167503], [-111.71040058135986, 26.37752973429336], [-111.710604429245, 26.377462451570473], [-111.71070098876953, 26.37738555698206], [-111.7108941078186, 26.37732788600716], [-111.7110013961792, 26.377260603166732], [-111.71119451522827, 26.37719332028712], [-111.71130180358887, 26.377116425519574], [-111.71169877052307, 26.376991471413174], [-111.71179533004761, 26.376924188376837], [-111.71199917793274, 26.376856905301302], [-111.71209573745728, 26.37678962218661], [-111.71229958534241, 26.376722339032717], [-111.712406873703, 26.376655055839656], [-111.71259999275208, 26.376587772607394], [-111.71269655227661, 26.376520489335963], [-111.71290040016174, 26.376462817929273], [-111.71299695968628, 26.376405146493788], [-111.71329736709595, 26.376376310765238], [-111.71359777450562, 26.376376310765238], [-111.71399474143982, 26.37638592267556], [-111.71449899673462, 26.376433982215122], [-111.71470284461975, 26.376405146493788], [-111.71479940414429, 26.376366698854127], [-111.71499252319336, 26.376232132014607], [-111.71499252319336, 26.376136012747562], [-111.71520709991455, 26.37597260981009], [-111.71540021896362, 26.375789982724136], [-111.71560406684875, 26.375703475056355], [-111.7164945602417, 26.37479994665538], [-111.71669840812683, 26.37471343824639], [-111.71720266342163, 26.374223222705346], [-111.71729922294617, 26.374107877569912], [-111.71729922294617, 26.37400214442797], [-111.7173957824707, 26.373867574834648], [-111.7173957824707, 26.373598435177886], [-111.7175030708313, 26.373463865114427], [-111.7175030708313, 26.373021705231093], [-111.71759963035583, 26.37287752229466], [-111.71759963035583, 26.372617992555718], [-111.71769618988037, 26.372502645818], [-111.71769618988037, 26.371868236702472], [-111.71779274940491, 26.371733664624184], [-111.71779274940491, 26.371464519997474], [-111.7179000377655, 26.371310722786486], [-111.7179000377655, 26.370887779400938], [-111.7180073261261, 26.370772430936256], [-111.7180073261261, 26.37063785758194], [-111.71810388565063, 26.37053212126504], [-111.71810388565063, 26.37042638485141], [-111.7182970046997, 26.370311035926218], [-111.71889781951904, 26.370041887986375], [-111.71889781951904, 26.3699938257883], [-111.71919822692871, 26.369849639074157], [-111.71940207481384, 26.36977273941973], [-111.71940207481384, 26.369724677109726], [-111.71959519386292, 26.369647777372148], [-111.71959519386292, 26.36960932748419], [-111.71979904174805, 26.36950359022629], [-111.71979904174805, 26.36945552780437], [-111.71990633010864, 26.36940746536246], [-111.71990633010864, 26.369359402900553], [-111.72000288963318, 26.369311340418673], [-111.72000288963318, 26.36925366541402], [-111.72009944915771, 26.369186377872225], [-111.72009944915771, 26.369138315318388], [-111.72019600868225, 26.369071027709428], [-111.72019600868225, 26.369013352584872], [-111.72030329704285, 26.36893645237401], [-111.72030329704285, 26.36886916464754], [-111.72039985656738, 26.36879226434074], [-111.72039985656738, 26.368734589077068], [-111.72049641609192, 26.368676913784615], [-111.72049641609192, 26.368628851018926], [-111.72059297561646, 26.36858078823324], [-111.72059297561646, 26.368561563113364], [-111.72070026397705, 26.368542337990306], [-111.72100067138672, 26.368542337990306], [-111.72139763832092, 26.36860001334991], [-111.72160148620605, 26.36860962590704], [-111.72180533409119, 26.368561563113364], [-111.72199845314026, 26.368475050034387], [-111.7220950126648, 26.3684077620393], [-111.7220950126648, 26.368330861425516], [-111.72270655632019, 26.367840618809872], [-111.72320008277893, 26.36735998677596], [-111.723393201828, 26.367244634790442], [-111.7235004901886, 26.367148508047894], [-111.72380089759827, 26.36682167652529], [-111.72399401664734, 26.366715936717185], [-111.72419786453247, 26.366504456810773], [-111.7244017124176, 26.366379491229658], [-111.72460556030273, 26.366158397947515], [-111.7247986793518, 26.366043044762876], [-111.72500252723694, 26.36582195083722], [-111.72519564628601, 26.365706597316827], [-111.72539949417114, 26.365495115563814], [-111.72560334205627, 26.36537976171726], [-111.72579646110535, 26.36514905367885], [-111.72600030899048, 26.365043312340692], [-111.72650456428528, 26.364601120242245], [-111.72690153121948, 26.364197378153378], [-111.72709465026855, 26.364101248876757], [-111.72729849815369, 26.363880151237208], [-111.72750234603882, 26.363774408738376], [-111.72769546508789, 26.36355331047373], [-111.72789931297302, 26.36343795468952], [-111.72810316085815, 26.3632168557814], [-111.72830700874329, 26.36312072568945], [-111.72850012779236, 26.362909239205806], [-111.72869324684143, 26.3628034958189], [-111.7289936542511, 26.36248626507788], [-111.72919750213623, 26.362390134378447], [-111.7294979095459, 26.36211135489806], [-111.72979831695557, 26.361890253452874], [-111.72979831695557, 26.36183257474546], [-111.73020601272583, 26.361544180776747], [-111.73069953918457, 26.361140428012032], [-111.7307960987091, 26.361044296193565], [-111.7309033870697, 26.36096739068123], [-111.7309033870697, 26.360890485117764], [-111.73099994659424, 26.36081357950313], [-111.73120379447937, 26.36072706062552], [-111.73149347305298, 26.360467503604248]], [[-111.67369723320007, 26.40396881013234], [-111.6739010810852, 26.403824665829802], [-111.67410492897034, 26.403517157382623], [-111.67429804801941, 26.403373012515942], [-111.67450189590454, 26.40306550286528], [-111.67469501495361, 26.402921357434458], [-111.67489886283875, 26.402623456306916], [-111.67510271072388, 26.402469700585375], [-111.67529582977295, 26.40218140805539], [-111.67549967765808, 26.402027651744937], [-111.67569279670715, 26.401739358110717], [-111.67590737342834, 26.40158560121134], [-111.67610049247742, 26.401297306472905], [-111.67630434036255, 26.401153158833633], [-111.67649745941162, 26.40084564326816], [-111.67670130729675, 26.400701495064798], [-111.67690515518188, 26.400403588207347], [-111.67709827423096, 26.40024982952846], [-111.67730212211609, 26.39994231155618], [-111.67749524116516, 26.399788552262812], [-111.6776990890503, 26.399490643049003], [-111.67790293693542, 26.399336883153925], [-111.6780960559845, 26.399038972774367], [-111.67829990386963, 26.39889482231468], [-111.6786003112793, 26.398462369855483], [-111.67880415916444, 26.39830860859064], [-111.6789972782135, 26.398020305667025], [-111.67920112609863, 26.397866543813347], [-111.6793942451477, 26.397578239785634], [-111.67959809303284, 26.397434087501747], [-111.67980194091797, 26.397155392575808], [-111.67999505996704, 26.397020849956952], [-111.68019890785219, 26.396742154033326], [-111.68039202690125, 26.396607610932843], [-111.68049931526184, 26.396482677913404], [-111.68070316314697, 26.39634813451049], [-111.68079972267151, 26.396223201210237], [-111.68100357055664, 26.39608865750491], [-111.68110013008118, 26.39595411364279], [-111.68129324913025, 26.395829179916124], [-111.68140053749084, 26.395704246054247], [-111.68160438537599, 26.39557931205717], [-111.68179750442505, 26.395339053990455], [-111.68200135231018, 26.395223729940838], [-111.6822910308838, 26.394935419312773], [-111.68250560760498, 26.39476243259032], [-111.68250560760498, 26.394656718354547], [-111.68260216712952, 26.394570224816928], [-111.68260216712952, 26.394464510405165], [-111.68250560760498, 26.394339575066468], [-111.68250560760498, 26.394108924855196], [-111.68239831924438, 26.39398398913169], [-111.68239831924438, 26.393628402101733], [-111.68290257453918, 26.393109435281644], [-111.68290257453918, 26.393022940584842], [-111.6831922531128, 26.392744235009896], [-111.6831922531128, 26.3926577400395], [-111.68329954147339, 26.392590466128837], [-111.68329954147339, 26.392523192178974], [-111.68340682983398, 26.392455918189917], [-111.68340682983398, 26.392379033582998], [-111.68350338935852, 26.392311759509933], [-111.68350338935852, 26.392254095987557], [-111.6836965084076, 26.392109937055586], [-111.6836965084076, 26.392023441610014], [-111.68399691581726, 26.391773565514377], [-111.6840934753418, 26.391581352765158], [-111.68420076370239, 26.391485246270545], [-111.68420076370239, 26.39138913969595], [-111.68440461158752, 26.391177704950262], [-111.68470501899719, 26.390822109277554], [-111.68483376502991, 26.390639505668712]]]}}, {"type": "Feature", "id": 3, "properties": {"CRURIMT2KG": 69462, "CRURIMT2KG_1": 69462, "DESCRIPCIO": "Caminos Rurales (rev.) 2 carriles", "ESTADO": "BCS", "FNODE_": 0, "ID_IMT": 420, "LENGTH": 0, "LPOLY_": 0, "RPOLY_": 0, "TNODE_": 0, "extrude": 0, "fid": 30, "layer": "CAMINOS_RURALES", "path": "D:/Back-up/Escritorio Brenda/Datos_SIG/Mapoteca/BCS/BCS/camr-bcsg.shp", "tessellate": -1, "visibility": -1}, "geometry": {"type": "LineString", "coordinates": [[-111.73149347305298, 26.360467503604248], [-111.73160076141357, 26.360380984467668]]}}, {"type": "Feature", "id": 1, "properties": {"CARIMT2KG_": 1627, "CARIMT2KG__1": 1627, "CENTRO": "BCS", "DESCRIPCIO": "Carretera Federal Libre (pav.) 2 carriles", "FNODE_": 0, "LENGTH": 0.115, "LPOLY_": 0, "PAISGEO_ID": 100, "RPOLY_": 0, "TNODE_": 0, "extrude": 0, "fid": 3, "layer": "CARRETERA_FEDERAL_LIBRE", "path": "D:/Back-up/Escritorio Brenda/Datos_SIG/Mapoteca/BCS/BCS/camf-bcsg.shp", "tessellate": -1, "visibility": -1}, "geometry": {"type": "MultiLineString", "coordinates": [[[-111.69940352439883, 26.511018216073097], [-111.69970393180847, 26.512112688752104], [-111.69989705085754, 26.512448708973388], [-111.70010089874268, 26.51260231788998], [-111.70040130615234, 26.512871132999685], [-111.70079827308655, 26.51307274391907], [-111.70120596885681, 26.513322356947977], [-111.70149564743042, 26.513619971773423], [-111.70169949531555, 26.513773579123512], [-111.70199990272522, 26.514080793207366], [-111.70239686965942, 26.514388006469417], [-111.70269727706909, 26.514685618533363], [-111.70290112495422, 26.51484882482163], [-111.70310497283936, 26.515213638039096], [-111.70329809188843, 26.51561685129959], [-111.7035984992981, 26.51602966340913], [-111.70429587364197, 26.517440893598806], [-111.70429587364197, 26.51786329926268], [-111.70440316200256, 26.518103301788518], [-111.70440316200256, 26.518516104959566], [-111.70459628105164, 26.51889050655223], [-111.70480012893677, 26.519236106938823], [-111.7050039768219, 26.519408906742036], [-111.70529365539551, 26.519764105520856], [-111.70549750328064, 26.52010970327797]], [[-111.69940352439883, 26.511018216073097], [-111.69942498207092, 26.511133424214513]], [[-111.66959881782532, 26.471226096701642], [-111.67019963264465, 26.472023226518015], [-111.67040348052979, 26.472455403025407], [-111.67059659957886, 26.4726762926134], [-111.67070388793945, 26.472897181777324], [-111.67110085487366, 26.473358166492513], [-111.67120814323425, 26.473607865775364], [-111.67140126228333, 26.473828753150748], [-111.67149782180786, 26.474059243872926], [-111.671701669693, 26.474299337884148], [-111.67179822921753, 26.474510620199567], [-111.6720986366272, 26.47491397626969], [-111.6722059249878, 26.475134861137395], [-111.67239904403687, 26.475326934590647], [-111.67269945144653, 26.475720684167303], [-111.6729998588562, 26.476066414391706], [-111.6733968257904, 26.47639293642736], [-111.67459845542908, 26.47730527249668], [-111.67529582977295, 26.47797751549659], [-111.67559623718262, 26.478342445765595], [-111.67600393295288, 26.47871697825887], [-111.67630434036255, 26.47909150953262], [-111.67670130729675, 26.479475642905534], [-111.67700171470642, 26.47985017170896], [-111.6775918006897, 26.480445573962896], [-111.67780637741089, 26.480637638548608], [-111.6780960559845, 26.481069782693805], [-111.67820334434509, 26.48129065574098], [-111.6789972782135, 26.48319206703816], [-111.6791045665741, 26.483412936009483], [-111.67949080467224, 26.48436362804343], [-111.67970538139343, 26.484814963934493], [-111.67999505996704, 26.485170269666398], [-111.68019890785219, 26.485314312217916], [-111.68049931526184, 26.485573588355983], [-111.68070316314697, 26.485698424806554], [-111.68100357055664, 26.485996111180235], [-111.68150782585144, 26.487974265570767], [-111.68150782585144, 26.488396779573456], [-111.68160438537599, 26.488627241102314], [-111.68190479278564, 26.48984675900254], [-111.68209791183472, 26.490019603012637], [-111.68250560760498, 26.4907493859682], [-111.68290257453918, 26.492285755995223], [-111.68309569358826, 26.492650640859278], [-111.68329954147339, 26.492967513617376], [-111.68359994888306, 26.49330358983057], [-111.68380379676819, 26.494004545627664], [-111.68380379676819, 26.494369425035885], [-111.6836965084076, 26.494657486908416], [-111.68340682983398, 26.49488793588668], [-111.6831922531128, 26.495147190434963], [-111.6831922531128, 26.496088183511905], [-111.68299913406373, 26.496395444888968], [-111.68290257453918, 26.49668350168396], [-111.68290257453918, 26.496981159613682], [-111.68309569358826, 26.497278816772518], [-111.68329954147339, 26.497509260495065], [-111.68359994888306, 26.497691694781075], [-111.68380379676819, 26.497893332339206], [-111.68390035629272, 26.498142978349623], [-111.68390035629272, 26.498843904633958], [-111.68380379676819, 26.499170361992103], [-111.68390035629272, 26.49947761512911], [-111.6840934753418, 26.49975606257494], [-111.68420076370239, 26.50005371254684], [-111.68420076370239, 26.500360963322066], [-111.68430805206299, 26.500620205524683], [-111.6845977306366, 26.500812236408834], [-111.68489813804626, 26.500985063930187], [-111.68530583381653, 26.501186695709926], [-111.68559551239014, 26.501369124158153], [-111.68599247932434, 26.501580356736387], [-111.6864001750946, 26.501993219290846], [-111.68670058250427, 26.50217564645866], [-111.68710827827454, 26.502329269112167], [-111.68779492378235, 26.502722926224333], [-111.68810606002808, 26.502943757672387], [-111.68839573860168, 26.503183791373665], [-111.68879270553589, 26.50335661532809], [-111.68920040130615, 26.50346222983895], [-111.68959736824036, 26.503500635091545], [-111.69000506401062, 26.503596648166894], [-111.69079899787903, 26.50393269329879], [-111.69119596481323, 26.50405750981175], [-111.69159293174744, 26.504153522421745], [-111.6920006275177, 26.504278338694814], [-111.6923975944519, 26.504431958537054], [-111.69299840927124, 26.504998429930165], [-111.69329881668091, 26.505219257004764], [-111.69370651245117, 26.505334470962165], [-111.69399619102478, 26.505382476743634], [-111.69429659843445, 26.505478488246414], [-111.69459700584412, 26.505699314398335], [-111.69499397277832, 26.506323386011157], [-111.69560551643372, 26.50684184292688], [-111.69600248336792, 26.507590721007848], [-111.69669985771179, 26.509078861679384], [-111.69700026512146, 26.50941489077588], [-111.69730067253113, 26.509616507761955], [-111.6976010799408, 26.509741318099802], [-111.69790148735046, 26.509904531413902], [-111.69819116592407, 26.510182953590967], [-111.69840574264526, 26.51046137509318], [-111.69909238815308, 26.510797400145357], [-111.6994035243988, 26.511018216072976], [-111.69940352439883, 26.511018216073097]], [[-111.69650673866272, 26.508675625466086], [-111.69669985771179, 26.50907886167941], [-111.69700026512146, 26.50941489077592], [-111.69730067253113, 26.50961650776198], [-111.6976010799408, 26.509741318099827], [-111.69790148735046, 26.50990453141394], [-111.69819116592407, 26.510182953591002], [-111.69840574264526, 26.510461375093204], [-111.69909238815308, 26.510797400145382], [-111.6994035243988, 26.511018216073015], [-111.69940352439883, 26.511018216073097]], [[-111.66959881782532, 26.471226096701642], [-111.6700279712677, 26.471802335676244]], [[-111.66779637336731, 26.46957419564718], [-111.66809678077698, 26.469900736108283], [-111.66869759559633, 26.470400149138765], [-111.66899800300598, 26.47073629130421], [-111.66940569877625, 26.471053224446514], [-111.66959881782532, 26.471226096701642]], [[-111.66489958763123, 26.467000256045047], [-111.6664981842041, 26.46838327552495], [-111.66679859161377, 26.46871942358212], [-111.66779637336731, 26.46957419564718]], [[-111.66751742362976, 26.469343695940267], [-111.66779637336731, 26.46957419564718]], [[-111.66489958763123, 26.467000256045047], [-111.66641235351562, 26.468306441545455]], [[-111.66399836540222, 26.466174278150646], [-111.66459918022156, 26.46666410296618], [-111.66489958763123, 26.467000256045047]], [[-111.66366577148438, 26.465962980527767], [-111.66399836540222, 26.466174278150646]], [[-111.63879632949829, 26.43638709232435], [-111.63909673690796, 26.436800188848235], [-111.6391932964325, 26.437011539985473], [-111.63939714431764, 26.437213283891253], [-111.63950443267822, 26.437434241097076], [-111.63990139961243, 26.43787615423766], [-111.6402018070221, 26.438558234236716], [-111.6407060623169, 26.439807102643964], [-111.64080262184143, 26.440316252802674], [-111.64119958877563, 26.441344152870492], [-111.64119958877563, 26.441603528074133], [-111.6414999961853, 26.442372043767726], [-111.6414999961853, 26.44263141665725], [-111.6418969631195, 26.443659296069477], [-111.6418969631195, 26.443918666060863], [-111.64199352264404, 26.44418764173142], [-111.64230465888977, 26.444927321587183], [-111.64230465888977, 26.44516747636313], [-111.64260506629944, 26.445849513196805], [-111.64289474487305, 26.446272181883863], [-111.64309859275818, 26.446675636911092], [-111.64339900016785, 26.44708869654637], [-111.64369940757751, 26.447703480237255], [-111.64399981498718, 26.44841431978926], [-111.64399981498718, 26.448654467295153], [-111.64420366287231, 26.449153972503492], [-111.64420366287231, 26.44940372429529], [-111.64430022239685, 26.44966308135201], [-111.64430022239685, 26.449903226254133], [-111.64450407028198, 26.450412331790588], [-111.64450407028198, 26.450662080853572], [-111.64469718933105, 26.451151971673227], [-111.64469718933105, 26.451401719132217], [-111.64479374885559, 26.451632254767492], [-111.64479374885559, 26.451862789941256], [-111.64510488510132, 26.452506364858863], [-111.64600610733034, 26.453659027363212], [-111.6461992263794, 26.453851136658848], [-111.64649963378906, 26.454235354288624], [-111.64669275283813, 26.454417857213663], [-111.64730429649353, 26.45516707671678], [-111.6474974155426, 26.455368788827], [-111.64779782295227, 26.455743396094164], [-111.64819478988647, 26.456300502083593], [-111.64859175682068, 26.45668471154022], [-111.6489028930664, 26.45707852490267], [-111.64909601211548, 26.45727062849309], [-111.64939641952515, 26.45764522957251], [-111.64960026741028, 26.457837332217363], [-111.65020108222963, 26.458519294017872], [-111.65059804916382, 26.45876902549768], [-111.65149927139282, 26.459134016686022], [-111.65240049362183, 26.45934532684511], [-111.65290474891663, 26.459441376789194], [-111.6536021232605, 26.45964308141095], [-111.6539990901947, 26.459844785679284], [-111.65440678596497, 26.460094514283757], [-111.65480375289917, 26.460382662000377], [-111.65499687194824, 26.460545945386293], [-111.6554045677185, 26.460834091972938], [-111.65599465370178, 26.461304729846653], [-111.65659546852112, 26.461746551405593], [-111.65689587593079, 26.462063509305388], [-111.65850520133972, 26.463283308837724], [-111.65969610214233, 26.464224562632914], [-111.6605007648468, 26.46481044121051], [-111.660897731781, 26.46506976356318], [-111.66169166564941, 26.46531948083203], [-111.66290402412415, 26.465646033366085], [-111.66330099105835, 26.4658189137443], [-111.66360139846802, 26.46592456273648], [-111.66399836540222, 26.466174278150646]]]}}, {"type": "Feature", "id": 2, "properties": {"CARIMT2KG_": 1624, "CARIMT2KG__1": 1624, "CENTRO": "BCS", "DESCRIPCIO": "Carretera Federal Libre (pav.) 2 carriles", "FNODE_": 0, "LENGTH": 0, "LPOLY_": 0, "PAISGEO_ID": 100, "RPOLY_": 0, "TNODE_": 0, "extrude": 0, "fid": 2, "layer": "CARRETERA_FEDERAL_LIBRE", "path": "D:/Back-up/Escritorio Brenda/Datos_SIG/Mapoteca/BCS/BCS/camf-bcsg.shp", "tessellate": -1, "visibility": -1}, "geometry": {"type": "LineString", "coordinates": [[-111.70549750328064, 26.52010970327797], [-111.70570135116577, 26.52025370203643]]}}, {"type": "Feature", "id": 3, "properties": {"CARIMT2KG_": 1623, "CARIMT2KG__1": 1623, "CENTRO": "BCS", "DESCRIPCIO": "Carretera Federal Libre (pav.) 2 carriles", "FNODE_": 0, "LENGTH": 0.117, "LPOLY_": 0, "PAISGEO_ID": 100, "RPOLY_": 0, "TNODE_": 0, "extrude": 0, "fid": 1, "layer": "CARRETERA_FEDERAL_LIBRE", "path": "D:/Back-up/Escritorio Brenda/Datos_SIG/Mapoteca/BCS/BCS/camf-bcsg.shp", "tessellate": -1, "visibility": -1}, "geometry": {"type": "LineString", "coordinates": [[-111.70570135116577, 26.52025370203643], [-111.7059051990509, 26.520493699565858], [-111.70639872550964, 26.520656897599313], [-111.70680642127991, 26.52063769784271], [-111.70720338821411, 26.520714496849855], [-111.70749306678772, 26.52092569385462], [-111.70780420303345, 26.522010472347546], [-111.70809388160706, 26.523229635942748], [-111.70829772949219, 26.523661619936888], [-111.70859813690186, 26.52489996504428], [-111.70889854431152, 26.525283945310015], [-111.70910239219666, 26.52564872537274], [-111.70929551124573, 26.525831114969414], [-111.70960664749146, 26.526205492707266], [-111.70979976654053, 26.52657986922407], [-111.71000361442566, 26.52676225734121], [-111.71019673347473, 26.52710783403154], [-111.71035766601562, 26.527280621986524]]}}, {"type": "Feature", "id": 1, "properties": {"CRURIMT2KG": 69458, "CRURIMT2KG_1": 69458, "DESCRIPCIO": "Caminos Rurales (rev.) 2 carriles", "ESTADO": "BCS", "FNODE_": 0, "ID_IMT": 420, "LENGTH": 0.051, "LPOLY_": 0, "RPOLY_": 0, "TNODE_": 0, "extrude": 0, "fid": 26, "layer": "CAMINOS_RURALES", "path": "D:/Back-up/Escritorio Brenda/Datos_SIG/Mapoteca/BCS/BCS/camr-bcsg.shp", "tessellate": -1, "visibility": -1}, "geometry": {"type": "MultiLineString", "coordinates": [[[-111.66619777679443, 26.413933549729823], [-111.6664981842041, 26.41373176508414], [-111.6664981842041, 26.413664503457134], [-111.6668951511383, 26.413376238897175], [-111.6668951511383, 26.41330897706286], [-111.6670024394989, 26.413241715189336], [-111.66709899902344, 26.413155235580028], [-111.66709899902344, 26.413097582471128], [-111.66729211807252, 26.41298227616691], [-111.66729211807252, 26.412943840706546], [-111.6675066947937, 26.41285736087394], [-111.6675066947937, 26.412838143124553], [-111.66769981384277, 26.412780489857173], [-111.66769981384277, 26.412742054329588], [-111.6679036617279, 26.4126747921255], [-111.66800022125246, 26.41262674767], [-111.66800022125246, 26.412578703194484], [-111.66819334030151, 26.41250183199204], [-111.66819334030151, 26.412463396371606], [-111.66830062866211, 26.412424960738363], [-111.6684079170227, 26.412348089433465], [-111.6684079170227, 26.412309653761813], [-111.66860103607178, 26.412232782380087], [-111.66860103607178, 26.412146302014403], [-111.66869759559633, 26.412117475211442], [-111.66869759559633, 26.41206943052381], [-111.66880488395691, 26.412030994759323], [-111.66869759559633, 26.411915687388984], [-111.66860103607178, 26.411877251573266], [-111.66860103607178, 26.411829206785598], [-111.66850447654724, 26.41177155301399], [-111.66850447654724, 26.411723508182316], [-111.6684079170227, 26.41166585435788], [-111.6684079170227, 26.411617809482177], [-111.66819334030151, 26.41150250169885], [-111.66819334030151, 26.41143523877201], [-111.66800022125246, 26.411310321803843], [-111.66800022125246, 26.411252667772924], [-111.66779637336731, 26.411127750607065], [-111.66779637336731, 26.411070096484906], [-111.66769981384277, 26.41102205136109], [-111.66769981384277, 26.410935570087805], [-111.66760325431824, 26.410897133945532], [-111.66760325431824, 26.410772216394708], [-111.66769981384277, 26.410724171146843], [-111.66769981384277, 26.410656907766207], [-111.6679036617279, 26.4105223808873], [-111.6679036617279, 26.41043589923945], [-111.66800022125246, 26.410368635690737], [-111.6684079170227, 26.409984271802962], [-111.6684079170227, 26.409878571509342], [-111.66860103607178, 26.40964795235073], [-111.66880488395691, 26.409532642598574], [-111.66940569877625, 26.408802344825226], [-111.66959881782532, 26.40854289581924], [-111.66980266571045, 26.40839875723048], [-111.67019963264465, 26.407851028950997], [-111.67040348052979, 26.407706889497927], [-111.67059659957886, 26.40742821937808], [-111.67080044746399, 26.407274470058333], [-111.67099356651306, 26.406986189531633], [-111.67120814323425, 26.406842048998193], [-111.67140126228333, 26.40653454859171], [-111.67160511016846, 26.40639040749409], [-111.67179822921753, 26.406092515321756], [-111.67200207710266, 26.405929154771716], [-111.6722059249878, 26.405631261408605], [-111.67239904403687, 26.40547750969449], [-111.672602891922, 26.4051700056517], [-111.67279601097107, 26.405016253323012], [-111.6729998588562, 26.404708748051068], [-111.67320370674133, 26.40456460467276], [-111.67330026626587, 26.404420461114423], [-111.673504114151, 26.40426670778705]], [[-111.66619777679443, 26.413933549729823], [-111.66641235351562, 26.413789417876064]], [[-111.66380524635316, 26.4159033336816], [-111.66380524635316, 26.415845681946248], [-111.66409492492676, 26.415682335206238], [-111.66409492492676, 26.41563429200339], [-111.66439533233643, 26.41549977092895], [-111.66439533233643, 26.415451727650062], [-111.66459918022156, 26.415355641032235], [-111.66459918022156, 26.4153172063627], [-111.66470646858215, 26.41526916300776], [-111.66470646858215, 26.415221119632818], [-111.66489958763123, 26.415115424137497], [-111.66489958763123, 26.41506738069851], [-111.66499614715576, 26.41502894593292], [-111.66499614715576, 26.41498090245792], [-111.66510343551636, 26.414923250261513], [-111.66510343551636, 26.41487520674248], [-111.66529655456543, 26.41478872835781], [-111.66529655456543, 26.414750293499374], [-111.66539311408997, 26.414711858628113], [-111.66539311408997, 26.414654206297232], [-111.66550040245056, 26.41461577139396], [-111.66550040245056, 26.414567727746867], [-111.66560769081116, 26.414500466607315], [-111.66560769081116, 26.414442814170773], [-111.66580080986023, 26.414317900459412], [-111.66580080986023, 26.414260247931615], [-111.66619777679443, 26.41400081119995], [-111.66619777679443, 26.413933549729823]], [[-111.65459990501404, 26.432457797872374], [-111.65459990501404, 26.431276101212266], [-111.65469646453857, 26.431208849818475], [-111.65469646453857, 26.43114159838544], [-111.65480375289917, 26.43107434691317], [-111.65480375289917, 26.430997488039676], [-111.6549003124237, 26.43093023648331], [-111.6549003124237, 26.430853377513724], [-111.65499687194824, 26.430776518492877], [-111.65499687194824, 26.43069965942079], [-111.65509343147279, 26.430622800297456], [-111.65509343147279, 26.430517118919163], [-111.65529727935791, 26.430334578128477], [-111.65529727935791, 26.43022889648596], [-111.65550112724304, 26.430027140353896], [-111.65550112724304, 26.42994067333205], [-111.65570497512817, 26.42979656148485], [-111.65570497512817, 26.42973891669552], [-111.65599465370178, 26.429604412074976], [-111.65599465370178, 26.429546767189553], [-111.65610194206238, 26.429508337249924], [-111.65630578994751, 26.429393047354175], [-111.65630578994751, 26.429345009863578], [-111.65649890899658, 26.429258542330057], [-111.65649890899658, 26.42922011229435], [-111.65659546852112, 26.429172074731667], [-111.65659546852112, 26.429114429630058], [-111.65670275688171, 26.429075999546296], [-111.65670275688171, 26.429027961923577], [-111.65679931640625, 26.428989531810988], [-111.65679931640625, 26.428960709218142], [-111.65689587593079, 26.428931886618084], [-111.65689587593079, 26.428864633856605], [-111.65699243545532, 26.428845418774674], [-111.65699243545532, 26.428768558414983], [-111.65709972381592, 26.428720520664154], [-111.65709972381592, 26.4286724828933], [-111.65720701217651, 26.42861483754185], [-111.65720701217651, 26.42848993918149], [-111.65730357170105, 26.42841307858477], [-111.65730357170105, 26.42834582552062], [-111.65740013122559, 26.428259357237607], [-111.65740013122559, 26.428086420477037], [-111.65749669075012, 26.427999951999464], [-111.65749669075012, 26.42779819196621], [-111.65760397911072, 26.427711723272452], [-111.65760397911072, 26.427509962734774], [-111.65770053863525, 26.42740427850269], [-111.65770053863525, 26.427317809513454], [-111.65779709815979, 26.427240948135246], [-111.65779709815979, 26.427164086705805], [-111.65789365768433, 26.427077617536412], [-111.65789365768433, 26.426904679003076], [-111.65800094604492, 26.426818209639123], [-111.65800094604492, 26.426357038602706], [-111.65809750556946, 26.426270568828002], [-111.65809750556946, 26.426088021312882], [-111.65820479393005, 26.425991943557243], [-111.65820479393005, 26.42589586572154], [-111.65830135345459, 26.42579978780576], [-111.65830135345459, 26.425607631734014], [-111.65839791297913, 26.42553076921564], [-111.65839791297913, 26.425444298821215], [-111.65850520133972, 26.425367436193962], [-111.65850520133972, 26.425290573515458], [-111.65860176086426, 26.42519449509527], [-111.65860176086426, 26.425117632301472], [-111.6586983203888, 26.425031161597197], [-111.6586983203888, 26.42495429869451], [-111.65879487991333, 26.42485821999409], [-111.65879487991333, 26.424781356976116], [-111.65890216827393, 26.424694886019633], [-111.65890216827393, 26.424608414998318], [-111.65899872779846, 26.42454115971466], [-111.65899872779846, 26.424397041117594], [-111.65910601615906, 26.424329785710658], [-111.65910601615906, 26.424224098563336], [-111.6592025756836, 26.424176058918896], [-111.6592025756836, 26.424051155749673], [-111.65929913520813, 26.423974292193666], [-111.65929913520813, 26.423714877313838], [-111.65939569473267, 26.42360918960287], [-111.65939569473267, 26.423320949898784], [-111.65950298309326, 26.423234477847057], [-111.65950298309326, 26.42298466933331], [-111.6595995426178, 26.42289819702939], [-111.6595995426178, 26.42274446832895], [-111.65969610214233, 26.422657995844897], [-111.65969610214233, 26.422475442610022], [-111.65979266166687, 26.422388969924206], [-111.65979266166687, 26.42220641626342], [-111.65989995002747, 26.42212955147768], [-111.65989995002747, 26.421783659307778], [-111.66000723838806, 26.421677969826693], [-111.66000723838806, 26.42159149654283], [-111.6601037979126, 26.421514631347197], [-111.6601037979126, 26.421139912784728], [-111.66020035743713, 26.421072655477957], [-111.66020035743713, 26.42092853254564], [-111.66029691696167, 26.4207748012193], [-111.66029691696167, 26.420611461460492], [-111.66040420532227, 26.420515379141353], [-111.66040420532227, 26.42034243076518], [-111.6605007648468, 26.420236739963173], [-111.6605007648468, 26.420054182895157], [-111.66059732437134, 26.41994849182896], [-111.66059732437134, 26.41986201724821], [-111.66069388389587, 26.4197755426026], [-111.66069388389587, 26.419525726595506], [-111.66080117225647, 26.419439251697728], [-111.66080117225647, 26.41918943496216], [-111.660897731781, 26.41910295981223], [-111.660897731781, 26.418949226052238], [-111.66100502014162, 26.41887235909539], [-111.66100502014162, 26.41870901664198], [-111.66110157966614, 26.418632149525035], [-111.66110157966614, 26.418468806731408], [-111.66119813919067, 26.418391939454352], [-111.66119813919067, 26.418315072126063], [-111.66129469871521, 26.418238204746558], [-111.66129469871521, 26.418161337315805], [-111.6614019870758, 26.418094078271878], [-111.6614019870758, 26.418007602300616], [-111.66149854660034, 26.417940343167025], [-111.66149854660034, 26.41787308399421], [-111.66159510612488, 26.417805824782175], [-111.66159510612488, 26.41774817399779], [-111.66169166564941, 26.417680914712893], [-111.66169166564941, 26.41762326386607], [-111.66179895401001, 26.41754639602547], [-111.66179895401001, 26.417479136622905], [-111.6619062423706, 26.41742148567522], [-111.6619062423706, 26.417373443196787], [-111.66200280189514, 26.417335009199633], [-111.66200280189514, 26.41724853265923], [-111.66219592094421, 26.417142839021782], [-111.66219592094421, 26.41706597086098], [-111.66230320930481, 26.41700831970676], [-111.66230320930481, 26.416950668523725], [-111.66239976882936, 26.416883408773757], [-111.66239976882936, 26.416806540440056], [-111.66249632835388, 26.41674888915616], [-111.66249632835388, 26.416700846397575], [-111.66259288787842, 26.41663358650192], [-111.66270017623901, 26.416585543695295], [-111.66270017623901, 26.416537500868657], [-111.66309714317322, 26.416412589425757], [-111.66320443153381, 26.41635493794495], [-111.66320443153381, 26.416306895022256], [-111.66349411010742, 26.416143548935434], [-111.66349411010742, 26.416085897320134], [-111.66380524635316, 26.4159033336816]], [[-111.66366577148438, 26.415989811230613], [-111.66380524635316, 26.4159033336816]]]}}, {"type": "Feature", "id": 3, "properties": {"CRURIMT2KG": 69459, "CRURIMT2KG_1": 69459, "DESCRIPCIO": "Caminos Rurales (rev.) 2 carriles", "ESTADO": "BCS", "FNODE_": 0, "ID_IMT": 420, "LENGTH": 0, "LPOLY_": 0, "RPOLY_": 0, "TNODE_": 0, "extrude": 0, "fid": 27, "layer": "CAMINOS_RURALES", "path": "D:/Back-up/Escritorio Brenda/Datos_SIG/Mapoteca/BCS/BCS/camr-bcsg.shp", "tessellate": -1, "visibility": -1}, "geometry": {"type": "LineString", "coordinates": [[-111.673504114151, 26.40426670778705], [-111.67360067367554, 26.40412256385661]]}}, {"type": "Feature", "id": 4, "properties": {"CRURIMT2KG": 69460, "CRURIMT2KG_1": 69460, "DESCRIPCIO": "Caminos Rurales (rev.) 2 carriles", "ESTADO": "BCS", "FNODE_": 0, "ID_IMT": 420, "LENGTH": 0, "LPOLY_": 0, "RPOLY_": 0, "TNODE_": 0, "extrude": 0, "fid": 28, "layer": "CAMINOS_RURALES", "path": "D:/Back-up/Escritorio Brenda/Datos_SIG/Mapoteca/BCS/BCS/camr-bcsg.shp", "tessellate": -1, "visibility": -1}, "geometry": {"type": "LineString", "coordinates": [[-111.67360067367554, 26.40412256385661], [-111.67369723320007, 26.40396881013234]]}}, {"type": "Feature", "id": 1, "properties": {"CRURIMT2KG": 69461, "CRURIMT2KG_1": 69461, "DESCRIPCIO": "Caminos Rurales (rev.) 2 carriles", "ESTADO": "BCS", "FNODE_": 0, "ID_IMT": 420, "LENGTH": 0.077, "LPOLY_": 0, "RPOLY_": 0, "TNODE_": 0, "extrude": 0, "fid": 29, "layer": "CAMINOS_RURALES", "path": "D:/Back-up/Escritorio Brenda/Datos_SIG/Mapoteca/BCS/BCS/camr-bcsg.shp", "tessellate": -1, "visibility": -1}, "geometry": {"type": "LineString", "coordinates": [[-111.68290257453918, 26.39309982476298], [-111.68290257453918, 26.393022940584842], [-111.6831922531128, 26.392744235009896], [-111.6831922531128, 26.3926577400395], [-111.68329954147339, 26.392590466128837], [-111.68329954147339, 26.392523192178974], [-111.68340682983398, 26.392455918189917], [-111.68340682983398, 26.392379033582998], [-111.68350338935852, 26.392311759509933], [-111.68350338935852, 26.392254095987557], [-111.6836965084076, 26.392109937055586], [-111.6836965084076, 26.392023441610014], [-111.68399691581726, 26.391773565514377], [-111.6840934753418, 26.391581352765158], [-111.68420076370239, 26.391485246270545], [-111.68420076370239, 26.39138913969595], [-111.68440461158752, 26.391177704950262], [-111.68470501899719, 26.390822109277554], [-111.6858959197998, 26.389245942300814], [-111.68630361557007, 26.38874617754765], [-111.68649673461914, 26.388640457803486], [-111.68670058250427, 26.38846746164972], [-111.68689370155334, 26.3884001852977], [-111.68700098991394, 26.38833290890648], [-111.68739795684814, 26.388188745079066], [-111.68750524520874, 26.388111857630857], [-111.68769836425781, 26.388044581071668], [-111.68789148330688, 26.38795808258084], [-111.68799877166748, 26.387881194979062], [-111.68839573860168, 26.387717808655296], [-111.68850302696228, 26.387640920893535], [-111.68869614601135, 26.387554422100365], [-111.68879270553589, 26.387487145216443], [-111.68920040130615, 26.387333369334584], [-111.68929696083069, 26.38725648131688], [-111.68969392776489, 26.38711231614569], [-111.68980121612549, 26.387025816956594], [-111.69019818305969, 26.38686242942265], [-111.69029474258423, 26.386775930046397], [-111.6910994052887, 26.386449154040285], [-111.69119596481323, 26.3863626543545], [-111.69219374656677, 26.385930154953737], [-111.69230103492737, 26.385843654879224], [-111.69249415397644, 26.38574754360934], [-111.69309496879578, 26.385497653933346], [-111.69320225715637, 26.385411153534914], [-111.69359922409058, 26.385247763716656], [-111.69370651245117, 26.385180485489013], [-111.69420003890991, 26.384959428179418], [-111.69439315795898, 26.384892149783827], [-111.69450044631958, 26.3848056489319], [-111.69470429420471, 26.38473837044673], [-111.69480085372925, 26.384651869479626], [-111.69499397277832, 26.38459420213225], [-111.69510126113892, 26.384526923523907], [-111.69549822807312, 26.38438275494549], [-111.69560551643372, 26.384305864963423], [-111.69579863548279, 26.384228974930174], [-111.69589519500732, 26.38416169610909], [-111.69629216194153, 26.383998304523296], [-111.69639945030212, 26.383921414285297], [-111.69700026512146, 26.383671520658304], [-111.697096824646, 26.383594630202765], [-111.69769763946533, 26.383335124537435], [-111.69779419898987, 26.38324862251944], [-111.69840574264526, 26.382989116076736], [-111.6985023021698, 26.38290261379961], [-111.69869542121889, 26.38280650008238], [-111.69909238815308, 26.38266232935658], [-111.69919967651367, 26.382585438229246], [-111.69959664344788, 26.38243165582102], [-111.69970393180847, 26.38236437595305], [-111.70010089874268, 26.38220098182481], [-111.70019745826721, 26.38212409039036], [-111.70040130615234, 26.382037587465447], [-111.70049786567688, 26.381960695922235], [-111.70070171356201, 26.381883804327856], [-111.70079827308655, 26.38179730122299], [-111.70109868049622, 26.381691575117955], [-111.70139908790588, 26.38166274070889], [-111.70149564743042, 26.381691575117955], [-111.70179605484009, 26.38173963245043], [-111.70199990272522, 26.381816524140785], [-111.70210719108582, 26.38187419287496], [-111.70230031013489, 26.381903027231242], [-111.70250415802002, 26.381970307367943], [-111.70269727706909, 26.381989530256927], [-111.70290112495422, 26.381970307367943], [-111.70310497283936, 26.381835747055366], [-111.70329809188843, 26.38174924391452], [-111.7035984992981, 26.381460899643834], [-111.70389890670776, 26.381134108600286], [-111.7041027545929, 26.381018770364204], [-111.70440316200256, 26.38070158962116], [-111.70469284057617, 26.38048052373979], [-111.7050039768219, 26.380163341518887], [-111.70519709587097, 26.380048002313547], [-111.70549750328064, 26.379740430536334], [-111.70570135116577, 26.37966353746409], [-111.70600175857544, 26.379461692905902], [-111.70619487762451, 26.379404022967368], [-111.70639872550964, 26.37929829467195], [-111.70649528503418, 26.37926945966549], [-111.70649528503418, 26.379240624651853], [-111.70669913291931, 26.379182954602953], [-111.70669913291931, 26.379144507887688], [-111.70729994773865, 26.378894603926653], [-111.70739650726318, 26.378836933705035], [-111.70760035514832, 26.378798486874622], [-111.70780420303345, 26.378692758025014], [-111.70790076255798, 26.378625475979444], [-111.70809388160706, 26.378567805623465], [-111.70829772949219, 26.37846207656277], [-111.70850157737732, 26.37840440612523], [-111.70859813690186, 26.378327512163743], [-111.70880198478699, 26.37826984165904], [-111.70889854431152, 26.37820255936717], [-111.70910239219666, 26.3781352770361], [-111.70919895172119, 26.378067994665862], [-111.70939207077026, 26.37801032403161], [-111.70949935913086, 26.377943041588598], [-111.70989632606506, 26.377798864793082], [-111.71000361442566, 26.377712358629395], [-111.71019673347473, 26.377664299621586], [-111.71029329299927, 26.377587405167503], [-111.71035766601562, 26.377558569734035]]}}, {"type": "Feature", "id": 1, "properties": {"CRURIMT2KG": 69539, "CRURIMT2KG_1": 69539, "DESCRIPCIO": "Caminos Rurales (rev.) 2 carriles", "ESTADO": "BCS", "FNODE_": 0, "ID_IMT": 420, "LENGTH": 0.035, "LPOLY_": 0, "RPOLY_": 0, "TNODE_": 0, "extrude": 0, "fid": 35, "layer": "CAMINOS_RURALES", "path": "D:/Back-up/Escritorio Brenda/Datos_SIG/Mapoteca/BCS/BCS/camr-bcsg.shp", "tessellate": -1, "visibility": -1}, "geometry": {"type": "MultiLineString", "coordinates": [[[-111.66670203208923, 25.968954308587556], [-111.66670203208923, 25.968925371901037], [-111.66679859161377, 25.968886789641246], [-111.66679859161377, 25.968365927895633], [-111.6668951511383, 25.96830805422598], [-111.6668951511383, 25.968192306801267], [-111.6670024394989, 25.9681344330462], [-111.6670024394989, 25.96802833108797], [-111.66709899902344, 25.967980102893502], [-111.66709899902344, 25.967825772538337], [-111.66719555854797, 25.96779683557421], [-111.66719555854797, 25.967652150646785], [-111.66729211807252, 25.96763285930968], [-111.66729211807252, 25.967488174180573], [-111.6673994064331, 25.967459237133408], [-111.6673994064331, 25.967372425949172], [-111.6675066947937, 25.967314551790782], [-111.6675066947937, 25.96719880338855], [-111.66760325431824, 25.9671602205625], [-111.66760325431824, 25.96697695196597], [-111.66769981384277, 25.966948014793058], [-111.66769981384277, 25.966706871408604], [-111.66779637336731, 25.966687579916492], [-111.66779637336731, 25.966436790231217], [-111.6679036617279, 25.966407852925435], [-111.6679036617279, 25.96570370962435], [-111.66779637336731, 25.965655480476926], [-111.66779637336731, 25.963494794389256], [-111.66769981384277, 25.963465856359896], [-111.66769981384277, 25.963282582008635], [-111.66760325431824, 25.963253643927075], [-111.66760325431824, 25.96314753756714], [-111.6675066947937, 25.963128245491422], [-111.6675066947937, 25.963031785065358], [-111.6673994064331, 25.96301249297066], [-111.6673994064331, 25.9629449706143], [-111.66729211807252, 25.962916032449716], [-111.66729211807252, 25.962867802159593], [-111.66719555854797, 25.962848510038], [-111.66719555854797, 25.96277134152003], [-111.66709899902344, 25.962761695451732], [-111.66709899902344, 25.962694172951444], [-111.6670024394989, 25.962665234725183], [-111.6670024394989, 25.962636296491794], [-111.6668951511383, 25.962607358251297], [-111.6668951511383, 25.96255912783464], [-111.66679859161377, 25.96253983566245], [-111.66679859161377, 25.962491605218123], [-111.66670203208923, 25.96246266694204], [-111.66670203208923, 25.962404790368527], [-111.66660547256471, 25.96236620597036], [-111.66660547256471, 25.962327621559545], [-111.6664981842041, 25.962289037136085], [-111.6664981842041, 25.962211868251202], [-111.66640162467957, 25.96218292990632]], [[-111.66641235351562, 25.96219257602207], [-111.66640162467957, 25.96218292990632]], [[-111.66640162467957, 25.96218292990632], [-111.66640162467957, 25.96205753032961], [-111.66629433631897, 25.96201894581759], [-111.66629433631897, 25.96192248448217], [-111.66619777679443, 25.96189354606612], [-111.66619777679443, 25.96181637692188], [-111.6661012172699, 25.961710269265893], [-111.6661012172699, 25.961662038481553], [-111.66600465774536, 25.96161380767744], [-111.66600465774536, 25.961546284518473], [-111.66589736938478, 25.96149805366692], [-111.66589736938478, 25.961411238084295], [-111.66580080986023, 25.961372653360364], [-111.66580080986023, 25.96133406862376], [-111.6657042503357, 25.961285837685235], [-111.6657042503357, 25.961218314338055], [-111.66560769081116, 25.961179729550867], [-111.66560769081116, 25.961141144751007], [-111.66550040245056, 25.961102559938503], [-111.66550040245056, 25.96106397511335], [-111.66539311408997, 25.96101574406411], [-111.66539311408997, 25.960977159210486], [-111.66529655456543, 25.96092892812567], [-111.66529655456543, 25.960890343243573], [-111.66519999504091, 25.960842112123174], [-111.66519999504091, 25.960793880983005], [-111.66499614715576, 25.960687772405052], [-111.66499614715576, 25.960649187443888], [-111.66480302810669, 25.960591309978433], [-111.66480302810669, 25.960562371235024], [-111.66470646858215, 25.960523786232745], [-111.66470646858215, 25.960485201217814], [-111.66459918022156, 25.9604659087056], [-111.66459918022156, 25.960427323671702], [-111.66449189186096, 25.960398384887963], [-111.66449189186096, 25.96033086103159], [-111.66429877281189, 25.960253690862565], [-111.66429877281189, 25.96021510575908], [-111.66409492492676, 25.96013793551415], [-111.66409492492676, 25.96009935037271], [-111.66399836540222, 25.960060765218618], [-111.66399836540222, 25.960031826344743], [-111.66380524635316, 25.95995465597963], [-111.66380524635316, 25.959916070778092], [-111.66369795799255, 25.959877485563922], [-111.66369795799255, 25.95983890033708]], [[-111.66369795799255, 25.95983890033708], [-111.66360139846802, 25.959809961408638], [-111.66360139846802, 25.959771376159672], [-111.66339755058289, 25.959713498262477], [-111.66339755058289, 25.95966526665975], [-111.66330099105835, 25.959645974013124], [-111.66330099105835, 25.95960738871038], [-111.66320443153381, 25.959588096054265], [-111.66320443153381, 25.95956880339498], [-111.66309714317322, 25.959549510732554], [-111.66309714317322, 25.95952057173296], [-111.66290402412415, 25.959481986389097], [-111.66290402412415, 25.9594530473729], [-111.66259288787842, 25.959366230281613], [-111.66259288787842, 25.959317998536566], [-111.66249632835388, 25.9592601204164], [-111.66249632835388, 25.959211888627856], [-111.66239976882936, 25.95914436409069], [-111.66239976882936, 25.959067193143625], [-111.66230320930481, 25.958912851097693], [-111.66230320930481, 25.958729569655258], [-111.66219592094421, 25.958662044841347], [-111.66219592094421, 25.95837265234295], [-111.66209936141968, 25.958305127324262], [-111.66209936141968, 25.958102552035736], [-111.66200280189514, 25.958015733948223], [-111.66200280189514, 25.957793865211343], [-111.6619062423706, 25.9577070468961], [-111.6619062423706, 25.957379066016134], [-111.66179895401001, 25.95727295435929], [-111.66179895401001, 25.957089670363032], [-111.66169166564941, 25.957012498068686], [-111.66169166564941, 25.956809920555312]], [[-111.66369795799255, 25.95983890033708], [-111.66366577148438, 25.95982925402838]]]}}, {"type": "Feature", "id": 2, "properties": {"CRURIMT2KG": 69537, "CRURIMT2KG_1": 69537, "DESCRIPCIO": "Caminos Rurales (rev.) 2 carriles", "ESTADO": "BCS", "FNODE_": 0, "ID_IMT": 420, "LENGTH": 0, "LPOLY_": 0, "RPOLY_": 0, "TNODE_": 0, "extrude": 0, "fid": 33, "layer": "CAMINOS_RURALES", "path": "D:/Back-up/Escritorio Brenda/Datos_SIG/Mapoteca/BCS/BCS/camr-bcsg.shp", "tessellate": -1, "visibility": -1}, "geometry": {"type": "LineString", "coordinates": [[-111.66660547256471, 25.969002536382632], [-111.66660547256471, 25.968992890825195]]}}, {"type": "Feature", "id": 3, "properties": {"CRURIMT2KG": 69538, "CRURIMT2KG_1": 69538, "DESCRIPCIO": "Caminos Rurales (rev.) 2 carriles", "ESTADO": "BCS", "FNODE_": 0, "ID_IMT": 420, "LENGTH": 0, "LPOLY_": 0, "RPOLY_": 0, "TNODE_": 0, "extrude": 0, "fid": 34, "layer": "CAMINOS_RURALES", "path": "D:/Back-up/Escritorio Brenda/Datos_SIG/Mapoteca/BCS/BCS/camr-bcsg.shp", "tessellate": -1, "visibility": -1}, "geometry": {"type": "LineString", "coordinates": [[-111.66660547256471, 25.968992890825195], [-111.66670203208923, 25.968954308587556]]}}, {"type": "Feature", "id": 2, "properties": {"CRURIMT2KG": 69458, "CRURIMT2KG_1": 69458, "DESCRIPCIO": "Caminos Rurales (rev.) 2 carriles", "ESTADO": "BCS", "FNODE_": 0, "ID_IMT": 420, "LENGTH": 0.051, "LPOLY_": 0, "RPOLY_": 0, "TNODE_": 0, "extrude": 0, "fid": 26, "layer": "CAMINOS_RURALES", "path": "D:/Back-up/Escritorio Brenda/Datos_SIG/Mapoteca/BCS/BCS/camr-bcsg.shp", "tessellate": -1, "visibility": -1}, "geometry": {"type": "LineString", "coordinates": [[-111.65260434150696, 26.4436304771455], [-111.65260434150696, 26.443265436817743], [-111.6527009010315, 26.443169373381366], [-111.6527009010315, 26.44186290269384], [-111.65279746055603, 26.44176683808796], [-111.65279746055603, 26.44015294073271], [-111.65290474891663, 26.440104907726898], [-111.65290474891663, 26.4400472680935], [-111.65300130844118, 26.439989628431263], [-111.65300130844118, 26.439739856228382], [-111.6530978679657, 26.43964378985233], [-111.6530978679657, 26.439442050201905], [-111.65319442749023, 26.439317163574636], [-111.65319442749023, 26.439096209979404], [-111.65330171585083, 26.43899053637104], [-111.65330171585083, 26.438654301517847], [-111.65339827537537, 26.438404526420317], [-111.65339827537537, 26.438183571075044], [-111.65350556373596, 26.43806828985713], [-111.65350556373596, 26.437953008523895], [-111.6536021232605, 26.437856940658097], [-111.6536021232605, 26.437443847922495], [-111.65369868278505, 26.43734777963221], [-111.65369868278505, 26.43726131810247], [-111.65379524230957, 26.43716524966], [-111.65379524230957, 26.43685783010593], [-111.65390253067017, 26.436761761327084], [-111.65390253067017, 26.436483161415538], [-111.6539990901947, 26.436377485410834], [-111.6539990901947, 26.436002815158712], [-111.65409564971924, 26.435887531759132], [-111.65409564971924, 26.435676178560396], [-111.65419220924377, 26.43556089483407], [-111.65419220924377, 26.435339934036257], [-111.65429949760437, 26.435224649973566], [-111.65429949760437, 26.434917225242582], [-111.65440678596497, 26.434830761889227], [-111.65440678596497, 26.4345425502429], [-111.6545033454895, 26.434456086608446], [-111.6545033454895, 26.433043838063355], [-111.65459990501404, 26.432938158904875], [-111.65459990501404, 26.431276101212266], [-111.65469646453857, 26.431208849818475], [-111.65469646453857, 26.43114159838544], [-111.65480375289917, 26.43107434691317], [-111.65480375289917, 26.430997488039676], [-111.6549003124237, 26.43093023648331], [-111.6549003124237, 26.430853377513724], [-111.65499687194824, 26.430776518492877], [-111.65499687194824, 26.43069965942079], [-111.65509343147279, 26.430622800297456], [-111.65509343147279, 26.430517118919163], [-111.65529727935791, 26.430334578128477], [-111.65529727935791, 26.43022889648596], [-111.65550112724304, 26.430027140353896], [-111.65550112724304, 26.429998318020484]]}}, {"type": "Feature", "id": 3, "properties": {"CRURIMT2KG": 69457, "CRURIMT2KG_1": 69457, "DESCRIPCIO": "Caminos Rurales (rev.) 2 carriles", "ESTADO": "BCS", "FNODE_": 0, "ID_IMT": 420, "LENGTH": 0, "LPOLY_": 0, "RPOLY_": 0, "TNODE_": 0, "extrude": 0, "fid": 25, "layer": "CAMINOS_RURALES", "path": "D:/Back-up/Escritorio Brenda/Datos_SIG/Mapoteca/BCS/BCS/camr-bcsg.shp", "tessellate": -1, "visibility": -1}, "geometry": {"type": "LineString", "coordinates": [[-111.65249705314636, 26.44370732759343], [-111.65260434150696, 26.4436304771455]]}}, {"type": "Feature", "id": 4, "properties": {"CARIMT2KG_": 1628, "CARIMT2KG__1": 1628, "CENTRO": "BCS", "DESCRIPCIO": "Carretera Federal Libre (pav.) 2 carriles", "FNODE_": 0, "LENGTH": 0, "LPOLY_": 0, "PAISGEO_ID": 100, "RPOLY_": 0, "TNODE_": 0, "extrude": 0, "fid": 4, "layer": "CARRETERA_FEDERAL_LIBRE", "path": "D:/Back-up/Escritorio Brenda/Datos_SIG/Mapoteca/BCS/BCS/camf-bcsg.shp", "tessellate": -1, "visibility": -1}, "geometry": {"type": "LineString", "coordinates": [[-111.63860321044922, 26.43618534697217], [-111.63879632949829, 26.43638709232435]]}}, {"type": "Feature", "id": 5, "properties": {"CRURIMT2KG": 69485, "CRURIMT2KG_1": 69485, "DESCRIPCIO": "Caminos Rurales (rev.) 2 carriles", "ESTADO": "BCS", "FNODE_": 0, "ID_IMT": 420, "LENGTH": 0.017, "LPOLY_": 0, "RPOLY_": 0, "TNODE_": 0, "extrude": 0, "fid": 32, "layer": "CAMINOS_RURALES", "path": "D:/Back-up/Escritorio Brenda/Datos_SIG/Mapoteca/BCS/BCS/camr-bcsg.shp", "tessellate": -1, "visibility": -1}, "geometry": {"type": "MultiLineString", "coordinates": [[[-111.64939641952515, 26.454870682642916], [-111.64899945259094, 26.455022996421707], [-111.64909601211548, 26.454974969616618], [-111.64909601211548, 26.454936548158127], [-111.64920330047607, 26.45489812668681], [-111.64920330047607, 26.454859705202672], [-111.64929986000061, 26.454821283705733], [-111.64929986000061, 26.454792467574592], [-111.64939641952515, 26.45476365143625], [-111.64939641952515, 26.454715624522994], [-111.6494929790497, 26.454686808365416], [-111.64960026741028, 26.454677202977965], [-111.64960026741028, 26.454648386810767], [-111.64969682693481, 26.454629176028643], [-111.64969682693481, 26.4546099652433], [-111.64980411529541, 26.45459075445476], [-111.64980411529541, 26.454561938265936], [-111.64990067481995, 26.45453312206991], [-111.64990067481995, 26.454494700463982], [-111.64999723434448, 26.454456278845228], [-111.64999723434448, 26.454417857213663], [-111.65010452270508, 26.454379435569276], [-111.65010452270508, 26.454331408495747], [-111.65020108222963, 26.454283381402206], [-111.65020108222963, 26.454206538010872], [-111.65029764175415, 26.454168116295964], [-111.65029764175415, 26.454072061952616], [-111.65039420127869, 26.4540048238646], [-111.65039420127869, 26.453947191186494], [-111.65050148963928, 26.45388955847953], [-111.65050148963928, 26.4538319257437], [-111.65059804916382, 26.453764687515473], [-111.65059804916382, 26.453716660185556], [-111.65070533752441, 26.453668632835598], [-111.65070533752441, 26.453610999989213], [-111.6508984565735, 26.453495734209916], [-111.6508984565735, 26.453438101276994], [-111.65110230445862, 26.453322835324624], [-111.65110230445862, 26.45325559679912], [-111.65129542350769, 26.45312111963034], [-111.65129542350769, 26.453044275463384], [-111.65149927139282, 26.452890586975627], [-111.65149927139282, 26.45280413711113], [-111.65160655975343, 26.452717687181728], [-111.65160655975343, 26.45263123718743], [-111.65170311927795, 26.452535181562084], [-111.65170311927795, 26.452448731430767], [-111.65179967880249, 26.452362281234553], [-111.65179967880249, 26.452256619795502], [-111.65189623832703, 26.452160563857678], [-111.65189623832703, 26.45206450783974], [-111.65200352668762, 26.451958846127457], [-111.65200352668762, 26.45185318431824], [-111.65210008621216, 26.45176673367494], [-111.65210008621216, 26.4516898886042], [-111.6521966457367, 26.451613043482176], [-111.6521966457367, 26.451536198308883], [-111.65229320526124, 26.45147856439524], [-111.65229320526124, 26.451363296481478], [-111.65240049362183, 26.451296056811824], [-111.65240049362183, 26.45120000007279], [-111.65249705314636, 26.451161577354735], [-111.65249705314636, 26.451017492047885], [-111.65260434150696, 26.450969463572218], [-111.65260434150696, 26.450489177713806], [-111.65249705314636, 26.450469966237797], [-111.65249705314636, 26.450412331790588], [-111.65240049362183, 26.45038351455615], [-111.65240049362183, 26.450277851301564], [-111.65229320526124, 26.450239428275847], [-111.65229320526124, 26.45011455335378], [-111.6521966457367, 26.450066524501548], [-111.6521966457367, 26.44997046673699], [-111.65210008621216, 26.449922437824668], [-111.65210008621216, 26.449787956763586], [-111.65200352668762, 26.449720716174184], [-111.65200352668762, 26.448491167045628], [-111.65210008621216, 26.44841431978926], [-111.65210008621216, 26.448174171782664], [-111.6521966457367, 26.44809732431479], [-111.6521966457367, 26.447934023275344], [-111.65229320526124, 26.447847569690136], [-111.65229320526124, 26.447588208545156], [-111.65240049362183, 26.447511360686352], [-111.65240049362183, 26.446618000565152], [-111.65229320526124, 26.446541152059034], [-111.65229320526124, 26.446310606233045], [-111.65240049362183, 26.446243363613554], [-111.65240049362183, 26.446108878256794], [-111.65229320526124, 26.446051241627266], [-111.65229320526124, 26.4459359682817], [-111.6521966457367, 26.445878331565645], [-111.6521966457367, 26.445407630638424], [-111.65210008621216, 26.445340387491814], [-111.65210008621216, 26.444591104059704], [-111.6521966457367, 26.444533466670748], [-111.6521966457367, 26.44438937307219], [-111.65229320526124, 26.444254885550922], [-111.65229320526124, 26.44418764173142], [-111.65240049362183, 26.44411079160392], [-111.65240049362183, 26.44395709119511], [-111.65249705314636, 26.443880240913806], [-111.65249705314636, 26.44370732759343]], [[-111.64849519729614, 26.455464842088606], [-111.64849519729614, 26.45541681546782], [-111.64859175682068, 26.455387999485733], [-111.64859175682068, 26.45533997283289], [-111.64880633354188, 26.455301551496188], [-111.64880633354188, 26.45525352480729], [-111.64899945259094, 26.45519589275416], [-111.64899945259094, 26.455157471369393], [-111.64909601211548, 26.455128655322383], [-111.64909601211548, 26.455099839268186], [-111.64920330047607, 26.45507102320676], [-111.64920330047607, 26.455003785702075], [-111.64929986000061, 26.454984574979246], [-111.64929986000061, 26.45494615352396], [-111.64939641952515, 26.45489812668681], [-111.64939641952515, 26.454870682642916]], [[-111.64939641952515, 26.454870682642916], [-111.64939641952515, 26.454869310574917], [-111.6494929790497, 26.454830889081173], [-111.6494929790497, 26.454792467574592], [-111.64960026741028, 26.454773256816498], [-111.64960026741028, 26.454744440673345], [-111.64969682693481, 26.454725229907236], [-111.64969682693481, 26.454706019137934], [-111.64990067481995, 26.454677202977965], [-111.64939641952515, 26.454870682642916]]]}}, {"type": "Feature", "id": 6, "properties": {"CARIMT2KG_": 1630, "CARIMT2KG__1": 1630, "CENTRO": "BCS", "DESCRIPCIO": "Carretera Federal Libre (pav.) 2 carriles", "FNODE_": 0, "LENGTH": 0.129, "LPOLY_": 0, "PAISGEO_ID": 100, "RPOLY_": 0, "TNODE_": 0, "extrude": 0, "fid": 5, "layer": "CARRETERA_FEDERAL_LIBRE", "path": "D:/Back-up/Escritorio Brenda/Datos_SIG/Mapoteca/BCS/BCS/camf-bcsg.shp", "tessellate": -1, "visibility": -1}, "geometry": {"type": "LineString", "coordinates": [[-111.6339361667633, 26.429998318020484], [-111.6340970993042, 26.43017125191283], [-111.6342043876648, 26.430382615206696], [-111.63439750671387, 26.430613192903433], [-111.63469791412354, 26.43104552484162], [-111.63490176200867, 26.431247279191155], [-111.63520216941835, 26.431679608751036], [-111.63539528846741, 26.431890969279017], [-111.635502576828, 26.432111936689317], [-111.63569569587708, 26.432323296424514], [-111.63580298423767, 26.432544263005962], [-111.63619995117188, 26.432957373304525], [-111.63650035858154, 26.433389696449964], [-111.63670420646667, 26.433601053841983], [-111.63680076599121, 26.43382201797373], [-111.63700461387634, 26.43403337457291], [-111.63710117340088, 26.43424473078448], [-111.63729429244997, 26.43447530075504], [-111.63749814033508, 26.434686656156156], [-111.63760542869568, 26.434907618206523], [-111.6380023956299, 26.435330327035437], [-111.63809895515442, 26.435551287851673], [-111.63849592208862, 26.435973994319625], [-111.63860321044922, 26.43618534697217]]}}, {"type": "Feature", "id": 2, "properties": {"CARIMT2KG_": 1630, "CARIMT2KG__1": 1630, "CENTRO": "BCS", "DESCRIPCIO": "Carretera Federal Libre (pav.) 2 carriles", "FNODE_": 0, "LENGTH": 0.129, "LPOLY_": 0, "PAISGEO_ID": 100, "RPOLY_": 0, "TNODE_": 0, "extrude": 0, "fid": 5, "layer": "CARRETERA_FEDERAL_LIBRE", "path": "D:/Back-up/Escritorio Brenda/Datos_SIG/Mapoteca/BCS/BCS/camf-bcsg.shp", "tessellate": -1, "visibility": -1}, "geometry": {"type": "MultiLineString", "coordinates": [[[-111.61972045898438, 26.407851028950997], [-111.62049293518066, 26.408523677351138], [-111.62129759788513, 26.409148275925663], [-111.62169456481934, 26.40948459683449], [-111.62189841270447, 26.40963834320913], [-111.62240266799927, 26.409955444459754], [-111.62359356880188, 26.410916352018265], [-111.62439823150636, 26.411598591526285], [-111.62480592727661, 26.41198295003569], [-111.62509560585023, 26.412396134005032], [-111.62520289421082, 26.41260752988218], [-111.62580370903015, 26.41400081119995], [-111.62620067596436, 26.41497129376052], [-111.62640452384949, 26.415211510955427], [-111.6277027130127, 26.41845919832458], [-111.62789583206177, 26.41870901664198], [-111.62889361381531, 26.421149520968203], [-111.62909746170044, 26.42138011713153], [-111.62939786911011, 26.42207190285474], [-111.62960171699525, 26.422302497173547], [-111.62979483604431, 26.42275407637874], [-111.62999868392944, 26.422994277363074], [-111.63029909133913, 26.4236956613736], [-111.63050293922424, 26.423916644493033], [-111.63069605827332, 26.424387433204732], [-111.63089990615845, 26.424627630786432], [-111.63110375404358, 26.42509841659501], [-111.63129687309265, 26.425338612695526], [-111.63150072097778, 26.425809395600943], [-111.63169384002687, 26.42605919799459], [-111.63189768791199, 26.42652997795755], [-111.63210153579712, 26.42677017107557], [-111.63230538368225, 26.427240948135246], [-111.63249850273132, 26.427471532116122], [-111.63279891014099, 26.42815367369253], [-111.63300275802612, 26.4283746482672], [-111.6331958770752, 26.428826203689564], [-111.63339972496033, 26.42905678449962], [-111.6335928440094, 26.429508337249924], [-111.63379669189455, 26.42972930922782], [-111.63390398025513, 26.42995028078212], [-111.6340970993042, 26.43017125191283], [-111.6342043876648, 26.430382615206696], [-111.63439750671387, 26.430613192903433], [-111.63469791412354, 26.43104552484162], [-111.63490176200867, 26.431247279191155], [-111.63520216941835, 26.431679608751036], [-111.63539528846741, 26.431890969279017], [-111.635502576828, 26.432111936689317], [-111.63569569587708, 26.432323296424514], [-111.63576006889343, 26.432457797872374]], [[-111.55359864234926, 26.344643038169078], [-111.55419945716858, 26.345258367677737], [-111.55439257621765, 26.34557564567691], [-111.55460715293886, 26.34573909157935], [-111.55519723892212, 26.346421716087672], [-111.55540108680725, 26.346594775182187], [-111.55570149421692, 26.3469601213094], [-111.55619502067566, 26.347488909713235], [-111.556795835495, 26.348219595166544], [-111.55699968338013, 26.348402265808758], [-111.5573000907898, 26.348777220433828], [-111.55750393867493, 26.348950276004718], [-111.5578043460846, 26.349325228853523], [-111.5582013130188, 26.349700180486998], [-111.558598279953, 26.350248184534298], [-111.5589952468872, 26.350603905070173], [-111.55959606170654, 26.351305728865118], [-111.55979990959167, 26.351488394633908], [-111.56040072441101, 26.352190213062176], [-111.56060457229614, 26.352372877434142], [-111.56089425086977, 26.352747819188572], [-111.56130194664001, 26.353132373571547], [-111.5616023540497, 26.353536154297576], [-111.5617847442627, 26.353728430338307]]]}}, {"type": "Feature", "id": 1, "properties": {"CRURIMT2KG": 69540, "CRURIMT2KG_1": 69540, "DESCRIPCIO": "Caminos Rurales (rev.) 2 carriles", "ESTADO": "BCS", "FNODE_": 0, "ID_IMT": 420, "LENGTH": 0, "LPOLY_": 0, "RPOLY_": 0, "TNODE_": 0, "extrude": 0, "fid": 36, "layer": "CAMINOS_RURALES", "path": "D:/Back-up/Escritorio Brenda/Datos_SIG/Mapoteca/BCS/BCS/camr-bcsg.shp", "tessellate": -1, "visibility": -1}, "geometry": {"type": "LineString", "coordinates": [[-111.65160655975343, 25.944635336654127], [-111.65149927139282, 25.944567803755614]]}}, {"type": "Feature", "id": 2, "properties": {"CRURIMT2KG": 69539, "CRURIMT2KG_1": 69539, "DESCRIPCIO": "Caminos Rurales (rev.) 2 carriles", "ESTADO": "BCS", "FNODE_": 0, "ID_IMT": 420, "LENGTH": 0.035, "LPOLY_": 0, "RPOLY_": 0, "TNODE_": 0, "extrude": 0, "fid": 35, "layer": "CAMINOS_RURALES", "path": "D:/Back-up/Escritorio Brenda/Datos_SIG/Mapoteca/BCS/BCS/camr-bcsg.shp", "tessellate": -1, "visibility": -1}, "geometry": {"type": "LineString", "coordinates": [[-111.66252851486206, 25.959279413126282], [-111.66249632835388, 25.9592601204164], [-111.66249632835388, 25.959211888627856], [-111.66239976882936, 25.95914436409069], [-111.66239976882936, 25.959067193143625], [-111.66230320930481, 25.958912851097693], [-111.66230320930481, 25.958729569655258], [-111.66219592094421, 25.958662044841347], [-111.66219592094421, 25.95837265234295], [-111.66209936141968, 25.958305127324262], [-111.66209936141968, 25.958102552035736], [-111.66200280189514, 25.958015733948223], [-111.66200280189514, 25.957793865211343], [-111.6619062423706, 25.9577070468961], [-111.6619062423706, 25.957379066016134], [-111.66179895401001, 25.95727295435929], [-111.66179895401001, 25.957089670363032], [-111.66169166564941, 25.957012498068686], [-111.66169166564941, 25.95676168776263], [-111.66159510612488, 25.956684515253247], [-111.66159510612488, 25.956549463240048], [-111.66149854660034, 25.956472290591513], [-111.66149854660034, 25.95631794514263], [-111.6614019870758, 25.956240772342294], [-111.6614019870758, 25.95610571981995], [-111.66129469871521, 25.95604784012008], [-111.66129469871521, 25.95584526094638], [-111.66119813919067, 25.95576808783613], [-111.66119813919067, 25.95562338811801], [-111.66100502014162, 25.955469041555954], [-111.66100502014162, 25.955411161543005], [-111.66069388389587, 25.955189287896363], [-111.66069388389587, 25.955121761051327], [-111.66040420532227, 25.954928826994912], [-111.66040420532227, 25.954851653283804], [-111.66029691696167, 25.954793772967264], [-111.66020035743713, 25.954716599167597], [-111.66020035743713, 25.954649072051396], [-111.6601037979126, 25.954591191635238], [-111.6601037979126, 25.954533311190634], [-111.66000723838806, 25.954485077465044], [-111.66000723838806, 25.954427196968265], [-111.65989995002747, 25.954388609954588], [-111.65989995002747, 25.954340376169696], [-111.65979266166687, 25.954282495601763], [-111.65979266166687, 25.954214968236514], [-111.65969610214233, 25.954128147281438], [-111.65969610214233, 25.954050973045387], [-111.6595995426178, 25.95396415196935], [-111.65950298309326, 25.953800156428777], [-111.65939569473267, 25.953722981977684], [-111.65939569473267, 25.95363616065973], [-111.6592025756836, 25.953481811491926], [-111.6592025756836, 25.95339498999609], [-111.65899872779846, 25.953230993662583], [-111.65899872779846, 25.95315381883836], [-111.65879487991333, 25.95298982216887], [-111.65879487991333, 25.952912647186533], [-111.6586983203888, 25.952835472153588], [-111.6586983203888, 25.95275829707006], [-111.65860176086426, 25.95269076883046], [-111.65860176086426, 25.952632887451408], [-111.65850520133972, 25.95256535913988], [-111.65850520133972, 25.952507477699164], [-111.65839791297913, 25.95244959622999], [-111.65839791297913, 25.952391714732354], [-111.65830135345459, 25.952343480129247], [-111.65830135345459, 25.952227717001172], [-111.65820479393005, 25.95217948233088], [-111.65820479393005, 25.952111953759257], [-111.65809750556946, 25.95207336598666], [-111.65809750556946, 25.951976896499808], [-111.65800094604492, 25.951947955638357], [-111.65800094604492, 25.951880426933926], [-111.65789365768433, 25.951851486048746], [-111.65789365768433, 25.951803251224298], [-111.65779709815979, 25.95175501638008], [-111.65779709815979, 25.95167784058823], [-111.65770053863525, 25.951648899653254], [-111.65770053863525, 25.951571723791837], [-111.65760397911072, 25.95152348885276], [-111.65760397911072, 25.951465606899788], [-111.65749669075012, 25.951446312909134], [-111.65749669075012, 25.95135948991209], [-111.65740013122559, 25.95132090189285], [-111.65740013122559, 25.95124372581641], [-111.65730357170105, 25.95121478477471], [-111.65730357170105, 25.951099020536734], [-111.65720701217651, 25.95107972648601], [-111.65720701217651, 25.9509543150792], [-111.65709972381592, 25.950906079887158], [-111.65709972381592, 25.95085784467537], [-111.65699243545532, 25.950809609443798], [-111.65699243545532, 25.950713138921397], [-111.65689587593079, 25.95065525657], [-111.65689587593079, 25.95060702125544], [-111.65670275688171, 25.950414079799568], [-111.65670275688171, 25.95035619730114], [-111.65659546852112, 25.950230785123594], [-111.65649890899658, 25.950182549635137], [-111.65640234947205, 25.949999254598705], [-111.65619850158691, 25.949719487940314], [-111.65610194206238, 25.949642310814106], [-111.65610194206238, 25.94955548648665], [-111.65599465370178, 25.949487956409925], [-111.65599465370178, 25.949410779131952], [-111.65580153465271, 25.94923713007153], [-111.65580153465271, 25.949150305445293], [-111.65559768676758, 25.948967008801844], [-111.65559768676758, 25.9488801839764], [-111.65529727935791, 25.948600414658877], [-111.65529727935791, 25.94850394232628], [-111.65509343147279, 25.948320644676578], [-111.65509343147279, 25.948233819374497], [-111.65440678596497, 25.947558509283827], [-111.65429949760437, 25.947471683419742], [-111.65429949760437, 25.947365562832243], [-111.65419220924377, 25.947278736825872], [-111.65339827537537, 25.946478005082735], [-111.65319442749023, 25.946285056860628], [-111.65300130844118, 25.94613069805531], [-111.65300130844118, 25.94603422369922], [-111.6527009010315, 25.945812332380285], [-111.6527009010315, 25.94574480015675], [-111.65260434150696, 25.945667620425287], [-111.65249705314636, 25.945532555773504], [-111.65229320526124, 25.945387843474684], [-111.65229320526124, 25.94532031100771], [-111.65200352668762, 25.94508877082691], [-111.65200352668762, 25.945011590665487], [-111.65170311927795, 25.94478969741961], [-111.65170311927795, 25.94471251706216], [-111.65160655975343, 25.944635336654127]]}}, {"type": "Feature", "id": 3, "properties": {"CRURIMT2KG": 69541, "CRURIMT2KG_1": 69541, "DESCRIPCIO": "Caminos Rurales (rev.) 2 carriles", "ESTADO": "BCS", "FNODE_": 0, "ID_IMT": 420, "LENGTH": 0, "LPOLY_": 0, "RPOLY_": 0, "TNODE_": 0, "extrude": 0, "fid": 37, "layer": "CAMINOS_RURALES", "path": "D:/Back-up/Escritorio Brenda/Datos_SIG/Mapoteca/BCS/BCS/camr-bcsg.shp", "tessellate": -1, "visibility": -1}, "geometry": {"type": "LineString", "coordinates": [[-111.65149927139282, 25.944567803755614], [-111.65149927139282, 25.944500270818363]]}}, {"type": "Feature", "id": 4, "properties": {"CRURIMT2KG": 69542, "CRURIMT2KG_1": 69542, "DESCRIPCIO": "Caminos Rurales (rev.) 2 carriles", "ESTADO": "BCS", "FNODE_": 0, "ID_IMT": 420, "LENGTH": 0.058, "LPOLY_": 0, "RPOLY_": 0, "TNODE_": 0, "extrude": 0, "fid": 38, "layer": "CAMINOS_RURALES", "path": "D:/Back-up/Escritorio Brenda/Datos_SIG/Mapoteca/BCS/BCS/camr-bcsg.shp", "tessellate": -1, "visibility": -1}, "geometry": {"type": "LineString", "coordinates": [[-111.65149927139282, 25.944500270818363], [-111.65129542350769, 25.94433626209525], [-111.65129542350769, 25.94424943385525], [-111.65110230445862, 25.944046834379613], [-111.6508984565735, 25.9438635297918], [-111.6508984565735, 25.943757405952653], [-111.65070533752441, 25.94355480563054], [-111.65070533752441, 25.943467976814368], [-111.65059804916382, 25.943371500276886], [-111.65059804916382, 25.943275023660362], [-111.65029764175415, 25.943014536400966], [-111.65029764175415, 25.94290841179677], [-111.65010452270508, 25.942715457725978], [-111.65010452270508, 25.94262862829097], [-111.64980411529541, 25.942329548635975], [-111.64980411529541, 25.942223423414536], [-111.64960026741028, 25.942011172684797], [-111.64960026741028, 25.941905047176483], [-111.64939641952515, 25.941712091461827], [-111.64920330047607, 25.94149983981058], [-111.64920330047607, 25.941393713841517], [-111.6489028930664, 25.94107533536059], [-111.6489028930664, 25.940969209009022], [-111.64859175682068, 25.94066047726077], [-111.64859175682068, 25.9405543505354], [-111.64830207824707, 25.940235969785565], [-111.64819478988647, 25.94013949060055], [-111.64819478988647, 25.940033363405767], [-111.64790511131287, 25.939724629204505], [-111.64790511131287, 25.939628149600654], [-111.64740085601808, 25.93915539839948], [-111.64669275283813, 25.938547572638562], [-111.64669275283813, 25.93846074013096], [-111.64589881896973, 25.93779502211288], [-111.64589881896973, 25.937708189050554], [-111.6456949710846, 25.93754417086928], [-111.64540529251099, 25.937264374621225], [-111.64510488510132, 25.937023170425707], [-111.64479374885559, 25.9367433729402], [-111.64390325546265, 25.935894328226603], [-111.64350628852844, 25.935479451879637], [-111.64339900016785, 25.93538296879885], [-111.64320588111877, 25.93526718899762], [-111.64309859275818, 25.935170705742998], [-111.64270162582397, 25.93474617848398], [-111.64210081100464, 25.934157626798974], [-111.64199352264404, 25.93406114263568], [-111.64180040359497, 25.933964658393382], [-111.64119958877563, 25.93337610280431], [-111.6409957408905, 25.933202430101503], [-111.64040565490723, 25.932604222165658], [-111.64009451866151, 25.93241125121588], [-111.63980484008789, 25.93211214561916], [-111.63930058479309, 25.93166831010863], [-111.6391932964325, 25.931600769775688], [-111.63890361785889, 25.931359553984848], [-111.63869976997377, 25.931214824273333], [-111.63849592208862, 25.931137635021173], [-111.63779854774475, 25.930713093230413], [-111.63770198822021, 25.930635903649573], [-111.63749814033508, 25.930568362724866], [-111.63710117340088, 25.930298198638894], [-111.63689732551575, 25.93023065752063], [-111.63670420646667, 25.93007627767634], [-111.63650035858154, 25.929941195146686], [-111.63629651069641, 25.929864005060224], [-111.63610339164734, 25.92970962473559], [-111.63589954376222, 25.92963243449743], [-111.63559913635254, 25.929410512281077], [-111.63539528846741, 25.929342970654016], [-111.63529872894287, 25.929265780175697], [-111.6351056098938, 25.929149994363385], [-111.6351056098938, 25.92910175024136], [-111.6349983215332, 25.929063154929512], [-111.63480520248413, 25.92902455960502], [-111.634601354599, 25.929072803758658], [-111.63430094718933, 25.929092101414582], [-111.63370013237, 25.929169292006673], [-111.63349628448486, 25.929207887283763], [-111.63349628448486, 25.929236833733274], [-111.63330316543579, 25.929333321846993], [-111.63330316543579, 25.929564892997565], [-111.6331958770752, 25.929671029622835], [-111.6331958770752, 25.929873653823797], [-111.63300275802612, 25.93004733143303], [-111.63300275802612, 25.930134170141645], [-111.63279891014099, 25.930288549910088], [-111.6324019432068, 25.930520119183512], [-111.6324019432068, 25.930578011430757], [-111.63219809532166, 25.93067449844631], [-111.63200497627258, 25.930809580135346], [-111.63200497627258, 25.930954310344617], [-111.63189768791199, 25.931050797052034], [-111.63189768791199, 25.931687607339505], [-111.63180112838745, 25.93180339065838], [-111.63180112838745, 25.932006011192648], [-111.63169384002687, 25.932102497038887], [-111.63169384002687, 25.932179685658973], [-111.63150072097778, 25.93231476562248], [-111.63150072097778, 25.932372656988], [-111.63110375404358, 25.932671761923416], [-111.63089990615845, 25.93273930164245], [-111.63020253181458, 25.933289266484916], [-111.62979483604431, 25.933569072173864], [-111.62979483604431, 25.933626962923096], [-111.6295051574707, 25.933800635000136], [-111.6295051574707, 25.933858525635593], [-111.62920475006104, 25.934032197371298], [-111.62920475006104, 25.93408043947466], [-111.62909746170044, 25.93411903314314], [-111.62909746170044, 25.934167275210957], [-111.62879705429077, 25.93424446247838], [-111.62879705429077, 25.934263759287333], [-111.6286039352417, 25.934273407690615], [-111.62830352783203, 25.93424446247838], [-111.6280996799469, 25.934186572032544], [-111.62789583206177, 25.934167275210957], [-111.62699460983276, 25.93401290052442], [-111.62670493125916, 25.933983955248163], [-111.62650108337402, 25.933935713105285], [-111.62640452384949, 25.933935713105285], [-111.62629723548889, 25.93388747094265], [-111.62629723548889, 25.933848877198333], [-111.62609338760376, 25.93372344744195], [-111.62590026855469, 25.93355942371289], [-111.62590026855469, 25.93347258752859], [-111.62550330162048, 25.93312524215141], [-111.62550330162048, 25.933028757142687], [-111.62529945373535, 25.932903326513216], [-111.62529945373535, 25.932835786888212], [-111.62520289421082, 25.9327875442752], [-111.62520289421082, 25.932729653113537], [-111.62509560585023, 25.932671761923416], [-111.62509560585023, 25.932604222165658], [-111.62499904632568, 25.93254633091391], [-111.62499904632568, 25.932478791084257], [-111.62469863891602, 25.93225687422851], [-111.62469863891602, 25.932189334232934], [-111.62449479103088, 25.93201565978082], [-111.62449479103088, 25.93193847105327], [-111.62419438362122, 25.93169725595376], [-111.62419438362122, 25.93162006701763], [-111.62400126457214, 25.931465688993658], [-111.62400126457214, 25.931407797182526], [-111.62390470504761, 25.931340256700263], [-111.62370085716249, 25.93125341888046], [-111.62359356880188, 25.93122447292629], [-111.62359356880188, 25.931195526965034], [-111.62259578704834, 25.931041148384846], [-111.6224992275238, 25.931021851048108], [-111.6224992275238, 25.931002553708204], [-111.62219882011414, 25.93094466166954], [-111.62200570106506, 25.930886769602413], [-111.62169456481934, 25.9308481748752], [-111.6212010383606, 25.930751688001873], [-111.6212010383606, 25.930732390617706], [-111.62110447883606, 25.930713093230413], [-111.62099719047546, 25.930713093230413], [-111.62079334259033, 25.930655201049525], [-111.62049293518066, 25.930616606246463], [-111.62049293518066, 25.930597308840202], [-111.62020325660707, 25.930568362724866], [-111.62020325660707, 25.93054906531069], [-111.62009596824646, 25.93052976789336], [-111.61972045898438, 25.930481524336205]]}}, {"type": "Feature", "id": 1, "properties": {"CARIMT2KG_": 1630, "CARIMT2KG__1": 1630, "CENTRO": "BCS", "DESCRIPCIO": "Carretera Federal Libre (pav.) 2 carriles", "FNODE_": 0, "LENGTH": 0.129, "LPOLY_": 0, "PAISGEO_ID": 100, "RPOLY_": 0, "TNODE_": 0, "extrude": 0, "fid": 5, "layer": "CARRETERA_FEDERAL_LIBRE", "path": "D:/Back-up/Escritorio Brenda/Datos_SIG/Mapoteca/BCS/BCS/camf-bcsg.shp", "tessellate": -1, "visibility": -1}, "geometry": {"type": "MultiLineString", "coordinates": [[[-111.60759687423706, 26.393042161634177], [-111.60789728164673, 26.39346502390997], [-111.60890579223633, 26.39448373121451], [-111.60900235176086, 26.39470477029191], [-111.60939931869508, 26.395108405776014], [-111.60959243774414, 26.395329443657396], [-111.60980701446533, 26.39552165016676], [-111.61019325256348, 26.395944503360923], [-111.61049365997314, 26.39634813451049], [-111.61109447479248, 26.39697279898364], [-111.61129832267761, 26.397165002756864], [-111.61139488220215, 26.397386036700453], [-111.61180257797243, 26.397789662809693], [-111.61199569702148, 26.398010695557176], [-111.61229610443115, 26.39843353963391], [-111.6124999523163, 26.39865457114847], [-111.61260724067688, 26.398865992201134], [-111.61299347877502, 26.399288833144716], [-111.61310076713562, 26.399500253035637], [-111.61349773406982, 26.39994231155618], [-111.61360502243042, 26.400153730250132], [-111.61400198936462, 26.400576566476254], [-111.61409854888916, 26.400797593887045], [-111.61450624465942, 26.401220427754364], [-111.61460280418397, 26.401431844107123], [-111.61499977111816, 26.401845065860208], [-111.6150963306427, 26.402066090841743], [-111.61550402641296, 26.402479310323976], [-111.6156005859375, 26.40269072437068], [-111.61579370498657, 26.402902138030093], [-111.61609411239624, 26.403324964187046], [-111.61629796028137, 26.403526767034013], [-111.61659836769104, 26.403949590902407], [-111.61680221557617, 26.404161002255663], [-111.61710262298584, 26.40458382380027], [-111.61740303039552, 26.40497781520883], [-111.61759614944458, 26.405198834190518], [-111.61819696426392, 26.406015639797598], [-111.61840081214905, 26.406217437939265], [-111.61900162696838, 26.407034236336102], [-111.61920547485352, 26.407245642038074], [-111.61949515342714, 26.407649233666284], [-111.61969900131226, 26.407841419659736], [-111.62049293518066, 26.408523677351138], [-111.62129759788513, 26.409148275925663], [-111.62169456481934, 26.40948459683449], [-111.62189841270447, 26.40963834320913], [-111.62240266799927, 26.409955444459754], [-111.62246704101562, 26.410003490027776]], [[-111.60759687423706, 26.393042161634177], [-111.60762906074525, 26.39309982476298]], [[-111.60610556602478, 26.39138913969595], [-111.60639524459839, 26.391783176143445], [-111.60759687423706, 26.393042161634177]], [[-111.57840371131897, 26.36476453925827], [-111.57910108566284, 26.364947183767523], [-111.57959461212158, 26.365043312340692], [-111.58000230789185, 26.365100989446226], [-111.58080697059633, 26.3651682793663], [-111.58130049705505, 26.365254794920283], [-111.58170819282532, 26.365437438654926], [-111.58209443092346, 26.365648920513458], [-111.58270597457886, 26.366100721369598], [-111.58299565315247, 26.36640832945268], [-111.58360719680786, 26.366879352743503], [-111.58380031585693, 26.367052381225417], [-111.5841007232666, 26.367388824754357], [-111.5844976902008, 26.367725267304007], [-111.58489465713501, 26.368090546677664], [-111.58509850502014, 26.368253960760562], [-111.58539891242981, 26.368446212327], [-111.58759832382202, 26.370407160038546], [-111.58780217170715, 26.370560958451975], [-111.58799529075623, 26.37074359380209], [-111.58819913864136, 26.37090700413387], [-111.58849954605103, 26.3712530487796], [-111.58910036087036, 26.371781726098707], [-111.5897011756897, 26.37255070697271], [-111.58989429473877, 26.37275256360423], [-111.59020543098451, 26.373146663630507], [-111.5904951095581, 26.373559986604313], [-111.59069895744324, 26.373761841472824], [-111.5909993648529, 26.374184774339653], [-111.59120321273804, 26.374386628116767], [-111.5915036201477, 26.37480955869683], [-111.59169673919678, 26.375021023406358], [-111.59179329872131, 26.375242099734347], [-111.59199714660645, 26.375443951664423], [-111.59259796142578, 26.376174460463975], [-111.59279108047485, 26.376491653636204], [-111.59310221672058, 26.37679923406253], [-111.59349918365479, 26.37742400428266], [-111.59369230270387, 26.377587405167503], [-111.59390687942505, 26.377904594460727], [-111.59409999847412, 26.37807760643545], [-111.59430384635925, 26.3784332413476], [-111.59449696540833, 26.37859664080506], [-111.59470081329347, 26.378942662422688], [-111.59490466117859, 26.37912528452526], [-111.59509778022768, 26.379471304559544], [-111.5953016281128, 26.379644314188035], [-111.5955913066864, 26.379999944277344], [-111.5958058834076, 26.380365184851133], [-111.59599900245667, 26.38055741626824], [-111.59629940986633, 26.38092265507948], [-111.59649252891542, 26.381297504237622], [-111.5967071056366, 26.38148973410329], [-111.5969967842102, 26.38208564465396], [-111.59729719161987, 26.38248932424809], [-111.59759759902954, 26.38312367504573], [-111.59839153289795, 26.384699925580463], [-111.59860610961914, 26.385084373667265], [-111.59889578819276, 26.385430375851268], [-111.59929275512697, 26.385737932477962], [-111.5996038913727, 26.386007043854466], [-111.59979701042175, 26.386141599307575], [-111.6011917591095, 26.387045039004207], [-111.60189986228943, 26.38754481111935], [-111.60269379615784, 26.388044581071668], [-111.6029942035675, 26.38831368707324], [-111.60359501838684, 26.38872695578318], [-111.60389542579651, 26.389053725344027], [-111.60430312156677, 26.389380493980195], [-111.60459280014038, 26.389745704891062], [-111.60479664802551, 26.38995714225889], [-111.60500049591064, 26.39013974694682], [-111.60530090332031, 26.390543398390182], [-111.60610556602478, 26.39138913969595]], [[-111.60538673400879, 26.390639505668712], [-111.60610556602478, 26.39138913969595]], [[-111.57840371131897, 26.36476453925827], [-111.57852172851562, 26.364793377884194]], [[-111.57639741897583, 26.364168539378788], [-111.57679438591003, 26.364303120265326], [-111.57729864120485, 26.364437700995182], [-111.57769560813904, 26.36457228156836], [-111.57800674438478, 26.364629958908914], [-111.57840371131897, 26.36476453925827]], [[-111.57577514648438, 26.36399550658017], [-111.57639741897583, 26.364168539378788]], [[-111.5595531463623, 26.35126727287705], [-111.55959606170654, 26.351305728865118], [-111.55979990959167, 26.351488394633908], [-111.56040072441101, 26.352190213062176], [-111.56060457229614, 26.352372877434142], [-111.56089425086977, 26.352747819188572], [-111.56130194664001, 26.353132373571547], [-111.5616023540497, 26.353536154297576], [-111.56220316886902, 26.35414182274347], [-111.56250357627869, 26.35452637249146], [-111.56290054321289, 26.354930148350707], [-111.56320095062256, 26.355324309139238], [-111.56359791755676, 26.355708854955353], [-111.56389832496643, 26.35608378589492], [-111.56410217285156, 26.356266444117423], [-111.56440258026124, 26.35664137324924], [-111.56479954719543, 26.357025914685778], [-111.56509995460512, 26.357400841355247], [-111.56530380249023, 26.35759311097061], [-111.56559348106384, 26.357958422359054], [-111.56580805778505, 26.358150691047335], [-111.56609773635866, 26.35852561406993], [-111.56630158424377, 26.35872749519396], [-111.56659126281738, 26.359092802998646], [-111.56680583953859, 26.35926584313489], [-111.56709551811218, 26.35962153593502], [-111.56729936599731, 26.359813801857886], [-111.56759977340698, 26.36017910623056], [-111.56780362129211, 26.360361757984084], [-111.56810402870178, 26.36072706062552], [-111.56829714775085, 26.36091932471005], [-111.56860828399658, 26.36130385191998], [-111.56929492950441, 26.361986384567956], [-111.56970262527466, 26.362226712005956], [-111.57009959220886, 26.362380521304104], [-111.5744984149933, 26.363649440205958], [-111.57479882240295, 26.363716730970967], [-111.57520651817323, 26.363851312383485], [-111.57639741897583, 26.364168539378788]]]}}, {"type": "Feature", "id": 1, "properties": {"CRURIMT2KG": 69545, "CRURIMT2KG_1": 69545, "DESCRIPCIO": "Caminos Rurales (rev.) 2 carriles", "ESTADO": "BCS", "FNODE_": 0, "ID_IMT": 420, "LENGTH": 0.048, "LPOLY_": 0, "RPOLY_": 0, "TNODE_": 0, "extrude": 0, "fid": 41, "layer": "CAMINOS_RURALES", "path": "D:/Back-up/Escritorio Brenda/Datos_SIG/Mapoteca/BCS/BCS/camr-bcsg.shp", "tessellate": -1, "visibility": -1}, "geometry": {"type": "MultiLineString", "coordinates": [[[-111.60789728164673, 25.935768900647872], [-111.60750031471252, 25.935826790316185], [-111.60750031471252, 25.93584608686596], [-111.60719990730286, 25.935894328226603], [-111.60700678825378, 25.935894328226603], [-111.60679221153259, 25.93593292130088], [-111.60679221153259, 25.935952217833265], [-111.60669565200806, 25.935981162625936], [-111.60669565200806, 25.936010107411494], [-111.60659909248353, 25.936029403931247], [-111.60659909248353, 25.936067996961288], [-111.60650253295898, 25.93610658997867], [-111.60650253295898, 25.936183775975508], [-111.60639524459839, 25.93623201719786], [-111.60639524459839, 25.936289906638585], [-111.60629868507385, 25.9363574442835], [-111.60629868507385, 25.936434630115997], [-111.60620212554932, 25.93652146411707], [-111.60620212554932, 25.93659864984209], [-111.60610556602478, 25.936675835516535], [-111.60610556602478, 25.936820558519827], [-111.60599827766418, 25.936888095860507], [-111.60599827766418, 25.93693633679443], [-111.60590171813966, 25.937003874068736], [-111.60579442977905, 25.937052114955257], [-111.60579442977905, 25.937090707650245], [-111.60549402236938, 25.93720648565934], [-111.60509705543518, 25.937302967246673], [-111.60500049591064, 25.937351208010703], [-111.60489320755005, 25.937380152459646], [-111.60489320755005, 25.937418745047168], [-111.60479664802551, 25.937457337622046], [-111.60459280014038, 25.937515226460643], [-111.60449624061586, 25.937563467137757], [-111.60439968109131, 25.937582763403068], [-111.60430312156677, 25.937631004052523], [-111.60340189933777, 25.937959039944875], [-111.6029942035675, 25.938084465191714], [-111.60289764404297, 25.938123057548495], [-111.60289764404297, 25.938152001807786], [-111.60269379615784, 25.93819059414243], [-111.60269379615784, 25.93820989030502], [-111.6025972366333, 25.93821953838512], [-111.6020929813385, 25.938817717808412], [-111.60189986228943, 25.93885630992496], [-111.60189986228943, 25.938885254004067], [-111.60169601440431, 25.93892384609849], [-111.60159945487976, 25.93896243818027], [-111.60159945487976, 25.938991382233304], [-111.60099864006044, 25.939145750396033], [-111.60090208053589, 25.939184342405103], [-111.60090208053589, 25.939222934401528], [-111.60030126571657, 25.939367654275536], [-111.60030126571657, 25.939386950245293], [-111.60000085830688, 25.939464134092752], [-111.59970045089722, 25.93947378207013], [-111.59940004348755, 25.939425542175346], [-111.59929275512697, 25.939367654275536], [-111.59879922866821, 25.939184342405103], [-111.59879922866821, 25.93913610239178], [-111.59799456596375, 25.938817717808412], [-111.59750103950502, 25.938576516793542], [-111.59729719161987, 25.9385282765313], [-111.59690022468567, 25.938325667214134], [-111.5967071056366, 25.93827742684916], [-111.5962028503418, 25.93807481710055], [-111.59590244293213, 25.937930095638183], [-111.5955913066864, 25.937804670226974], [-111.5955913066864, 25.937775725882343], [-111.59549474716187, 25.937737133411773], [-111.5953016281128, 25.937708189050554], [-111.5951943397522, 25.937717837171757], [-111.59500122070312, 25.937766077765882], [-111.59500122070312, 25.937814318340266], [-111.59492611883002, 25.937829326518802]], [[-111.59492611883002, 25.937829326518802], [-111.59490466117859, 25.937833614564493], [-111.59490466117859, 25.937852910785555], [-111.59492611883002, 25.937829326518802]], [[-111.59492611883002, 25.937829326518802], [-111.59509778022768, 25.937640652180036], [-111.59500122070312, 25.937650300306775], [-111.59500122070312, 25.93768889280579], [-111.59490466117859, 25.937717837171757], [-111.59490466117859, 25.93778537399801], [-111.594797372818, 25.93782396645278], [-111.594797372818, 25.93786255889489], [-111.59470081329347, 25.93790115132438], [-111.59470081329347, 25.937939743741207], [-111.59459352493286, 25.937987984244472], [-111.59459352493286, 25.938026576632854], [-111.59449696540833, 25.93807481710055], [-111.59449696540833, 25.938123057548495], [-111.59430384635925, 25.938229186464444], [-111.59430384635925, 25.93827742684916], [-111.59409999847412, 25.938402851757004], [-111.59409999847412, 25.93846074013096], [-111.59379959106445, 25.93865370117204], [-111.59379959106445, 25.938711589422716], [-111.59359574317932, 25.93883701386827], [-111.59359574317932, 25.938904550052868], [-111.59329533576965, 25.939107158374316], [-111.59329533576965, 25.939184342405103], [-111.59300565719606, 25.939358006289467], [-111.59300565719606, 25.93943519015588], [-111.59279108047485, 25.939550965860686], [-111.59279108047485, 25.93960885367041], [-111.59259796142578, 25.939724629204505], [-111.59259796142578, 25.939792164880178], [-111.59220099449158, 25.940052659266485], [-111.59220099449158, 25.940120194754073], [-111.59190058708191, 25.94034209679781], [-111.59190058708191, 25.94039998421872], [-111.59160017967226, 25.940602589967874], [-111.59160017967226, 25.94067012514015], [-111.59139633178711, 25.9407955475002], [-111.59139633178711, 25.940843786833888], [-111.59129977226257, 25.94089202614783], [-111.59120321273804, 25.940911321867876], [-111.5909993648529, 25.940930617584744], [-111.59089207649232, 25.940920969726697], [-111.5906023979187, 25.940843786833888], [-111.5906023979187, 25.940805195368526], [-111.5904951095581, 25.940785899631088], [-111.59020543098451, 25.940689420896543], [-111.5899908542633, 25.9406508293806], [-111.5897011756897, 25.9405543505354], [-111.5895938873291, 25.94053505475688], [-111.5895938873291, 25.940515758975195], [-111.58940076828003, 25.94045787161118], [-111.58910036087036, 25.94039033631721], [-111.58889651298523, 25.940332448891546], [-111.58889651298523, 25.94031315307667], [-111.58879995346071, 25.94028420934844], [-111.58849954605103, 25.940216673954886], [-111.58849954605103, 25.94019737812105], [-111.58840298652649, 25.940178082284046], [-111.58840298652649, 25.940158786443877], [-111.58819913864136, 25.940120194754073], [-111.58819913864136, 25.940100898904422], [-111.58799529075623, 25.940071955124022], [-111.58799529075623, 25.94004301133652], [-111.58780217170715, 25.939985123740172], [-111.58759832382202, 25.93994653199346], [-111.58740520477296, 25.93986934846211], [-111.58709406852722, 25.939801812830687], [-111.58690094947815, 25.939724629204505], [-111.58630013465881, 25.93957026180042], [-111.58630013465881, 25.939541317889628], [-111.58590316772461, 25.939454486114585], [-111.58579587936401, 25.93940624621191], [-111.5855062007904, 25.93931941433729], [-111.58509850502014, 25.939203638404898], [-111.58470153808594, 25.93911680638092], [-111.58470153808594, 25.939097510366913], [-111.58460497856142, 25.939068566339955], [-111.58419728279114, 25.93897208619874], [-111.58419728279114, 25.938943142140968], [-111.5841007232666, 25.938914198076073], [-111.58389687538148, 25.93887560597848], [-111.5837037563324, 25.938817717808412], [-111.58360719680786, 25.93877912567922], [-111.58360719680786, 25.938740533537395], [-111.58319950103761, 25.938576516793542], [-111.58319950103761, 25.93853792458532], [-111.58299565315247, 25.938470388190524], [-111.58299565315247, 25.938431795947544], [-111.58270597457886, 25.93825813069764], [-111.58270597457886, 25.93820024222412], [-111.58259868621826, 25.938171297976687], [-111.58259868621826, 25.938123057548495], [-111.58249139785768, 25.938113409460495], [-111.58249139785768, 25.938084465191714], [-111.58239483833313, 25.938065169008592], [-111.58239483833313, 25.938045872822315], [-111.58220171928407, 25.938007280440242], [-111.58220171928407, 25.937978336145402], [-111.58209443092346, 25.93794939184343], [-111.58209443092346, 25.937930095638183], [-111.58190131187439, 25.937852910785555], [-111.58190131187439, 25.93782396645278], [-111.58160090446472, 25.937698540928572], [-111.58160090446472, 25.93765994843271], [-111.58109664916994, 25.93742839319206], [-111.58030271530151, 25.93695563316247], [-111.58000230789185, 25.93681091032514], [-111.57949805259705, 25.936511815897894], [-111.57940149307252, 25.936434630115997], [-111.57919764518738, 25.936367092515326], [-111.57869338989259, 25.93605834870496], [-111.5785002708435, 25.936000459150435]], [[-111.57852172851562, 25.936010107411494], [-111.5785002708435, 25.936000459150435]], [[-111.5785002708435, 25.936000459150435], [-111.57800674438478, 25.935662769515435], [-111.57779216766357, 25.935585583177232], [-111.57750248908997, 25.935402265421335], [-111.57739520072937, 25.93536367217321], [-111.57739520072937, 25.935305782277332], [-111.57710552215576, 25.93518035407202], [-111.57710552215576, 25.935132112419023], [-111.57689094543457, 25.93502598071293], [-111.57689094543457, 25.934968090651104], [-111.5766978263855, 25.934861958797242], [-111.5766978263855, 25.934784771934375], [-111.57660126686098, 25.934717233387897], [-111.57660126686098, 25.9346400464302], [-111.57649397850037, 25.93457250780075], [-111.57649397850037, 25.93442778203582], [-111.57639741897583, 25.93436024328469], [-111.57639741897583, 25.93420586885099], [-111.5763008594513, 25.93413832997264], [-111.5763008594513, 25.933877822507753], [-111.57620429992677, 25.933790986558115], [-111.57620429992677, 25.933501532930478], [-111.57610774040222, 25.93342434517633], [-111.57610774040222, 25.933173484626145], [-111.57600045204163, 25.933115593654097], [-111.57600045204163, 25.933009460131462], [-111.57589316368104, 25.932903326513216], [-111.57589316368104, 25.932835786888212], [-111.5757966041565, 25.93277789575024], [-111.5757966041565, 25.93272000458382]], [[-111.5757966041565, 25.93272000458382], [-111.57560348510742, 25.932604222165658], [-111.57560348510742, 25.932536682369182], [-111.57539963722229, 25.932391954103522], [-111.57539963722229, 25.93231476562248], [-111.57520651817323, 25.93220863137848], [-111.57509922981262, 25.932102497038887], [-111.57499194145203, 25.932034956954816], [-111.57499194145203, 25.93198671401392], [-111.57489538192749, 25.931919173863477], [-111.57489538192749, 25.93187093087518], [-111.57459497451782, 25.931687607339505], [-111.57459497451782, 25.93162006701763], [-111.57440185546875, 25.931494634888555], [-111.57440185546875, 25.93143674309165], [-111.57419800758362, 25.931320959412506], [-111.57419800758362, 25.93126306753026], [-111.57399415969849, 25.931118337700223], [-111.57399415969849, 25.931060445718437], [-111.57380104064943, 25.930935012993643], [-111.57380104064943, 25.930886769602413], [-111.57369375228882, 25.9308481748752], [-111.57369375228882, 25.930809580135346], [-111.57359719276428, 25.930770985382843], [-111.57359719276428, 25.930732390617706], [-111.57350063323975, 25.93069379583994], [-111.57350063323975, 25.930626254948415], [-111.57340407371521, 25.930597308840202], [-111.57340407371521, 25.930520119183512], [-111.57330751419067, 25.930481524336205], [-111.57330751419067, 25.930433280759303], [-111.57320022583008, 25.93039468588356], [-111.57320022583008, 25.930346442271098], [-111.5730929374695, 25.930298198638894], [-111.5730929374695, 25.930259603718905], [-111.57299637794495, 25.930211360051153], [-111.57299637794495, 25.930163116363644], [-111.57280325889587, 25.930066628929367], [-111.57280325889587, 25.930018385182585], [-111.57269597053528, 25.929970141416085], [-111.57269597053528, 25.929902600109777], [-111.57259941101074, 25.929873653823797], [-111.57259941101074, 25.929825409998024], [-111.5725028514862, 25.929796463693076], [-111.5725028514862, 25.92976751738103], [-111.57240629196168, 25.92972892228723], [-111.57240629196168, 25.92969997595858], [-111.57229900360107, 25.92966138084267], [-111.57229900360107, 25.92955524420871], [-111.57219171524048, 25.929516649045386], [-111.57219171524048, 25.929468405073457], [-111.57209515571594, 25.929420161081786], [-111.57209515571594, 25.92937191707036], [-111.57190203666687, 25.929265780175697], [-111.57190203666687, 25.929217536101064], [-111.57179474830627, 25.929169292006673], [-111.57169818878175, 25.92910175024136], [-111.57169818878175, 25.929043857268844], [-111.5716016292572, 25.92900526193804], [-111.57139778137207, 25.928957017756744], [-111.57119393348694, 25.92896666659459], [-111.57079696655273, 25.929063154929512], [-111.5707004070282, 25.929092101414582], [-111.5707004070282, 25.929111399067338], [-111.57050728797913, 25.92914034554056], [-111.57050728797913, 25.92915964318543], [-111.5701961517334, 25.929227184917565]], [[-111.5757966041565, 25.93272000458382], [-111.57577514648438, 25.93271035605332]]]}}, {"type": "Feature", "id": 2, "properties": {"CRURIMT2KG": 69544, "CRURIMT2KG_1": 69544, "DESCRIPCIO": "Caminos Rurales (rev.) 2 carriles", "ESTADO": "BCS", "FNODE_": 0, "ID_IMT": 420, "LENGTH": 0, "LPOLY_": 0, "RPOLY_": 0, "TNODE_": 0, "extrude": 0, "fid": 40, "layer": "CAMINOS_RURALES", "path": "D:/Back-up/Escritorio Brenda/Datos_SIG/Mapoteca/BCS/BCS/camr-bcsg.shp", "tessellate": -1, "visibility": -1}, "geometry": {"type": "LineString", "coordinates": [[-111.60800457000734, 25.935739955803054], [-111.60789728164673, 25.935768900647872]]}}, {"type": "Feature", "id": 3, "properties": {"CRURIMT2KG": 69542, "CRURIMT2KG_1": 69542, "DESCRIPCIO": "Caminos Rurales (rev.) 2 carriles", "ESTADO": "BCS", "FNODE_": 0, "ID_IMT": 420, "LENGTH": 0.058, "LPOLY_": 0, "RPOLY_": 0, "TNODE_": 0, "extrude": 0, "fid": 38, "layer": "CAMINOS_RURALES", "path": "D:/Back-up/Escritorio Brenda/Datos_SIG/Mapoteca/BCS/BCS/camr-bcsg.shp", "tessellate": -1, "visibility": -1}, "geometry": {"type": "LineString", "coordinates": [[-111.62246704101562, 25.931002553708204], [-111.62219882011414, 25.93094466166954], [-111.62200570106506, 25.930886769602413], [-111.62169456481934, 25.9308481748752], [-111.6212010383606, 25.930751688001873], [-111.6212010383606, 25.930732390617706], [-111.62110447883606, 25.930713093230413], [-111.62099719047546, 25.930713093230413], [-111.62079334259033, 25.930655201049525], [-111.62049293518066, 25.930616606246463], [-111.62049293518066, 25.930597308840202], [-111.62020325660707, 25.930568362724866], [-111.62020325660707, 25.93054906531069], [-111.62009596824646, 25.93052976789336], [-111.61960244178772, 25.930462226907817], [-111.61960244178772, 25.93044292947626], [-111.61949515342714, 25.930433280759303], [-111.61920547485352, 25.930365739718454], [-111.61870121955872, 25.930288549910088], [-111.61840081214905, 25.93026925245009], [-111.61819696426392, 25.930298198638894], [-111.61799311637878, 25.930365739718454], [-111.61799311637878, 25.930413983323014], [-111.61769270896912, 25.930558714018172], [-111.61749958992004, 25.93069379583994], [-111.61719918251038, 25.9308481748752], [-111.61680221557617, 25.931089391712888], [-111.61669492721559, 25.931137635021173], [-111.61669492721559, 25.931185878309687], [-111.61629796028137, 25.93138849990583], [-111.61629796028137, 25.93142709445606], [-111.61579370498657, 25.931677958724464], [-111.61579370498657, 25.931726201791776], [-111.61519289016724, 25.93204460554062], [-111.61450624465942, 25.932478791084257], [-111.61439895629883, 25.932517385277364], [-111.61409854888916, 25.932681410457075], [-111.61409854888916, 25.932729653113537], [-111.61400198936462, 25.932758598697923], [-111.61389470100404, 25.9327875442752], [-111.61370158195496, 25.93279719279938], [-111.6128969192505, 25.93273930164245], [-111.61270380020142, 25.93271035605332], [-111.61060094833374, 25.932517385277364], [-111.61049365997314, 25.932517385277364], [-111.61030054092407, 25.932594573625675], [-111.61009669303895, 25.932758598697923], [-111.61009669303895, 25.93284543540844], [-111.60990357398987, 25.933057702653603], [-111.60990357398987, 25.93316383613278], [-111.60980701446533, 25.93326996951635], [-111.60969972610474, 25.93335680584998], [-111.60969972610474, 25.93345329059006], [-111.60959243774414, 25.933540126788582], [-111.60959243774414, 25.933617314466865], [-111.6094958782196, 25.933800635000136], [-111.60939931869508, 25.933868174072067], [-111.60939931869508, 25.933935713105285], [-111.60930275917053, 25.93399360367437], [-111.60930275917053, 25.934070791055564], [-111.60919547080994, 25.934128681558278], [-111.60919547080994, 25.934186572032544], [-111.60900235176086, 25.934321649695228], [-111.60900235176086, 25.934379540074676], [-111.60879850387573, 25.93448567236313], [-111.60879850387573, 25.934553211042363], [-111.6085946559906, 25.93468828828468], [-111.6085946559906, 25.93476547521076], [-111.60840153694153, 25.934948793957513], [-111.60840153694153, 25.93504527739386], [-111.60829424858093, 25.9351417607512], [-111.60829424858093, 25.9353154305953], [-111.6081976890564, 25.935402265421335], [-111.6081976890564, 25.935653121225915], [-111.60810112953186, 25.93570136266556]]}}, {"type": "Feature", "id": 4, "properties": {"CRURIMT2KG": 69543, "CRURIMT2KG_1": 69543, "DESCRIPCIO": "Caminos Rurales (rev.) 2 carriles", "ESTADO": "BCS", "FNODE_": 0, "ID_IMT": 420, "LENGTH": 0, "LPOLY_": 0, "RPOLY_": 0, "TNODE_": 0, "extrude": 0, "fid": 39, "layer": "CAMINOS_RURALES", "path": "D:/Back-up/Escritorio Brenda/Datos_SIG/Mapoteca/BCS/BCS/camr-bcsg.shp", "tessellate": -1, "visibility": -1}, "geometry": {"type": "LineString", "coordinates": [[-111.60810112953186, 25.93570136266556], [-111.60800457000734, 25.935739955803054]]}}, {"type": "Feature", "id": 1, "properties": {"CARIMT2KG_": 1631, "CARIMT2KG__1": 1631, "CENTRO": "BCS", "DESCRIPCIO": "Carretera Federal Libre (pav.) 2 carriles", "FNODE_": 0, "LENGTH": 0.097, "LPOLY_": 0, "PAISGEO_ID": 100, "RPOLY_": 0, "TNODE_": 0, "extrude": 0, "fid": 6, "layer": "CARRETERA_FEDERAL_LIBRE", "path": "D:/Back-up/Escritorio Brenda/Datos_SIG/Mapoteca/BCS/BCS/camf-bcsg.shp", "tessellate": -1, "visibility": -1}, "geometry": {"type": "MultiLineString", "coordinates": [[[-111.53420090675354, 26.319613660694056], [-111.53459787368774, 26.319844459538473], [-111.53510212898256, 26.320084874512368], [-111.53549909591675, 26.32034452212369], [-111.53600335121155, 26.320584936059646], [-111.53640031814575, 26.32082534949657], [-111.53690457344055, 26.32105614592654], [-111.53769850730896, 26.321546586813202], [-111.53799891471863, 26.321661984367076], [-111.53839588165283, 26.32190239556835], [-111.53890013694765, 26.322142806270588], [-111.53929710388185, 26.322383216473792], [-111.53959751129152, 26.32250822958223], [-111.54000520706177, 26.322758255394298], [-111.54049873352051, 26.322998664319925], [-111.5417003631592, 26.323642957779708], [-111.54250502586365, 26.32413338771208], [-111.54290199279785, 26.324412258708143], [-111.54329895973206, 26.32473921005522], [-111.54350280761719, 26.325123857517024], [-111.54380321502687, 26.325777755269893], [-111.54380321502687, 26.326008541830486], [-111.54389977455139, 26.32623932793112], [-111.54409289360046, 26.327162467733977], [-111.5442967414856, 26.327595186983103], [-111.54459714889526, 26.328200991215095], [-111.54480099678041, 26.328383693456612], [-111.54499411582947, 26.32878756054643], [-111.5453052520752, 26.329181810394324], [-111.54549837112428, 26.32956644309852], [-111.5457022190094, 26.32975875897144], [-111.54589533805849, 26.33015300551223], [-111.54599189758301, 26.330556866430307], [-111.54599189758301, 26.330787643465253], [-111.54639959335327, 26.33247037877171], [-111.54670000076294, 26.333105004021114], [-111.54679656028748, 26.333508854641117], [-111.54700040817261, 26.333931934731854], [-111.54709696769714, 26.334345397871992], [-111.54720425605774, 26.334566551968628], [-111.54730081558229, 26.334989628193554], [-111.54769778251648, 26.33586462184337], [-111.54779434204102, 26.33629730856668], [-111.54810547828674, 26.336999219144193], [-111.54829859733583, 26.337479977357464], [-111.54829859733583, 26.33772997083917], [-111.54879212379456, 26.338960700106828], [-111.54900670051576, 26.339431835190535], [-111.54959678649902, 26.34007603720072], [-111.54989719390869, 26.340499093286475], [-111.55030488967896, 26.340893303247107], [-111.55059456825256, 26.3412971266924], [-111.55139923095703, 26.34212399887386], [-111.5516996383667, 26.34250858857295], [-111.55190348625183, 26.34270088294318], [-111.55220389366151, 26.34304701200427], [-111.5526008605957, 26.34356620365455], [-111.55280470848083, 26.343768110889393], [-111.55320167541505, 26.34422961181746], [-111.55359864234926, 26.344643038169078]], [[-111.53420090675354, 26.319613660694056], [-111.53457641601562, 26.319825226318997]], [[-111.53209805488586, 26.31851735990283], [-111.53239846229553, 26.318642377183878], [-111.53279542922974, 26.318882794652783], [-111.53329968452455, 26.31913282829114], [-111.53369665145875, 26.3193732447421], [-111.53420090675354, 26.319613660694056]], [[-111.53182983398438, 26.318344258829402], [-111.53209805488586, 26.31851735990283]], [[-111.52439475059509, 26.31398779664518], [-111.5250062942505, 26.314535969770994], [-111.52540326118469, 26.314872566019112], [-111.52559638023376, 26.315016821254666], [-111.52610063552856, 26.315276480226], [-111.52649760246277, 26.315516904680557], [-111.52679800987244, 26.31565154215717], [-111.52719497680664, 26.315901582770024], [-111.52749538421631, 26.31601698594778], [-111.52769923210145, 26.3161516228432], [-111.52819275856018, 26.316401662376705], [-111.52860045433044, 26.31665170137053], [-111.52890086174011, 26.316776720665057], [-111.52929782867432, 26.317026758849355], [-111.52959823608398, 26.317151777739127], [-111.52999520301819, 26.317392198301768], [-111.53029561042786, 26.317526833598897], [-111.53070330619812, 26.317767253383117], [-111.53099298477173, 26.317892271473717], [-111.53140068054199, 26.318151923999995], [-111.53170108795166, 26.31826732493596], [-111.53209805488586, 26.31851735990283]], [[-111.52439475059509, 26.31398779664518], [-111.5247917175293, 26.31434362861871]], [[-111.52290344238283, 26.312199003141597], [-111.5232038497925, 26.312602926669275], [-111.52339696884155, 26.312804887905067], [-111.52369737625122, 26.313199192160344], [-111.52410507202148, 26.31360311220118], [-111.52439475059509, 26.31398779664518]], [[-111.50578022003175, 26.272482602093046], [-111.50580167770387, 26.272540325305833], [-111.50599479675293, 26.27288666397975], [-111.50610208511354, 26.273261863043615], [-111.50630593299866, 26.27364668133636], [-111.5064024925232, 26.27405073917057], [-111.50670289993286, 26.27468568435365], [-111.50679945945741, 26.275099358891975], [-111.50720715522768, 26.27595556429862], [-111.50749683380128, 26.276609739453477], [-111.5075933933258, 26.27705226761428], [-111.50839805603027, 26.278831983393935], [-111.50849461555481, 26.27927450308024], [-111.50929927825929, 26.281044564949003], [-111.50939583778381, 26.28128506040185], [-111.50950312614441, 26.281717950960736], [-111.51010394096375, 26.28302623261063], [-111.51029706001283, 26.283641889458707], [-111.51080131530762, 26.284690422507456], [-111.51089787483215, 26.285132919849485], [-111.51100516319276, 26.285354167887544], [-111.5118956565857, 26.287508909321208], [-111.5118956565857, 26.28774939137333], [-111.51209950447084, 26.288211115515768], [-111.51209950447084, 26.2884612153255], [-111.51219606399536, 26.2887016954032], [-111.51219606399536, 26.28894217498232], [-111.51230335235596, 26.28918265406284], [-111.51230335235596, 26.28941351351105], [-111.51249647140503, 26.289894469218943], [-111.51249647140503, 26.2901253272503], [-111.51260375976562, 26.29037542293239], [-111.51260375976562, 26.290606280006415], [-111.51270031929018, 26.290846755636544], [-111.51270031929018, 26.29107761177234], [-111.5129041671753, 26.29157779849013], [-111.5129041671753, 26.29180865317075], [-111.51300072669983, 26.292049126307706], [-111.51300072669983, 26.2922992178412], [-111.5131938457489, 26.29277054272675], [-111.51390194892883, 26.295790824073638], [-111.51390194892883, 26.29602167036711], [-111.51399850845337, 26.296233279065717], [-111.5142023563385, 26.29710856548931], [-111.51429891586304, 26.297329790682145], [-111.51480317115785, 26.29959011085388], [-111.51509284973145, 26.300263389195166], [-111.51520013809206, 26.300474990151997], [-111.51540398597717, 26.30069620892118], [-111.51570439338684, 26.301311771970262], [-111.51589751243593, 26.301532989142615], [-111.51610136032104, 26.301965804128397], [-111.51629447937012, 26.30216778390205], [-111.51649832725525, 26.302600596517653], [-111.51670217514038, 26.302812193208243], [-111.51689529418947, 26.30324500341772], [-111.51709914207458, 26.303456598931962], [-111.51730298995973, 26.303889406735276], [-111.5176033973694, 26.30431259502477], [-111.51779651641846, 26.304755017493562], [-111.5180003643036, 26.304976228094674], [-111.51820421218872, 26.305418648030297], [-111.5183973312378, 26.30563023957644], [-111.51860117912292, 26.30606303926312], [-111.518794298172, 26.306284247367735], [-111.51899814605714, 26.30670742691317], [-111.51920199394226, 26.306928633787866], [-111.5194058418274, 26.3073710462706], [-111.51959896087646, 26.30758263425228], [-111.5198028087616, 26.308015426647955], [-111.51999592781067, 26.3082462485981], [-111.52029633522034, 26.30889062410903], [-111.52050018310547, 26.309111826816512], [-111.52069330215454, 26.309554230964768], [-111.52089715003967, 26.309756197514385], [-111.52100443840027, 26.3099870159972], [-111.52119755744934, 26.31018898179252], [-111.52149796485902, 26.310602529703655], [-111.52170181274414, 26.310804494426172], [-111.52200222015381, 26.311198805488917], [-111.52220606803895, 26.31139115186189], [-111.52249574661256, 26.31180469548253], [-111.52290344238283, 26.312199003141597]], [[-111.52257084846497, 26.31188163366771], [-111.52290344238283, 26.312199003141597]]]}}, {"type": "Feature", "id": 2, "properties": {"CRURIMT2KG": 69548, "CRURIMT2KG_1": 69548, "DESCRIPCIO": "Caminos Rurales (rev.) 2 carriles", "ESTADO": "BCS", "FNODE_": 0, "ID_IMT": 420, "LENGTH": 0.045, "LPOLY_": 0, "RPOLY_": 0, "TNODE_": 0, "extrude": 0, "fid": 44, "layer": "CAMINOS_RURALES", "path": "D:/Back-up/Escritorio Brenda/Datos_SIG/Mapoteca/BCS/BCS/camr-bcsg.shp", "tessellate": -1, "visibility": -1}, "geometry": {"type": "LineString", "coordinates": [[-111.57009959220886, 25.92925613136234], [-111.56989574432373, 25.929294726610983], [-111.5697991847992, 25.929333321846993], [-111.5697991847992, 25.92935261946026], [-111.56960606575014, 25.929410512281077], [-111.56960606575014, 25.92943945868083], [-111.56939148902893, 25.929497351458988], [-111.56939148902893, 25.929526297837405], [-111.56929492950441, 25.92955524420871], [-111.56929492950441, 25.929603488145094], [-111.56910181045532, 25.92968067840221], [-111.56910181045532, 25.929738571061872], [-111.56900525093079, 25.92976751738103], [-111.56900525093079, 25.929815761230508], [-111.5688979625702, 25.929844707530695], [-111.5688979625702, 25.92989295134857], [-111.56880140304565, 25.929902600109777], [-111.56880140304565, 25.92995084390395], [-111.56870484352112, 25.929979790170957], [-111.56870484352112, 25.93004733143303], [-111.56860828399658, 25.930085926422535], [-111.56860828399658, 25.930134170141645], [-111.56850099563599, 25.93015346762377], [-111.56850099563599, 25.93023065752063], [-111.56839370727539, 25.930259603718905], [-111.56839370727539, 25.930307847366922], [-111.56829714775085, 25.93033679354625], [-111.56829714775085, 25.930385037162655], [-111.56820058822633, 25.930423632041553], [-111.56820058822633, 25.930481524336205], [-111.56810402870178, 25.93051047047286], [-111.56810402870178, 25.93054906531069], [-111.56799674034119, 25.930578011430757], [-111.56799674034119, 25.930635903649573], [-111.56790018081666, 25.930664849748304], [-111.56790018081666, 25.930732390617706], [-111.56780362129211, 25.93076133669275], [-111.56780362129211, 25.930790282760686], [-111.56770706176758, 25.93082887750685], [-111.56759977340698, 25.930906066961285], [-111.56759977340698, 25.930954310344617], [-111.5674924850464, 25.930973607692422], [-111.5674924850464, 25.931060445718437], [-111.56739592552185, 25.931089391712888], [-111.56739592552185, 25.931118337700223], [-111.56729936599731, 25.93115693233894], [-111.56729936599731, 25.931185878309687], [-111.56720280647279, 25.931214824273333], [-111.56720280647279, 25.93125341888046], [-111.56699895858765, 25.931311310767427], [-111.56699895858765, 25.931349905342948], [-111.56690239906311, 25.931369202625973], [-111.56690239906311, 25.93138849990583], [-111.56680583953859, 25.93139814854457], [-111.56680583953859, 25.931417445819694], [-111.56669855117798, 25.93143674309165], [-111.56669855117798, 25.93147533762609], [-111.56659126281738, 25.931494634888555], [-111.56659126281738, 25.93152358077634], [-111.56649470329286, 25.93154287803093], [-111.56649470329286, 25.931571823906857], [-111.56639814376831, 25.931600769775688], [-111.56639814376831, 25.931639364256405], [-111.56630158424377, 25.931677958724464], [-111.56630158424377, 25.931706904567225], [-111.56620502471924, 25.93175514762268], [-111.56620502471924, 25.931793742052825], [-111.56609773635866, 25.93182268786713], [-111.56609773635866, 25.93185163367433], [-111.5660011768341, 25.931880579474424], [-111.5660011768341, 25.931928822458776], [-111.56590461730957, 25.93194811964698], [-111.56580805778505, 25.931996362603673], [-111.56570076942444, 25.93201565978082], [-111.56559348106384, 25.93201565978082], [-111.56559348106384, 25.93198671401392], [-111.5654969215393, 25.931977065423368], [-111.5654969215393, 25.931031499716877], [-111.56540036201478, 25.930983256365135], [-111.56540036201478, 25.930886769602413], [-111.56530380249023, 25.9308481748752], [-111.56530380249023, 25.930809580135346], [-111.56519651412964, 25.930780634072157], [-111.56519651412964, 25.93074203931019], [-111.56509995460512, 25.93069379583994], [-111.56509995460512, 25.930655201049525], [-111.56500339508057, 25.930616606246463], [-111.56500339508057, 25.930578011430757], [-111.56490683555603, 25.93052976789336], [-111.56490683555603, 25.930462226907817], [-111.56479954719543, 25.930413983323014], [-111.56479954719543, 25.93037538844095], [-111.56469225883485, 25.930346442271098], [-111.56469225883485, 25.93026925245009], [-111.5645956993103, 25.93023065752063], [-111.5645956993103, 25.930182413841013], [-111.56449913978577, 25.93014381888311], [-111.56449913978577, 25.930095575167943], [-111.56429529190063, 25.930028033933528], [-111.56429529190063, 25.92999908767836], [-111.5641987323761, 25.92996049266041], [-111.56410217285156, 25.92995084390395], [-111.56410217285156, 25.929931546388644], [-111.56389832496643, 25.929921897629814], [-111.56379103660583, 25.929941195146686], [-111.56379103660583, 25.92996049266041], [-111.56369447708131, 25.92999908767836], [-111.56369447708131, 25.930954310344617], [-111.56359791755676, 25.93099290503706], [-111.56359791755676, 25.931021851048108], [-111.56340479850769, 25.931108689038567], [-111.56340479850769, 25.931166580996653], [-111.56320095062256, 25.93125341888046], [-111.56320095062256, 25.931282364827492], [-111.56310439109802, 25.931311310767427], [-111.56310439109802, 25.931330608056772], [-111.5627932548523, 25.93138849990583], [-111.5627932548523, 25.931407797182526], [-111.56250357627869, 25.931465688993658], [-111.56210660934448, 25.93143674309165], [-111.5616023540497, 25.931320959412506], [-111.56130194664001, 25.931195526965034], [-111.56120538711549, 25.931166580996653], [-111.56100153923035, 25.931137635021173], [-111.56049728393555, 25.930954310344617], [-111.56030416488647, 25.930915715639518], [-111.55979990959167, 25.93076133669275], [-111.55949950218202, 25.930616606246463], [-111.55949950218202, 25.930568362724866], [-111.5589952468872, 25.93024030625417], [-111.5589952468872, 25.93017276510273], [-111.55869483947754, 25.92995084390395], [-111.55869483947754, 25.929873653823797], [-111.55850172042847, 25.92969997595858], [-111.55850172042847, 25.929603488145094], [-111.55840516090393, 25.9294877026646], [-111.55840516090393, 25.92939121467729], [-111.55829787254333, 25.929294726610983], [-111.55829787254333, 25.929188589646795], [-111.5582013130188, 25.92910175024136], [-111.5582013130188, 25.92900526193804], [-111.55809402465822, 25.928918422397494], [-111.55809402465822, 25.92883158279297], [-111.55799746513367, 25.928735094268447], [-111.55799746513367, 25.928648254528824], [-111.55790090560913, 25.92856141472521], [-111.55790090560913, 25.928484223734948], [-111.5578043460846, 25.92839738381046], [-111.5578043460846, 25.9282622993563], [-111.557697057724, 25.928194757071143], [-111.557697057724, 25.92812721474729], [-111.55760049819946, 25.92806932129602], [-111.55760049819946, 25.927905289696334], [-111.55750393867493, 25.927818449345242], [-111.55750393867493, 25.92773160893016], [-111.5574073791504, 25.927644768451096], [-111.5574073791504, 25.927548278954863], [-111.5573000907898, 25.927461438340703], [-111.5573000907898, 25.92737459766255], [-111.55709624290466, 25.927171969164693], [-111.55709624290466, 25.927056181295207], [-111.55699968338013, 25.92695004231493], [-111.55690312385559, 25.92674741308711], [-111.556795835495, 25.926641273828764], [-111.556795835495, 25.926525485437885], [-111.55669927597047, 25.926428995025272], [-111.55669927597047, 25.926332504533644], [-111.55650615692139, 25.926139523313434], [-111.55650615692139, 25.926033383507622], [-111.55639886856079, 25.925927243606232], [-111.55639886856079, 25.925821103609234], [-111.55619502067566, 25.925618472440487], [-111.55619502067566, 25.925521981285293], [-111.5560019016266, 25.92532899873795], [-111.5560019016266, 25.925251805630534], [-111.55549764633179, 25.9248658393351], [-111.55529379844667, 25.92475004920002], [-111.55510067939758, 25.92469215408983], [-111.55510067939758, 25.92462460975866], [-111.55480027198792, 25.924460573364655], [-111.55460715293886, 25.924393028900766], [-111.55449986457825, 25.924335133615212], [-111.55410289764404, 25.924074604478253], [-111.55320167541505, 25.923592141592934], [-111.5531051158905, 25.923534245913995], [-111.5531051158905, 25.92347635020661], [-111.55269742012024, 25.923254416398215], [-111.5526008605957, 25.923186871243168], [-111.5520966053009, 25.922926339568228], [-111.5520966053009, 25.922878092898568], [-111.55190348625183, 25.922810547527867], [-111.55190348625183, 25.922781599500013], [-111.55180692672731, 25.922752651465032], [-111.55180692672731, 25.922723703422943], [-111.5516996383667, 25.922685106022453], [-111.5516996383667, 25.922656157963786], [-111.5515923500061, 25.922636859254055], [-111.5515923500061, 25.922578963105906], [-111.55149579048158, 25.922550015021173], [-111.55149579048158, 25.922472820093795], [-111.5515923500061, 25.922385975740063], [-111.5515923500061, 25.92228948193866], [-111.5516996383667, 25.922241235008332], [-111.5516996383667, 25.922192988058264], [-111.55180692672731, 25.922144741088445], [-111.55180692672731, 25.92203859768534], [-111.55190348625183, 25.92198070124336], [-111.55190348625183, 25.92194210359957], [-111.55200004577637, 25.921874557692536], [-111.55200004577637, 25.921826310592394], [-111.5520966053009, 25.92177806347251], [-111.5520966053009, 25.921729816332864], [-111.55220389366151, 25.921671919739236], [-111.55220389366151, 25.92156577591038], [-111.55230045318604, 25.921517528683857], [-111.55230045318604, 25.921459631985957], [-111.55239701271057, 25.921411384715984], [-111.55239701271057, 25.92136313742627], [-111.55249357223512, 25.921295591187505], [-111.55249357223512, 25.921237694380604], [-111.5526008605957, 25.921179797545264], [-111.5526008605957, 25.921112251201443], [-111.55269742012024, 25.921044704818918], [-111.55269742012024, 25.92097715839769], [-111.55280470848083, 25.920909611937752], [-111.55280470848083, 25.920851714941286], [-111.55299782752991, 25.920706972325725], [-111.55299782752991, 25.920639425710984], [-111.5531051158905, 25.92056222953245], [-111.5531051158905, 25.920475383771183], [-111.55329823493958, 25.920320991148746], [-111.55329823493958, 25.920243794761696], [-111.55339479446411, 25.9201472992068], [-111.55339479446411, 25.92006045313987], [-111.5535020828247, 25.919973607008963], [-111.5535020828247, 25.919327083801267], [-111.55339479446411, 25.91921128822552], [-111.55339479446411, 25.917290995012845]]}}, {"type": "Feature", "id": 3, "properties": {"CRURIMT2KG": 69546, "CRURIMT2KG_1": 69546, "DESCRIPCIO": "Caminos Rurales (rev.) 2 carriles", "ESTADO": "BCS", "FNODE_": 0, "ID_IMT": 420, "LENGTH": 0, "LPOLY_": 0, "RPOLY_": 0, "TNODE_": 0, "extrude": 0, "fid": 42, "layer": "CAMINOS_RURALES", "path": "D:/Back-up/Escritorio Brenda/Datos_SIG/Mapoteca/BCS/BCS/camr-bcsg.shp", "tessellate": -1, "visibility": -1}, "geometry": {"type": "LineString", "coordinates": [[-111.5701961517334, 25.929227184917565], [-111.57009959220886, 25.92925613136234]]}}, {"type": "Feature", "id": 4, "properties": {"CRURIMT2KG": 70657, "CRURIMT2KG_1": 70657, "DESCRIPCIO": "Caminos Rurales (rev.) 2 carriles", "ESTADO": "BCS", "FNODE_": 0, "ID_IMT": 420, "LENGTH": 0.062, "LPOLY_": 0, "RPOLY_": 0, "TNODE_": 0, "extrude": 0, "fid": 87, "layer": "CAMINOS_RURALES", "path": "D:/Back-up/Escritorio Brenda/Datos_SIG/Mapoteca/BCS/BCS/camr-bcsg.shp", "tessellate": -1, "visibility": -1}, "geometry": {"type": "LineString", "coordinates": [[-111.53182983398438, 25.944268729025225], [-111.53200149536133, 25.94411436757688], [-111.53239846229553, 25.943728463070833], [-111.5326988697052, 25.943603043834074], [-111.533203125, 25.943487272112392], [-111.53329968452455, 25.9434486815132], [-111.53350353240967, 25.94341009090136], [-111.5336000919342, 25.943361852618782], [-111.53379321098328, 25.943303966653616], [-111.53390049934387, 25.943226785322445], [-111.534104347229, 25.943149603940718], [-111.53429746627808, 25.942956650265078], [-111.53450131416321, 25.942792639392223], [-111.53480172157288, 25.94250320788295], [-111.53500556945801, 25.94228130991082], [-111.53500556945801, 25.942165536889817], [-111.53530597686768, 25.941827864928552], [-111.53530597686768, 25.941712091461827], [-111.53540253639223, 25.941586670077772], [-111.53540253639223, 25.941461248560174], [-111.53549909591675, 25.94132617908415], [-111.53549909591675, 25.941200757289156], [-111.53559565544128, 25.941065687514403], [-111.53559565544128, 25.940959561154145], [-111.53569221496582, 25.940843786833888], [-111.53579950332643, 25.94076660389051], [-111.53600335121155, 25.940689420896543], [-111.53640031814575, 25.94036139260794], [-111.53659343719482, 25.940293857258634], [-111.53679728507997, 25.94016843436435], [-111.53690457344055, 25.940120194754073], [-111.53709769248962, 25.94006230719565], [-111.53739809989929, 25.939830756677463], [-111.53760194778442, 25.93973427716055], [-111.53799891471863, 25.939386950245293], [-111.53820276260377, 25.939309766347264], [-111.53839588165283, 25.939184342405103], [-111.5386962890625, 25.93908786235872], [-111.53929710388185, 25.938991382233304], [-111.5397047996521, 25.93887560597848], [-111.53989791870117, 25.93883701386827], [-111.54000520706177, 25.93877912567922], [-111.5401017665863, 25.93870194138291], [-111.54070258140564, 25.938055520915846], [-111.54070258140564, 25.937939743741207], [-111.54089570045471, 25.937717837171757], [-111.54149651527405, 25.93706176313019], [-111.54209733009338, 25.93646357479012], [-111.54230117797852, 25.9363574442835], [-111.54260158538818, 25.936048700447856], [-111.54279470443726, 25.935952217833265], [-111.54309511184694, 25.935653121225915], [-111.54329895973206, 25.93554698998917], [-111.54359936714172, 25.935276837318728], [-111.54399633407593, 25.934977738996714], [-111.54399633407593, 25.93490055220971], [-111.5442967414856, 25.934717233387897], [-111.5442967414856, 25.934668991545262], [-111.54440402984619, 25.9346400464302], [-111.54440402984619, 25.93458215617875], [-111.54450058937074, 25.934562859421945], [-111.54450058937074, 25.93446637559052], [-111.54459714889526, 25.93443743042569], [-111.54459714889526, 25.93436024328469], [-111.54470443725586, 25.934312001295876], [-111.54470443725586, 25.934186572032544], [-111.54480099678041, 25.934128681558278], [-111.54480099678041, 25.933983955248163], [-111.54489755630493, 25.933916416242603], [-111.54489755630493, 25.933771689671733], [-111.54499411582947, 25.933684853643896], [-111.54499411582947, 25.93353047832524], [-111.54510140419006, 25.93345329059006], [-111.54510140419006, 25.933298914968006], [-111.54519796371461, 25.933221727081115], [-111.54519796371461, 25.932941920567284], [-111.5453052520752, 25.932835786888212], [-111.5453052520752, 25.93272000458382], [-111.54540181159973, 25.932604222165658], [-111.54540181159973, 25.932488439633715], [-111.54549837112428, 25.932363008429064], [-111.54549837112428, 25.932121794198643], [-111.5455949306488, 25.931996362603673], [-111.5455949306488, 25.93187093087518], [-111.5457022190094, 25.931735850402863], [-111.5457022190094, 25.931610418397053], [-111.54579877853394, 25.93147533762609], [-111.54579877853394, 25.931349905342948], [-111.54589533805849, 25.931214824273333], [-111.54589533805849, 25.930954310344617], [-111.54599189758301, 25.93081922882149], [-111.54599189758301, 25.93069379583994], [-111.5460991859436, 25.930558714018172], [-111.5460991859436, 25.930423632041553], [-111.54620647430421, 25.930288549910088], [-111.54620647430421, 25.93014381888311], [-111.54630303382874, 25.930008736430867], [-111.54630303382874, 25.92985435629586], [-111.54639959335327, 25.92971927351181], [-111.54639959335327, 25.929564892997565], [-111.54649615287781, 25.929420161081786], [-111.54649615287781, 25.92927542898824], [-111.54660344123842, 25.92912104789254], [-111.54660344123842, 25.92896666659459], [-111.54670000076294, 25.92882193394408], [-111.54670000076294, 25.928667552254275], [-111.54679656028748, 25.928522819236395], [-111.54679656028748, 25.92836843715475], [-111.54689311981203, 25.928233352667398], [-111.54689311981203, 25.92807897020654], [-111.54700040817261, 25.927943885387393], [-111.54700040817261, 25.927799151480762], [-111.54709696769714, 25.92765441739638], [-111.54709696769714, 25.927528981046123], [-111.54720425605774, 25.927384246629945], [-111.54720425605774, 25.927249161014476], [-111.54730081558229, 25.927114075244166], [-111.54730081558229, 25.92697898931903], [-111.54739737510681, 25.9268342542274], [-111.54750466346741, 25.92657373061458], [-111.54750466346741, 25.926303557370762], [-111.54760122299196, 25.926158821449672], [-111.54760122299196, 25.92601408535084], [-111.54779434204102, 25.925714963516665], [-111.54779434204102, 25.925550928640153], [-111.54790163040161, 25.925396542665467], [-111.54790163040161, 25.92524215648855], [-111.54799818992616, 25.92507812095401], [-111.54799818992616, 25.924923734359993], [-111.54810547828674, 25.92475004920002], [-111.54810547828674, 25.9245860129806], [-111.54820203781128, 25.924412327322976], [-111.54820203781128, 25.924257939856876], [-111.54839515686035, 25.923949164318046], [-111.54839515686035, 25.92379477624529], [-111.54850244522095, 25.923650037243437], [-111.54850244522095, 25.923360558706534], [-111.54859900474548, 25.923215819171496], [-111.54859900474548, 25.92308072877844], [-111.54869556427003, 25.922935988899784], [-111.54869556427003, 25.922791248843414], [-111.54879212379456, 25.922646508609315], [-111.54879212379456, 25.922501768197495], [-111.54889941215515, 25.922347378228977], [-111.54889941215515, 25.92221228684066], [-111.54900670051576, 25.92207719529753], [-111.54900670051576, 25.92196140242305], [-111.54910326004028, 25.921826310592394], [-111.54910326004028, 25.921710517471485], [-111.54929637908936, 25.921469281437588], [-111.54929637908936, 25.921353487965963], [-111.54969334602357, 25.92089996244031], [-111.54980063438416, 25.920803467422505], [-111.55000448226929, 25.920687673296896], [-111.55030488967896, 25.92037888840585], [-111.55049800872803, 25.920282392961536], [-111.55109882354738, 25.91967446984613], [-111.5513026714325, 25.91956832421881], [-111.5515923500061, 25.919259536395916], [-111.55180692672731, 25.9191630400354], [-111.55190348625183, 25.919047244298522], [-111.55230045318604, 25.918670907368217], [-111.55280470848083, 25.91815947320407], [-111.55290126800539, 25.917947179125854], [-111.55290126800539, 25.917850681691224], [-111.55299782752991, 25.91774453442189], [-111.55299782752991, 25.91762873729181], [-111.5531051158905, 25.917512940048013], [-111.5531051158905, 25.91738749290556], [-111.55318021774293, 25.917290995012845]]}}, {"type": "Feature", "id": 1, "properties": {"CRURIMT2KG": 69548, "CRURIMT2KG_1": 69548, "DESCRIPCIO": "Caminos Rurales (rev.) 2 carriles", "ESTADO": "BCS", "FNODE_": 0, "ID_IMT": 420, "LENGTH": 0.045, "LPOLY_": 0, "RPOLY_": 0, "TNODE_": 0, "extrude": 0, "fid": 44, "layer": "CAMINOS_RURALES", "path": "D:/Back-up/Escritorio Brenda/Datos_SIG/Mapoteca/BCS/BCS/camr-bcsg.shp", "tessellate": -1, "visibility": -1}, "geometry": {"type": "LineString", "coordinates": [[-111.5535020828247, 25.919761316197402], [-111.5535020828247, 25.919327083801267], [-111.55339479446411, 25.91921128822552], [-111.55339479446411, 25.91709799899047], [-111.5535020828247, 25.917020800493074], [-111.5535020828247, 25.916856753518278], [-111.55359864234926, 25.91677955486292], [-111.55359864234926, 25.916615507552475], [-111.55370593070984, 25.91653830873917], [-111.55370593070984, 25.916451460013793], [-111.55380249023438, 25.916364611224434], [-111.55380249023438, 25.916181263570166], [-111.55389904975893, 25.916094414581796], [-111.55389904975893, 25.91526452102238], [-111.55380249023438, 25.915168021392212], [-111.55380249023438, 25.915090821631217], [-111.55370593070984, 25.91501362181968], [-111.55370593070984, 25.9149267719713], [-111.55359864234926, 25.914859222044985], [-111.55359864234926, 25.91477237208287], [-111.5535020828247, 25.914704822068114], [-111.5535020828247, 25.91462762200387], [-111.55339479446411, 25.91455042188907], [-111.55339479446411, 25.91447322172375], [-111.55329823493958, 25.91438637147734], [-111.55329823493958, 25.91430917120461], [-111.55320167541505, 25.91422232083738], [-111.55320167541505, 25.914125820354315], [-111.5531051158905, 25.914048619911004], [-111.5531051158905, 25.91396176935187], [-111.55299782752991, 25.913865268655584], [-111.55299782752991, 25.913778417961417], [-111.55290126800539, 25.913691567203283], [-111.55290126800539, 25.91361436647568], [-111.55269742012024, 25.913450314761718], [-111.55269742012024, 25.913353813646907], [-111.5526008605957, 25.913257312453105], [-111.5526008605957, 25.913170461311196], [-111.55249357223512, 25.91307395996736], [-111.55249357223512, 25.91296780839795], [-111.55230045318604, 25.912765155136448], [-111.55230045318604, 25.912659003289058], [-111.5520966053009, 25.912446699307647], [-111.5520966053009, 25.91235984756872], [-111.55200004577637, 25.912263345561563], [-111.55200004577637, 25.912157193262484], [-111.55180692672731, 25.91197383906631], [-111.55180692672731, 25.911877336743284], [-111.5516996383667, 25.911780834341304], [-111.5516996383667, 25.911693982112013], [-111.55149579048158, 25.91152027746151], [-111.55149579048158, 25.911452725583903], [-111.55139923095703, 25.911385173667597], [-111.5513026714325, 25.91122111885262], [-111.5513026714325, 25.91111496561543], [-111.5511953830719, 25.911008812282706], [-111.5511953830719, 25.910883358220833], [-111.55109882354738, 25.91075790402554], [-111.55109882354738, 25.9083066952806], [-111.5511953830719, 25.908200539420342], [-111.5511953830719, 25.907882071266332]]}}, {"type": "Feature", "id": 2, "properties": {"CRURIMT2KG": 69551, "CRURIMT2KG_1": 69551, "DESCRIPCIO": "Caminos Rurales (rev.) 2 carriles", "ESTADO": "BCS", "FNODE_": 0, "ID_IMT": 420, "LENGTH": 0.055, "LPOLY_": 0, "RPOLY_": 0, "TNODE_": 0, "extrude": 0, "fid": 47, "layer": "CAMINOS_RURALES", "path": "D:/Back-up/Escritorio Brenda/Datos_SIG/Mapoteca/BCS/BCS/camr-bcsg.shp", "tessellate": -1, "visibility": -1}, "geometry": {"type": "LineString", "coordinates": [[-111.5511953830719, 25.90767940926609], [-111.5511953830719, 25.907592554016546], [-111.55109882354738, 25.907476746917656], [-111.55109882354738, 25.907254782993657], [-111.55100226402283, 25.90713897556315], [-111.55100226402283, 25.906945962926326], [-111.55079841613771, 25.90676260062882], [-111.55079841613771, 25.90655993670522], [-111.55059456825256, 25.906347621745148], [-111.55059456825256, 25.90625111481879], [-111.55049800872803, 25.906135306402934], [-111.55049800872803, 25.90602914858852], [-111.55030488967896, 25.905826483404834], [-111.55030488967896, 25.905729976052132], [-111.55019760131836, 25.905623817872968], [-111.55019760131836, 25.905517659598264], [-111.55010104179384, 25.90541150122804], [-111.55010104179384, 25.905314993535832], [-111.55000448226929, 25.90521848576468], [-111.55000448226929, 25.90512197791459], [-111.54989719390869, 25.905015819188282], [-111.54989719390869, 25.90492896197753], [-111.54980063438416, 25.904832453890588], [-111.54980063438416, 25.904735945724664], [-111.54969334602357, 25.904649088307863], [-111.54969334602357, 25.904562230827093], [-111.54959678649902, 25.904465722440122], [-111.54959678649902, 25.90439816652227], [-111.54950022697449, 25.90433061056574], [-111.54950022697449, 25.904263054570524], [-111.54940366744997, 25.90419549853662], [-111.54940366744997, 25.904041084599566], [-111.54929637908936, 25.903944575786287], [-111.54919981956482, 25.903751557922853], [-111.54919981956482, 25.90364539796337], [-111.54900670051576, 25.90343307775781], [-111.54900670051576, 25.903326917511748], [-111.54889941215515, 25.90323040811425], [-111.54889941215515, 25.903124247685803], [-111.54879212379456, 25.90303738908241], [-111.54879212379456, 25.902940879448064], [-111.54869556427003, 25.90284436973478], [-111.54869556427003, 25.902738208958972], [-111.54859900474548, 25.902641699079904], [-111.54859900474548, 25.90253553812174], [-111.54839515686035, 25.90234251795308], [-111.54839515686035, 25.902236356725712], [-111.54829859733583, 25.90213984643612], [-111.54829859733583, 25.902033685026396], [-111.54820203781128, 25.90193717457102], [-111.54820203781128, 25.901831012978935], [-111.54810547828674, 25.90171520022408], [-111.54810547828674, 25.90161868950819], [-111.54790163040161, 25.90140636565536], [-111.54790163040161, 25.90130985468686], [-111.54779434204102, 25.901203692530327], [-111.54779434204102, 25.901097530278275], [-111.54760122299196, 25.900894856622752], [-111.54760122299196, 25.90078869409282], [-111.54750466346741, 25.900701833770007], [-111.54750466346741, 25.90059567106642], [-111.54739737510681, 25.90050881060151], [-111.54739737510681, 25.900219275256696], [-111.54730081558229, 25.900113112118923], [-111.54730081558229, 25.899205895955017], [-111.54739737510681, 25.899099731905494], [-111.54739737510681, 25.898646120799803], [-111.54750466346741, 25.89853995624667], [-111.54750466346741, 25.89801878341865], [-111.54760122299196, 25.89790296692206], [-111.54760122299196, 25.89741074554346], [-111.54769778251648, 25.897314231306904], [-111.54769778251648, 25.89682200747267], [-111.54779434204102, 25.896715841278475], [-111.54779434204102, 25.896291175546615], [-111.54790163040161, 25.896175357354537], [-111.54790163040161, 25.895654174083596], [-111.54799818992616, 25.895548006838837], [-111.54799818992616, 25.89495925947542], [-111.54810547828674, 25.89487239486171], [-111.54810547828674, 25.894380160843024], [-111.54820203781128, 25.894264340775578], [-111.54820203781128, 25.893801059369235], [-111.54829859733583, 25.89369489045751], [-111.54829859733583, 25.89318334799872], [-111.54839515686035, 25.89306752675686], [-111.54839515686035, 25.892652499706866], [-111.54850244522095, 25.892536677944094], [-111.54850244522095, 25.8920058267439], [-111.54859900474548, 25.89189965621737], [-111.54859900474548, 25.891368802152297], [-111.54869556427003, 25.891262631052793], [-111.54869556427003, 25.89081864178387], [-111.54879212379456, 25.890693166253037], [-111.54879212379456, 25.890220218822655], [-111.54889941215515, 25.89010439467331], [-111.54889941215515, 25.889737617450656], [-111.54900670051576, 25.889631444884053], [-111.54900670051576, 25.888839973651137], [-111.54889941215515, 25.888743452406064], [-111.54889941215515, 25.888453888197358], [-111.54879212379456, 25.8883477144762], [-111.54879212379456, 25.88824154065956], [-111.54869556427003, 25.88813536674744], [-111.54869556427003, 25.88801954055259], [-111.54859900474548, 25.887913366440813], [-111.54859900474548, 25.887816844438152], [-111.54850244522095, 25.887720322356593], [-111.54839515686035, 25.88751762572843], [-111.54839515686035, 25.887421103402236], [-111.54829859733583, 25.887324580997124], [-111.54829859733583, 25.88722805851311], [-111.54820203781128, 25.88713153595018], [-111.54820203781128, 25.887015708770488], [-111.54810547828674, 25.88690953375595], [-111.54810547828674, 25.88681301093261], [-111.54799818992616, 25.886697183440422], [-111.54799818992616, 25.886600660443474], [-111.54790163040161, 25.886494485055692], [-111.54790163040161, 25.886320743306097], [-111.54779434204102, 25.886233872335424], [-111.54779434204102, 25.88614700130082], [-111.54769778251648, 25.886060130202313], [-111.54769778251648, 25.88597325903988], [-111.54760122299196, 25.885867083087895], [-111.54760122299196, 25.885770559412315], [-111.54750466346741, 25.885664383278044], [-111.54750466346741, 25.885567859436758], [-111.54739737510681, 25.88547133551657], [-111.54739737510681, 25.885365159113228], [-111.54730081558229, 25.8852589826144], [-111.54730081558229, 25.88515280602008], [-111.54720425605774, 25.885046629330308], [-111.54720425605774, 25.88494045254503], [-111.54709696769714, 25.884834275664307], [-111.54709696769714, 25.884728098688083], [-111.54700040817261, 25.884641226545615], [-111.54700040817261, 25.884535049395808], [-111.54689311981203, 25.88442887215052], [-111.54689311981203, 25.884332347299228], [-111.54679656028748, 25.884235822369025], [-111.54679656028748, 25.88412964485466], [-111.54670000076294, 25.88403311975876], [-111.54670000076294, 25.88392694206214], [-111.54660344123842, 25.883820764270034], [-111.54660344123842, 25.883724238921637], [-111.54649615287781, 25.883627713494338], [-111.54649615287781, 25.88353118798812], [-111.54639959335327, 25.883434662403015], [-111.54639959335327, 25.883328484168253], [-111.54630303382874, 25.88323195841744], [-111.54630303382874, 25.883125780000423], [-111.54620647430421, 25.883029254083915], [-111.54620647430421, 25.882923075484626], [-111.5460991859436, 25.88280724417651], [-111.5460991859436, 25.8827010653776], [-111.54599189758301, 25.882585233851717], [-111.54599189758301, 25.88247905485318], [-111.54589533805849, 25.88238252840804], [-111.54589533805849, 25.8822666965697], [-111.54579877853394, 25.882170169950967], [-111.54579877853394, 25.882063990579233], [-111.5457022190094, 25.88188058962135], [-111.5455949306488, 25.881764757290675], [-111.5455949306488, 25.88166823026166], [-111.54549837112428, 25.881571703153742], [-111.54549837112428, 25.88144621779549], [-111.5453052520752, 25.88122420491194], [-111.5453052520752, 25.881108371937447], [-111.54519796371461, 25.88098288608687], [-111.54519796371461, 25.880876705647616], [-111.54510140419006, 25.88076087233228], [-111.54510140419006, 25.88064503890332], [-111.54499411582947, 25.88052920536077], [-111.54499411582947, 25.88041337170459], [-111.54489755630493, 25.88028788511553], [-111.54489755630493, 25.8801527455628], [-111.54480099678041, 25.88003691153739], [-111.54480099678041, 25.879805243145718], [-111.54470443725586, 25.87969906164766], [-111.54470443725586, 25.879467392593277], [-111.54459714889526, 25.879351557895674], [-111.54459714889526, 25.87910058232778], [-111.54450058937074, 25.878984747270415], [-111.54450058937074, 25.87877238270351], [-111.54440402984619, 25.878666200276868], [-111.54440402984619, 25.878347652424175], [-111.5442967414856, 25.87824146961569], [-111.5442967414856, 25.87790361458995], [-111.54420018196106, 25.87778777835866], [-111.54420018196106, 25.877758819283084]]}}, {"type": "Feature", "id": 3, "properties": {"CRURIMT2KG": 70657, "CRURIMT2KG_1": 70657, "DESCRIPCIO": "Caminos Rurales (rev.) 2 carriles", "ESTADO": "BCS", "FNODE_": 0, "ID_IMT": 420, "LENGTH": 0.062, "LPOLY_": 0, "RPOLY_": 0, "TNODE_": 0, "extrude": 0, "fid": 87, "layer": "CAMINOS_RURALES", "path": "D:/Back-up/Escritorio Brenda/Datos_SIG/Mapoteca/BCS/BCS/camr-bcsg.shp", "tessellate": -1, "visibility": -1}, "geometry": {"type": "LineString", "coordinates": [[-111.55101299285889, 25.919761316197402], [-111.55109882354738, 25.91967446984613], [-111.5513026714325, 25.91956832421881], [-111.5515923500061, 25.919259536395916], [-111.55180692672731, 25.9191630400354], [-111.55190348625183, 25.919047244298522], [-111.55230045318604, 25.918670907368217], [-111.55280470848083, 25.91815947320407], [-111.55290126800539, 25.917947179125854], [-111.55290126800539, 25.917850681691224], [-111.55299782752991, 25.91774453442189], [-111.55299782752991, 25.91762873729181], [-111.5531051158905, 25.917512940048013], [-111.5531051158905, 25.91738749290556], [-111.55320167541505, 25.91727169542481], [-111.55320167541505, 25.917136598220214], [-111.55336260795593, 25.916914652476624]]}}, {"type": "Feature", "id": 4, "properties": {"CRURIMT2KG": 69549, "CRURIMT2KG_1": 69549, "DESCRIPCIO": "Caminos Rurales (rev.) 2 carriles", "ESTADO": "BCS", "FNODE_": 0, "ID_IMT": 420, "LENGTH": 0, "LPOLY_": 0, "RPOLY_": 0, "TNODE_": 0, "extrude": 0, "fid": 45, "layer": "CAMINOS_RURALES", "path": "D:/Back-up/Escritorio Brenda/Datos_SIG/Mapoteca/BCS/BCS/camr-bcsg.shp", "tessellate": -1, "visibility": -1}, "geometry": {"type": "LineString", "coordinates": [[-111.5511953830719, 25.907882071266332], [-111.5511953830719, 25.90777591502391]]}}, {"type": "Feature", "id": 5, "properties": {"CRURIMT2KG": 69550, "CRURIMT2KG_1": 69550, "DESCRIPCIO": "Caminos Rurales (rev.) 2 carriles", "ESTADO": "BCS", "FNODE_": 0, "ID_IMT": 420, "LENGTH": 0, "LPOLY_": 0, "RPOLY_": 0, "TNODE_": 0, "extrude": 0, "fid": 46, "layer": "CAMINOS_RURALES", "path": "D:/Back-up/Escritorio Brenda/Datos_SIG/Mapoteca/BCS/BCS/camr-bcsg.shp", "tessellate": -1, "visibility": -1}, "geometry": {"type": "LineString", "coordinates": [[-111.5511953830719, 25.90777591502391], [-111.5511953830719, 25.90767940926609]]}}, {"type": "Feature", "id": 1, "properties": {"CRURIMT2KG": 69551, "CRURIMT2KG_1": 69551, "DESCRIPCIO": "Caminos Rurales (rev.) 2 carriles", "ESTADO": "BCS", "FNODE_": 0, "ID_IMT": 420, "LENGTH": 0.055, "LPOLY_": 0, "RPOLY_": 0, "TNODE_": 0, "extrude": 0, "fid": 47, "layer": "CAMINOS_RURALES", "path": "D:/Back-up/Escritorio Brenda/Datos_SIG/Mapoteca/BCS/BCS/camr-bcsg.shp", "tessellate": -1, "visibility": -1}, "geometry": {"type": "MultiLineString", "coordinates": [[[-111.54779434204102, 25.86839645032771], [-111.54689311981203, 25.868732894806268], [-111.54689311981203, 25.86870393351097], [-111.54679656028748, 25.868674972208563], [-111.54679656028748, 25.868568780705676], [-111.54670000076294, 25.868539819370138], [-111.54670000076294, 25.86844328153378], [-111.54660344123842, 25.868414320167478], [-111.54660344123842, 25.868317782228576], [-111.54649615287781, 25.86826951322954], [-111.54649615287781, 25.86817297517233], [-111.54639959335327, 25.868105398485355], [-111.54639959335327, 25.86802816793864], [-111.54630303382874, 25.867979898821297], [-111.54630303382874, 25.86794128351324], [-111.54620647430421, 25.867883360527482], [-111.54620647430421, 25.8677964759956], [-111.5460991859436, 25.867748206783617], [-111.5460991859436, 25.86758409131541], [-111.54599189758301, 25.86752616815456], [-111.54599189758301, 25.867419975619264], [-111.54589533805849, 25.86735239850165], [-111.54589533805849, 25.867207590262367], [-111.54579877853394, 25.8671400130233], [-111.54579877853394, 25.866917973251415], [-111.5457022190094, 25.86685039584674], [-111.5457022190094, 25.86662835553068], [-111.5455949306488, 25.86656077796036], [-111.5455949306488, 25.86650285429791], [-111.54549837112428, 25.866425622703808], [-111.54549837112428, 25.8663676989751], [-111.5453052520752, 25.866261505398747], [-111.5453052520752, 25.86622288952914], [-111.54519796371461, 25.866126349799917], [-111.54499411582947, 25.866020156006673], [-111.54499411582947, 25.865875346134835], [-111.54489755630493, 25.86580776813391], [-111.54489755630493, 25.865662958001813], [-111.54480099678041, 25.865585725858804], [-111.54480099678041, 25.865160948170033], [-111.54470443725586, 25.86507406163651], [-111.54470443725586, 25.864031418251685], [-111.54459714889526, 25.86396383919635], [-111.54459714889526, 25.863712830938248], [-111.54450058937074, 25.863645251700756], [-111.54450058937074, 25.863529401489423], [-111.54440402984619, 25.86347147634117], [-111.54440402984619, 25.86332666334636], [-111.5442967414856, 25.863288046517766], [-111.5442967414856, 25.863181850174087], [-111.54420018196106, 25.863162541737726], [-111.54420018196106, 25.863143233298196], [-111.54409289360046, 25.863123924855508], [-111.54389977455139, 25.863181850174087], [-111.54389977455139, 25.863239775464283], [-111.54380321502687, 25.86327839230865], [-111.54380321502687, 25.863413551164534], [-111.54369592666626, 25.863432859559904]], [[-111.54489755630493, 25.880229968183283], [-111.54489755630493, 25.8801527455628], [-111.54480099678041, 25.88003691153739], [-111.54480099678041, 25.879805243145718], [-111.54470443725586, 25.87969906164766], [-111.54470443725586, 25.879467392593277], [-111.54459714889526, 25.879351557895674], [-111.54459714889526, 25.87910058232778], [-111.54450058937074, 25.878984747270415], [-111.54450058937074, 25.87877238270351], [-111.54440402984619, 25.878666200276868], [-111.54440402984619, 25.878347652424175], [-111.5442967414856, 25.87824146961569], [-111.5442967414856, 25.87790361458995], [-111.54420018196106, 25.87778777835866], [-111.54420018196106, 25.877478881186473], [-111.54409289360046, 25.877382350654496], [-111.54409289360046, 25.877169983206453], [-111.54399633407593, 25.877073452422017], [-111.54399633407593, 25.876861084418586], [-111.54389977455139, 25.876764553381715], [-111.54389977455139, 25.876465306666066], [-111.54380321502687, 25.876378428445317], [-111.54380321502687, 25.87610814023882], [-111.54369592666626, 25.876011608586616], [-111.54369592666626, 25.8757316663491], [-111.54359936714172, 25.875635134389235], [-111.54359936714172, 25.87522969929634], [-111.54369592666626, 25.87512351368492], [-111.54369592666626, 25.875036634477297], [-111.54409289360046, 25.8747566899292], [-111.54549837112428, 25.874003732335574], [-111.5457022190094, 25.873858932248115], [-111.54589533805849, 25.87369482526778], [-111.54589533805849, 25.87359829164344], [-111.5460991859436, 25.87339557077557], [-111.5460991859436, 25.873289383515466], [-111.54620647430421, 25.873192849559825], [-111.54620647430421, 25.873077008708915], [-111.54639959335327, 25.872845326666358], [-111.54639959335327, 25.872739138911676], [-111.54660344123842, 25.87250745620652], [-111.54660344123842, 25.87239161468356], [-111.54679656028748, 25.872179238263122], [-111.54689311981203, 25.871986168458697], [-111.54689311981203, 25.871908940448577], [-111.54700040817261, 25.871822058876862], [-111.54700040817261, 25.87174483075948], [-111.54709696769714, 25.871648295541757], [-111.54709696769714, 25.87157106731079], [-111.54720425605774, 25.871493839029327], [-111.54720425605774, 25.871416610697395], [-111.54730081558229, 25.871339382314982], [-111.54730081558229, 25.87126215388208], [-111.54739737510681, 25.871175271834726], [-111.54739737510681, 25.87109804329455], [-111.54760122299196, 25.870933932479073], [-111.54760122299196, 25.870847050190346], [-111.54769778251648, 25.87076016783774], [-111.54769778251648, 25.870673285421244], [-111.54779434204102, 25.870576749327977], [-111.54779434204102, 25.870489866776598], [-111.54790163040161, 25.870393330533478], [-111.54790163040161, 25.870190604166176], [-111.54799818992616, 25.87008441402543], [-111.54799818992616, 25.869061122323657], [-111.54790163040161, 25.868945277421638], [-111.54790163040161, 25.868568780705676], [-111.54779434204102, 25.86844328153378], [-111.54779434204102, 25.86839645032771]], [[-111.54779434204102, 25.86839645032771], [-111.54779434204102, 25.868356397413596], [-111.54790163040161, 25.868356397413596], [-111.54779434204102, 25.86839645032771]]]}}, {"type": "Feature", "id": 2, "properties": {"CRURIMT2KG": 69552, "CRURIMT2KG_1": 69552, "DESCRIPCIO": "Caminos Rurales (rev.) 2 carriles", "ESTADO": "BCS", "FNODE_": 0, "ID_IMT": 420, "LENGTH": 0, "LPOLY_": 0, "RPOLY_": 0, "TNODE_": 0, "extrude": 0, "fid": 48, "layer": "CAMINOS_RURALES", "path": "D:/Back-up/Escritorio Brenda/Datos_SIG/Mapoteca/BCS/BCS/camr-bcsg.shp", "tessellate": -1, "visibility": -1}, "geometry": {"type": "LineString", "coordinates": [[-111.54369592666626, 25.863432859559904], [-111.54369592666626, 25.863442513756414]]}}, {"type": "Feature", "id": 1, "properties": {"CARIMT2KG_": 1632, "CARIMT2KG__1": 1632, "CENTRO": "BCS", "DESCRIPCIO": "Carretera Federal Libre (pav.) 2 carriles", "FNODE_": 0, "LENGTH": 0.003, "LPOLY_": 0, "PAISGEO_ID": 100, "RPOLY_": 0, "TNODE_": 0, "extrude": 0, "fid": 7, "layer": "CARRETERA_FEDERAL_LIBRE", "path": "D:/Back-up/Escritorio Brenda/Datos_SIG/Mapoteca/BCS/BCS/camf-bcsg.shp", "tessellate": -1, "visibility": -1}, "geometry": {"type": "LineString", "coordinates": [[-111.50149941444397, 26.265286216713232], [-111.5017032623291, 26.26549788147405], [-111.50189638137819, 26.265728788045763], [-111.50229334831239, 26.266257947207215], [-111.50249719619751, 26.26642150500555], [-111.50289416313171, 26.266902556018152], [-111.50330185890199, 26.26732587926045]]}}, {"type": "Feature", "id": 2, "properties": {"CARIMT2KG_": 1635, "CARIMT2KG__1": 1635, "CENTRO": "BCS", "DESCRIPCIO": "Carretera Federal Libre (pav.) 2 carriles", "FNODE_": 0, "LENGTH": 0.123, "LPOLY_": 0, "PAISGEO_ID": 100, "RPOLY_": 0, "TNODE_": 0, "extrude": 0, "fid": 8, "layer": "CARRETERA_FEDERAL_LIBRE", "path": "D:/Back-up/Escritorio Brenda/Datos_SIG/Mapoteca/BCS/BCS/camf-bcsg.shp", "tessellate": -1, "visibility": -1}, "geometry": {"type": "LineString", "coordinates": [[-111.48788452148438, 26.24899649400947], [-111.48809909820557, 26.24923705585341], [-111.48829221725465, 26.249477617199283], [-111.48839950561523, 26.24969893319759], [-111.49140357971191, 26.253153332612428], [-111.49150013923646, 26.253374641608655], [-111.49249792099, 26.25446193620505], [-111.49259448051453, 26.254673620695133], [-111.49299144744873, 26.25505850059784], [-111.49320602416994, 26.255356781645297], [-111.49360299110414, 26.255837878494937], [-111.4937961101532, 26.256011072873008], [-111.49399995803833, 26.256357460854414], [-111.49420380592348, 26.25653065445775], [-111.49460077285768, 26.25706947734992], [-111.49479389190674, 26.257252291691856], [-111.49510502815247, 26.257617919512455], [-111.49529814720155, 26.257810354745203], [-111.49589896202087, 26.258570470797487], [-111.496102809906, 26.258772526126325], [-111.49640321731569, 26.25915739244687], [-111.49659633636475, 26.259359446754594], [-111.49689674377441, 26.25976355431544], [-111.49710059165956, 26.25996560756856], [-111.49740099906923, 26.260369713020186], [-111.49779796600343, 26.260793060080335], [-111.49790525436401, 26.261004733031683], [-111.49869918823242, 26.2618706638149], [-111.49899959564209, 26.262265141253096], [-111.49930000305176, 26.262611510581735], [-111.49949312210084, 26.262929014892045], [-111.49969696998596, 26.2630733347461], [-111.50009393692017, 26.26363136982742], [-111.5002977848053, 26.263775688808526], [-111.50089859962465, 26.264506902222667], [-111.50099515914917, 26.264728189585078], [-111.50119900703432, 26.264920613035677], [-111.50149941444397, 26.265286216713232]]}}, {"type": "Feature", "id": 3, "properties": {"CARIMT2KG_": 1631, "CARIMT2KG__1": 1631, "CENTRO": "BCS", "DESCRIPCIO": "Carretera Federal Libre (pav.) 2 carriles", "FNODE_": 0, "LENGTH": 0.097, "LPOLY_": 0, "PAISGEO_ID": 100, "RPOLY_": 0, "TNODE_": 0, "extrude": 0, "fid": 6, "layer": "CARRETERA_FEDERAL_LIBRE", "path": "D:/Back-up/Escritorio Brenda/Datos_SIG/Mapoteca/BCS/BCS/camf-bcsg.shp", "tessellate": -1, "visibility": -1}, "geometry": {"type": "LineString", "coordinates": [[-111.50330185890199, 26.26732587926045], [-111.50350570678711, 26.267537540302758], [-111.50360226631165, 26.267749200959187], [-111.50379538536072, 26.26797048214192], [-111.50390267372131, 26.268182142009014], [-111.50409579277039, 26.268432284990755], [-111.50420308113098, 26.268672806580305], [-111.50429964065552, 26.268951810999873], [-111.50450348854065, 26.26925005636203], [-111.50469660758974, 26.269711854120704], [-111.50490045547485, 26.270087063446933], [-111.50499701499939, 26.27030834017337], [-111.50499701499939, 26.270539237177335], [-111.50520086288452, 26.270847099134834], [-111.50529742240906, 26.271097236374096], [-111.50529742240906, 26.27132813180883], [-111.50540471076967, 26.271597509235516], [-111.50559782981873, 26.271876506625564], [-111.50580167770387, 26.272540325305833], [-111.50599479675293, 26.27288666397975], [-111.50610208511354, 26.273261863043615], [-111.50630593299866, 26.27364668133636], [-111.5064024925232, 26.27405073917057], [-111.50670289993286, 26.27468568435365], [-111.50675654411316, 26.274945433654615]]}}, {"type": "Feature", "id": 1, "properties": {"CRURIMT2KG": 70206, "CRURIMT2KG_1": 70206, "DESCRIPCIO": "Caminos Rurales (rev.) 2 carriles", "ESTADO": "BCS", "FNODE_": 0, "ID_IMT": 420, "LENGTH": 0.052, "LPOLY_": 0, "RPOLY_": 0, "TNODE_": 0, "extrude": 0, "fid": 84, "layer": "CAMINOS_RURALES", "path": "D:/Back-up/Escritorio Brenda/Datos_SIG/Mapoteca/BCS/BCS/camr-bcsg.shp", "tessellate": -1, "visibility": -1}, "geometry": {"type": "LineString", "coordinates": [[-111.48788452148438, 25.968317699839556], [-111.48809909820557, 25.96824053490874], [-111.48829221725465, 25.96822124366811], [-111.48829221725465, 25.968182661177398], [-111.48850679397583, 25.9681344330462], [-111.48860335350037, 25.96808620489523], [-111.48900032043458, 25.96797045725223], [-111.48900032043458, 25.967951165967325], [-111.48919343948364, 25.967874000796073], [-111.48969769477846, 25.967748607284832], [-111.48979425430298, 25.96771002463911], [-111.48979425430298, 25.96767144198072], [-111.49009466171266, 25.967594276625984], [-111.49029850959778, 25.967594276625984], [-111.49040579795839, 25.96763285930968], [-111.49040579795839, 25.96767144198072], [-111.49059891700745, 25.96773896162459], [-111.49080276489259, 25.96773896162459], [-111.4910924434662, 25.96771002463911], [-111.49130702018738, 25.96767144198072], [-111.49140357971191, 25.967652150646785], [-111.49140357971191, 25.967623213639946], [-111.49150013923646, 25.967594276625984], [-111.49159669876099, 25.967584630953084], [-111.49159669876099, 25.967459237133408], [-111.49170398712158, 25.967411008705643], [-111.49170398712158, 25.967169866270215], [-111.49180054664613, 25.967131283434664], [-111.49180054664613, 25.967092700586484], [-111.49189710617065, 25.967034826290462], [-111.49199366569519, 25.966996243410627], [-111.49199366569519, 25.96693836906717], [-111.49210095405579, 25.966890140425857], [-111.49210095405579, 25.966832266030213], [-111.49219751358034, 25.96677439160608], [-111.49219751358034, 25.96673580864084], [-111.49249792099, 25.966610413916424], [-111.49249792099, 25.966533247865748], [-111.49259448051453, 25.96645608176445], [-111.49259448051453, 25.96622458315687], [-111.49270176887512, 25.966128125269282], [-111.49270176887512, 25.96600272989718], [-111.49279832839966, 25.96595450087232], [-111.49299144744873, 25.96595450087232], [-111.49330258369446, 25.96602202150159], [-111.49389266967775, 25.96611847947617], [-111.49420380592348, 25.96611847947617], [-111.49430036544801, 25.966099187887572], [-111.49430036544801, 25.966060604700903], [-111.49450421333313, 25.96593520925684], [-111.49450421333313, 25.965867688577756], [-111.49460077285768, 25.965800167859914], [-111.49460077285768, 25.965751938752017], [-111.49490118026735, 25.965655480476926], [-111.49510502815247, 25.965655480476926], [-111.49539470672607, 25.965742292928063], [-111.49539470672607, 25.965761584575183], [-111.49550199508667, 25.965800167859914], [-111.49619936943054, 25.9659159176382], [-111.4966928958893, 25.96605095890227], [-111.4966928958893, 25.966079896295824], [-111.49710059165956, 25.96621493737168], [-111.49719715118408, 25.966234228941296], [-111.49740099906923, 25.966330686741887], [-111.49740099906923, 25.966378915612538], [-111.49759411811829, 25.96650431058369], [-111.49759411811829, 25.966571830897422], [-111.49790525436401, 25.96673580864084], [-111.49800181388855, 25.96677439160608], [-111.49819493293762, 25.96677439160608], [-111.49839878082277, 25.966706871408604], [-111.4984953403473, 25.966706871408604], [-111.4984953403473, 25.966726162897547], [-111.49859189987183, 25.96673580864084], [-111.49880647659303, 25.96682262029483], [-111.49880647659303, 25.966880494695236], [-111.49890303611755, 25.96693836906717], [-111.49890303611755, 25.966996243410627], [-111.49930000305176, 25.967131283434664], [-111.49930000305176, 25.966899786155707], [-111.4993965625763, 25.96682262029483], [-111.4993965625763, 25.96673580864084], [-111.49930000305176, 25.9666586426724], [-111.49919271469118, 25.966610413916424], [-111.49919271469118, 25.966552539383162], [-111.49880647659303, 25.96635962406665], [-111.49880647659303, 25.9663113951881], [-111.49859189987183, 25.966176354222963], [-111.49859189987183, 25.966012375699773], [-111.4984953403473, 25.9659159176382], [-111.4984953403473, 25.96582910531516], [-111.49839878082277, 25.965742292928063], [-111.49839878082277, 25.965549376282972], [-111.49830222129822, 25.965452917841805], [-111.49830222129822, 25.965346813465175], [-111.4980983734131, 25.965173187915195], [-111.49800181388855, 25.965067083286296], [-111.49800181388855, 25.96498027033693], [-111.49790525436401, 25.96488381142919], [-111.49790525436401, 25.964768060635492], [-111.49779796600343, 25.96465230972792], [-111.49779796600343, 25.964536558706488], [-111.4977014064789, 25.964420807571187], [-111.4977014064789, 25.964314702263774], [-111.49759411811829, 25.964227888759275], [-111.4977014064789, 25.964150721145952], [-111.4977014064789, 25.963928863975706], [-111.49779796600343, 25.963870988123364], [-111.49779796600343, 25.96367806840997], [-111.4977014064789, 25.96362019243426], [-111.4977014064789, 25.96358160843464], [-111.49759411811829, 25.96351408640487], [-111.49759411811829, 25.963070369245276], [-111.49749755859375, 25.96302213901841], [-111.49749755859375, 25.962973908771772], [-111.49729371070862, 25.962896740336035], [-111.49729371070862, 25.962848510038], [-111.49719715118408, 25.962800279720195], [-111.49719715118408, 25.962742403312735], [-111.49710059165956, 25.96268452687681], [-111.49710059165956, 25.962607358251297], [-111.49700403213502, 25.962530189575173], [-111.49700403213502, 25.96238549817102], [-111.49710059165956, 25.962317975454866], [-111.49710059165956, 25.96226974491961], [-111.49719715118408, 25.962221514364586], [-111.49729371070862, 25.96220222213703], [-111.49729371070862, 25.96218292990632], [-111.49740099906923, 25.962163637672454], [-111.49779796600343, 25.96201894581759], [-111.49790525436401, 25.96196106902582], [-111.4980983734131, 25.961787438479735], [-111.4980983734131, 25.961700623110616], [-111.49819493293762, 25.96162345383984], [-111.49819493293762, 25.961546284518473], [-111.49830222129822, 25.961478761320766], [-111.49830222129822, 25.961353360993638], [-111.49839878082277, 25.96127619149515], [-111.49839878082277, 25.961218314338055], [-111.4984953403473, 25.96115079095215], [-111.4984953403473, 25.961073621320818], [-111.49859189987183, 25.960986805425073], [-111.49859189987183, 25.96082281966948], [-111.49869918823242, 25.960726357353558], [-111.49869918823242, 25.960639541201616], [-111.49880647659303, 25.960543078735455], [-111.49890303611755, 25.960427323671702], [-111.49890303611755, 25.960321214763226], [-111.49919271469118, 25.959983594872487], [-111.49919271469118, 25.959887131868634], [-111.49960041046143, 25.959559157064174], [-111.49980425834657, 25.959481986389097], [-111.49999737739563, 25.959317998536566], [-111.50020122528078, 25.95923118134565], [-111.50039434432983, 25.959057546771685], [-111.50059819221497, 25.958980375767702], [-111.5008020401001, 25.9588163872162], [-111.50099515914917, 25.958729569655258], [-111.50119900703432, 25.958565580754275], [-111.50140285491943, 25.958469116588144], [-111.5017032623291, 25.958208662944642], [-111.50199294090271, 25.958035026862078], [-111.5021002292633, 25.95793856226109], [-111.50229334831239, 25.95785174405259], [-111.50249719619751, 25.957668460957667], [-111.50270104408264, 25.95756234956173], [-111.50279760360718, 25.957465884573313], [-111.50300145149232, 25.95736941950583], [-111.50319457054138, 25.95717648913368], [-111.50339841842651, 25.957080023829004], [-111.50360226631165, 25.95689673953231], [-111.50379538536072, 25.956809920555312]]}}, {"type": "Feature", "id": 1, "properties": {"CRURIMT2KG": 70657, "CRURIMT2KG_1": 70657, "DESCRIPCIO": "Caminos Rurales (rev.) 2 carriles", "ESTADO": "BCS", "FNODE_": 0, "ID_IMT": 420, "LENGTH": 0.062, "LPOLY_": 0, "RPOLY_": 0, "TNODE_": 0, "extrude": 0, "fid": 87, "layer": "CAMINOS_RURALES", "path": "D:/Back-up/Escritorio Brenda/Datos_SIG/Mapoteca/BCS/BCS/camr-bcsg.shp", "tessellate": -1, "visibility": -1}, "geometry": {"type": "LineString", "coordinates": [[-111.51129484176636, 25.954784126245084], [-111.51170253753664, 25.954639425317346], [-111.5118956565857, 25.954504370957647], [-111.51219606399536, 25.954234261773404], [-111.51239991188051, 25.954166734380493], [-111.51260375976562, 25.95398344554733], [-111.51279687881471, 25.953886977625768], [-111.51300072669983, 25.953703688357006], [-111.5131938457489, 25.95358792656653], [-111.5133011341095, 25.953481811491926], [-111.5133011341095, 25.95335640264405], [-111.51349425315858, 25.95315381883836], [-111.5136981010437, 25.95300911590654], [-111.51390194892883, 25.952980175298844], [-111.51429891586304, 25.952999469038105], [-111.51499629020691, 25.95298982216887], [-111.51540398597717, 25.952960881556415], [-111.51559710502625, 25.952931940936864], [-111.51580095291138, 25.952854765916562], [-111.51599407196045, 25.952816178387444], [-111.51610136032104, 25.952767943958264], [-111.51629447937012, 25.952719709509324], [-111.51649832725525, 25.952642534349895], [-111.51679873466492, 25.95255571223507], [-111.51689529418947, 25.952507477699164], [-111.51709914207458, 25.952468890056206], [-111.51730298995973, 25.95238206781331], [-111.51749610900879, 25.952343480129247], [-111.5176033973694, 25.95228559857944], [-111.517893075943, 25.952218070068696], [-111.51820421218872, 25.95203477820142], [-111.51830077171327, 25.951947955638357], [-111.51850461959839, 25.95187077997299], [-111.51869773864748, 25.951687487564982], [-111.5194058418274, 25.951108667560902], [-111.51959896087646, 25.951021844314848], [-111.51999592781067, 25.950674550690305], [-111.5201997756958, 25.95060702125544], [-111.52029633522034, 25.95053949178185], [-111.52040362358095, 25.950491256419852], [-111.52089715003967, 25.950336903128672], [-111.52119755744934, 25.950134314126895], [-111.52140140533447, 25.950057137272623], [-111.52159452438354, 25.949922077655888], [-111.52179837226869, 25.949835253534758], [-111.52209877967834, 25.949574780787177], [-111.52230262756348, 25.949487956409925], [-111.52260303497314, 25.949188894175975], [-111.52279615402222, 25.94909242232555], [-111.52330040931702, 25.9486197091159], [-111.52349352836609, 25.948532884034357], [-111.52380466461182, 25.948349586429707], [-111.52399778366089, 25.948291702916325], [-111.52420163154602, 25.94813734674153], [-111.52439475059509, 25.948069815851422], [-111.52459859848024, 25.94792510667077], [-111.52480244636536, 25.947857575658936], [-111.5250062942505, 25.94773216081993], [-111.52519941329956, 25.947664629697414], [-111.52529597282411, 25.94758745122429], [-111.52570366859437, 25.94733662083724], [-111.52589678764343, 25.947278736825872], [-111.52610063552856, 25.9471726160645], [-111.52629375457764, 25.947124379323146], [-111.52640104293825, 25.947056847852078], [-111.52660489082336, 25.946998963703184], [-111.52670145034791, 25.946941079525857], [-111.52709841728212, 25.946815663710662], [-111.52719497680664, 25.946757779443207], [-111.5276026725769, 25.946642010822938], [-111.52769923210145, 25.946584126470132], [-111.52790307998657, 25.946526242088865], [-111.52830004692078, 25.94643941546361], [-111.52839660644533, 25.94640082583184], [-111.52899742126465, 25.946304351697066], [-111.52929782867432, 25.94621752490819], [-111.52970552444458, 25.946140345486562], [-111.52980208396913, 25.94610175575678], [-111.53009176254272, 25.94607281345114], [-111.53040289878845, 25.946082460887148], [-111.53059601783752, 25.94606316601435], [-111.53070330619812, 25.946024576259262], [-111.5308964252472, 25.945918454367597], [-111.53110027313232, 25.945735152693082], [-111.53110027313232, 25.945619383067424], [-111.53119683265687, 25.945484318360325], [-111.53119683265687, 25.945069475791307], [-111.53130412101746, 25.94491511539257], [-111.53130412101746, 25.944770402334985], [-111.53140068054199, 25.944635336654127], [-111.53200149536133, 25.94411436757688], [-111.53239846229553, 25.943728463070833], [-111.5326988697052, 25.943603043834074], [-111.533203125, 25.943487272112392], [-111.53329968452455, 25.9434486815132], [-111.53350353240967, 25.94341009090136], [-111.5336000919342, 25.943361852618782], [-111.53379321098328, 25.943303966653616], [-111.53390049934387, 25.943226785322445], [-111.534104347229, 25.943149603940718], [-111.53429746627808, 25.942956650265078], [-111.53450131416321, 25.942792639392223], [-111.53457641601562, 25.942725105437017]]}}, {"type": "Feature", "id": 2, "properties": {"CRURIMT2KG": 70208, "CRURIMT2KG_1": 70208, "DESCRIPCIO": "Caminos Rurales (rev.) 2 carriles", "ESTADO": "BCS", "FNODE_": 0, "ID_IMT": 420, "LENGTH": 0, "LPOLY_": 0, "RPOLY_": 0, "TNODE_": 0, "extrude": 0, "fid": 86, "layer": "CAMINOS_RURALES", "path": "D:/Back-up/Escritorio Brenda/Datos_SIG/Mapoteca/BCS/BCS/camr-bcsg.shp", "tessellate": -1, "visibility": -1}, "geometry": {"type": "LineString", "coordinates": [[-111.51110172271729, 25.954793772967264], [-111.51129484176636, 25.954784126245084]]}}, {"type": "Feature", "id": 3, "properties": {"CRURIMT2KG": 70206, "CRURIMT2KG_1": 70206, "DESCRIPCIO": "Caminos Rurales (rev.) 2 carriles", "ESTADO": "BCS", "FNODE_": 0, "ID_IMT": 420, "LENGTH": 0.052, "LPOLY_": 0, "RPOLY_": 0, "TNODE_": 0, "extrude": 0, "fid": 84, "layer": "CAMINOS_RURALES", "path": "D:/Back-up/Escritorio Brenda/Datos_SIG/Mapoteca/BCS/BCS/camr-bcsg.shp", "tessellate": -1, "visibility": -1}, "geometry": {"type": "LineString", "coordinates": [[-111.5000832080841, 25.959279413126282], [-111.50020122528078, 25.95923118134565], [-111.50039434432983, 25.959057546771685], [-111.50059819221497, 25.958980375767702], [-111.5008020401001, 25.9588163872162], [-111.50099515914917, 25.958729569655258], [-111.50119900703432, 25.958565580754275], [-111.50140285491943, 25.958469116588144], [-111.5017032623291, 25.958208662944642], [-111.50199294090271, 25.958035026862078], [-111.5021002292633, 25.95793856226109], [-111.50229334831239, 25.95785174405259], [-111.50249719619751, 25.957668460957667], [-111.50270104408264, 25.95756234956173], [-111.50279760360718, 25.957465884573313], [-111.50300145149232, 25.95736941950583], [-111.50319457054138, 25.95717648913368], [-111.50339841842651, 25.957080023829004], [-111.50360226631165, 25.95689673953231], [-111.50379538536072, 25.956809920555312], [-111.50399923324586, 25.95662663583799], [-111.50420308113098, 25.956549463240048], [-111.50450348854065, 25.95627935874879], [-111.50469660758974, 25.95620218592315], [-111.50499701499939, 25.955961020516902], [-111.50520086288452, 25.955874200849696], [-111.50559782981873, 25.95554621486228], [-111.50580167770387, 25.955469041555954], [-111.50610208511354, 25.955247168018424], [-111.5064024925232, 25.955150701132528], [-111.50679945945741, 25.955102467659927], [-111.5073037147522, 25.95507352756687], [-111.5075933933258, 25.95503494076507], [-111.50830149650574, 25.955006000655434], [-111.51020050048828, 25.954842006566356], [-111.51100516319276, 25.954803419688655]]}}, {"type": "Feature", "id": 4, "properties": {"CRURIMT2KG": 70207, "CRURIMT2KG_1": 70207, "DESCRIPCIO": "Caminos Rurales (rev.) 2 carriles", "ESTADO": "BCS", "FNODE_": 0, "ID_IMT": 420, "LENGTH": 0, "LPOLY_": 0, "RPOLY_": 0, "TNODE_": 0, "extrude": 0, "fid": 85, "layer": "CAMINOS_RURALES", "path": "D:/Back-up/Escritorio Brenda/Datos_SIG/Mapoteca/BCS/BCS/camr-bcsg.shp", "tessellate": -1, "visibility": -1}, "geometry": {"type": "LineString", "coordinates": [[-111.51100516319276, 25.954803419688655], [-111.51110172271729, 25.954793772967264]]}}, {"type": "Feature", "id": 1, "properties": {"CARIMT2KG_": 1635, "CARIMT2KG__1": 1635, "CENTRO": "BCS", "DESCRIPCIO": "Carretera Federal Libre (pav.) 2 carriles", "FNODE_": 0, "LENGTH": 0.123, "LPOLY_": 0, "PAISGEO_ID": 100, "RPOLY_": 0, "TNODE_": 0, "extrude": 0, "fid": 8, "layer": "CARRETERA_FEDERAL_LIBRE", "path": "D:/Back-up/Escritorio Brenda/Datos_SIG/Mapoteca/BCS/BCS/camf-bcsg.shp", "tessellate": -1, "visibility": -1}, "geometry": {"type": "MultiLineString", "coordinates": [[[-111.47650122642519, 26.235437623502854], [-111.4765977859497, 26.235639719060696], [-111.47740244865417, 26.236505838900882], [-111.47749900817873, 26.236727179602582], [-111.47830367088318, 26.23760291476842], [-111.47889375686647, 26.23827655271449], [-111.47900104522705, 26.238517136749167], [-111.4796018600464, 26.239190769397307], [-111.48059964179994, 26.24035518233998], [-111.4810073375702, 26.240797848662933], [-111.48129701614381, 26.241230890173657], [-111.48189783096313, 26.24187563787803], [-111.4821982383728, 26.242279806257], [-111.482595205307, 26.24269359623652], [-111.48290634155273, 26.24309776177103], [-111.48330330848694, 26.243521171775868], [-111.48359298706055, 26.243944580238114], [-111.48400068283081, 26.244358364290342], [-111.4841938018799, 26.244579690039096], [-111.48430109024048, 26.244801015366328], [-111.48449420928956, 26.245031963084468], [-111.4854919910431, 26.24612895847779], [-111.48559927940369, 26.246350280854355], [-111.48699402809143, 26.24790914826139], [-111.48710131645203, 26.24813046724728], [-111.48809909820557, 26.24923705585341], [-111.48829221725465, 26.249477617199283], [-111.48839950561523, 26.24969893319759], [-111.49063110351562, 26.252258470198274]], [[-111.47650122642519, 26.235437623502854], [-111.47654414176941, 26.235533859526587]], [[-111.4751923084259, 26.23386896508414], [-111.4752995967865, 26.234090310806117], [-111.47650122642519, 26.235437623502854]], [[-111.44629955291748, 26.21118360661215], [-111.44669651985168, 26.212098036271794], [-111.44690036773682, 26.212309797905224], [-111.4472007751465, 26.212723694530705], [-111.44730806350708, 26.21292582955699], [-111.44750118255617, 26.213137589684134], [-111.44780158996583, 26.21354185794776], [-111.44819855690004, 26.213907623261868], [-111.4484989643097, 26.214254136709478], [-111.44889593124391, 26.21456214779667], [-111.44930362701417, 26.21486053275995], [-111.44970059394836, 26.21512041581422], [-111.45000100135805, 26.2152455444852], [-111.45060181617738, 26.21564018018151], [-111.45090222358704, 26.2157845587604], [-111.45150303840637, 26.216294694971044], [-111.45190000534058, 26.21667970195096], [-111.45229697227478, 26.21710320815746], [-111.45240426063539, 26.217334210893107], [-111.45259737968445, 26.217565213170126], [-111.45289778709412, 26.21825821724937], [-111.45329475402832, 26.219095591671202], [-111.45369172096252, 26.219393965008816], [-111.4540994167328, 26.21961533828095], [-111.454496383667, 26.219778961733095], [-111.45490407943726, 26.219981084503317], [-111.45530104637146, 26.22022170639096], [-111.45609498023987, 26.22072219832308], [-111.45639538764954, 26.220982068284727], [-111.4568030834198, 26.221241937665873], [-111.457200050354, 26.221530680741857], [-111.45760774612428, 26.221867546758], [-111.45800471305849, 26.222242910598336], [-111.45879864692688, 26.223022508550365], [-111.45909905433655, 26.223407493266166], [-111.45950675010681, 26.22378285213729], [-111.4596998691559, 26.223927220611355], [-111.46000027656557, 26.22406196435881], [-111.46040797233583, 26.224292953277015], [-111.4615023136139, 26.224552815261692], [-111.46199584007263, 26.224687558284447], [-111.46230697631836, 26.224735680754733], [-111.46280050277711, 26.224870423565655], [-111.46449565887451, 26.225265026613968], [-111.46499991416933, 26.22540939324836], [-111.46539688110352, 26.22563075507309], [-111.4656972885132, 26.2257654968471], [-111.46610498428345, 26.226054228694316], [-111.46659851074219, 26.226342959824763], [-111.46700620651247, 26.22665093890719], [-111.46729588508606, 26.22681455246302], [-111.46769285202028, 26.2271321545908], [-111.46800398826599, 26.227295767469666], [-111.46819710731506, 26.22744975585126], [-111.46849751472475, 26.227613368283308], [-111.46870136260986, 26.227767356244385], [-111.46900177001953, 26.22794059245689], [-111.46939873695374, 26.22826781570975], [-111.4696991443634, 26.22844105117677], [-111.46990299224854, 26.228604662214217], [-111.47020339965822, 26.228768273021483], [-111.47039651870728, 26.22892225945335], [-111.470707654953, 26.22909549394548], [-111.47090077400209, 26.229259104062194], [-111.47120118141176, 26.229432338052547], [-111.47159814834596, 26.22976918118391], [-111.47219896316528, 26.230356248309292], [-111.47239208221436, 26.2305776007183], [-111.47249937057495, 26.23077970472373], [-111.47310018539429, 26.231414886454026], [-111.47329330444337, 26.23165548468824], [-111.47350788116455, 26.231867210722537], [-111.47360444068909, 26.23209818413844], [-111.47419452667236, 26.232771853980854], [-111.4751923084259, 26.23386896508414]], [[-111.47446274757385, 26.233070192235484], [-111.4751923084259, 26.23386896508414]], [[-111.44629955291748, 26.21118360661215], [-111.44668579101562, 26.212069159655574]], [[-111.44410014152527, 26.20764132705824], [-111.44429326057436, 26.207833845021643], [-111.44479751586914, 26.20842102284342], [-111.44500136375429, 26.208854184911758], [-111.44519448280334, 26.20907557823529], [-111.44560217857361, 26.210009275879706], [-111.4457952976227, 26.210249918388488], [-111.44609570503236, 26.21095259166656], [-111.44629955291748, 26.21118360661215]], [[-111.44393920898438, 26.207506564294402], [-111.44410014152527, 26.20764132705824]], [[-111.43880009651186, 26.170604577792627], [-111.43880009651186, 26.171365263696778], [-111.43869280815125, 26.171615614934154], [-111.43869280815125, 26.171856336770816], [-111.43859624862671, 26.172106686953686], [-111.43859624862671, 26.172337778953022], [-111.43849968910219, 26.172578499298567], [-111.43849968910219, 26.172819219147065], [-111.43840312957765, 26.173059938498504], [-111.43840312957765, 26.173300657352904], [-111.43829584121704, 26.173541375710244], [-111.43829584121704, 26.173782093570527], [-111.43810272216798, 26.174263527799894], [-111.43810272216798, 26.174494615523777], [-111.43800616264343, 26.17475458866554], [-111.43800616264343, 26.1749953040206], [-111.43789887428284, 26.17522639029381], [-111.43789887428284, 26.175476733239478], [-111.43769502639772, 26.17593890341898], [-111.43769502639772, 26.176179616328387], [-111.43759846687317, 26.17642032874071], [-111.43759846687317, 26.176651412188857], [-111.43740534782411, 26.177132834567747], [-111.43740534782411, 26.17739280182555], [-111.4372980594635, 26.177633511732473], [-111.4372980594635, 26.17811493005495], [-111.43720149993896, 26.178365266796796], [-111.43720149993896, 26.17861560300095], [-111.4372980594635, 26.178875566951536], [-111.4372980594635, 26.179376236630013], [-111.43740534782411, 26.17961694244061], [-111.43740534782411, 26.179857647754076], [-111.43769502639772, 26.180589388854134], [-111.43829584121704, 26.181927692927434], [-111.43840312957765, 26.182380209532802], [-111.43840312957765, 26.183323749143128], [-111.43829584121704, 26.183564446800222], [-111.43829584121704, 26.183795516083283], [-111.43800616264343, 26.1845176046395], [-111.43780231475831, 26.184979738967066], [-111.43759846687317, 26.185210805443518], [-111.43740534782411, 26.185663309299198], [-111.43720149993896, 26.186086928337343], [-111.43710494041444, 26.186500918181967], [-111.43710494041444, 26.187155596794252], [-111.43769502639772, 26.18842643301043], [-111.43800616264343, 26.18884041454194], [-111.43859624862671, 26.190101605023628], [-111.43880009651186, 26.19030377932718], [-111.43940091133118, 26.191574581200683], [-111.43959403038025, 26.191805634597284], [-111.44000172615051, 26.19269133503844], [-111.4401948451996, 26.19293201334243], [-111.44030213356018, 26.193153436942872], [-111.44039869308472, 26.193403741375636], [-111.44039869308472, 26.193644418207555], [-111.4405918121338, 26.194116143355476], [-111.4405918121338, 26.19460712056195], [-111.44069910049438, 26.194857421870662], [-111.44069910049438, 26.19559869566786], [-111.440806388855, 26.195858621726238], [-111.440806388855, 26.196108920345292], [-111.440806388855, 26.19661914278739], [-111.44090294837953, 26.196888693363817], [-111.44090294837953, 26.19742779264495], [-111.44099950790405, 26.197687714620944], [-111.44099950790405, 26.198217183518242], [-111.4412033557892, 26.198737023366192], [-111.4412033557892, 26.199006569040417], [-111.4416003227234, 26.200026986297857], [-111.4416003227234, 26.200267649442168], [-111.4419972896576, 26.20129768207933], [-111.4419972896576, 26.201547969007596], [-111.4423942565918, 26.20255873766723], [-111.4423942565918, 26.202809021884658], [-111.44270539283752, 26.20357912379434], [-111.44270539283752, 26.20382940581819], [-111.44280195236206, 26.20408931350423], [-111.44270539283752, 26.204358846787983], [-111.44270539283752, 26.205119312331615], [-111.44259810447694, 26.205379217137875], [-111.44270539283752, 26.205610243145205], [-111.44270539283752, 26.205850894748618], [-111.44299507141115, 26.206534342589613], [-111.44329547882081, 26.2069290078251], [-111.44370317459108, 26.20727554205056], [-111.44389629364014, 26.207477686539008], [-111.44410014152527, 26.20764132705824]]]}}, {"type": "Feature", "id": 1, "properties": {"CRURIMT2KG": 70204, "CRURIMT2KG_1": 70204, "DESCRIPCIO": "Caminos Rurales (rev.) 2 carriles", "ESTADO": "BCS", "FNODE_": 0, "ID_IMT": 420, "LENGTH": 0, "LPOLY_": 0, "RPOLY_": 0, "TNODE_": 0, "extrude": 0, "fid": 82, "layer": "CAMINOS_RURALES", "path": "D:/Back-up/Escritorio Brenda/Datos_SIG/Mapoteca/BCS/BCS/camr-bcsg.shp", "tessellate": -1, "visibility": -1}, "geometry": {"type": "LineString", "coordinates": [[-111.47979497909546, 25.97505979023581], [-111.47989153862001, 25.97501156492434]]}}, {"type": "Feature", "id": 2, "properties": {"CRURIMT2KG": 70202, "CRURIMT2KG_1": 70202, "DESCRIPCIO": "Caminos Rurales (rev.) 2 carriles", "ESTADO": "BCS", "FNODE_": 0, "ID_IMT": 420, "LENGTH": 0, "LPOLY_": 0, "RPOLY_": 0, "TNODE_": 0, "extrude": 0, "fid": 80, "layer": "CAMINOS_RURALES", "path": "D:/Back-up/Escritorio Brenda/Datos_SIG/Mapoteca/BCS/BCS/camr-bcsg.shp", "tessellate": -1, "visibility": -1}, "geometry": {"type": "LineString", "coordinates": [[-111.45200729370119, 25.98169540450886], [-111.45200729370119, 25.981598959308872]]}}, {"type": "Feature", "id": 3, "properties": {"CRURIMT2KG": 70201, "CRURIMT2KG_1": 70201, "DESCRIPCIO": "Caminos Rurales (rev.) 2 carriles", "ESTADO": "BCS", "FNODE_": 0, "ID_IMT": 420, "LENGTH": 0, "LPOLY_": 0, "RPOLY_": 0, "TNODE_": 0, "extrude": 0, "fid": 79, "layer": "CAMINOS_RURALES", "path": "D:/Back-up/Escritorio Brenda/Datos_SIG/Mapoteca/BCS/BCS/camr-bcsg.shp", "tessellate": -1, "visibility": -1}, "geometry": {"type": "LineString", "coordinates": [[-111.45190000534058, 25.981791849629733], [-111.45200729370119, 25.98169540450886]]}}, {"type": "Feature", "id": 4, "properties": {"CRURIMT2KG": 70203, "CRURIMT2KG_1": 70203, "DESCRIPCIO": "Caminos Rurales (rev.) 2 carriles", "ESTADO": "BCS", "FNODE_": 0, "ID_IMT": 420, "LENGTH": 0.051, "LPOLY_": 0, "RPOLY_": 0, "TNODE_": 0, "extrude": 0, "fid": 81, "layer": "CAMINOS_RURALES", "path": "D:/Back-up/Escritorio Brenda/Datos_SIG/Mapoteca/BCS/BCS/camr-bcsg.shp", "tessellate": -1, "visibility": -1}, "geometry": {"type": "LineString", "coordinates": [[-111.45200729370119, 25.981598959308872], [-111.45210385322572, 25.98150251402977], [-111.45210385322572, 25.98139642413138], [-111.45220041275024, 25.981299978686135], [-111.45220041275024, 25.981203533161775], [-111.45229697227478, 25.981097442993597], [-111.45240426063539, 25.981010641875702], [-111.45240426063539, 25.980933485272658], [-111.45250082015991, 25.980846684033725], [-111.45250082015991, 25.9805862799324], [-111.452693939209, 25.98042232149865], [-111.452693939209, 25.980364453761556], [-111.45319819450378, 25.980123337883786], [-111.45340204238893, 25.98008475929746], [-111.45390629768372, 25.979805064168012], [-111.4540994167328, 25.97974719612713], [-111.45430326461792, 25.979631459959915], [-111.45430326461792, 25.97919744831827], [-111.45439982414246, 25.979091356339975], [-111.45439982414246, 25.978724856042085], [-111.45430326461792, 25.978628408405417], [-111.45430326461792, 25.97853196068964], [-111.45439982414246, 25.97843551289474], [-111.454496383667, 25.978377644179833], [-111.45490407943726, 25.97821368266625], [-111.45520448684694, 25.978146169035398], [-111.45549416542055, 25.978059365738748], [-111.45569801330566, 25.97815581384217], [-111.45569801330566, 25.9782233274675], [-111.45580530166626, 25.9783101306431], [-111.45580530166626, 25.978396933754627], [-111.45590186119081, 25.978493381581167], [-111.45590186119081, 25.97857053978544], [-111.45609498023987, 25.978676632233643], [-111.456298828125, 25.978763435074622], [-111.45639538764954, 25.978782724586125], [-111.45659923553468, 25.978744145559936], [-111.45670652389526, 25.978686276996918], [-111.45739316940308, 25.978175103453363], [-111.45760774612428, 25.978049720924062], [-111.45780086517334, 25.977972562378028], [-111.45789742469788, 25.977972562378028], [-111.45800471305849, 25.97800149683872], [-111.45810127258301, 25.97806901055266], [-111.45810127258301, 25.97813652422782], [-111.45819783210754, 25.97821368266625], [-111.45819783210754, 25.978589829328595], [-111.45839095115663, 25.978686276996918], [-111.45849823951721, 25.978695921759407], [-111.45909905433655, 25.97863805317265], [-111.45950675010681, 25.978464447241503], [-111.45979642868042, 25.978319775436425], [-111.46000027656557, 25.97829084105407], [-111.46069765090944, 25.978011141657372], [-111.46090149879456, 25.977991852019287], [-111.46119117736816, 25.978107589800352], [-111.46159887313843, 25.978358354601855], [-111.46159887313843, 25.978551250239118], [-111.46169543266296, 25.978686276996918], [-111.46180272102357, 25.978686276996918], [-111.4618992805481, 25.97864769793908], [-111.4618992805481, 25.97853196068964], [-111.46180272102357, 25.978464447241503], [-111.46180272102357, 25.978319775436425], [-111.46169543266296, 25.978252261866476], [-111.46159887313843, 25.978165458648157], [-111.46159887313843, 25.978097944989607], [-111.4615023136139, 25.978030431292296], [-111.4615023136139, 25.977895403781375], [-111.46159887313843, 25.977847179632754], [-111.46159887313843, 25.97782788996778], [-111.46180272102357, 25.977876114124307], [-111.46180272102357, 25.977933983086025], [-111.46209239959718, 25.978097944989607], [-111.46209239959718, 25.97815581384217], [-111.46230697631836, 25.978271551461855], [-111.46230697631836, 25.9783101306431], [-111.4624035358429, 25.978319775436425], [-111.46259665489197, 25.9783101306431], [-111.46270394325256, 25.97828119625835], [-111.46299362182617, 25.97813652422782], [-111.46320819854738, 25.978078655365767], [-111.4633047580719, 25.97806901055266], [-111.4637017250061, 25.97806901055266], [-111.46420598030092, 25.978097944989607], [-111.46479606628418, 25.978107589800352], [-111.46489262580873, 25.978078655365767], [-111.46499991416933, 25.978011141657372], [-111.46499991416933, 25.977933983086025], [-111.46520376205444, 25.9777603761154], [-111.46520376205444, 25.977654282840504], [-111.465300321579, 25.977567479180763], [-111.465300321579, 25.977461385731832], [-111.46539688110352, 25.977364937058834], [-111.46539688110352, 25.977200974133172], [-111.46550416946411, 25.977133459920864], [-111.46550416946411, 25.977037010978908], [-111.46560072898866, 25.97695985176838], [-111.46560072898866, 25.97688269250722], [-111.4656972885132, 25.976795888277906], [-111.4656972885132, 25.976728373833023], [-111.46579384803772, 25.976660859349387], [-111.46579384803772, 25.976602989761123], [-111.46599769592287, 25.976477605555537], [-111.46599769592287, 25.976429380825486], [-111.46639466285707, 25.97621719177829], [-111.46650195121765, 25.976188256878558], [-111.46689891815186, 25.976024292312253], [-111.46719932556152, 25.97598571238107], [-111.46729588508606, 25.975956777424383], [-111.46780014038087, 25.97589890748964], [-111.46810054779054, 25.97584103752644], [-111.46849751472475, 25.975802457535135], [-111.46859407424927, 25.975821747532372], [-111.46870136260986, 25.975850682522278], [-111.46870136260986, 25.97588926249776], [-111.468905210495, 25.975995357365054], [-111.46909832954408, 25.976043582273093], [-111.46980643272401, 25.975831392529788], [-111.46999955177307, 25.975802457535135], [-111.47020339965822, 25.975831392529788], [-111.47020339965822, 25.97589890748964], [-111.47029995918274, 25.975966422410742], [-111.47029995918274, 25.976024292312253], [-111.47039651870728, 25.976072517208422], [-111.47060036659241, 25.97605322725233], [-111.47080421447754, 25.97598571238107], [-111.47099733352661, 25.975947132437245], [-111.47109389305115, 25.975918197471053], [-111.47109389305115, 25.975879617505075], [-111.47129774093628, 25.97584103752644], [-111.47139430046082, 25.97584103752644], [-111.47149085998535, 25.975850682522278], [-111.47199511528015, 25.975976067396303], [-111.47210240364075, 25.976024292312253], [-111.47210240364075, 25.976062872230774], [-111.47229552268983, 25.976168966941447], [-111.47229552268983, 25.97621719177829], [-111.47239208221436, 25.97633293130604], [-111.47249937057495, 25.976410090927914], [-111.47249937057495, 25.976699439059075], [-111.47260665893556, 25.97676695352056], [-111.47260665893556, 25.97698878647826], [-111.47279977798462, 25.97711417013881], [-111.47279977798462, 25.977181684362186], [-111.47289633750916, 25.9772491985468], [-111.47319674491882, 25.977384226799757], [-111.47319674491882, 25.97743245113823], [-111.47340059280396, 25.977567479180763], [-111.47340059280396, 25.977644637992586], [-111.47379755973816, 25.97794362791023], [-111.4740014076233, 25.978040076108574], [-111.4740014076233, 25.978107589800352], [-111.47419452667236, 25.978232972267953], [-111.47419452667236, 25.97828119625835], [-111.47450566291809, 25.978464447241503], [-111.47450566291809, 25.978522315913704], [-111.4749026298523, 25.9787923693407], [-111.4749026298523, 25.978879172096235], [-111.47499918937683, 25.978965974787673], [-111.4756965637207, 25.979563947143106], [-111.4762008190155, 25.979920800164344], [-111.4762008190155, 25.979997957431944], [-111.4763081073761, 25.98009440394523], [-111.4763081073761, 25.98018120573955], [-111.47640466690065, 25.98026800746979], [-111.47640466690065, 25.980364453761556], [-111.47650122642519, 25.98046089997423], [-111.47650122642519, 25.980653792162204], [-111.4765977859497, 25.9807598827307], [-111.4765977859497, 25.980856328618994], [-111.47669434547424, 25.980952774428168], [-111.47669434547424, 25.981039575588785], [-111.47680163383485, 25.9811167321222], [-111.47680163383485, 25.981762916101776], [-111.47699475288391, 25.981840072160498], [-111.47709131240845, 25.98184971666428], [-111.47719860076906, 25.98183042765593], [-111.47730588912964, 25.981791849629733], [-111.47730588912964, 25.9816182483552], [-111.47740244865417, 25.98156038120674], [-111.47740244865417, 25.981097442993597], [-111.47730588912964, 25.981029931018554], [-111.47730588912964, 25.980894906952162], [-111.47719860076906, 25.980837039447657], [-111.47719860076906, 25.98077917191468], [-111.47709131240845, 25.98072130435323], [-111.47709131240845, 25.98067308136359], [-111.47689819335938, 25.980576635324983], [-111.47689819335938, 25.980441610738023], [-111.47680163383485, 25.98038374301042], [-111.47680163383485, 25.980210139656748], [-111.47689819335938, 25.980152271815232], [-111.47689819335938, 25.980113693238394], [-111.47699475288391, 25.980046180698473], [-111.47699475288391, 25.979920800164344], [-111.47689819335938, 25.97984364284612], [-111.47680163383485, 25.979795419496515], [-111.47680163383485, 25.9796603940124], [-111.47669434547424, 25.97959288121219], [-111.47669434547424, 25.979506078983547], [-111.47640466690065, 25.979322829623747], [-111.47640466690065, 25.97927460606054], [-111.4763081073761, 25.97919744831827], [-111.4763081073761, 25.97911064579769], [-111.4762008190155, 25.979014198477458], [-111.4762008190155, 25.97871521128199], [-111.47609353065492, 25.978618763637392], [-111.47609353065492, 25.97853196068964], [-111.47599697113037, 25.978339065020727], [-111.47590041160583, 25.978252261866476], [-111.47590041160583, 25.97815581384217], [-111.4756965637207, 25.97800149683872], [-111.4756965637207, 25.977905048608733], [-111.47540688514711, 25.977644637992586], [-111.47540688514711, 25.97754818946989], [-111.4751923084259, 25.977393871669033], [-111.4751923084259, 25.97730706781706], [-111.47509574890138, 25.977220263901003], [-111.47509574890138, 25.977143104810715], [-111.47499918937683, 25.97705630077362], [-111.4749026298523, 25.97699843137997], [-111.4749026298523, 25.976930917051366], [-111.4747953414917, 25.97688269250722], [-111.4747953414917, 25.97681517811217], [-111.47469878196718, 25.976757308599858], [-111.47469878196718, 25.976689794132838], [-111.4747953414917, 25.97663192455881], [-111.4747953414917, 25.976574054956323], [-111.4752995967865, 25.976477605555537], [-111.47540688514711, 25.976487250499165], [-111.47560000419617, 25.97653547520549], [-111.47560000419617, 25.97658369989205], [-111.4756965637207, 25.97662227962704], [-111.4756965637207, 25.97680553319544], [-111.47580385208131, 25.97687304759601], [-111.47580385208131, 25.976921272144125], [-111.47590041160583, 25.976969496672453], [-111.47590041160583, 25.977008076280885], [-111.47609353065492, 25.977046655876656], [-111.4763081073761, 25.977017721181014], [-111.47640466690065, 25.97698878647826], [-111.47669434547424, 25.97686340268401], [-111.47680163383485, 25.97678624335957], [-111.47680163383485, 25.976709083984506], [-111.47689819335938, 25.97662227962704], [-111.47689819335938, 25.9764197358771], [-111.47680163383485, 25.976323286349754], [-111.47680163383485, 25.975860327517342], [-111.47689819335938, 25.975850682522278], [-111.47709131240845, 25.97592784246058], [-111.47709131240845, 25.975995357365054], [-111.47719860076906, 25.9761593219717], [-111.47740244865417, 25.976323286349754], [-111.47740244865417, 25.976410090927914], [-111.47770285606384, 25.976545120144387], [-111.47799253463745, 25.97658369989205], [-111.47820711135866, 25.976545120144387], [-111.47860407829286, 25.976371511123308], [-111.47900104522705, 25.97611109711113], [-111.47900104522705, 25.976062872230774], [-111.47930145263673, 25.975908552480746], [-111.47979497909546, 25.97561920240362], [-111.4799988269806, 25.975532397241665], [-111.4799988269806, 25.9754648820714], [-111.48010611534119, 25.975416656926043], [-111.48010611534119, 25.975329851614575], [-111.4799988269806, 25.975262336328026], [-111.47989153862001, 25.975233401193353], [-111.47989153862001, 25.975175530902646], [-111.47979497909546, 25.97512730563864], [-111.47979497909546, 25.97505979023581]]}}, {"type": "Feature", "id": 5, "properties": {"CRURIMT2KG": 70205, "CRURIMT2KG_1": 70205, "DESCRIPCIO": "Caminos Rurales (rev.) 2 carriles", "ESTADO": "BCS", "FNODE_": 0, "ID_IMT": 420, "LENGTH": 0, "LPOLY_": 0, "RPOLY_": 0, "TNODE_": 0, "extrude": 0, "fid": 83, "layer": "CAMINOS_RURALES", "path": "D:/Back-up/Escritorio Brenda/Datos_SIG/Mapoteca/BCS/BCS/camr-bcsg.shp", "tessellate": -1, "visibility": -1}, "geometry": {"type": "LineString", "coordinates": [[-111.47989153862001, 25.97501156492434], [-111.47989153862001, 25.97498262972796]]}}, {"type": "Feature", "id": 6, "properties": {"CRURIMT2KG": 70206, "CRURIMT2KG_1": 70206, "DESCRIPCIO": "Caminos Rurales (rev.) 2 carriles", "ESTADO": "BCS", "FNODE_": 0, "ID_IMT": 420, "LENGTH": 0.052, "LPOLY_": 0, "RPOLY_": 0, "TNODE_": 0, "extrude": 0, "fid": 84, "layer": "CAMINOS_RURALES", "path": "D:/Back-up/Escritorio Brenda/Datos_SIG/Mapoteca/BCS/BCS/camr-bcsg.shp", "tessellate": -1, "visibility": -1}, "geometry": {"type": "LineString", "coordinates": [[-111.47989153862001, 25.97498262972796], [-111.48020267486572, 25.974905469169506], [-111.48020267486572, 25.974876533947022], [-111.48059964179994, 25.974741502814673], [-111.48059964179994, 25.974702922462665], [-111.48110389709473, 25.974500375406997], [-111.48110389709473, 25.974432859644256], [-111.48120045661926, 25.974365343842738], [-111.48120045661926, 25.97416279620568], [-111.48110389709473, 25.97409528024914], [-111.48110389709473, 25.974047054542172], [-111.4809000492096, 25.9739506030689], [-111.4809000492096, 25.973902377302608], [-111.48069620132448, 25.9737866353828], [-111.48069620132448, 25.973728764380184], [-111.48059964179994, 25.973670893349095], [-111.48059964179994, 25.973555151201495], [-111.48069620132448, 25.973477989706478], [-111.48069620132448, 25.973333311766886], [-111.480792760849, 25.973246504917697], [-111.480792760849, 25.973178988435134], [-111.4809000492096, 25.973121117133545], [-111.4809000492096, 25.973063245803456], [-111.48110389709473, 25.972986083985717], [-111.48129701614381, 25.972870341164196], [-111.48129701614381, 25.972445949844133], [-111.48140430450441, 25.972455595118422], [-111.48140430450441, 25.97249417620763], [-111.48150086402893, 25.972523112016226], [-111.48150086402893, 25.972561693083296], [-111.48159742355347, 25.972600274137697], [-111.48159742355347, 25.972629209920196], [-111.48169398307802, 25.972648500437913], [-111.48169398307802, 25.972677436208546], [-111.48189783096313, 25.972725662477124], [-111.48189783096313, 25.972744952979014], [-111.4821982383728, 25.972841405441017], [-111.48249864578247, 25.97288963164237], [-111.482595205307, 25.972879986403676], [-111.48269176483156, 25.972841405441017], [-111.48269176483156, 25.972706371972066], [-111.48279905319215, 25.972629209920196], [-111.48279905319215, 25.971298156557378], [-111.48290634155273, 25.971240284330346], [-111.48290634155273, 25.971192057452733], [-111.48319602012634, 25.9711052490232], [-111.48339986801149, 25.97109560363819], [-111.4837968349457, 25.971182412074832], [-111.48400068283081, 25.97121134820615], [-111.4841938018799, 25.97120170282983], [-111.48459076881409, 25.97109560363819], [-111.48459076881409, 25.971057022090232], [-111.48480534553529, 25.97100879513749], [-111.48480534553529, 25.97097021356105], [-111.48490190505981, 25.970931631971958], [-111.48490190505981, 25.97087375956459], [-111.48480534553529, 25.9708255325367], [-111.48480534553529, 25.97077730548904], [-111.48459076881409, 25.970680851334407], [-111.48459076881409, 25.97063262422741], [-111.48449420928956, 25.970574751672935], [-111.48449420928956, 25.970362552062916], [-111.48480534553529, 25.970275743021205], [-111.48559927940369, 25.969957442653516], [-111.48610353469849, 25.969793469400685], [-111.48629665374756, 25.96969701443931], [-111.48650050163269, 25.969571622871275], [-111.48650050163269, 25.969494458762977], [-111.48659706115724, 25.969398003556407], [-111.48659706115724, 25.969311193802888], [-111.48670434951782, 25.969234029523754], [-111.48699402809143, 25.969098991913466], [-111.48699402809143, 25.96907970081362], [-111.48729443550111, 25.96905076415794], [-111.48729443550111, 25.968867498506604], [-111.48719787597656, 25.96881927065617], [-111.48719787597656, 25.96872281489598], [-111.48710131645203, 25.968655295816802], [-111.48719787597656, 25.968616713468435], [-111.48719787597656, 25.968578131107428], [-111.48749828338623, 25.96848167514951], [-111.4877986907959, 25.968336991064362], [-111.48809909820557, 25.96824053490874], [-111.48829221725465, 25.96822124366811], [-111.48829221725465, 25.968182661177398], [-111.48850679397583, 25.9681344330462], [-111.48860335350037, 25.96808620489523], [-111.48900032043458, 25.96797045725223], [-111.48900032043458, 25.967951165967325], [-111.48919343948364, 25.967874000796073], [-111.48969769477846, 25.967748607284832], [-111.48979425430298, 25.96771002463911], [-111.48979425430298, 25.96767144198072], [-111.49009466171266, 25.967594276625984], [-111.49029850959778, 25.967594276625984], [-111.49040579795839, 25.96763285930968], [-111.49040579795839, 25.96767144198072], [-111.49059891700745, 25.96773896162459], [-111.49063110351562, 25.96773896162459]]}}, {"type": "Feature", "id": 7, "properties": {"CRURIMT2KG": 70200, "CRURIMT2KG_1": 70200, "DESCRIPCIO": "Caminos Rurales (rev.) 2 carriles", "ESTADO": "BCS", "FNODE_": 0, "ID_IMT": 420, "LENGTH": 0.059, "LPOLY_": 0, "RPOLY_": 0, "TNODE_": 0, "extrude": 0, "fid": 78, "layer": "CAMINOS_RURALES", "path": "D:/Back-up/Escritorio Brenda/Datos_SIG/Mapoteca/BCS/BCS/camr-bcsg.shp", "tessellate": -1, "visibility": -1}, "geometry": {"type": "LineString", "coordinates": [[-111.44393920898438, 25.984337972205072], [-111.44410014152527, 25.984231884865398], [-111.44410014152527, 25.984174019003397], [-111.4441967010498, 25.984145086061716], [-111.44429326057436, 25.98412579742998], [-111.44440054893495, 25.98412579742998], [-111.44470095634462, 25.984174019003397], [-111.44500136375429, 25.984270462090894], [-111.44530177116394, 25.984299395001724], [-111.44539833068849, 25.984280106395293], [-111.44550561904907, 25.984222240557045], [-111.44569873809816, 25.98403899854798], [-111.44599914550781, 25.983720735432307], [-111.44599914550781, 25.983614647535617], [-111.44619226455688, 25.983479626437727], [-111.44629955291748, 25.98345069332515], [-111.44690036773682, 25.983431404579473], [-111.4472007751465, 25.983354249565117], [-111.44750118255617, 25.983219228168153], [-111.44770503044128, 25.98317100620308], [-111.44789814949037, 25.983084206616116], [-111.44810199737549, 25.983074562213602], [-111.44830584526062, 25.983142073014537], [-111.44830584526062, 25.983161361807692], [-111.44840240478516, 25.983132428616784], [-111.44859552383424, 25.983007051373892], [-111.44879937171936, 25.982910607249902], [-111.44909977912903, 25.982804518622142], [-111.4494001865387, 25.9826694965938], [-111.44949674606323, 25.982650207719946], [-111.44970059394836, 25.98262127440324], [-111.45010828971863, 25.982601985521487], [-111.45039796829224, 25.982534474410397], [-111.45060181617738, 25.982534474410397], [-111.45079493522644, 25.982563407748465], [-111.45099878311159, 25.982553763303233], [-111.45099878311159, 25.982524829962784], [-111.4512026309967, 25.98242838544321], [-111.45169615745546, 25.982013673107488], [-111.45190000534058, 25.981869005669463], [-111.45190000534058, 25.981791849629733]]}}, {"type": "Feature", "id": 2, "properties": {"CARIMT2KG_": 1637, "CARIMT2KG__1": 1637, "CENTRO": "BCS", "DESCRIPCIO": "Carretera Federal Libre (pav.) 2 carriles", "FNODE_": 0, "LENGTH": 0, "LPOLY_": 0, "PAISGEO_ID": 100, "RPOLY_": 0, "TNODE_": 0, "extrude": 0, "fid": 9, "layer": "CARRETERA_FEDERAL_LIBRE", "path": "D:/Back-up/Escritorio Brenda/Datos_SIG/Mapoteca/BCS/BCS/camf-bcsg.shp", "tessellate": -1, "visibility": -1}, "geometry": {"type": "LineString", "coordinates": [[-111.43880009651186, 26.170344595396273], [-111.43880009651186, 26.170604577792627]]}}, {"type": "Feature", "id": 3, "properties": {"CARIMT2KG_": 1638, "CARIMT2KG__1": 1638, "CENTRO": "BCS", "DESCRIPCIO": "Carretera Federal Libre (pav.) 2 carriles", "FNODE_": 0, "LENGTH": 0.119, "LPOLY_": 0, "PAISGEO_ID": 100, "RPOLY_": 0, "TNODE_": 0, "extrude": 0, "fid": 10, "layer": "CARRETERA_FEDERAL_LIBRE", "path": "D:/Back-up/Escritorio Brenda/Datos_SIG/Mapoteca/BCS/BCS/camf-bcsg.shp", "tessellate": -1, "visibility": -1}, "geometry": {"type": "LineString", "coordinates": [[-111.43107533454896, 26.154205294151907], [-111.43109679222108, 26.15423418511098], [-111.4311933517456, 26.15466754863872], [-111.43150448799135, 26.155062389562588], [-111.4316976070404, 26.15523573393634], [-111.43190145492554, 26.155380187384406], [-111.43229842185974, 26.155582421911216], [-111.43259882926941, 26.15567872394362], [-111.43309235572815, 26.155871327769972], [-111.43389701843263, 26.1561506027534], [-111.4343047142029, 26.156381726372043], [-111.43460512161256, 26.156506918140963], [-111.43520593643188, 26.156921013034907], [-111.4356029033661, 26.157219545651316], [-111.43620371818542, 26.157739568384514], [-111.4367938041687, 26.158317368702658], [-111.43710494041444, 26.158741087117082], [-111.43720149993896, 26.15897220560352], [-111.43740534782411, 26.159203323632052], [-111.43759846687317, 26.159665558315382], [-111.43780231475831, 26.159887045118687], [-111.43800616264343, 26.160358906905973], [-111.43849968910219, 26.161601146157157], [-111.43849968910219, 26.161861148047027], [-111.43859624862671, 26.16211151968947], [-111.43859624862671, 26.162361890794486], [-111.43869280815125, 26.16262189098851], [-111.43869280815125, 26.16389299470477], [-111.43880009651186, 26.164143361985488], [-111.43880009651186, 26.170344595396273]]}}, {"type": "Feature", "id": 1, "properties": {"CARIMT2KG_": 1638, "CARIMT2KG__1": 1638, "CENTRO": "BCS", "DESCRIPCIO": "Carretera Federal Libre (pav.) 2 carriles", "FNODE_": 0, "LENGTH": 0.119, "LPOLY_": 0, "PAISGEO_ID": 100, "RPOLY_": 0, "TNODE_": 0, "extrude": 0, "fid": 10, "layer": "CARRETERA_FEDERAL_LIBRE", "path": "D:/Back-up/Escritorio Brenda/Datos_SIG/Mapoteca/BCS/BCS/camf-bcsg.shp", "tessellate": -1, "visibility": -1}, "geometry": {"type": "MultiLineString", "coordinates": [[[-111.41720294952394, 26.116997435656845], [-111.41759991645813, 26.117315337093224], [-111.41799688339233, 26.11761397098812], [-111.418297290802, 26.11775847098591], [-111.41910195350647, 26.11838463557823], [-111.41940236091614, 26.118548401148896], [-111.42000317573549, 26.11902043003907], [-111.42030358314516, 26.11917456150863], [-111.42150521278381, 26.12014751171808], [-111.42179489135742, 26.12075439735014], [-111.42220258712769, 26.121544307261036], [-111.42239570617677, 26.121717701404773], [-111.42269611358644, 26.122074121892137], [-111.42289996147156, 26.122266781162352], [-111.42329692840576, 26.123095212404326], [-111.4246916770935, 26.124308949895507], [-111.42590403556825, 26.125320388172714], [-111.42620444297792, 26.125647899642807], [-111.42649412155151, 26.126023573433734], [-111.42660140991212, 26.126235491449503], [-111.42669796943665, 26.126668958920746], [-111.42710566520691, 26.127584051633562], [-111.42710566520691, 26.128017514100723], [-111.42690181732179, 26.12882663973582], [-111.42690181732179, 26.12917340614938], [-111.42699837684633, 26.129510539175595], [-111.42720222473146, 26.129799509566432], [-111.42759919166566, 26.130011420732025], [-111.42789959907533, 26.130213699213236], [-111.42829656600954, 26.130444874191387], [-111.42850041389465, 26.13071457775426], [-111.4287042617798, 26.1310324418681], [-111.4287042617798, 26.131388833936725], [-111.4285969734192, 26.131764489264185], [-111.42839312553407, 26.132082350520616], [-111.42799615859987, 26.132371314548475], [-111.4276957511902, 26.132679542056792], [-111.42749190330505, 26.133026297031297], [-111.42739534378052, 26.133430843200276], [-111.42720222473146, 26.133854651969475], [-111.42720222473146, 26.13408581974078], [-111.42699837684633, 26.13428809116528], [-111.42690181732179, 26.134721528752326], [-111.42680525779724, 26.134952694807605], [-111.42680525779724, 26.135193492295237], [-111.42630100250246, 26.136224099931713], [-111.42620444297792, 26.136619003251106], [-111.42639756202698, 26.136985010013113], [-111.42669796943665, 26.13728359362713], [-111.42710566520691, 26.137505122911872], [-111.42749190330505, 26.137755546814606], [-111.4276957511902, 26.13811191836556], [-111.42789959907533, 26.138323814447766], [-111.42789959907533, 26.13920028961176], [-111.42780303955078, 26.139421815259894], [-111.4276957511902, 26.13985523379058], [-111.42759919166566, 26.14006712670887], [-111.42739534378052, 26.140982114440153], [-111.427298784256, 26.14121326810075], [-111.427298784256, 26.142166772112745], [-111.42739534378052, 26.142397923427655], [-111.42739534378052, 26.14263870556064], [-111.42799615859987, 26.144035232138016], [-111.42799615859987, 26.144266379753063], [-111.42810344696045, 26.144497526910367], [-111.42839312553407, 26.14522948988878], [-111.42850041389465, 26.14545100409592], [-111.42850041389465, 26.145691779931216], [-111.42880082130432, 26.14636594962767], [-111.42880082130432, 26.14756981440003], [-111.4287042617798, 26.147810585864374], [-111.4287042617798, 26.149014435735378], [-111.42889738082886, 26.149515233624214], [-111.42929434776308, 26.150401255393678], [-111.42970204353334, 26.15081537195729], [-111.4302921295166, 26.151643600675726], [-111.43039941787721, 26.15185547219433], [-111.43060326576233, 26.152086604321347], [-111.430903673172, 26.152808889267412], [-111.430903673172, 26.153040019505884], [-111.43100023269653, 26.153290410080896], [-111.43100023269653, 26.15401268757521], [-111.43109679222108, 26.15423418511098], [-111.4311933517456, 26.15466754863872], [-111.43150448799135, 26.155062389562588], [-111.4316976070404, 26.15523573393634], [-111.43190145492554, 26.155380187384406], [-111.43229842185974, 26.155582421911216], [-111.43259882926941, 26.15567872394362], [-111.43309235572815, 26.155871327769972], [-111.43389701843263, 26.1561506027534], [-111.4343047142029, 26.156381726372043], [-111.43460512161256, 26.156506918140963], [-111.43484115600586, 26.156670630251465]], [[-111.41720294952394, 26.116997435656845], [-111.41747117042543, 26.11721900341594]], [[-111.41549706459045, 26.114878070648828], [-111.4160978794098, 26.11563911977875], [-111.41669869422913, 26.11644833113904], [-111.41690254211426, 26.116631366264972], [-111.41720294952394, 26.116997435656845]], [[-111.39999389648439, 26.09764235301588], [-111.40010118484498, 26.097825417584826], [-111.40040159225465, 26.098181910923152], [-111.40079855918886, 26.098914164101927], [-111.40100240707397, 26.099752395665725], [-111.40109896659852, 26.09996436131642], [-111.40119552612305, 26.10034975242438], [-111.4013993740082, 26.100725507531894], [-111.40160322189331, 26.100918201990535], [-111.40180706977846, 26.101274685902016], [-111.40200018882751, 26.101563726113625], [-111.40249371528627, 26.101833496333256], [-111.40290141105653, 26.101997285091564], [-111.40329837799072, 26.102209246673567], [-111.40350222587587, 26.10234413111661], [-111.40380263328552, 26.102594630383834], [-111.40419960021974, 26.102835494557812], [-111.40460729599, 26.102989647368794], [-111.40499353408815, 26.10301855099823], [-111.4054012298584, 26.102989647368794], [-111.4057981967926, 26.102999281912734], [-111.4061951637268, 26.103134165444548], [-111.40669941902162, 26.10353881510647], [-111.40760064125061, 26.104405916809764], [-111.40799760818481, 26.104723852489954], [-111.40829801559448, 26.105041787305666], [-111.40850186347963, 26.10519593720816], [-111.4088022708893, 26.105523505076217], [-111.40899538993835, 26.10568728866611], [-111.4091992378235, 26.105831803407852], [-111.40949964523317, 26.10615936949455], [-111.4101004600525, 26.106669985387683], [-111.41030430793762, 26.106814498914837], [-111.41059398651124, 26.107170964851463], [-111.41120553016664, 26.107671942168608], [-111.41149520874025, 26.10799950309993], [-111.41169905662537, 26.108192185572026], [-111.41190290451051, 26.108616085892802], [-111.41209602355957, 26.109502417960513], [-111.41229987144472, 26.10970473194702], [-111.41260027885438, 26.110070823032647], [-111.41299724578859, 26.11064885925469], [-111.41339421272279, 26.111053482909515], [-111.41369462013246, 26.111458105163813], [-111.4142954349518, 26.11283573709881], [-111.4142954349518, 26.11306694646178], [-111.41459584236145, 26.11370276985181], [-111.41479969024658, 26.113905076568763], [-111.41510009765626, 26.114300055340287], [-111.41529321670532, 26.114685399196933], [-111.41549706459045, 26.114878070648828]], [[-111.4153575897217, 26.114752834241227], [-111.41549706459045, 26.114878070648828]]]}}, {"type": "Feature", "id": 1, "properties": {"CRURIMT2KG": 70198, "CRURIMT2KG_1": 70198, "DESCRIPCIO": "Caminos Rurales (rev.) 2 carriles", "ESTADO": "BCS", "FNODE_": 0, "ID_IMT": 420, "LENGTH": 0.062, "LPOLY_": 0, "RPOLY_": 0, "TNODE_": 0, "extrude": 0, "fid": 76, "layer": "CAMINOS_RURALES", "path": "D:/Back-up/Escritorio Brenda/Datos_SIG/Mapoteca/BCS/BCS/camr-bcsg.shp", "tessellate": -1, "visibility": -1}, "geometry": {"type": "LineString", "coordinates": [[-111.39999389648439, 26.004039624064333], [-111.40000462532045, 26.004049266746293], [-111.40000462532045, 26.004589255672325], [-111.4001977443695, 26.004753180390782], [-111.40029430389404, 26.00477246563674], [-111.40079855918886, 26.00476282301417], [-111.40090584754944, 26.004753180390782], [-111.40100240707397, 26.004724252515917], [-111.4013993740082, 26.004685682005004], [-111.40160322189331, 26.00473389514167], [-111.40180706977846, 26.004830321355612], [-111.40200018882751, 26.004878534432876], [-111.40230059623718, 26.004859249204348], [-111.40260100364685, 26.00480139349974], [-111.40290141105653, 26.00477246563674], [-111.4032018184662, 26.00477246563674], [-111.40350222587587, 26.00473389514167], [-111.40370607376099, 26.004618183580448], [-111.4039957523346, 26.004396402769455], [-111.40410304069519, 26.004367474806717], [-111.40440344810486, 26.00432890417863], [-111.40470385551453, 26.00426140554902], [-111.40489697456361, 26.00411676549781], [-111.40510082244873, 26.003933554510578], [-111.40510082244873, 26.0038371275604], [-111.40529394149782, 26.003711772406817], [-111.40549778938293, 26.00361534527457], [-111.40560507774354, 26.003586417119447], [-111.4057981967926, 26.00356713167875], [-111.40609860420227, 26.003480347156405], [-111.40650629997253, 26.00347070442774], [-111.40660285949707, 26.003461061698303], [-111.40669941902162, 26.003422490772568], [-111.40679597854614, 26.00336463436021], [-111.40679597854614, 26.003277849688253], [-111.40690326690674, 26.00318142219976], [-111.40690326690674, 26.00289213925931], [-111.40699982643129, 26.002786068669305], [-111.40699982643129, 26.002708926361862], [-111.40709638595582, 26.00266071239398], [-111.40730023384094, 26.002602855606405], [-111.40750408172607, 26.00249678475516], [-111.40790104866028, 26.002178571626715], [-111.40850186347963, 26.002014643315018], [-111.40889883041382, 26.001802500454414], [-111.40910267829896, 26.00175428611447], [-111.40940308570863, 26.00156142855682], [-111.40959620475769, 26.001503571227786], [-111.40989661216737, 26.00152285700729], [-111.41000390052795, 26.00156142855682], [-111.41000390052795, 26.00160000009369], [-111.4101004600525, 26.001686786005312], [-111.4101004600525, 26.001841071912114], [-111.41000390052795, 26.001937500500937], [-111.41000390052795, 26.00202428616322], [-111.40989661216737, 26.00213035744114], [-111.40989661216737, 26.002236428623277], [-111.40980005264284, 26.00233285688756], [-111.40980005264284, 26.00284392536664], [-111.40989661216737, 26.002940353132196], [-111.41000390052795, 26.00313320842584], [-111.41000390052795, 26.003219993204663], [-111.41019701957704, 26.0033453488831], [-111.41040086746216, 26.003441776237008], [-111.41089439392091, 26.003518918063143], [-111.4110016822815, 26.00355748895721], [-111.41130208969118, 26.003711772406817], [-111.41160249710084, 26.003759985943265], [-111.41199946403505, 26.003769628648175], [-111.41220331192018, 26.003846770258974], [-111.41220331192018, 26.003914269126874], [-111.41229987144472, 26.003981767955985], [-111.41220331192018, 26.00406855210783], [-111.41220331192018, 26.004367474806717], [-111.41239643096924, 26.004444616024855], [-111.41260027885438, 26.004406045422115], [-111.41290068626405, 26.00425176288449], [-111.41329765319826, 26.004010696013722], [-111.41350150108337, 26.003943197201238], [-111.41410231590271, 26.00360570255699], [-111.4142954349518, 26.00355748895721], [-111.41440272331239, 26.00348998988428], [-111.41479969024658, 26.003162136692563], [-111.41510009765626, 26.00284392536664], [-111.41519665718079, 26.002718569153068], [-111.41519665718079, 26.002593212805706], [-111.41579747200014, 26.001927857645626]]}}, {"type": "Feature", "id": 2, "properties": {"CRURIMT2KG": 70199, "CRURIMT2KG_1": 70199, "DESCRIPCIO": "Caminos Rurales (rev.) 2 carriles", "ESTADO": "BCS", "FNODE_": 0, "ID_IMT": 420, "LENGTH": 0, "LPOLY_": 0, "RPOLY_": 0, "TNODE_": 0, "extrude": 0, "fid": 77, "layer": "CAMINOS_RURALES", "path": "D:/Back-up/Escritorio Brenda/Datos_SIG/Mapoteca/BCS/BCS/camr-bcsg.shp", "tessellate": -1, "visibility": -1}, "geometry": {"type": "LineString", "coordinates": [[-111.41579747200014, 26.001927857645626], [-111.41590476036072, 26.001841071912114]]}}, {"type": "Feature", "id": 3, "properties": {"CRURIMT2KG": 70200, "CRURIMT2KG_1": 70200, "DESCRIPCIO": "Caminos Rurales (rev.) 2 carriles", "ESTADO": "BCS", "FNODE_": 0, "ID_IMT": 420, "LENGTH": 0.059, "LPOLY_": 0, "RPOLY_": 0, "TNODE_": 0, "extrude": 0, "fid": 78, "layer": "CAMINOS_RURALES", "path": "D:/Back-up/Escritorio Brenda/Datos_SIG/Mapoteca/BCS/BCS/camr-bcsg.shp", "tessellate": -1, "visibility": -1}, "geometry": {"type": "LineString", "coordinates": [[-111.41590476036072, 26.001841071912114], [-111.4160978794098, 26.001744643244106], [-111.41639828681947, 26.00145535676515], [-111.41669869422913, 26.001262498716713], [-111.41720294952394, 26.000770709260046], [-111.417396068573, 26.00054892118437], [-111.41750335693361, 26.00045249145566], [-111.41769647598267, 26.000356061647768], [-111.41780376434328, 26.000249988767674], [-111.41809344291687, 25.999922126532752], [-111.418297290802, 25.99966176469433], [-111.418297290802, 25.99952676203241], [-111.4184045791626, 25.999411045341578], [-111.4184045791626, 25.999285685464553], [-111.41850113868715, 25.999169968536247], [-111.41850113868715, 25.999063894585195], [-111.41859769821168, 25.998967463637456], [-111.41870498657227, 25.998899961926956], [-111.41870498657227, 25.998822817067474], [-111.41889810562135, 25.998629954697098], [-111.41889810562135, 25.9983406605479], [-111.4188015460968, 25.998234585848046], [-111.4188015460968, 25.99814779738601], [-111.41870498657227, 25.99806100885987], [-111.41870498657227, 25.99795493390752], [-111.41850113868715, 25.997742783715466], [-111.41850113868715, 25.997636708475795], [-111.418297290802, 25.997443844158298], [-111.418297290802, 25.997337768648713], [-111.41809344291687, 25.997135260591744], [-111.41809344291687, 25.997048471317626], [-111.41799688339233, 25.996961681979386], [-111.41799688339233, 25.996874892577054], [-111.41790032386781, 25.99679774638781], [-111.41790032386781, 25.99643130129716], [-111.41799688339233, 25.996325224873406], [-111.41799688339233, 25.996315581557397]]}}, {"type": "Feature", "id": 2, "properties": {"CRURIMT2KG": 70200, "CRURIMT2KG_1": 70200, "DESCRIPCIO": "Caminos Rurales (rev.) 2 carriles", "ESTADO": "BCS", "FNODE_": 0, "ID_IMT": 420, "LENGTH": 0.059, "LPOLY_": 0, "RPOLY_": 0, "TNODE_": 0, "extrude": 0, "fid": 78, "layer": "CAMINOS_RURALES", "path": "D:/Back-up/Escritorio Brenda/Datos_SIG/Mapoteca/BCS/BCS/camr-bcsg.shp", "tessellate": -1, "visibility": -1}, "geometry": {"type": "LineString", "coordinates": [[-111.41873717308044, 25.998784244618726], [-111.41889810562135, 25.998629954697098], [-111.41889810562135, 25.9983406605479], [-111.4188015460968, 25.998234585848046], [-111.4188015460968, 25.99814779738601], [-111.41870498657227, 25.99806100885987], [-111.41870498657227, 25.99795493390752], [-111.41850113868715, 25.997742783715466], [-111.41850113868715, 25.997636708475795], [-111.418297290802, 25.997443844158298], [-111.418297290802, 25.997337768648713], [-111.41809344291687, 25.997135260591744], [-111.41809344291687, 25.997048471317626], [-111.41799688339233, 25.996961681979386], [-111.41799688339233, 25.996874892577054], [-111.41790032386781, 25.99679774638781], [-111.41790032386781, 25.99643130129716], [-111.41799688339233, 25.996325224873406], [-111.41799688339233, 25.996219148353866], [-111.41809344291687, 25.996132358403027], [-111.41809344291687, 25.996016638368847], [-111.41820073127748, 25.995910561570714], [-111.41820073127748, 25.995717694419675], [-111.418297290802, 25.995621260725436], [-111.418297290802, 25.995534470332945], [-111.41850113868715, 25.99538017614357], [-111.41870498657227, 25.995264455368563], [-111.41889810562135, 25.995100517408883], [-111.41889810562135, 25.994666562882127], [-111.41899466514587, 25.994473693689116], [-111.41899466514587, 25.994271180695737], [-111.41910195350647, 25.994165102321833], [-111.41929507255556, 25.994010806334277], [-111.41940236091614, 25.993952945286704], [-111.42000317573549, 25.993461125232045], [-111.42049670219421, 25.992969303118905], [-111.42089366912842, 25.99276678753284], [-111.42100095748903, 25.992737856706327], [-111.4213013648987, 25.992728213095916], [-111.42150521278381, 25.992651064184102], [-111.42160177230835, 25.992573915221612], [-111.42190217971802, 25.992265318865236], [-111.42190217971802, 25.992159238680564], [-111.42220258712769, 25.991840997551993], [-111.42220258712769, 25.99174456067622], [-111.42229914665222, 25.99163848002146], [-111.42229914665222, 25.9915420429795], [-111.42239570617677, 25.991445605858402], [-111.42259955406189, 25.991329881208603], [-111.42289996147156, 25.991243087646485], [-111.4231038093567, 25.991223800179533], [-111.42340421676637, 25.99115629402026], [-111.42359733581543, 25.99105021283449], [-111.42369389533997, 25.990953775309784], [-111.42369389533997, 25.990838050175686], [-111.42380118370058, 25.990731968702647], [-111.4238977432251, 25.990606599565616], [-111.4238977432251, 25.990490874089634], [-111.42410159111024, 25.99024977898203], [-111.42410159111024, 25.99014369697799], [-111.42419815063478, 25.990056902539838], [-111.42419815063478, 25.989979751874326], [-111.42430543899536, 25.98991224500045], [-111.42430543899536, 25.9897772311364], [-111.42440199851991, 25.989700080287285], [-111.42440199851991, 25.989536134564787], [-111.42449855804445, 25.98945898355742], [-111.42449855804445, 25.98938183249942], [-111.42459511756897, 25.989295037498596], [-111.42459511756897, 25.98920824243371], [-111.4246916770935, 25.989005720366332], [-111.4246916770935, 25.988909281163984], [-111.42479896545412, 25.98880319795], [-111.42479896545412, 25.988687470698263], [-111.42489552497865, 25.98857174333257], [-111.42489552497865, 25.988002748793892], [-111.42500281333923, 25.98790630876857], [-111.42500281333923, 25.987819512678126], [-111.42509937286377, 25.987742360543916], [-111.42519593238832, 25.98762663224767], [-111.42519593238832, 25.987346955061273], [-111.4253032207489, 25.98726015855778], [-111.4253032207489, 25.98710585350441], [-111.42509937286377, 25.98697083641655], [-111.42509937286377, 25.98689368372528], [-111.42459511756897, 25.986507919509304], [-111.42459511756897, 25.986440410641347], [-111.42449855804445, 25.98636325760191], [-111.42449855804445, 25.98618966307804], [-111.4246916770935, 25.986045000778965], [-111.4246916770935, 25.985977491645137], [-111.42500281333923, 25.985717098908633], [-111.42500281333923, 25.985225244388083], [-111.4257001876831, 25.984752676341568], [-111.42579674720764, 25.98465623364968], [-111.42579674720764, 25.984588723718282], [-111.42600059509277, 25.984559790878674], [-111.42609715461731, 25.98452121374811], [-111.42620444297792, 25.98450192517809], [-111.42630100250246, 25.98450192517809], [-111.42649412155151, 25.984559790878674], [-111.42669796943665, 25.98468516646555], [-111.42669796943665, 25.984781609133698], [-111.42690181732179, 25.984945561487972], [-111.42690181732179, 25.98504200394249], [-111.42699837684633, 25.985138446317887], [-111.427298784256, 25.985360263481017], [-111.42739534378052, 25.985485638214143], [-111.42749190330505, 25.985543503430506], [-111.4276957511902, 25.985582080225573], [-111.42789959907533, 25.985562791829615], [-111.42810344696045, 25.985485638214143], [-111.42810344696045, 25.985398840336217], [-111.42829656600954, 25.985215600161226], [-111.42829656600954, 25.985128802083903], [-111.42839312553407, 25.9850612924239], [-111.42850041389465, 25.985032359700593], [-111.4285969734192, 25.985032359700593], [-111.4285969734192, 25.985070936663416], [-111.4287042617798, 25.985119157849134], [-111.42889738082886, 25.98524453283943], [-111.42900466918947, 25.98528310973262], [-111.42919778823853, 25.98527346551051], [-111.42929434776308, 25.985215600161226], [-111.4294981956482, 25.985138446317887], [-111.42979860305786, 25.985099869377226], [-111.42990589141846, 25.985051648183582], [-111.43000245094301, 25.984984138479277], [-111.4302921295166, 25.984743032075933], [-111.43049597740173, 25.98455014659721], [-111.43049597740173, 25.98445370373917], [-111.43060326576233, 25.984347616503936], [-111.43060326576233, 25.984231884865398], [-111.43069982528688, 25.98411615311292], [-111.43069982528688, 25.98365322496368], [-111.43079638481142, 25.983547137006063], [-111.43079638481142, 25.983363893944677], [-111.430903673172, 25.983296383271117], [-111.43100023269653, 25.983277094500124], [-111.43139719963075, 25.983547137006063], [-111.43150448799135, 25.983585714456257], [-111.4316976070404, 25.9835760700949], [-111.43180489540102, 25.983547137006063], [-111.43199801445007, 25.983412115830628], [-111.43199801445007, 25.983315672038945], [-111.43209457397462, 25.983219228168153], [-111.43209457397462, 25.983132428616784], [-111.43229842185974, 25.983016695781938], [-111.43259882926941, 25.98296847373379], [-111.43280267715456, 25.982958829321788], [-111.43289923667909, 25.982978118145006], [-111.43309235572815, 25.983074562213602], [-111.43319964408876, 25.98310349541875], [-111.43329620361328, 25.98310349541875], [-111.43340349197388, 25.98305527340621], [-111.43370389938354, 25.98283345189375], [-111.43389701843263, 25.98265985215728], [-111.43389701843263, 25.982563407748465], [-111.43410086631775, 25.982351229770583], [-111.43410086631775, 25.982254785108594], [-111.4341974258423, 25.98213905140977], [-111.4343047142029, 25.982052251060896], [-111.4343047142029, 25.98195580615364], [-111.43520593643188, 25.981213177717766], [-111.43520593643188, 25.9811167321222], [-111.43539905548096, 25.980962419004733], [-111.43539905548096, 25.98052841227602], [-111.4356029033661, 25.98042232149865], [-111.43569946289064, 25.98042232149865], [-111.4358925819397, 25.9804898338226], [-111.43599987030031, 25.980547701497976], [-111.43620371818542, 25.980711659756885], [-111.43620371818542, 25.981386779590412], [-111.43630027770998, 25.98148322496446], [-111.43639683723451, 25.981541092150895], [-111.43639683723451, 25.98158931478452], [-111.43660068511963, 25.981666470957173], [-111.4367938041687, 25.98178220512121], [-111.4367938041687, 25.981840072160498], [-111.43710494041444, 25.98199438412603], [-111.43720149993896, 25.98202331759702], [-111.43769502639772, 25.98232229638029], [-111.43769502639772, 25.98246696326053], [-111.43780231475831, 25.98263091884294], [-111.43789887428284, 25.98283345189375], [-111.43789887428284, 25.983402471455022], [-111.43800616264343, 25.983508559543182], [-111.43800616264343, 25.98391362227194], [-111.4381992816925, 25.984106508795076], [-111.4381992816925, 25.984202951937956], [-111.43829584121704, 25.984289750698903], [-111.43840312957765, 25.984366905099286], [-111.43849968910219, 25.984405482280472], [-111.43869280815125, 25.98442477086633], [-111.43900394439697, 25.984289750698903], [-111.43919706344606, 25.984087220157004], [-111.43919706344606, 25.983855756253273], [-111.43930435180664, 25.983749668478424], [-111.43930435180664, 25.983556781369796], [-111.43940091133118, 25.983498915175492], [-111.43949747085573, 25.98348927080701], [-111.43949747085573, 25.983518203910098], [-111.43959403038025, 25.9835760700949], [-111.43959403038025, 25.983990776919168], [-111.43970131874084, 25.98403899854798], [-111.43970131874084, 25.984087220157004], [-111.44000172615051, 25.98425117347973], [-111.4401948451996, 25.98438619369147], [-111.4401948451996, 25.984472992317105], [-111.44039869308472, 25.984598367996565], [-111.44049525260927, 25.98463694510181], [-111.440806388855, 25.984675522194383], [-111.44090294837953, 25.984675522194383], [-111.44109606742859, 25.984627300826684], [-111.44139647483826, 25.984608012274066], [-111.44170761108398, 25.984627300826684], [-111.44190073013307, 25.984665877922424], [-111.44210457801819, 25.98468516646555], [-111.44220113754274, 25.98471409927431], [-111.44299507141115, 25.984771964870443], [-111.44310235977173, 25.9847623206064], [-111.44339203834535, 25.984675522194383], [-111.44370317459108, 25.98450192517809], [-111.44389629364014, 25.984357260802], [-111.44410014152527, 25.984231884865398], [-111.44410014152527, 25.984174019003397], [-111.4441967010498, 25.984145086061716], [-111.44429326057436, 25.98412579742998], [-111.44440054893495, 25.98412579742998], [-111.44470095634462, 25.984174019003397], [-111.44500136375429, 25.984270462090894], [-111.44530177116394, 25.984299395001724], [-111.44539833068849, 25.984280106395293], [-111.44550561904907, 25.984222240557045], [-111.44569873809816, 25.98403899854798], [-111.44599914550781, 25.983720735432307], [-111.44599914550781, 25.983614647535617], [-111.44619226455688, 25.983479626437727], [-111.44629955291748, 25.98345069332515], [-111.44668579101562, 25.9834410489527]]}}, {"type": "Feature", "id": 1, "properties": {"CARIMT2KG_": 1664, "CARIMT2KG__1": 1664, "CENTRO": "BCS", "DESCRIPCIO": "Carretera Federal Libre (pav.) 2 carriles", "FNODE_": 0, "LENGTH": 0.127, "LPOLY_": 0, "PAISGEO_ID": 100, "RPOLY_": 0, "TNODE_": 0, "extrude": 0, "fid": 21, "layer": "CARRETERA_FEDERAL_LIBRE", "path": "D:/Back-up/Escritorio Brenda/Datos_SIG/Mapoteca/BCS/BCS/camf-bcsg.shp", "tessellate": -1, "visibility": -1}, "geometry": {"type": "MultiLineString", "coordinates": [[[-111.42960548400879, 25.536313705497715], [-111.42929434776308, 25.536517001289216], [-111.42889738082886, 25.536720296736103], [-111.4276957511902, 25.537456029758662], [-111.42690181732179, 25.53782389457727], [-111.42639756202698, 25.537978784689603], [-111.42600059509277, 25.538133674601895], [-111.4257001876831, 25.5383563285003], [-111.42489552497865, 25.538888760059308], [-111.4240050315857, 25.539701923696096], [-111.42380118370058, 25.540060101167615], [-111.42359733581543, 25.54085389607519], [-111.42340421676637, 25.54128951299853], [-111.42329692840576, 25.54174448898428], [-111.4231038093567, 25.542189782958133], [-111.42239570617677, 25.543699898033058], [-111.42190217971802, 25.544813111710162], [-111.42179489135742, 25.545026073148726], [-111.42160177230835, 25.545258394286623], [-111.42079710960388, 25.547000788469564], [-111.42070055007936, 25.547446062919835], [-111.42060399055482, 25.547668699524714], [-111.42060399055482, 25.54814301091266], [-111.42049670219421, 25.548385005795684], [-111.42049670219421, 25.54862700019015], [-111.42060399055482, 25.54886899409602], [-111.42060399055482, 25.54934330073428], [-111.42070055007936, 25.549594972882186], [-111.42070055007936, 25.549846644501624], [-111.42079710960388, 25.550088635945045], [-111.42079710960388, 25.55034030652789], [-111.42089366912842, 25.55060165618919], [-111.42089366912842, 25.551869677936807], [-111.42079710960388, 25.552121344779636], [-111.42079710960388, 25.552363331630133], [-111.42070055007936, 25.552595638546894], [-111.42049670219421, 25.55342806796734], [-111.42019629478455, 25.55379588377627], [-111.42000317573549, 25.55410562252919], [-111.41979932785034, 25.55426049160541], [-111.41899466514587, 25.554744456178593], [-111.41850113868715, 25.554976758479427], [-111.41809344291687, 25.55521873956391], [-111.417396068573, 25.55557687067215], [-111.4169991016388, 25.55581885054474], [-111.41660213470459, 25.556022113260056], [-111.4160978794098, 25.55617697985935], [-111.41560435295105, 25.55628345053025], [-111.41519665718079, 25.556389921106547], [-111.41389846801758, 25.556631899337177], [-111.41299724578859, 25.556951309853332], [-111.41260027885438, 25.55718360787572], [-111.41229987144472, 25.55729007765212], [-111.41190290451051, 25.5575223750177], [-111.41160249710084, 25.557638523531615], [-111.41120553016664, 25.557870820221606], [-111.41089439392091, 25.55798696839771], [-111.41040086746216, 25.558228943402966], [-111.41000390052795, 25.558461238948226], [-111.40969276428223, 25.55856770758928], [-111.40929579734802, 25.558800002477717], [-111.40899538993835, 25.558906470817725], [-111.40859842300415, 25.5591194072139], [-111.4077937602997, 25.559371058830525], [-111.40679597854614, 25.559622709918553], [-111.40650629997253, 25.559680783171498], [-111.40600204467775, 25.559816287318867], [-111.40560507774354, 25.560009864406403], [-111.40519738197327, 25.56029055062773], [-111.40489697456361, 25.56064866657601], [-111.40460729599, 25.561248750359702]], [[-111.40472531318665, 25.56102613898422], [-111.40460729599, 25.561248750359702]], [[-111.40460729599, 25.561248750359702], [-111.4045000076294, 25.56170365057974], [-111.4045000076294, 25.56215854907232], [-111.40440344810486, 25.562390836998], [-111.40440344810486, 25.562623124473237], [-111.40429615974428, 25.56285541149802], [-111.40429615974428, 25.56310705526655], [-111.40419960021974, 25.563358698506416], [-111.40419960021974, 25.563503877058178], [-111.40419960021974, 25.563600662661596], [-111.40410304069519, 25.563852304864476], [-111.40410304069519, 25.564355587684226], [-111.4039957523346, 25.564616906775793], [-111.4039957523346, 25.56486854684362], [-111.40389919281007, 25.565149221680212], [-111.40389919281007, 25.56540086062968], [-111.40380263328552, 25.56565249905046], [-111.40380263328552, 25.565904136942535], [-111.40370607376099, 25.56613641760444], [-111.40370607376099, 25.566368697815836], [-111.4035987854004, 25.56660097757674], [-111.4035987854004, 25.56683325688714], [-111.40350222587587, 25.567065535747055], [-111.40350222587587, 25.56730749241373], [-111.40339493751526, 25.567539770353857], [-111.40339493751526, 25.56778172606242], [-111.40329837799072, 25.5682559578332], [-111.40329837799072, 25.568488233933703], [-111.4032018184662, 25.56873018772601], [-111.4032018184662, 25.568972141029466], [-111.402804851532, 25.569910915218745], [-111.40249371528627, 25.57057869856452]], [[-111.40274047851562, 25.57004640779294], [-111.40249371528627, 25.57057869856452]], [[-111.40249371528627, 25.57057869856452], [-111.40230059623718, 25.570801292185536], [-111.40209674835206, 25.571256156124388], [-111.40190362930298, 25.571478748486044], [-111.40180706977846, 25.571730374135743], [-111.40160322189331, 25.571952965615836], [-111.4013993740082, 25.572417503023974], [-111.40119552612305, 25.57265944887693], [-111.40109896659852, 25.57290139424097], [-111.40090584754944, 25.573123983544075], [-111.40070199966432, 25.573617549653108], [-111.40049815177917, 25.573840137624806], [-111.40040159225465, 25.574072402893208], [-111.4001977443695, 25.574294990019265], [-111.40010118484498, 25.57449822138163]], [[-111.40010118484498, 25.57449822138163], [-111.39999389648439, 25.574604675767095]], [[-111.40010118484498, 25.57449822138163], [-111.39969348907472, 25.574914360713873], [-111.39939308166505, 25.57531114338122], [-111.39900684356691, 25.57566921441555], [-111.39859914779665, 25.57598857416424], [-111.39829874038698, 25.576259545404103], [-111.39799833297731, 25.576462773431505], [-111.39769792556764, 25.57660793609698], [-111.39730095863344, 25.57666600111389], [-111.39549851417543, 25.57673374359802], [-111.39499425888062, 25.57673374359802], [-111.39399647712708, 25.576762776079484], [-111.3925051689148, 25.576830518508842], [-111.39119625091553, 25.576849873481617], [-111.39019846916199, 25.576898260899867], [-111.38780593872072, 25.57696600325256], [-111.3873016834259, 25.57696600325256], [-111.38619661331177, 25.577014390623866], [-111.38480186462402, 25.57704342303727], [-111.3832998275757, 25.577111165307816], [-111.38289213180543, 25.57723697227998], [-111.38239860534668, 25.577662779512405], [-111.38220548629762, 25.57802084351275], [-111.38200163841249, 25.57821439117511], [-111.38179779052734, 25.578611162904565], [-111.38149738311769, 25.579007933318852], [-111.38130426406862, 25.579356316012863], [-111.38089656829835, 25.579898242632524], [-111.38030648231506, 25.580372426411987], [-111.37999534606934, 25.580595001823895], [-111.37959837913513, 25.580836931149985], [-111.37929797172546, 25.581069182842977], [-111.37819290161133, 25.581707872674848], [-111.37750625610352, 25.581901414375242], [-111.37719511985779, 25.58194979975144], [-111.37670159339906, 25.581978830967767], [-111.37489914894105, 25.581940122677757], [-111.37280702590944, 25.581872383140134], [-111.37200236320496, 25.581872383140134], [-111.37149810791017, 25.581920768528057], [-111.37100458145142, 25.582027216312653], [-111.37000679969789, 25.58229817388259], [-111.36860132217409, 25.582636869982327], [-111.36810779571533, 25.58278202516023], [-111.36720657348634, 25.582994919102664], [-111.36640191078186, 25.583207812666398], [-111.36609077453613, 25.58325619751443], [-111.36569380760193, 25.583352967151804], [-111.36540412902832, 25.583352967151804], [-111.36450290679933, 25.58328522841386], [-111.36399865150452, 25.583314259306245], [-111.36360168457031, 25.583449736710925], [-111.36309742927553, 25.58382713724385], [-111.36290431022644, 25.584194859695245], [-111.36260390281677, 25.584572257878317], [-111.36229276657106, 25.58521092901519], [-111.36209964752199, 25.585665738201342], [-111.36189579963684, 25.585897980523303], [-111.36160612106325, 25.586614058178498], [-111.36139154434206, 25.586846298659893], [-111.36119842529297, 25.587330131548406], [-111.36100530624391, 25.58758172387726], [-111.36080145835876, 25.588055877212863], [-111.3606083393097, 25.58828811489578], [-111.3605010509491, 25.588520352127937], [-111.36010408401489, 25.588926766199503], [-111.35849475860597, 25.590329851788677]], [[-111.35879516601562, 25.590058912405123], [-111.35849475860597, 25.590329851788677]], [[-111.35849475860597, 25.590329851788677], [-111.35820508003236, 25.5905137031638], [-111.35800123214722, 25.590678201523094], [-111.35759353637697, 25.591026550243182], [-111.35700345039368, 25.591568424013882], [-111.35669231414795, 25.59173292092293], [-111.35610222816469, 25.592284467731975]], [[-111.35610222816469, 25.592284467731975], [-111.35604858398439, 25.59231349644096]], [[-111.35610222816469, 25.592284467731975], [-111.35579109191896, 25.592477992325474], [-111.35540485382081, 25.592855364382324], [-111.35510444641115, 25.59304888805224], [-111.3545036315918, 25.59361010492455], [-111.35420322418213, 25.593803627373468], [-111.35379552841187, 25.59418099524832], [-111.3534951210022, 25.5943648407048], [-111.35289430618288, 25.59492605140303], [-111.35260462760927, 25.595119571722922], [-111.35199308395387, 25.595661426952944], [-111.35170340538025, 25.595854946083065], [-111.35130643844606, 25.59623230748623], [-111.35099530220032, 25.596425825692677], [-111.35040521621704, 25.596977350863277], [-111.35009407997133, 25.597170867864257], [-111.34950399398805, 25.59769336220289], [-111.34869933128358, 25.598302936046277], [-111.34830236434937, 25.598525478103795], [-111.3474977016449, 25.598777046887545], [-111.34700417518617, 25.598844776854293], [-111.34649991989136, 25.598883479675223], [-111.34599566459657, 25.5988544525607], [-111.34510517120361, 25.5987189925998], [-111.34300231933594, 25.598477099430863], [-111.34249806404115, 25.598457747956214], [-111.34190797805786, 25.598467423693933], [-111.34110331535341, 25.59859320821302], [-111.3405990600586, 25.598728668316387], [-111.34010553359987, 25.59890283108098], [-111.33960127830505, 25.59912537202219], [-111.33910775184633, 25.599386615207376], [-111.33889317512512, 25.599531750063658], [-111.33860349655153, 25.599657533463308], [-111.33820652961732, 25.599909099865684], [-111.3378953933716, 25.600054234087864], [-111.33689761161806, 25.60058639139555]]]}}, {"type": "Feature", "id": 1, "properties": {"CARIMT2KG_": 1641, "CARIMT2KG__1": 1641, "CENTRO": "BCS", "DESCRIPCIO": "Carretera Federal Libre (pav.) 2 carriles", "FNODE_": 0, "LENGTH": 0.072, "LPOLY_": 0, "PAISGEO_ID": 100, "RPOLY_": 0, "TNODE_": 0, "extrude": 0, "fid": 11, "layer": "CARRETERA_FEDERAL_LIBRE", "path": "D:/Back-up/Escritorio Brenda/Datos_SIG/Mapoteca/BCS/BCS/camf-bcsg.shp", "tessellate": -1, "visibility": -1}, "geometry": {"type": "MultiLineString", "coordinates": [[[-111.37929797172546, 26.077744417416714], [-111.37959837913513, 26.0781009719369], [-111.37980222702028, 26.07846716193537], [-111.37999534606934, 26.078650256505068], [-111.38030648231506, 26.078997171746515], [-111.38059616088869, 26.07927663049893], [-111.38099312782288, 26.079440450836724], [-111.38149738311769, 26.079527179158042], [-111.38310670852661, 26.079893364695202], [-111.38360023498537, 26.079941546917436], [-111.38399720191957, 26.079912637586474], [-111.38439416885377, 26.079835546002325]], [[-111.37929797172546, 26.077744417416714], [-111.37929797172546, 26.07775405403964]], [[-111.37709856033327, 26.075296689503524], [-111.37719511985779, 26.075614704290174], [-111.3780963420868, 26.07644346603903], [-111.37830018997192, 26.076578380187094], [-111.37860059738159, 26.076886754798853], [-111.37890100479126, 26.07723367526618], [-111.37909412384035, 26.077580594705502], [-111.37929797172546, 26.077744417416714]], [[-111.36390209197998, 26.037890200923844], [-111.36399865150452, 26.038295076091753], [-111.36429905891418, 26.03893130567439], [-111.3644063472748, 26.039365096592636], [-111.36459946632385, 26.039789246161142], [-111.36469602584839, 26.04021339419554], [-111.36489987373353, 26.040608621664955], [-111.36499643325806, 26.041003847802287], [-111.3652002811432, 26.041379793379637], [-111.36540412902832, 26.04213168091835], [-111.3655972480774, 26.042507622879686], [-111.36569380760193, 26.042902842616293], [-111.36569380760193, 26.043722196363063], [-111.36550068855287, 26.04413669078339], [-111.36540412902832, 26.044541544383968], [-111.3652002811432, 26.04495603590766], [-111.36499643325806, 26.045804293062385], [-111.364803314209, 26.04619950168631], [-111.36469602584839, 26.04660434816354], [-111.36469602584839, 26.047018832394198], [-111.364803314209, 26.047635736442306], [-111.36499643325806, 26.048483974207617], [-111.36499643325806, 26.048927368778497], [-111.3650929927826, 26.049139426458645], [-111.3650929927826, 26.04936112271408], [-111.3652002811432, 26.049592457490093], [-111.3652002811432, 26.049823791809565], [-111.36530756950378, 26.05004548677063], [-111.36530756950378, 26.05026718131239], [-111.36540412902832, 26.050488875434844], [-111.36550068855287, 26.0509129847616], [-111.36550068855287, 26.051153955286303], [-111.36609077453613, 26.053775682577196], [-111.36630535125734, 26.054170864325105], [-111.36649847030641, 26.05436363542588], [-111.36670231819153, 26.05472026112637], [-111.36689543724061, 26.054893754317998], [-111.36720657348634, 26.05610819946747], [-111.36709928512573, 26.0565033733497], [-111.36709928512573, 26.05690818423748], [-111.36699199676515, 26.057303355421862], [-111.36699199676515, 26.057698525273544], [-111.36720657348634, 26.058459946351828], [-111.3673996925354, 26.059250276921183], [-111.36749625205994, 26.059462315923025], [-111.36770009994508, 26.06028155391558], [-111.36789321899415, 26.06069598977693], [-111.36810779571533, 26.061524857101567], [-111.36820435523987, 26.061968202333126], [-111.36839747428895, 26.062382632228037], [-111.36860132217409, 26.06321148761956], [-111.36879444122314, 26.063558448600347], [-111.36899828910829, 26.06384758196599], [-111.36929869651796, 26.064088525892213], [-111.36969566345216, 26.064252367478975], [-111.37010335922243, 26.064310193866643], [-111.37050032615663, 26.064339107049776], [-111.37090802192688, 26.064425846556354], [-111.3711977005005, 26.06459932537681], [-111.37149810791017, 26.064869180809087], [-111.37159466743469, 26.06521613687995], [-111.37140154838563, 26.06589077074248], [-111.3711977005005, 26.066526850539695], [-111.37140154838563, 26.0671147394018], [-111.37169122695923, 26.067326764169042], [-111.37239933013916, 26.067577338399115], [-111.37360095977785, 26.06796283616784], [-111.37390136718751, 26.068155584576385], [-111.37420177459718, 26.06844470659443], [-111.37439489364624, 26.0687820147134], [-111.37449145317078, 26.069138596525683], [-111.37470602989197, 26.06950481455417], [-111.3748025894165, 26.069861394165727], [-111.37499570846559, 26.070227609933955], [-111.37510299682617, 26.070574550131713], [-111.37529611587526, 26.07095040085272], [-111.37539267539978, 26.071316613215455], [-111.37560725212099, 26.07168282443297], [-111.37570381164552, 26.07203939741274], [-111.3758969306946, 26.07241524343223], [-111.37600421905519, 26.072819999334897], [-111.37649774551392, 26.073841519915494], [-111.37660503387453, 26.074265544708933], [-111.37689471244812, 26.074911215876813], [-111.37709856033327, 26.075296689503524]], [[-111.3770878314972, 26.075287052678327], [-111.37709856033327, 26.075296689503524]], [[-111.36390209197998, 26.037890200923844], [-111.36398792266846, 26.03827579635355]], [[-111.36309742927553, 26.035827243839968], [-111.36330127716064, 26.036232126129622], [-111.3633978366852, 26.03665628702919], [-111.36360168457031, 26.037070806426218], [-111.36369824409486, 26.0374756844229], [-111.36390209197998, 26.037890200923844]], [[-111.35869860649109, 26.028963312355792], [-111.35890245437623, 26.02913684366184], [-111.3590955734253, 26.029474264911087], [-111.35939598083496, 26.029830966319366], [-111.35980367660522, 26.030534725376608], [-111.35999679565431, 26.030708254358345], [-111.36020064353944, 26.031064952014688], [-111.3605010509491, 26.031402367718435], [-111.36070489883424, 26.03175906326428], [-111.36100530624391, 26.032115757725528], [-111.36119842529297, 26.032491731794348], [-111.36149883270264, 26.03284842402777], [-111.3617992401123, 26.03338828048015], [-111.36200308799745, 26.033571445497692], [-111.36260390281677, 26.03465114926262], [-111.36300086975099, 26.03542236015264], [-111.36309742927553, 26.035827243839968]], [[-111.36308670043947, 26.03580796369608], [-111.36309742927553, 26.035827243839968]], [[-111.35869860649109, 26.028963312355792], [-111.35879516601562, 26.02904043741239]], [[-111.35649919509889, 26.0257915004882], [-111.35679960250856, 26.026119290489657], [-111.35700345039368, 26.02646636125785], [-111.35730385780334, 26.02681343099942], [-111.35749697685243, 26.027179781279568], [-111.35780811309816, 26.027536489663746], [-111.35800123214722, 26.027902837686256], [-111.35830163955688, 26.0282595438722], [-111.35869860649109, 26.028963312355792]], [[-111.35604858398439, 26.025020226284454], [-111.35649919509889, 26.0257915004882]], [[-111.3534951210022, 26.021453017151412], [-111.3541066646576, 26.022378573721987], [-111.35429978370668, 26.02269673210726], [-111.3545036315918, 26.022860631544876], [-111.35510444641115, 26.02383438230727], [-111.3552975654602, 26.023978998068035], [-111.35569453239442, 26.024615305298138], [-111.35589838027954, 26.024769561076727], [-111.35649919509889, 26.0257915004882]]]}}, {"type": "Feature", "id": 2, "properties": {"CARIMT2KG_": 1638, "CARIMT2KG__1": 1638, "CENTRO": "BCS", "DESCRIPCIO": "Carretera Federal Libre (pav.) 2 carriles", "FNODE_": 0, "LENGTH": 0.119, "LPOLY_": 0, "PAISGEO_ID": 100, "RPOLY_": 0, "TNODE_": 0, "extrude": 0, "fid": 10, "layer": "CARRETERA_FEDERAL_LIBRE", "path": "D:/Back-up/Escritorio Brenda/Datos_SIG/Mapoteca/BCS/BCS/camf-bcsg.shp", "tessellate": -1, "visibility": -1}, "geometry": {"type": "LineString", "coordinates": [[-111.38439416885377, 26.079835546002325], [-111.38489842414856, 26.079816273098356], [-111.38559579849243, 26.079893364695202], [-111.3860034942627, 26.07998972911985], [-111.38670086860657, 26.0801246391811], [-111.38739824295044, 26.080115002753306], [-111.38780593872072, 26.080143912034295], [-111.38829946517944, 26.08033664039176], [-111.3889002799988, 26.08062573233299], [-111.389297246933, 26.0807510052858], [-111.38970494270325, 26.080837732636134], [-111.39049887657166, 26.08097264172003], [-111.39179706573486, 26.081261732090514], [-111.39219403266907, 26.08141591332951], [-111.39260172843933, 26.081599003287046], [-111.39299869537355, 26.081811001827436], [-111.39340639114381, 26.082051908793627], [-111.39380335807802, 26.082312087760208], [-111.39440417289735, 26.082890261170864], [-111.39469385147095, 26.08323716384636], [-111.39609932899475, 26.085993076347805], [-111.39620661735536, 26.08637851348274], [-111.39620661735536, 26.086802492864944], [-111.39609932899475, 26.087197563179434], [-111.39609932899475, 26.087592632160153], [-111.3963031768799, 26.0883827661202], [-111.3965928554535, 26.088922366734295], [-111.39700055122377, 26.089606499649758], [-111.39709711074829, 26.089828119313903], [-111.3972043991089, 26.090252086197445], [-111.3972043991089, 26.091148192964432], [-111.39730095863344, 26.09136980970846], [-111.39730095863344, 26.092053928313756], [-111.39739751815796, 26.09248752254173], [-111.39739751815796, 26.093161999257852], [-111.3974940776825, 26.09358595406059], [-111.3976013660431, 26.093952095608373], [-111.39790177345277, 26.09427969496924], [-111.39880299568176, 26.095098689357833], [-111.39919996261597, 26.095368474489177], [-111.39939308166505, 26.095696069883616], [-111.39959692955017, 26.096428338624435], [-111.39959692955017, 26.096794471275814], [-111.39969348907472, 26.097141332730533], [-111.40010118484498, 26.097825417584826], [-111.40040159225465, 26.098181910923152], [-111.40079855918886, 26.098914164101927], [-111.40100240707397, 26.099752395665725], [-111.40109896659852, 26.09996436131642], [-111.40119552612305, 26.10034975242438], [-111.4013993740082, 26.100725507531894], [-111.40160322189331, 26.100918201990535], [-111.40180706977846, 26.101274685902016], [-111.40200018882751, 26.101563726113625], [-111.40249371528627, 26.101833496333256], [-111.40274047851562, 26.10192984268945]]}}, {"type": "Feature", "id": 2, "properties": {"CRURIMT2KG": 70198, "CRURIMT2KG_1": 70198, "DESCRIPCIO": "Caminos Rurales (rev.) 2 carriles", "ESTADO": "BCS", "FNODE_": 0, "ID_IMT": 420, "LENGTH": 0.062, "LPOLY_": 0, "RPOLY_": 0, "TNODE_": 0, "extrude": 0, "fid": 76, "layer": "CAMINOS_RURALES", "path": "D:/Back-up/Escritorio Brenda/Datos_SIG/Mapoteca/BCS/BCS/camr-bcsg.shp", "tessellate": -1, "visibility": -1}, "geometry": {"type": "LineString", "coordinates": [[-111.36689543724061, 25.99652773432655], [-111.36689543724061, 25.996691670294894], [-111.36699199676515, 25.99667238372225], [-111.36720657348634, 25.99666274043474], [-111.3673996925354, 25.996691670294894], [-111.36820435523987, 25.99673024343067], [-111.3720989227295, 25.996845962762023], [-111.37219548225404, 25.996865249306158], [-111.37269973754883, 25.996865249306158], [-111.37459874153139, 25.996923108919603], [-111.37499570846559, 25.996913465652675], [-111.37580037117004, 25.996961681979386], [-111.37670159339906, 25.996961681979386], [-111.37830018997192, 25.997000255026524], [-111.37980222702028, 25.997009898286326], [-111.38119697570802, 25.997048471317626], [-111.38159394264223, 25.99703882806099], [-111.38239860534668, 25.99705811457347], [-111.38719439506532, 25.99703882806099], [-111.38989806175233, 25.997048471317626], [-111.39040231704712, 25.997077401082784], [-111.39060616493227, 25.997164190335543], [-111.3907027244568, 25.997241336284173], [-111.39089584350586, 25.99730883894766], [-111.39100313186647, 25.997395628029444], [-111.39119625091553, 25.997607778848355], [-111.39119625091553, 25.997723497315388], [-111.39129281044008, 25.997858502049528], [-111.39129281044008, 25.997993506628532], [-111.39140009880067, 25.99811886788442], [-111.39140009880067, 25.998784244618726], [-111.39129281044008, 25.998919248133912], [-111.39129281044008, 26.001889286216425], [-111.39140009880067, 26.002014643315018], [-111.39140009880067, 26.002120714601656], [-111.3914966583252, 26.00222678579249], [-111.3914966583252, 26.00234249970964], [-111.39170050621034, 26.00254499879033], [-111.39170050621034, 26.00266071239398], [-111.39190435409546, 26.002834282585727], [-111.39219403266907, 26.003027138053525], [-111.39260172843933, 26.0031428511822], [-111.392902135849, 26.003162136692563], [-111.39299869537355, 26.003191064952176], [-111.39399647712708, 26.00337427709759], [-111.39440417289735, 26.00361534527457], [-111.39459729194641, 26.003682844275456], [-111.39480113983156, 26.003808199459904], [-111.39499425888062, 26.003875698349965], [-111.39530539512634, 26.00405890942745], [-111.39549851417543, 26.00411676549781], [-111.39559507369997, 26.00418426421055], [-111.39570236206055, 26.004232477553035], [-111.39589548110963, 26.004280690875724], [-111.39600276947021, 26.00432890417863], [-111.39620661735536, 26.004377117461743], [-111.39639973640442, 26.0044735439686], [-111.3965928554535, 26.004531399834704], [-111.39700055122377, 26.00477246563674], [-111.3972043991089, 26.00491710488046], [-111.3972043991089, 26.004994245737606], [-111.39730095863344, 26.00506174394605], [-111.39739751815796, 26.00510031433347], [-111.3976013660431, 26.005138884708202], [-111.39779448509216, 26.005196740246557], [-111.39799833297731, 26.005225668005053], [-111.39810562133789, 26.005264238338643], [-111.3985025882721, 26.005331736391913], [-111.39880299568176, 26.005360664117156], [-111.39900684356691, 26.005360664117156], [-111.39919996261597, 26.005302808659536], [-111.39929652214052, 26.00523531058965], [-111.39929652214052, 26.005158169890816], [-111.39939308166505, 26.00506174394605], [-111.39929652214052, 26.00497496052807], [-111.39929652214052, 26.004608540945192], [-111.39939308166505, 26.00451211454917], [-111.39939308166505, 26.004203549549917], [-111.39969348907472, 26.004001053328594], [-111.3998007774353, 26.00397212526848], [-111.39989733695984, 26.00397212526848], [-111.39989733695984, 26.00399141064269], [-111.40000462532045, 26.004049266746293], [-111.40000462532045, 26.004589255672325], [-111.4001977443695, 26.004753180390782], [-111.40029430389404, 26.00477246563674], [-111.40079855918886, 26.00476282301417], [-111.40090584754944, 26.004753180390782], [-111.40100240707397, 26.004724252515917], [-111.4013993740082, 26.004685682005004], [-111.40160322189331, 26.00473389514167], [-111.40180706977846, 26.004830321355612], [-111.40200018882751, 26.004878534432876], [-111.40230059623718, 26.004859249204348], [-111.40260100364685, 26.00480139349974], [-111.40274047851562, 26.004791750879534]]}}, {"type": "Feature", "id": 3, "properties": {"CARIMT2KG_": 1642, "CARIMT2KG__1": 1642, "CENTRO": "BCS", "DESCRIPCIO": "Carretera Federal Libre (pav.) 4 carriles", "FNODE_": 0, "LENGTH": 0.033, "LPOLY_": 0, "PAISGEO_ID": 105, "RPOLY_": 0, "TNODE_": 0, "extrude": 0, "fid": 12, "layer": "CARRETERA_FEDERAL_LIBRE", "path": "D:/Back-up/Escritorio Brenda/Datos_SIG/Mapoteca/BCS/BCS/camf-bcsg.shp", "tessellate": -1, "visibility": -1}, "geometry": {"type": "LineString", "coordinates": [[-111.36646628379822, 25.996315581557397], [-111.36640191078186, 25.99658559410621], [-111.36640191078186, 25.998620311570278], [-111.36630535125734, 25.999083180765233], [-111.36630535125734, 26.001802500454414], [-111.36619806289674, 26.002207500128556], [-111.36619806289674, 26.00399141064269], [-111.36609077453613, 26.004299976199263], [-111.36609077453613, 26.004608540945192], [-111.3659942150116, 26.004907462269756], [-111.3659942150116, 26.005187097658816], [-111.36580109596254, 26.005736723896923], [-111.36580109596254, 26.006122424984298], [-111.36550068855287, 26.00685525356049], [-111.36530756950378, 26.00727952064608], [-111.3650929927826, 26.007472368814643], [-111.36489987373353, 26.00761700473325], [-111.36469602584839, 26.007877348937814], [-111.36429905891418, 26.00818590428472], [-111.3590955734253, 26.01166673812726], [-111.35890245437623, 26.01181136887957], [-111.35869860649109, 26.01199456757672], [-111.35849475860597, 26.012148839942093], [-111.35830163955688, 26.012389890107176], [-111.35809779167177, 26.01258272988293], [-111.3579046726227, 26.012823779157188], [-111.35770082473755, 26.012997334328233], [-111.35710000991823, 26.01357584971209], [-111.35679960250856, 26.013768687539894], [-111.35659575462341, 26.013961525050952], [-111.35604858398439, 26.014327915449343]]}}, {"type": "Feature", "id": 1, "properties": {"CARIMT2KG_": 1858, "CARIMT2KG__1": 1858, "CENTRO": "BCS", "DESCRIPCIO": "Carretera Federal Libre (pav.) 2 carriles", "FNODE_": 0, "LENGTH": 0.083, "LPOLY_": 0, "PAISGEO_ID": 100, "RPOLY_": 0, "TNODE_": 0, "extrude": 0, "fid": 22, "layer": "CARRETERA_FEDERAL_LIBRE", "path": "D:/Back-up/Escritorio Brenda/Datos_SIG/Mapoteca/BCS/BCS/camf-bcsg.shp", "tessellate": -1, "visibility": -1}, "geometry": {"type": "MultiLineString", "coordinates": [[[-111.35849475860597, 25.92196140242305], [-111.35899901390076, 25.922221936230677], [-111.35980367660522, 25.922762300810813], [-111.36010408401489, 25.922897391568807], [-111.36029720306398, 25.92304213149484], [-111.36070489883424, 25.923302662913848], [-111.36100530624391, 25.923447402342262], [-111.36160612106325, 25.923862321052002], [-111.36189579963684, 25.9239974105493], [-111.36250734329224, 25.924421976532884], [-111.36300086975099, 25.92469215408983], [-111.36360168457031, 25.925116717570898], [-111.36390209197998, 25.925251805630534], [-111.36450290679933, 25.925686016202107], [-111.36530756950378, 25.926332504533644], [-111.36589765548707, 25.926863201259955], [-111.36619806289674, 25.92722986305677], [-111.36640191078186, 25.927422842491648], [-111.36670231819153, 25.927818449345242], [-111.36689543724061, 25.928011427816323], [-111.36709928512573, 25.92842633045907], [-111.36730313301088, 25.928648254528824], [-111.36749625205994, 25.929072803758658], [-111.36770009994508, 25.92930437542117], [-111.36810779571533, 25.93022100878628], [-111.36830091476442, 25.930703444535578], [-111.36830091476442, 25.93094466166954], [-111.36849403381348, 25.93143674309165], [-111.36849403381348, 25.93169725595376], [-111.36860132217409, 25.93193847105327], [-111.36860132217409, 25.932189334232934], [-111.36869788169862, 25.93244984543112], [-111.36869788169862, 25.93323137556975], [-111.36879444122314, 25.933491884463965], [-111.36879444122314, 25.934524265898865], [-111.36869788169862, 25.934784771934375], [-111.36869788169862, 25.936386388976608], [-111.36860132217409, 25.93681091032514], [-111.36860132217409, 25.938904550052868], [-111.36849403381348, 25.93917469440402], [-111.36849403381348, 25.941538431048354], [-111.36839747428895, 25.941943638281476], [-111.36839747428895, 25.944837935117317], [-111.36830091476442, 25.945281721009195], [-111.36830091476442, 25.947413799474774], [-111.36820435523987, 25.947847928368365], [-111.36820435523987, 25.95085784467537], [-111.36810779571533, 25.951108667560902], [-111.36810779571533, 25.954803419688655], [-111.36800050735475, 25.955054234167562], [-111.36800050735475, 25.956809920555312], [-111.36800050735475, 25.958652398436204], [-111.36789321899415, 25.958912851097693], [-111.36789321899415, 25.959279413126282], [-111.36789321899415, 25.963060723201483], [-111.3677966594696, 25.963436918323396], [-111.3677966594696, 25.9681344330462], [-111.36770009994508, 25.968549194328354], [-111.36770009994508, 25.972310915921163], [-111.36760354042055, 25.972561693083296], [-111.36760354042055, 25.97605322725233], [-111.36749625205994, 25.97628470651666], [-111.36749625205994, 25.979708617417383], [-111.3673996925354, 25.97994008948598], [-111.3673996925354, 25.983026340189195], [-111.36730313301088, 25.983257805725962], [-111.36730313301088, 25.98622823966105], [-111.36720657348634, 25.986478987142068], [-111.36720657348634, 25.987838800703777], [-111.36689543724061, 25.988282424419832], [-111.36659502983095, 25.98836922016844], [-111.36649847030641, 25.988378864136553]], [[-111.35849475860597, 25.92196140242305], [-111.35879516601562, 25.922115792897074]], [[-111.35649919509889, 25.920755219883997], [-111.35700345039368, 25.921025405845366], [-111.35780811309816, 25.92155612646665], [-111.35809779167177, 25.921691218606938], [-111.35849475860597, 25.92196140242305]], [[-111.35460019111633, 25.91958762343088], [-111.35500788688661, 25.91983851290038], [-111.35540485382081, 25.920108700962736], [-111.35589838027954, 25.920369238864975], [-111.35649919509889, 25.920755219883997]], [[-111.35604858398439, 25.920465734238196], [-111.35649919509889, 25.920755219883997]], [[-111.35460019111633, 25.91958762343088], [-111.35487914085388, 25.919761316197402]], [[-111.35140299797058, 25.91771558515003], [-111.35260462760927, 25.91845861421091], [-111.35289430618288, 25.918584060213703], [-111.35330200195314, 25.918825302151614], [-111.3541066646576, 25.91933673342746], [-111.35460019111633, 25.91958762343088]], [[-111.34899973869324, 25.916306711995997], [-111.35019063949586, 25.917020800493074], [-111.35140299797058, 25.91771558515003]], [[-111.35065197944641, 25.917290995012845], [-111.35140299797058, 25.91771558515003]]]}}, {"type": "Feature", "id": 2, "properties": {"CARIMT2KG_": 1860, "CARIMT2KG__1": 1860, "CENTRO": "BCS", "DESCRIPCIO": "Carretera Federal Libre (pav.) 2 carriles", "FNODE_": 0, "LENGTH": 0.008, "LPOLY_": 0, "PAISGEO_ID": 100, "RPOLY_": 0, "TNODE_": 0, "extrude": 0, "fid": 24, "layer": "CARRETERA_FEDERAL_LIBRE", "path": "D:/Back-up/Escritorio Brenda/Datos_SIG/Mapoteca/BCS/BCS/camf-bcsg.shp", "tessellate": -1, "visibility": -1}, "geometry": {"type": "LineString", "coordinates": [[-111.36649847030641, 25.988378864136553], [-111.36679887771606, 25.989401120268663], [-111.36679887771606, 25.98973865571817], [-111.36670231819153, 25.98997010803757], [-111.36670231819153, 25.991734916984292], [-111.36659502983095, 25.99227496251364], [-111.36659502983095, 25.993827579585908], [-111.36649847030641, 25.994242250239623], [-111.36649847030641, 25.99593949161607]]}}, {"type": "Feature", "id": 3, "properties": {"CRURIMT2KG": 70198, "CRURIMT2KG_1": 70198, "DESCRIPCIO": "Caminos Rurales (rev.) 2 carriles", "ESTADO": "BCS", "FNODE_": 0, "ID_IMT": 420, "LENGTH": 0.062, "LPOLY_": 0, "RPOLY_": 0, "TNODE_": 0, "extrude": 0, "fid": 76, "layer": "CAMINOS_RURALES", "path": "D:/Back-up/Escritorio Brenda/Datos_SIG/Mapoteca/BCS/BCS/camr-bcsg.shp", "tessellate": -1, "visibility": -1}, "geometry": {"type": "LineString", "coordinates": [[-111.36689543724061, 25.99652773432655], [-111.36689543724061, 25.996691670294894], [-111.36699199676515, 25.99667238372225], [-111.36720657348634, 25.99666274043474], [-111.3673996925354, 25.996691670294894], [-111.36820435523987, 25.99673024343067], [-111.3720989227295, 25.996845962762023], [-111.37219548225404, 25.996865249306158], [-111.37269973754883, 25.996865249306158], [-111.37459874153139, 25.996923108919603], [-111.37499570846559, 25.996913465652675], [-111.37580037117004, 25.996961681979386], [-111.37670159339906, 25.996961681979386], [-111.37830018997192, 25.997000255026524], [-111.37980222702028, 25.997009898286326], [-111.38119697570802, 25.997048471317626], [-111.38159394264223, 25.99703882806099], [-111.38239860534668, 25.99705811457347], [-111.38719439506532, 25.99703882806099], [-111.38989806175233, 25.997048471317626], [-111.39040231704712, 25.997077401082784], [-111.39060616493227, 25.997164190335543], [-111.3907027244568, 25.997241336284173], [-111.39089584350586, 25.99730883894766], [-111.39100313186647, 25.997395628029444], [-111.39119625091553, 25.997607778848355], [-111.39119625091553, 25.997723497315388], [-111.39129281044008, 25.997858502049528], [-111.39129281044008, 25.997993506628532], [-111.39140009880067, 25.99811886788442], [-111.39140009880067, 25.998784244618726]]}}, {"type": "Feature", "id": 4, "properties": {"CARIMT2KG_": 1642, "CARIMT2KG__1": 1642, "CENTRO": "BCS", "DESCRIPCIO": "Carretera Federal Libre (pav.) 4 carriles", "FNODE_": 0, "LENGTH": 0.033, "LPOLY_": 0, "PAISGEO_ID": 105, "RPOLY_": 0, "TNODE_": 0, "extrude": 0, "fid": 12, "layer": "CARRETERA_FEDERAL_LIBRE", "path": "D:/Back-up/Escritorio Brenda/Datos_SIG/Mapoteca/BCS/BCS/camf-bcsg.shp", "tessellate": -1, "visibility": -1}, "geometry": {"type": "LineString", "coordinates": [[-111.36649847030641, 25.996161288393765], [-111.36640191078186, 25.99658559410621], [-111.36640191078186, 25.998620311570278], [-111.36636972427368, 25.998784244618726]]}}, {"type": "Feature", "id": 5, "properties": {"CARIMT2KG_": 1859, "CARIMT2KG__1": 1859, "CENTRO": "BCS", "DESCRIPCIO": "Carretera Federal Libre (pav.) 2 carriles", "FNODE_": 0, "LENGTH": 0.014, "LPOLY_": 0, "PAISGEO_ID": 100, "RPOLY_": 0, "TNODE_": 0, "extrude": 0, "fid": 23, "layer": "CARRETERA_FEDERAL_LIBRE", "path": "D:/Back-up/Escritorio Brenda/Datos_SIG/Mapoteca/BCS/BCS/camf-bcsg.shp", "tessellate": -1, "visibility": -1}, "geometry": {"type": "LineString", "coordinates": [[-111.36649847030641, 25.988378864136553], [-111.36409521102907, 25.98870675858146], [-111.36369824409486, 25.98873569040033], [-111.36139154434206, 25.989034652111616], [-111.35980367660522, 25.98920824243371], [-111.35749697685243, 25.98948791519113], [-111.35719656944276, 25.98950720294296], [-111.35679960250856, 25.9895650661795], [-111.35604858398439, 25.98964221711723]]}}, {"type": "Feature", "id": 6, "properties": {"CARIMT2KG_": 1643, "CARIMT2KG__1": 1643, "CENTRO": "BCS", "DESCRIPCIO": "Carretera Federal Libre (pav.) 2 carriles", "FNODE_": 0, "LENGTH": 0, "LPOLY_": 0, "PAISGEO_ID": 100, "RPOLY_": 0, "TNODE_": 0, "extrude": 0, "fid": 13, "layer": "CARRETERA_FEDERAL_LIBRE", "path": "D:/Back-up/Escritorio Brenda/Datos_SIG/Mapoteca/BCS/BCS/camf-bcsg.shp", "tessellate": -1, "visibility": -1}, "geometry": {"type": "LineString", "coordinates": [[-111.36649847030641, 25.99593949161607], [-111.36649847030641, 25.996161288393765]]}}, {"type": "Feature", "id": 2, "properties": {"CARIMT2KG_": 1642, "CARIMT2KG__1": 1642, "CENTRO": "BCS", "DESCRIPCIO": "Carretera Federal Libre (pav.) 4 carriles", "FNODE_": 0, "LENGTH": 0.033, "LPOLY_": 0, "PAISGEO_ID": 105, "RPOLY_": 0, "TNODE_": 0, "extrude": 0, "fid": 12, "layer": "CARRETERA_FEDERAL_LIBRE", "path": "D:/Back-up/Escritorio Brenda/Datos_SIG/Mapoteca/BCS/BCS/camf-bcsg.shp", "tessellate": -1, "visibility": -1}, "geometry": {"type": "LineString", "coordinates": [[-111.35879516601562, 26.01190778928212], [-111.35869860649109, 26.01199456757672], [-111.35849475860597, 26.012148839942093], [-111.35830163955688, 26.012389890107176], [-111.35809779167177, 26.01258272988293], [-111.3579046726227, 26.012823779157188], [-111.35770082473755, 26.012997334328233], [-111.35710000991823, 26.01357584971209], [-111.35679960250856, 26.013768687539894], [-111.35659575462341, 26.013961525050952], [-111.35600566864015, 26.01435684095841], [-111.35540485382081, 26.014800364538342], [-111.3538920879364, 26.01587059932023], [-111.35360240936281, 26.01609235846013], [-111.35320544242859, 26.016304475506296], [-111.35289430618288, 26.01652623382657], [-111.35260462760927, 26.01674799172791], [-111.35240077972412, 26.016989032449864], [-111.35199308395387, 26.017586811304493], [-111.35179996490479, 26.018252077740943], [-111.35179996490479, 26.018608813262542], [-111.35199308395387, 26.01929335676759], [-111.35260462760927, 26.020218930369566], [-111.35299086570741, 26.02084561668512], [-111.35320544242859, 26.021134855394447], [-111.3534951210022, 26.021453017151412]]}}, {"type": "Feature", "id": 3, "properties": {"CARIMT2KG_": 1859, "CARIMT2KG__1": 1859, "CENTRO": "BCS", "DESCRIPCIO": "Carretera Federal Libre (pav.) 2 carriles", "FNODE_": 0, "LENGTH": 0.014, "LPOLY_": 0, "PAISGEO_ID": 100, "RPOLY_": 0, "TNODE_": 0, "extrude": 0, "fid": 23, "layer": "CARRETERA_FEDERAL_LIBRE", "path": "D:/Back-up/Escritorio Brenda/Datos_SIG/Mapoteca/BCS/BCS/camf-bcsg.shp", "tessellate": -1, "visibility": -1}, "geometry": {"type": "LineString", "coordinates": [[-111.35879516601562, 25.989323969172663], [-111.35749697685243, 25.98948791519113], [-111.35719656944276, 25.98950720294296], [-111.35679960250856, 25.9895650661795], [-111.35510444641115, 25.989757943428856], [-111.35469675064088, 25.98978687498897], [-111.35369896888734, 25.98991224500045], [-111.35320544242859, 25.989950820361695], [-111.35289430618288, 25.98999903954545], [-111.35279774665833, 25.990220847535884], [-111.35307669639587, 25.990423367509358]]}}, {"type": "Feature", "id": 2, "properties": {"CARIMT2KG_": 1652, "CARIMT2KG__1": 1652, "CENTRO": "BCS", "DESCRIPCIO": "Carretera Federal Libre (pav.) 2 carriles", "FNODE_": 0, "LENGTH": 0.121, "LPOLY_": 0, "PAISGEO_ID": 100, "RPOLY_": 0, "TNODE_": 0, "extrude": 0, "fid": 14, "layer": "CARRETERA_FEDERAL_LIBRE", "path": "D:/Back-up/Escritorio Brenda/Datos_SIG/Mapoteca/BCS/BCS/camf-bcsg.shp", "tessellate": -1, "visibility": -1}, "geometry": {"type": "LineString", "coordinates": [[-111.34249806404115, 25.877758819283084], [-111.34249806404115, 25.87806771572317], [-111.34259462356569, 25.87830904050486], [-111.34259462356569, 25.879303293404806], [-111.34270191192627, 25.879563921421177], [-111.34270191192627, 25.880316843570984], [-111.34279847145082, 25.880577469350634], [-111.34279847145082, 25.881591008581633], [-111.34290575981142, 25.881851631549342], [-111.34290575981142, 25.88285550723538], [-111.34300231933594, 25.883106474823443], [-111.34300231933594, 25.884100687334186], [-111.34309887886049, 25.884351652275797], [-111.34309887886049, 25.885114196325755], [-111.34319543838502, 25.885355506708184], [-111.34319543838502, 25.886118044275076], [-111.3433027267456, 25.886369004928852], [-111.3433027267456, 25.88737284220954], [-111.34339928627014, 25.887623800196117], [-111.34339928627014, 25.88835736663662], [-111.34349584579469, 25.888608322530377], [-111.34349584579469, 25.88935153493254], [-111.34359240531923, 25.88960248871295], [-111.34359240531923, 25.890355346853262], [-111.34369969367981, 25.89060629849971], [-111.34369969367981, 25.891590795960852], [-111.34380698204042, 25.891841744980834], [-111.34380698204042, 25.892575285210985], [-111.34390354156496, 25.893057874981565], [-111.34390354156496, 25.893801059369235], [-111.34400010108948, 25.89404235199529], [-111.34400010108948, 25.894775878549268], [-111.34409666061401, 25.895007517566544], [-111.34409666061401, 25.895741038121933], [-111.34420394897462, 25.89599197831795], [-111.34420394897462, 25.896725492754616], [-111.34430050849916, 25.896966779401737], [-111.34430050849916, 25.897951223809443], [-111.34439706802368, 25.8981925079504], [-111.34439706802368, 25.89891635741317], [-111.34449362754823, 25.89915763958071], [-111.34449362754823, 25.899891134340375], [-111.34460091590883, 25.900132414514726], [-111.34460091590883, 25.900846600939158], [-111.34470820426941, 25.901107181396046], [-111.34470820426941, 25.901840664036705], [-111.34480476379395, 25.902091591261723], [-111.34480476379395, 25.902834718759102], [-111.3449013233185, 25.903085643869964], [-111.3449013233185, 25.90358749249065], [-111.34499788284303, 25.903848066894042], [-111.34499788284303, 25.904591183327785], [-111.34510517120361, 25.90484210470282], [-111.34510517120361, 25.905585214875046], [-111.34520173072816, 25.90583613413576], [-111.34520173072816, 25.906579238046277], [-111.3452982902527, 25.906830155192637], [-111.3452982902527, 25.907331987884163], [-111.34539484977722, 25.907573252841285], [-111.34539484977722, 25.908345297387918], [-111.34550213813782, 25.90858656027243], [-111.34550213813782, 25.90934894774383], [-111.34559869766237, 25.9095998589984], [-111.34559869766237, 25.91051664558256], [-111.34570598602296, 25.910719302707825], [-111.34570598602296, 25.912012439973402], [-111.34559869766237, 25.91221509452837], [-111.34559869766237, 25.912639702942908], [-111.34589910507204, 25.913759117798467], [-111.34629607200624, 25.914415321566576], [-111.34649991989136, 25.914714472072585], [-111.3467037677765, 25.914868872036827], [-111.34700417518617, 25.915139071487758], [-111.34740114212038, 25.915389970423533], [-111.34899973869324, 25.916306711995997]]}}, {"type": "Feature", "id": 1, "properties": {"CARIMT2KG_": 1652, "CARIMT2KG__1": 1652, "CENTRO": "BCS", "DESCRIPCIO": "Carretera Federal Libre (pav.) 2 carriles", "FNODE_": 0, "LENGTH": 0.121, "LPOLY_": 0, "PAISGEO_ID": 100, "RPOLY_": 0, "TNODE_": 0, "extrude": 0, "fid": 14, "layer": "CARRETERA_FEDERAL_LIBRE", "path": "D:/Back-up/Escritorio Brenda/Datos_SIG/Mapoteca/BCS/BCS/camf-bcsg.shp", "tessellate": -1, "visibility": -1}, "geometry": {"type": "LineString", "coordinates": [[-111.33669376373291, 25.8382134077492], [-111.33659720420839, 25.83839687647122], [-111.33630752563478, 25.83881209410743], [-111.33609294891357, 25.839207997938384], [-111.33589982986452, 25.839410777436306], [-111.33569598197937, 25.83979702313759], [-111.33540630340576, 25.84018326757792], [-111.33519172668458, 25.840569510757295], [-111.33490204811098, 25.840965408707493], [-111.33450508117677, 25.841602705063995], [-111.33430123329163, 25.841815136419928], [-111.33419394493104, 25.84203722333871], [-111.33400082588196, 25.84226896576598], [-111.33390426635742, 25.842500707739276], [-111.3337004184723, 25.842732449258612], [-111.33360385894775, 25.842944878585847], [-111.33340001106264, 25.84317661923505], [-111.33319616317749, 25.84360147591282], [-111.33300304412843, 25.843823559478015], [-111.33270263671876, 25.844238758068414], [-111.3322949409485, 25.84504983948265], [-111.33219838142395, 25.845455378104187], [-111.33219838142395, 25.845860915335315], [-111.3324022293091, 25.84668164119149], [-111.3324022293091, 25.847106485280015], [-111.33249878883362, 25.847521672346666], [-111.33249878883362, 25.848409974663912], [-111.33260607719421, 25.848873434093864], [-111.33260607719421, 25.849568619833384], [-111.33270263671876, 25.85000310884538], [-111.33270263671876, 25.851200359196216], [-111.3327991962433, 25.851576911236325], [-111.3327991962433, 25.852330011719324], [-111.33300304412843, 25.853063797320015], [-111.33319616317749, 25.853421033398558], [-111.33329272270203, 25.853787923382814], [-111.33329272270203, 25.85417412213634], [-111.33350729942323, 25.85452169993596], [-111.33360385894775, 25.854849966919634], [-111.33379697799684, 25.855168578120427], [-111.33409738540651, 25.85548718846262], [-111.33430123329163, 25.85580579794622], [-111.3346016407013, 25.856124406571194], [-111.33479475975038, 25.856423704800406], [-111.3349986076355, 25.8565878357657], [-111.33529901504517, 25.85690644228316], [-111.33559942245485, 25.857186429119967], [-111.3364040851593, 25.857688472822023], [-111.33699417114259, 25.858103622734387], [-111.33730530738832, 25.858460843585057], [-111.33910775184633, 25.86074896235066], [-111.33999824523927, 25.861955758204914], [-111.34020209312439, 25.862380547413718], [-111.34039521217348, 25.86260259571072], [-111.34119987487794, 25.86440792942397], [-111.34119987487794, 25.864668590302113], [-111.34140372276308, 25.86515129411391], [-111.34140372276308, 25.865402299316866], [-111.34150028228761, 25.865653303986697], [-111.34150028228761, 25.866136003776393], [-111.34159684181213, 25.86638700688783], [-111.34159684181213, 25.867120705233607], [-111.34169340133667, 25.867362052377956], [-111.34169340133667, 25.86829847463133], [-111.34180068969728, 25.868539819370138], [-111.34180068969728, 25.869514847096333], [-111.34190797805786, 25.869756189350657], [-111.34190797805786, 25.870740860639593], [-111.3420045375824, 25.8709725468091], [-111.3420045375824, 25.871947554459947], [-111.34210109710695, 25.87219854522621], [-111.34210109710695, 25.873173542759236], [-111.34219765663148, 25.873424530920854], [-111.34219765663148, 25.874399518335693], [-111.34230494499207, 25.87465050389259], [-111.34230494499207, 25.8756254811889], [-111.34240150451662, 25.875866810960385], [-111.34240150451662, 25.876822472013306], [-111.34249806404115, 25.877083105504024], [-111.34249806404115, 25.87806771572317], [-111.34259462356569, 25.87830904050486], [-111.34259462356569, 25.879303293404806], [-111.34270191192627, 25.879563921421177], [-111.34270191192627, 25.880229968183283]]}}, {"type": "Feature", "id": 1, "properties": {"CARIMT2KG_": 1655, "CARIMT2KG__1": 1655, "CENTRO": "BCS", "DESCRIPCIO": "Carretera Federal Libre (pav.) 2 carriles", "FNODE_": 0, "LENGTH": 0.022, "LPOLY_": 0, "PAISGEO_ID": 100, "RPOLY_": 0, "TNODE_": 0, "extrude": 0, "fid": 16, "layer": "CARRETERA_FEDERAL_LIBRE", "path": "D:/Back-up/Escritorio Brenda/Datos_SIG/Mapoteca/BCS/BCS/camf-bcsg.shp", "tessellate": -1, "visibility": -1}, "geometry": {"type": "MultiLineString", "coordinates": [[[-111.32790684700014, 25.80251850469883], [-111.32730603218079, 25.802547482197006], [-111.32710218429567, 25.802692369581543], [-111.326801776886, 25.802817938504862], [-111.32650136947633, 25.802972484689366], [-111.32629752159119, 25.8031173715543], [-111.32590055465698, 25.8032912355584], [-111.32560014724731, 25.803474758397087], [-111.32529973983766, 25.80360998557005], [-111.32469892501832, 25.803919075671654], [-111.32439851760866, 25.80410259753803], [-111.32360458374025, 25.80445998140953], [-111.32330417633058, 25.804653161431826], [-111.32170557975769, 25.805454855158942], [-111.32090091705324, 25.805831552748], [-111.32060050964357, 25.806024730534265], [-111.3201928138733, 25.80621790800559], [-111.3197958469391, 25.80638210860858], [-111.31950616836549, 25.80655596782255], [-111.31870150566102, 25.806942320718044], [-111.31770372390748, 25.807618435253737], [-111.31710290908815, 25.80799512596431], [-111.31639480590822, 25.80832352201689], [-111.3161051273346, 25.808478061020796], [-111.31569743156435, 25.80865191715922], [-111.31539702415466, 25.808835431695247], [-111.31500005722047, 25.809009287309273], [-111.3137984275818, 25.809656414297027]], [[-111.31484985351564, 25.80908655638916], [-111.3137984275818, 25.809656414297027]], [[-111.3137984275818, 25.809656414297027], [-111.31349802017213, 25.809675731466214], [-111.31330490112305, 25.809917195815224], [-111.31300449371338, 25.810052415635724], [-111.31240367889406, 25.810390464511677], [-111.31210327148439, 25.810535342306093], [-111.31180286407472, 25.810651244414053], [-111.31150245666505, 25.81082509736337], [-111.31060123443604, 25.811143827107827], [-111.3098931312561, 25.81130802088392], [-111.30930304527284, 25.8113659715741], [-111.30900263786317, 25.81141426379424], [-111.30840182304384, 25.811462555994726], [-111.30799412727357, 25.811530165042296]]]}}, {"type": "Feature", "id": 2, "properties": {"CARIMT2KG_": 1656, "CARIMT2KG__1": 1656, "CENTRO": "BCS", "DESCRIPCIO": "Carretera Federal Libre (pav.) 2 carriles", "FNODE_": 0, "LENGTH": 0.077, "LPOLY_": 0, "PAISGEO_ID": 100, "RPOLY_": 0, "TNODE_": 0, "extrude": 0, "fid": 17, "layer": "CARRETERA_FEDERAL_LIBRE", "path": "D:/Back-up/Escritorio Brenda/Datos_SIG/Mapoteca/BCS/BCS/camf-bcsg.shp", "tessellate": -1, "visibility": -1}, "geometry": {"type": "LineString", "coordinates": [[-111.3266944885254, 25.798654774824335], [-111.32689833641054, 25.79910876961503], [-111.32700562477112, 25.799533784438847], [-111.3271987438202, 25.79992016022889], [-111.32740259170534, 25.80067358939664], [-111.32759571075441, 25.801040642897146], [-111.32769227027893, 25.801388376743752], [-111.32779955863954, 25.80168781340521], [-111.32790684700014, 25.801919634817065], [-111.32779955863954, 25.802180433363365], [-111.32790684700014, 25.80251850469883]]}}, {"type": "Feature", "id": 3, "properties": {"CARIMT2KG_": 1654, "CARIMT2KG__1": 1654, "CENTRO": "BCS", "DESCRIPCIO": "Carretera Federal Libre (pav.) 2 carriles", "FNODE_": 0, "LENGTH": 0.003, "LPOLY_": 0, "PAISGEO_ID": 100, "RPOLY_": 0, "TNODE_": 0, "extrude": 0, "fid": 15, "layer": "CARRETERA_FEDERAL_LIBRE", "path": "D:/Back-up/Escritorio Brenda/Datos_SIG/Mapoteca/BCS/BCS/camf-bcsg.shp", "tessellate": -1, "visibility": -1}, "geometry": {"type": "LineString", "coordinates": [[-111.32790684700014, 25.80251850469883], [-111.32819652557374, 25.802634414648985], [-111.32840037345886, 25.803127030672336], [-111.32870078086853, 25.803783848851403], [-111.32890462875368, 25.804295778142954], [-111.3290011882782, 25.804769069294046]]}}, {"type": "Feature", "id": 4, "properties": {"CARIMT2KG_": 1652, "CARIMT2KG__1": 1652, "CENTRO": "BCS", "DESCRIPCIO": "Carretera Federal Libre (pav.) 2 carriles", "FNODE_": 0, "LENGTH": 0.121, "LPOLY_": 0, "PAISGEO_ID": 100, "RPOLY_": 0, "TNODE_": 0, "extrude": 0, "fid": 14, "layer": "CARRETERA_FEDERAL_LIBRE", "path": "D:/Back-up/Escritorio Brenda/Datos_SIG/Mapoteca/BCS/BCS/camf-bcsg.shp", "tessellate": -1, "visibility": -1}, "geometry": {"type": "LineString", "coordinates": [[-111.3290011882782, 25.804769069294046], [-111.32920503616334, 25.805097474287965], [-111.3293981552124, 25.805783258252227], [-111.32960200309755, 25.80614063705485], [-111.32969856262207, 25.806507673622043], [-111.32990241050722, 25.806874709052266], [-111.32999897003175, 25.80726106090843], [-111.33020281791688, 25.807647411504764], [-111.33029937744142, 25.808053078275037], [-111.33059978485109, 25.80867123449219], [-111.33070707321168, 25.80908655638916], [-111.33099675178529, 25.809743341533547], [-111.33110404014587, 25.810177976759395], [-111.33159756660463, 25.811288703980896], [-111.33170485496522, 25.8117426503692], [-111.33219838142395, 25.812872679567917], [-111.3322949409485, 25.813326619886222], [-111.3324022293091, 25.813539101990678], [-111.33289575576782, 25.814678772227822], [-111.33300304412843, 25.815142363763], [-111.33350729942323, 25.81627236052809], [-111.33360385894775, 25.816716629807893], [-111.33419394493104, 25.818088059245788], [-111.33419394493104, 25.81831019068842], [-111.33430123329163, 25.818522663852377], [-111.33469820022583, 25.819430499440525], [-111.33469820022583, 25.819652628365084], [-111.33540630340576, 25.821217176813217], [-111.33550286293031, 25.82165176993575], [-111.33580327033998, 25.82232780051144], [-111.33589982986452, 25.82276238955761], [-111.33630752563478, 25.82366053519821], [-111.33630752563478, 25.82389231361238], [-111.33689761161806, 25.825225030688365], [-111.33699417114259, 25.825640294537767], [-111.33730530738832, 25.82631630233967], [-111.33740186691284, 25.82675087674535], [-111.33799195289613, 25.828093218723843], [-111.33799195289613, 25.828315331396446], [-111.33849620819092, 25.82945485942352], [-111.33860349655153, 25.82991839310926], [-111.33860349655153, 25.831444178669447], [-111.33849620819092, 25.8317049122088], [-111.33849620819092, 25.831946331640488], [-111.3383996486664, 25.832187750579727], [-111.3383996486664, 25.832429169026504], [-111.33820652961732, 25.832912004442697], [-111.33820652961732, 25.83314376474279], [-111.33799195289613, 25.8335976273491], [-111.33799195289613, 25.83383904291989], [-111.3378953933716, 25.834061144810068], [-111.33770227432252, 25.834978517765954], [-111.33759498596193, 25.835210274019047], [-111.33740186691284, 25.83609866878448], [-111.33730530738832, 25.836320766433705], [-111.33730530738832, 25.836552520058017], [-111.33719801902772, 25.83676496048156], [-111.33699417114259, 25.837595405750374], [-111.33659720420839, 25.83839687647122], [-111.33630752563478, 25.83881209410743], [-111.33609294891357, 25.839207997938384], [-111.33589982986452, 25.839410777436306], [-111.33569598197937, 25.83979702313759], [-111.33540630340576, 25.84018326757792], [-111.33519172668458, 25.840569510757295], [-111.33511662483217, 25.84068538346521]]}}, {"type": "Feature", "id": 1, "properties": {"CARIMT2KG_": 1656, "CARIMT2KG__1": 1656, "CENTRO": "BCS", "DESCRIPCIO": "Carretera Federal Libre (pav.) 2 carriles", "FNODE_": 0, "LENGTH": 0.077, "LPOLY_": 0, "PAISGEO_ID": 100, "RPOLY_": 0, "TNODE_": 0, "extrude": 0, "fid": 17, "layer": "CARRETERA_FEDERAL_LIBRE", "path": "D:/Back-up/Escritorio Brenda/Datos_SIG/Mapoteca/BCS/BCS/camf-bcsg.shp", "tessellate": -1, "visibility": -1}, "geometry": {"type": "MultiLineString", "coordinates": [[[-111.31469964981079, 25.771373259143566], [-111.31500005722047, 25.772068899816574], [-111.3152039051056, 25.772310440763164], [-111.3154935836792, 25.773015737513433], [-111.31569743156435, 25.77325727653278], [-111.31599783897401, 25.77396256765543], [-111.31620168685913, 25.774223427693595], [-111.3165020942688, 25.77494803590177], [-111.31670594215394, 25.775179909593803], [-111.31700634956361, 25.775904511960846], [-111.31719946861267, 25.77614604509982], [-111.31749987602234, 25.77688030282293], [-111.31770372390748, 25.77712183397546], [-111.31800413131715, 25.777846424482814], [-111.31819725036621, 25.778097614825704], [-111.31840109825136, 25.778571010564733], [-111.31860494613647, 25.77883186047086], [-111.31890535354614, 25.779556440534062], [-111.31909847259523, 25.77980762725627], [-111.3193988800049, 25.7805515232751], [-111.31960272789001, 25.780793046953377], [-111.3197958469391, 25.78127609283466], [-111.31999969482422, 25.78153693679264], [-111.32039666175842, 25.782522342124096], [-111.32060050964357, 25.782773522565947], [-111.3210940361023, 25.78402941679649], [-111.32129788398744, 25.784299915351742], [-111.32140517234802, 25.784551092029215], [-111.32140517234802, 25.78481192878512], [-111.32159829139711, 25.78506310437828], [-111.32159829139711, 25.785323940008144], [-111.32180213928223, 25.785575114516934], [-111.32209181785583, 25.786376937273875], [-111.32240295410156, 25.787159433773752], [-111.32240295410156, 25.78741060439513], [-111.32259607315065, 25.787932264755085], [-111.32450580596924, 25.792714044453422], [-111.32450580596924, 25.792955543362886], [-111.32489204406738, 25.793950513681406], [-111.32590055465698, 25.79643307311332], [-111.32599711418153, 25.79668422408995], [-111.32599711418153, 25.796925714911826], [-111.32659792900085, 25.798432606527115], [-111.32689833641054, 25.79910876961503], [-111.32700562477112, 25.799533784438847], [-111.3271987438202, 25.79992016022889], [-111.32740259170534, 25.80067358939664], [-111.32759571075441, 25.801040642897146], [-111.32761716842651, 25.80112757645446]], [[-111.31469964981079, 25.771373259143566], [-111.31484985351564, 25.771721079989792]], [[-111.31240367889406, 25.76779837469968], [-111.31280064582826, 25.76812688208731], [-111.31310105323793, 25.768503698265242], [-111.31340146064758, 25.768909498965126], [-111.3139057159424, 25.7699916273816], [-111.31409883499146, 25.77023317255613], [-111.31420612335206, 25.770445731903063], [-111.31449580192567, 25.771141378013052], [-111.31469964981079, 25.771373259143566]], [[-111.31210327148439, 25.767576148598373], [-111.31240367889406, 25.76779837469968]], [[-111.30310177803041, 25.761546899088543], [-111.30340218544008, 25.761711161546234], [-111.3040030002594, 25.762174960200028], [-111.30429267883301, 25.762329559348654], [-111.30490422248842, 25.762764368374846], [-111.30519390106203, 25.762928629148067], [-111.30580544471742, 25.763382760691293], [-111.30609512329102, 25.763527695924502], [-111.3065028190613, 25.76381756586007], [-111.3068997859955, 25.764126759677882], [-111.30740404129028, 25.764416628150688], [-111.30780100822449, 25.764687171420036], [-111.30840182304384, 25.765131634023994], [-111.3087022304535, 25.76526690492097], [-111.31030082702638, 25.76640703921329], [-111.31060123443604, 25.766532646558858], [-111.31159901618958, 25.767218653562352], [-111.31240367889406, 25.76779837469968]], [[-111.30310177803041, 25.761546899088543], [-111.30311250686647, 25.761556561592343]], [[-111.3000011444092, 25.759469442511335], [-111.30030155181886, 25.75960471985998], [-111.30069851875307, 25.75991392464956], [-111.30110621452332, 25.76020380340847], [-111.30139589309694, 25.760358405123856], [-111.30159974098207, 25.76049368145967], [-111.30199670791627, 25.76081254649856], [-111.30250096321106, 25.761102423063512], [-111.30310177803041, 25.761546899088543]], [[-111.2831997871399, 25.744317404309335], [-111.28340363502502, 25.744645976658624], [-111.28359675407411, 25.74480059862624], [-111.28419756889345, 25.745457739743703], [-111.28449797630311, 25.745815300295458], [-111.28470182418825, 25.745989248282896], [-111.28500223159791, 25.746356470975567], [-111.28520607948305, 25.746530418170675], [-111.28549575805664, 25.746897639190614], [-111.28569960594179, 25.74708124927494], [-111.28600001335145, 25.747438804940554], [-111.28620386123657, 25.747612750550942], [-111.28639698028566, 25.747960641007644], [-111.28660082817079, 25.74815391304336], [-111.28679394721986, 25.74855011973359], [-111.28690123558044, 25.748955988631472], [-111.286997795105, 25.74917824958316], [-111.28710508346559, 25.74960344328852], [-111.28720164299011, 25.749825703028797], [-111.28729820251466, 25.750241230992923], [-111.28789901733398, 25.751023965768038], [-111.28819942474365, 25.751352519568815], [-111.28849983215333, 25.75149746948612], [-111.289701461792, 25.75239615502527], [-111.29000186920166, 25.752541103668968], [-111.29080653190614, 25.753140222852956], [-111.29130005836488, 25.753430118147353], [-111.29149317741395, 25.753594391833424], [-111.29289865493776, 25.754589692248977], [-111.29349946975708, 25.75503419265277], [-111.29379987716675, 25.755188801098896], [-111.29419684410095, 25.755478691392877], [-111.2944006919861, 25.75560431030051], [-111.29519462585449, 25.756203414031923], [-111.29550576210023, 25.756338695101384], [-111.29650354385377, 25.7570827382286], [-111.29679322242738, 25.757227681152415], [-111.29720091819765, 25.757517566469275], [-111.29759788513185, 25.757826776693925], [-111.29780173301698, 25.75796205591402], [-111.29810214042665, 25.758116660548275], [-111.29889607429506, 25.758715751604683], [-111.29919648170473, 25.758860692535208], [-111.3000011444092, 25.759469442511335]], [[-111.29948616027833, 25.759082934951692], [-111.3000011444092, 25.759469442511335]]]}}, {"type": "Feature", "id": 1, "properties": {"CRURIMT2KG": 70165, "CRURIMT2KG_1": 70165, "DESCRIPCIO": "Caminos Rurales (rev.) 2 carriles", "ESTADO": "BCS", "FNODE_": 0, "ID_IMT": 420, "LENGTH": 0.039, "LPOLY_": 0, "RPOLY_": 0, "TNODE_": 0, "extrude": 0, "fid": 49, "layer": "CAMINOS_RURALES", "path": "D:/Back-up/Escritorio Brenda/Datos_SIG/Mapoteca/BCS/BCS/camr-bcsg.shp", "tessellate": -1, "visibility": -1}, "geometry": {"type": "MultiLineString", "coordinates": [[[-111.3154935836792, 25.608761965054242], [-111.31539702415466, 25.60877163995813], [-111.31539702415466, 25.60874261524409], [-111.31530046463014, 25.608732940337845]], [[-111.31530046463014, 25.608732940337845], [-111.31530046463014, 25.608694240705027]], [[-111.31530046463014, 25.608732940337845], [-111.3152039051056, 25.60872326543081]], [[-111.3152039051056, 25.60872326543081], [-111.3152039051056, 25.60875229014956]], [[-111.3152039051056, 25.60872326543081], [-111.315096616745, 25.608694240705027], [-111.315096616745, 25.60863619123231], [-111.31500005722047, 25.60860716648538], [-111.31500005722047, 25.608568466811853], [-111.31490349769594, 25.60853944204847], [-111.31490349769594, 25.608500742353023], [-111.31479620933533, 25.608462042645026]], [[-111.31484985351564, 25.608481392500583], [-111.31479620933533, 25.608462042645026]], [[-111.31479620933533, 25.608462042645026], [-111.31479620933533, 25.608423342924514], [-111.31469964981079, 25.608374968256253], [-111.31469964981079, 25.60833626850755], [-111.31460309028627, 25.608287893804036], [-111.31460309028627, 25.608249194027138], [-111.31439924240112, 25.60816211948332], [-111.31439924240112, 25.60812341966571], [-111.3143026828766, 25.608065369915803], [-111.3143026828766, 25.608026670066874], [-111.31420612335206, 25.607978295238084], [-111.31420612335206, 25.607939595360946], [-111.31400227546692, 25.607842845613337], [-111.31400227546692, 25.607784795727177], [-111.3139057159424, 25.60774609578742], [-111.3139057159424, 25.6076977208451], [-111.3137984275818, 25.607649345883186], [-111.3137984275818, 25.607610645899577], [-111.31370186805725, 25.607562270902434], [-111.31370186805725, 25.607523570890645], [-111.31359457969667, 25.60749454587356], [-111.31359457969667, 25.60745584583984], [-111.31349802017213, 25.607426820806328], [-111.31349802017213, 25.60736877071814], [-111.31340146064758, 25.607339745663484], [-111.31340146064758, 25.607281695533032], [-111.31330490112305, 25.607242995430394], [-111.31330490112305, 25.607213970345207], [-111.31319761276247, 25.60716559518755], [-111.31319761276247, 25.60712689504733], [-111.31310105323793, 25.607078519854458], [-111.31310105323793, 25.607039819686044], [-111.31300449371338, 25.60699144445792], [-111.31300449371338, 25.606952744261328], [-111.31280064582826, 25.606846318656103], [-111.31280064582826, 25.606797943349687], [-111.31269335746765, 25.606749568023687], [-111.31269335746765, 25.6067011926781], [-111.31259679794313, 25.606652817312952], [-111.3125002384186, 25.60655606652393], [-111.31240367889406, 25.60650769110007], [-111.31240367889406, 25.606459315656622], [-111.31219983100893, 25.606352889612126], [-111.31219983100893, 25.606304514106043], [-111.31210327148439, 25.606236788364637], [-111.31210327148439, 25.606188412811573], [-111.31189942359926, 25.606072311404343], [-111.31189942359926, 25.60601426065845], [-111.31169557571413, 25.60588848394565], [-111.31169557571413, 25.60583043311049], [-111.31159901618958, 25.605772382247164], [-111.31120204925539, 25.605404726124775], [-111.31109476089479, 25.605346675054722], [-111.31109476089479, 25.605298299141502], [-111.3109016418457, 25.605211222448343], [-111.3109016418457, 25.605162846480304], [-111.31079435348512, 25.60511447049269], [-111.31079435348512, 25.605046744077143], [-111.31069779396059, 25.605008043251033], [-111.31069779396059, 25.60495966720077], [-111.31060123443604, 25.604920966346477], [-111.31060123443604, 25.60487259026099], [-111.31050467491151, 25.604824214155922], [-111.31050467491151, 25.604775838031298], [-111.31039738655092, 25.604756487575965], [-111.31039738655092, 25.6046790857233], [-111.31030082702638, 25.604640384778175], [-111.31030082702638, 25.604582333337014], [-111.31020426750183, 25.604543632360578], [-111.31020426750183, 25.60449525612241], [-111.31009697914125, 25.60445655511779], [-111.31009697914125, 25.604408178844395], [-111.31000041961671, 25.604359802551432], [-111.31000041961671, 25.60432110150296], [-111.30979657173158, 25.604214673555077], [-111.30979657173158, 25.60416629718381], [-111.30970001220705, 25.604108245512457], [-111.30970001220705, 25.604059869098137], [-111.3094961643219, 25.60395344091773], [-111.3094961643219, 25.603885713844498], [-111.30930304527284, 25.603769610201137], [-111.30930304527284, 25.603701883023785], [-111.30909919738771, 25.603566428553982], [-111.30909919738771, 25.60350837659138], [-111.30900263786317, 25.603450324600594], [-111.30900263786317, 25.603392272581615], [-111.30879878997803, 25.60327616845911], [-111.30879878997803, 25.60322779170812], [-111.3087022304535, 25.603169739581094], [-111.30860567092897, 25.603053635242514]], [[-111.30868077278139, 25.60314071350702], [-111.30860567092897, 25.603053635242514]], [[-111.30860567092897, 25.603053635242514], [-111.30840182304384, 25.602908504660732], [-111.30840182304384, 25.602850452378696], [-111.3081979751587, 25.602724672337587], [-111.3081979751587, 25.602676295363477], [-111.30799412727357, 25.602569865951523], [-111.30799412727357, 25.602511813505078], [-111.30789756774904, 25.60246343644484], [-111.30789756774904, 25.602395708527627], [-111.30770444869997, 25.602269928008162], [-111.30770444869997, 25.6022118754161], [-111.30759716033937, 25.602163498234514], [-111.30750060081483, 25.60209577014742], [-111.30750060081483, 25.602047392918855], [-111.3072967529297, 25.601921612033003], [-111.3072967529297, 25.601863559271823], [-111.30709290504456, 25.601728102719484], [-111.30709290504456, 25.601660374385787], [-111.3068997859955, 25.601534593092822], [-111.3068997859955, 25.60146686464951], [-111.30669593811035, 25.601350758657432], [-111.30669593811035, 25.601292705619112], [-111.30659937858583, 25.601234652552616], [-111.30659937858583, 25.601137897379154], [-111.3065028190613, 25.601099195287855], [-111.3065028190613, 25.60105081765611], [-111.30639553070068, 25.600992764472185], [-111.30639553070068, 25.60096373786964], [-111.30629897117616, 25.600915360183112], [-111.30629897117616, 25.600876658019768], [-111.30620241165163, 25.600837955843918], [-111.30620241165163, 25.600799253655534], [-111.30609512329102, 25.600770227006038], [-111.30609512329102, 25.60068314701524]], [[-111.30609512329102, 25.60068314701524], [-111.30606293678284, 25.600663795897564]], [[-111.30609512329102, 25.60068314701524], [-111.30599856376648, 25.600634769215176], [-111.30599856376648, 25.600596066961046], [-111.30590200424196, 25.60055736469437], [-111.30590200424196, 25.600518662415176], [-111.30580544471742, 25.600470284548578], [-111.30580544471742, 25.600421906662397], [-111.30560159683229, 25.600296124066745], [-111.30560159683229, 25.600238070516433], [-111.30539774894714, 25.600112287727423], [-111.30539774894714, 25.60004455847854], [-111.30519390106203, 25.599909099865684], [-111.30519390106203, 25.59985104612749], [-111.30500078201294, 25.599705911658713], [-111.30500078201294, 25.599638182179657], [-111.30460381507874, 25.599357588214975], [-111.30460381507874, 25.59928018286748], [-111.30429267883301, 25.599057642214355], [-111.30419611930849, 25.59892218248361], [-111.3038957118988, 25.59870931688245], [-111.3038957118988, 25.59863191111535], [-111.30359530448914, 25.59842872073836], [-111.30359530448914, 25.598360990535987], [-111.30349874496461, 25.598302936046277], [-111.30310177803041, 25.597993311625203], [-111.30310177803041, 25.59790622961236], [-111.30239367485048, 25.597374060378296], [-111.30229711532594, 25.597286977914553], [-111.30229711532594, 25.597209571226877], [-111.30210399627687, 25.597045081849238], [-111.30180358886719, 25.59683221290707], [-111.30180358886719, 25.596754805925077], [-111.30159974098207, 25.596609667698793], [-111.30139589309694, 25.59649355699097], [-111.30139589309694, 25.596425825692677], [-111.30110621452332, 25.59623230748623], [-111.30110621452332, 25.59616457604], [-111.3009023666382, 25.59603878896667], [-111.3009023666382, 25.595980733349734], [-111.30079507827759, 25.595932353647445], [-111.30079507827759, 25.595893649871524], [-111.30069851875307, 25.595845270133992], [-111.30069851875307, 25.595787214423144], [-111.30049467086792, 25.59567110291689], [-111.30049467086792, 25.595613047121486], [-111.30039811134338, 25.595564667270477], [-111.30009770393372, 25.59535179569351], [-111.30009770393372, 25.595274387753406], [-111.29979729652405, 25.59510021970503], [-111.29979729652405, 25.59504216363254], [-111.29970073699951, 25.594955079470978], [-111.2994968891144, 25.594819615093634], [-111.2994968891144, 25.594751882847433], [-111.29930377006532, 25.594635770336136], [-111.29930377006532, 25.594568037985844], [-111.29909992218018, 25.59446160135786], [-111.29909992218018, 25.594384192841666], [-111.29900336265564, 25.594326136421653], [-111.29889607429506, 25.594219699578424], [-111.29870295524597, 25.594103586550542], [-111.29870295524597, 25.594035853898884], [-111.29849910736085, 25.59391974069252], [-111.29849910736085, 25.593861684047084], [-111.2984025478363, 25.593803627373468], [-111.2984025478363, 25.593745570671672], [-111.29819869995119, 25.593629457183535], [-111.29819869995119, 25.593561724263413], [-111.29799485206604, 25.593426258308106], [-111.29799485206604, 25.59336820142315], [-111.29780173301698, 25.59324241140908], [-111.29780173301698, 25.593184354434914], [-111.29769444465637, 25.593126297432555], [-111.29769444465637, 25.593068240402015], [-111.29750132560731, 25.59295212625641], [-111.29750132560731, 25.59290374532915], [-111.29740476608278, 25.592865040573248], [-111.29720091819765, 25.5928360119981], [-111.29669666290285, 25.59293277388786], [-111.2966001033783, 25.592923097702407], [-111.29650354385377, 25.592894069141344], [-111.29650354385377, 25.592826335804823], [-111.29639625549318, 25.59278763102388], [-111.29639625549318, 25.592739250030085], [-111.2962031364441, 25.592739250030085], [-111.2962031364441, 25.592777954826687], [-111.29609584808351, 25.59280698341592], [-111.29609584808351, 25.5928360119981], [-111.29599928855897, 25.592874716763404], [-111.29599928855897, 25.593058564227515], [-111.29590272903442, 25.59310694509217], [-111.29590272903442, 25.593184354434914], [-111.29579544067384, 25.59322305908749], [-111.2956988811493, 25.593232735248677], [-111.2956988811493, 25.59321338292552], [-111.29550576210023, 25.593155325937243], [-111.29550576210023, 25.593126297432555], [-111.2953019142151, 25.593077916575737], [-111.2953019142151, 25.593058564227515], [-111.29509806632997, 25.593000507164103], [-111.29509806632997, 25.592961802439522], [-111.29489421844482, 25.59288439295276], [-111.2947976589203, 25.592797307220287], [-111.29470109939577, 25.59274892623041], [-111.29470109939577, 25.592700545220964], [-111.29460453987123, 25.592642487983802], [-111.29460453987123, 25.59258443071845], [-111.29449725151062, 25.59252637342493], [-111.29449725151062, 25.59246831610323], [-111.2944006919861, 25.59242961120645], [-111.2944006919861, 25.592381230067865], [-111.2942934036255, 25.59233284890971], [-111.2942934036255, 25.592226410292888], [-111.29419684410095, 25.592178029072112], [-111.29419684410095, 25.592013532775127], [-111.29410028457643, 25.591945798940035], [-111.29410028457643, 25.591887741336564], [-111.29399299621583, 25.591839359978835], [-111.29399299621583, 25.591752273485586], [-111.2938964366913, 25.59169421578821], [-111.2938964366913, 25.59152004252701], [-111.29379987716675, 25.591491013625486], [-111.29379987716675, 25.59143295580131], [-111.29370331764223, 25.59140392687867], [-111.29370331764223, 25.591249105838887], [-111.29359602928163, 25.591191047897322], [-111.29359602928163, 25.59114266625781], [-111.29349946975708, 25.59106525559393], [-111.29349946975708, 25.591016873903552], [-111.29340291023256, 25.590968492193607], [-111.29340291023256, 25.59086205236287], [-111.29329562187196, 25.590813670590318], [-111.29329562187196, 25.590745936075873], [-111.29319906234743, 25.59069755425638], [-111.29319906234743, 25.59063949604714], [-111.29310250282288, 25.590581437809718], [-111.29310250282288, 25.59052337954413], [-111.2929952144623, 25.59045564486534], [-111.2929952144623, 25.590378233756894], [-111.29289865493776, 25.590300822598373], [-111.29289865493776, 25.59022341138975], [-111.29280209541321, 25.590068588822245], [-111.29270553588869, 25.590010530307786], [-111.29259824752809, 25.58997182461582], [-111.29259824752809, 25.58988473676311], [-111.29250168800355, 25.589836354595334], [-111.29250168800355, 25.58978797240799], [-111.29239439964294, 25.589739590201077], [-111.29239439964294, 25.589642825728554], [-111.29229784011842, 25.589594443462943], [-111.29229784011842, 25.589488002409738], [-111.29220128059389, 25.58942994361352], [-111.29220128059389, 25.589371884789124], [-111.29209399223328, 25.589304149458407], [-111.29209399223328, 25.58923641408933], [-111.29199743270875, 25.589178355171033], [-111.29199743270875, 25.589120296224564], [-111.29190087318422, 25.589013854749517], [-111.29180431365968, 25.588984825239887], [-111.29180431365968, 25.58890741317978], [-111.29169702529907, 25.588859030616774], [-111.29169702529907, 25.588800971515337], [-111.29160046577455, 25.588742912385733], [-111.29160046577455, 25.588675176698935], [-111.29149317741395, 25.588617117508278], [-111.29149317741395, 25.58854938175026], [-111.29130005836488, 25.588404233568205], [-111.29130005836488, 25.588336497689657], [-111.29119277000429, 25.58828811489578], [-111.29119277000429, 25.588201025817515], [-111.29109621047975, 25.588152642968854], [-111.29109621047975, 25.58785266887054], [-111.2909996509552, 25.587765579475324], [-111.2909996509552, 25.587097892006085], [-111.29090309143068, 25.5870108020615], [-111.29090309143068, 25.586275373335127], [-111.29080653190614, 25.586207636251416], [-111.29080653190614, 25.585888303768886]]]}}, {"type": "Feature", "id": 2, "properties": {"CARIMT2KG_": 1661, "CARIMT2KG__1": 1661, "CENTRO": "BCS", "DESCRIPCIO": "Carretera Federal Libre (pav.) 2 carriles", "FNODE_": 0, "LENGTH": 0, "LPOLY_": 0, "PAISGEO_ID": 100, "RPOLY_": 0, "TNODE_": 0, "extrude": 0, "fid": 20, "layer": "CARRETERA_FEDERAL_LIBRE", "path": "D:/Back-up/Escritorio Brenda/Datos_SIG/Mapoteca/BCS/BCS/camf-bcsg.shp", "tessellate": -1, "visibility": -1}, "geometry": {"type": "LineString", "coordinates": [[-111.3368010520935, 25.600663795897564], [-111.33670449256897, 25.600731524795734]]}}, {"type": "Feature", "id": 3, "properties": {"CARIMT2KG_": 1660, "CARIMT2KG__1": 1660, "CENTRO": "BCS", "DESCRIPCIO": "Carretera Federal Libre (pav.) 2 carriles", "FNODE_": 0, "LENGTH": 0.134, "LPOLY_": 0, "PAISGEO_ID": 100, "RPOLY_": 0, "TNODE_": 0, "extrude": 0, "fid": 19, "layer": "CARRETERA_FEDERAL_LIBRE", "path": "D:/Back-up/Escritorio Brenda/Datos_SIG/Mapoteca/BCS/BCS/camf-bcsg.shp", "tessellate": -1, "visibility": -1}, "geometry": {"type": "LineString", "coordinates": [[-111.33670449256897, 25.600731524795734], [-111.3364040851593, 25.600857306933413], [-111.33620023727418, 25.600992764472185], [-111.33589982986452, 25.601137897379154], [-111.33540630340576, 25.60140881166756], [-111.33519172668458, 25.60154426858159], [-111.33439779281618, 25.60196031385813], [-111.33419394493104, 25.602105445590777], [-111.33360385894775, 25.60238603310775], [-111.33340001106264, 25.602521488914768], [-111.33309960365297, 25.602656944568345], [-111.33289575576782, 25.60280207545546], [-111.33260607719421, 25.602937530791177], [-111.3324022293091, 25.60308266133773], [-111.33210182189943, 25.603208441002238], [-111.33090019226076, 25.6038663632451], [-111.32990241050722, 25.604369477811584], [-111.32969856262207, 25.604504931371608], [-111.32870078086853, 25.60501771845873], [-111.32830381393433, 25.605269273584156], [-111.32749915122987, 25.60559822948802], [-111.3266944885254, 25.605782057393007], [-111.3264048099518, 25.60583043311049], [-111.32499933242799, 25.60598523527493], [-111.32469892501832, 25.6060045855314], [-111.32360458374025, 25.606140037238927], [-111.32299304008485, 25.606188412811573], [-111.32159829139711, 25.606333539412038], [-111.32069706916809, 25.60644964056557], [-111.3201928138733, 25.606585091768867], [-111.31960272789001, 25.606778593221634], [-111.31909847259523, 25.60702046959714], [-111.31800413131715, 25.607475195858278], [-111.31749987602234, 25.607736420800517], [-111.31729602813722, 25.60789122049693], [-111.31710290908815, 25.608065369915803], [-111.31680250167847, 25.608220169186254], [-111.31639480590822, 25.60855879189151], [-111.3161051273346, 25.608732940337845], [-111.3154935836792, 25.609226359558033], [-111.3152039051056, 25.60938115732505], [-111.31479620933533, 25.60968107742818], [-111.31400227546692, 25.610087419593274], [-111.31300449371338, 25.610571158464946], [-111.31210327148439, 25.61094847342581]]}}, {"type": "Feature", "id": 3, "properties": {"CARIMT2KG_": 1661, "CARIMT2KG__1": 1661, "CENTRO": "BCS", "DESCRIPCIO": "Carretera Federal Libre (pav.) 2 carriles", "FNODE_": 0, "LENGTH": 0, "LPOLY_": 0, "PAISGEO_ID": 100, "RPOLY_": 0, "TNODE_": 0, "extrude": 0, "fid": 20, "layer": "CARRETERA_FEDERAL_LIBRE", "path": "D:/Back-up/Escritorio Brenda/Datos_SIG/Mapoteca/BCS/BCS/camf-bcsg.shp", "tessellate": -1, "visibility": -1}, "geometry": {"type": "LineString", "coordinates": [[-111.33689761161806, 25.60058639139555], [-111.33670449256897, 25.600731524795734]]}}, {"type": "Feature", "id": 4, "properties": {"CARIMT2KG_": 1660, "CARIMT2KG__1": 1660, "CENTRO": "BCS", "DESCRIPCIO": "Carretera Federal Libre (pav.) 2 carriles", "FNODE_": 0, "LENGTH": 0.134, "LPOLY_": 0, "PAISGEO_ID": 100, "RPOLY_": 0, "TNODE_": 0, "extrude": 0, "fid": 19, "layer": "CARRETERA_FEDERAL_LIBRE", "path": "D:/Back-up/Escritorio Brenda/Datos_SIG/Mapoteca/BCS/BCS/camf-bcsg.shp", "tessellate": -1, "visibility": -1}, "geometry": {"type": "LineString", "coordinates": [[-111.33670449256897, 25.600731524795734], [-111.3364040851593, 25.600857306933413], [-111.33620023727418, 25.600992764472185], [-111.33589982986452, 25.601137897379154], [-111.33540630340576, 25.60140881166756], [-111.33519172668458, 25.60154426858159], [-111.33439779281618, 25.60196031385813], [-111.33419394493104, 25.602105445590777], [-111.33360385894775, 25.60238603310775], [-111.33340001106264, 25.602521488914768], [-111.33309960365297, 25.602656944568345], [-111.33289575576782, 25.60280207545546], [-111.33260607719421, 25.602937530791177], [-111.3324022293091, 25.60308266133773], [-111.33227348327637, 25.60314071350702]]}}, {"type": "Feature", "id": 2, "properties": {"CARIMT2KG_": 1659, "CARIMT2KG__1": 1659, "CENTRO": "BCS", "DESCRIPCIO": "Carretera Federal Libre (pav.) 2 carriles", "FNODE_": 0, "LENGTH": 0.104, "LPOLY_": 0, "PAISGEO_ID": 100, "RPOLY_": 0, "TNODE_": 0, "extrude": 0, "fid": 18, "layer": "CARRETERA_FEDERAL_LIBRE", "path": "D:/Back-up/Escritorio Brenda/Datos_SIG/Mapoteca/BCS/BCS/camf-bcsg.shp", "tessellate": -1, "visibility": -1}, "geometry": {"type": "MultiLineString", "coordinates": [[[-111.26815795898439, 25.73134773476944], [-111.26820087432863, 25.731434719383238], [-111.26840472221375, 25.731647348171265], [-111.2685012817383, 25.731869641497575], [-111.26869440078735, 25.732091934408228], [-111.26880168914796, 25.73232389178489], [-111.26899480819704, 25.732536518982574], [-111.26919865608217, 25.732981101894257], [-111.26940250396729, 25.733184063105508], [-111.26970291137697, 25.73359964926637], [-111.26989603042604, 25.733976574993015], [-111.27009987831116, 25.734150540309894], [-111.27049684524536, 25.734401823095926], [-111.27100110054018, 25.734604781881472], [-111.2714946269989, 25.734769081596905], [-111.27199888229372, 25.734914051745456], [-111.27239584922792, 25.735155668266806], [-111.27299666404726, 25.735638899836136], [-111.27320051193237, 25.73583219191379], [-111.27350091934206, 25.736238104253708], [-111.27369403839113, 25.73643139535694], [-111.27380132675172, 25.73663435067702], [-111.27419829368593, 25.737030595779316], [-111.2744987010956, 25.737446168491758], [-111.27469182014465, 25.737649122079034], [-111.27500295639038, 25.738055028213896], [-111.2753999233246, 25.738460932962468], [-111.27570033073425, 25.738857171975084], [-111.2759041786194, 25.739069787486024], [-111.27619385719301, 25.739456360167758], [-111.27660155296327, 25.739833267321742], [-111.27690196037294, 25.740219837519998], [-111.27739548683167, 25.740722376897796], [-111.27780318260193, 25.740925324890274], [-111.27820014953615, 25.74099297414406], [-111.27960562705995, 25.741021966669628], [-111.27989530563354, 25.74104129501606], [-111.28029227256776, 25.741108944203845], [-111.28090381622314, 25.741379540569856], [-111.28119349479677, 25.74164047219638], [-111.2813973426819, 25.741775769851234], [-111.28169775009157, 25.74200770832973], [-111.28229856491089, 25.742394271454504], [-111.28259897232057, 25.742674528933627], [-111.2828028202057, 25.743003105825977], [-111.28299593925476, 25.743785888291132], [-111.2831997871399, 25.744317404309335]], [[-111.24079942703247, 25.679126158633355], [-111.24089598655702, 25.679493587744417], [-111.24089598655702, 25.679870684864554], [-111.24049901962282, 25.680586199196682], [-111.24030590057374, 25.6810889904813], [-111.24049901962282, 25.681427406497495], [-111.24059557914735, 25.681794828512512], [-111.24079942703247, 25.68218158730427], [-111.24079942703247, 25.68237496622936]]]}}, {"type": "Feature", "id": 1, "properties": {"CARIMT2KG_": 1660, "CARIMT2KG__1": 1660, "CENTRO": "BCS", "DESCRIPCIO": "Carretera Federal Libre (pav.) 2 carriles", "FNODE_": 0, "LENGTH": 0.134, "LPOLY_": 0, "PAISGEO_ID": 100, "RPOLY_": 0, "TNODE_": 0, "extrude": 0, "fid": 19, "layer": "CARRETERA_FEDERAL_LIBRE", "path": "D:/Back-up/Escritorio Brenda/Datos_SIG/Mapoteca/BCS/BCS/camf-bcsg.shp", "tessellate": -1, "visibility": -1}, "geometry": {"type": "MultiLineString", "coordinates": [[[-111.27571105957031, 25.640288318529194], [-111.2753999233246, 25.640443076048506], [-111.27479910850526, 25.64066553963099], [-111.27400517463686, 25.641062104119346], [-111.27359747886658, 25.641410305998455], [-111.27329707145691, 25.641603751047935], [-111.27310395240785, 25.64180686801249], [-111.27299666404726, 25.642029329053283], [-111.27259969711305, 25.642464577716492], [-111.27220273017883, 25.642841791940782], [-111.27139806747438, 25.64337375869253], [-111.27100110054018, 25.643731625900582], [-111.27070069313051, 25.64435063691636]], [[-111.27090454101564, 25.643925067187887], [-111.27070069313051, 25.64435063691636]], [[-111.27070069313051, 25.64435063691636], [-111.27049684524536, 25.645240459626834], [-111.27040028572084, 25.64546291426781], [-111.27009987831116, 25.645869134716193], [-111.26979947090149, 25.646226994441776], [-111.26899480819704, 25.646971726105967], [-111.26869440078735, 25.647358597863487]], [[-111.26869440078735, 25.647358597863487], [-111.26815795898439, 25.6478615292732]], [[-111.26869440078735, 25.647358597863487], [-111.26809358596803, 25.647929231416484], [-111.26709580421449, 25.648915744003638], [-111.26650571823122, 25.64953472812943], [-111.26629114151001, 25.649737831596045], [-111.26510024070741, 25.650995131075884], [-111.26489639282227, 25.651198232056576], [-111.26460671424867, 25.651430347039735], [-111.26439213752748, 25.651633447279576], [-111.26320123672487, 25.652929412096785], [-111.2629008293152, 25.65313250978471], [-111.26230001449586, 25.653770814552995], [-111.26169919967651, 25.6543607598625], [-111.26159191131593, 25.654573526307473], [-111.26139879226685, 25.654776621196397], [-111.26130223274232, 25.65499905805898], [-111.26130223274232, 25.6552311656473], [-111.26119494438173, 25.65547294390487], [-111.26119494438173, 25.655937156785747], [-111.26109838485719, 25.656178933612395], [-111.26109838485719, 25.65661413066543], [-111.26100182533264, 25.657010642153626], [-111.26079797744752, 25.657194390932936], [-111.26059412956239, 25.65753287478539], [-111.26040101051332, 25.657687609940897], [-111.2600040435791, 25.657929383219496], [-111.25949978828432, 25.65818082690937], [-111.25850200653078, 25.658799762964616], [-111.2582015991211, 25.658896471433117], [-111.25769734382631, 25.658993179823213], [-111.25720381736755, 25.659051204819626], [-111.2567961215973, 25.65914791308424], [-111.25649571418762, 25.65935100018471], [-111.25630259513856, 25.65963145323114], [-111.25609874725343, 25.66033741832513], [-111.25570178031923, 25.66106272057636], [-111.25549793243408, 25.661478558544253], [-111.25540137290956, 25.661855712656557], [-111.25520825386049, 25.66215550097188], [-111.25489711761476, 25.662377924073667], [-111.25450015068056, 25.66246495908753], [-111.25290155410768, 25.662348912388257], [-111.25250458717348, 25.662387594633902], [-111.25219345092775, 25.6624359474233], [-111.25179648399354, 25.662658370002013], [-111.25100255012514, 25.663238600863327], [-111.25070214271547, 25.663393328616195], [-111.2502944469452, 25.663693113066063], [-111.2500047683716, 25.66385751067022], [-111.24960780143739, 25.664186305198566], [-111.24929666519166, 25.66434103172173], [-111.24910354614259, 25.664515098820303], [-111.24880313873291, 25.66466982491684], [-111.24839544296266, 25.664998617205324], [-111.24809503555298, 25.665172683343968], [-111.24790191650392, 25.665346749228483], [-111.2475907802582, 25.665501474245843], [-111.24720454216005, 25.6658592750795], [-111.24690413475038, 25.666052680488498], [-111.24670028686523, 25.666236415336456], [-111.24609947204591, 25.66684563938538], [-111.24590635299684, 25.667068053738667], [-111.24569177627563, 25.667261457186875], [-111.24540209770204, 25.66747420061755], [-111.24459743499756, 25.668286490224627], [-111.24429702758789, 25.6684798916963], [-111.24390006065369, 25.668779663357373], [-111.24260187149049, 25.669214814427363], [-111.24220490455627, 25.66940821439307], [-111.24179720878602, 25.669630623965766], [-111.24160408973695, 25.669775673463544], [-111.24140024185182, 25.67014313140137], [-111.24130368232728, 25.670549267804347], [-111.24130368232728, 25.671226158734456], [-111.24120712280275, 25.67167097068144], [-111.24070286750795, 25.672744314414082], [-111.24079942703247, 25.673169781326838], [-111.24079942703247, 25.67402071059623], [-111.24059557914735, 25.674426833787756], [-111.24040246009828, 25.674620225297332], [-111.23999476432802, 25.67542279670879], [-111.23999476432802, 25.675654864543358], [-111.23989820480348, 25.67608032106645], [-111.23989820480348, 25.676302718189948], [-111.23999476432802, 25.676718503003265], [-111.2401020526886, 25.67694089893586], [-111.2401020526886, 25.677356681522664], [-111.24019861221315, 25.677588745591493], [-111.24040246009828, 25.678391297012414], [-111.24079942703247, 25.679126158633355]]]}}, {"type": "Feature", "id": 2, "properties": {"CARIMT2KG_": 1660, "CARIMT2KG__1": 1660, "CENTRO": "BCS", "DESCRIPCIO": "Carretera Federal Libre (pav.) 2 carriles", "FNODE_": 0, "LENGTH": 0.134, "LPOLY_": 0, "PAISGEO_ID": 100, "RPOLY_": 0, "TNODE_": 0, "extrude": 0, "fid": 19, "layer": "CARRETERA_FEDERAL_LIBRE", "path": "D:/Back-up/Escritorio Brenda/Datos_SIG/Mapoteca/BCS/BCS/camf-bcsg.shp", "tessellate": -1, "visibility": -1}, "geometry": {"type": "LineString", "coordinates": [[-111.31484985351564, 25.6096327032689], [-111.31479620933533, 25.60968107742818], [-111.31400227546692, 25.610087419593274], [-111.31300449371338, 25.610571158464946], [-111.31169557571413, 25.611132293103463], [-111.31120204925539, 25.611374160669673], [-111.31039738655092, 25.611712774440115], [-111.30889534950258, 25.61238999910309], [-111.30860567092897, 25.61249641977267], [-111.30810141563416, 25.61273828457841], [-111.30709290504456, 25.61317363999532], [-111.30669593811035, 25.61338647984419], [-111.30639553070068, 25.61350257414745], [-111.30590200424196, 25.613744436917038], [-111.3054943084717, 25.614005648158415], [-111.30519390106203, 25.614131416330277], [-111.30470037460327, 25.614392626725856], [-111.30449652671815, 25.614528068928408], [-111.3038957118988, 25.614789278457017], [-111.30340218544008, 25.615069836203656], [-111.30289793014526, 25.615331044548093], [-111.30250096321106, 25.615582577969782], [-111.30220055580139, 25.615708344482098], [-111.3016963005066, 25.615959877109628], [-111.3012993335724, 25.61620173490604], [-111.30099892616273, 25.616317826474464], [-111.30079507827759, 25.616453266495057], [-111.30030155181886, 25.616695123292885], [-111.2998938560486, 25.61694665384335], [-111.29959344863893, 25.617082093151232], [-111.29810214042665, 25.617865703276163], [-111.29789829254152, 25.618010815698327], [-111.29759788513185, 25.61813657965499], [-111.29740476608278, 25.618281691748194], [-111.29679322242738, 25.618562241295336], [-111.29629969596863, 25.618813767915512], [-111.29609584808351, 25.6189588791863], [-111.29579544067384, 25.619094316213356], [-111.29509806632997, 25.619481278301887], [-111.2947976589203, 25.619607040710815], [-111.2944006919861, 25.619868239137176], [-111.29410028457643, 25.619984327143367], [-111.29329562187196, 25.620535743632487], [-111.29289865493776, 25.620854983594565], [-111.29270553588869, 25.62103878803427], [-111.29220128059389, 25.62164824283732], [-111.29209399223328, 25.6218610675917], [-111.29169702529907, 25.622277042153282], [-111.29160046577455, 25.622499539580037], [-111.29119277000429, 25.622915511918492], [-111.29090309143068, 25.623331482808517], [-111.29069924354553, 25.62354430456426], [-111.29039883613588, 25.623960273264778], [-111.29019498825075, 25.62415374658545], [-111.2895941734314, 25.625479030407128], [-111.2895941734314, 25.62599172750318], [-111.28949761390687, 25.626243238481592], [-111.28949761390687, 25.626514095866057], [-111.28940105438234, 25.626775279190813], [-111.28940105438234, 25.627316990932567], [-111.28929376602173, 25.6275878458821], [-111.28929376602173, 25.627849026858872], [-111.2891972064972, 25.628090860587363], [-111.2891972064972, 25.628332693826202], [-111.28910064697267, 25.6285648532748], [-111.28889679908752, 25.628797012272106], [-111.28859639167786, 25.629203289431505], [-111.2884032726288, 25.629387081025765], [-111.2873947620392, 25.630228649449947], [-111.28660082817079, 25.630915442274947], [-111.28579616546631, 25.631573211981866], [-111.28560304641725, 25.63197947969674], [-111.28549575805664, 25.632414765000306], [-111.28539919853212, 25.632627570571234], [-111.28530263900758, 25.63306285351236], [-111.28520607948305, 25.633285330847286], [-111.28509879112244, 25.633681919851053], [-111.28479838371277, 25.634068834682875], [-111.28449797630311, 25.634397711304175], [-111.2841010093689, 25.634726587019603], [-111.28350019454957, 25.635481063179252], [-111.2831997871399, 25.63582928133724], [-111.28259897232057, 25.63631291598296], [-111.28220200538637, 25.63658375052883], [-111.2819015979767, 25.636719167571364], [-111.28169775009157, 25.63686425708935], [-111.2813973426819, 25.636999673813726], [-111.2810003757477, 25.637280179397028], [-111.28069996833803, 25.63742526823324], [-111.27970218658449, 25.637986276740847], [-111.27949833869934, 25.638141037244523], [-111.27919793128967, 25.638295797547567], [-111.27899408340456, 25.638450557649996], [-111.27870440483095, 25.638605317551797], [-111.2785005569458, 25.63875040477753], [-111.27820014953615, 25.638895491826922], [-111.27799630165102, 25.639040578699994], [-111.2772023677826, 25.63949518309373], [-111.27699851989748, 25.639640269237933], [-111.2766981124878, 25.63978535520582], [-111.27649426460268, 25.639930440997354], [-111.2759041786194, 25.64019159497774], [-111.2753999233246, 25.640443076048506], [-111.27479910850526, 25.64066553963099], [-111.27400517463686, 25.641062104119346], [-111.27359747886658, 25.641410305998455], [-111.27329707145691, 25.641603751047935], [-111.27310395240785, 25.64180686801249], [-111.27299666404726, 25.642029329053283], [-111.27259969711305, 25.642464577716492], [-111.27228856086732, 25.642764414761196]]}}, {"type": "Feature", "id": 3, "properties": {"CRURIMT2KG": 70167, "CRURIMT2KG_1": 70167, "DESCRIPCIO": "Caminos Rurales (rev.) 2 carriles", "ESTADO": "BCS", "FNODE_": 0, "ID_IMT": 420, "LENGTH": 0.056, "LPOLY_": 0, "RPOLY_": 0, "TNODE_": 0, "extrude": 0, "fid": 51, "layer": "CAMINOS_RURALES", "path": "D:/Back-up/Escritorio Brenda/Datos_SIG/Mapoteca/BCS/BCS/camr-bcsg.shp", "tessellate": -1, "visibility": -1}, "geometry": {"type": "MultiLineString", "coordinates": [[[-111.29080653190614, 25.585820566466072], [-111.29080653190614, 25.585762505890273], [-111.29069924354553, 25.58571412205559], [-111.29069924354553, 25.585327050673865], [-111.29080653190614, 25.58523995944043], [-111.29080653190614, 25.584359366741882], [-111.29090309143068, 25.584262597918297], [-111.29090309143068, 25.583933583332815], [-111.29080653190614, 25.583807783399322], [-111.29080653190614, 25.58370133719844], [-111.29069924354553, 25.583517475355766], [-111.29069924354553, 25.58323684357756], [-111.29060268402101, 25.583140073846295], [-111.29060268402101, 25.58292718016207], [-111.29049539566041, 25.582830410180406], [-111.29049539566041, 25.582607838925636], [-111.29039883613588, 25.582501391657452], [-111.29039883613588, 25.582278819790794], [-111.29030227661133, 25.58218204928487], [-111.29030227661133, 25.58196915389644], [-111.29019498825075, 25.581882060219286], [-111.29019498825075, 25.58163045590705], [-111.29009842872621, 25.58155303908919], [-111.29009842872621, 25.581311111210592], [-111.29000186920166, 25.581243371316965], [-111.29000186920166, 25.581136922835206], [-111.28990530967714, 25.581098214272902], [-111.28990530967714, 25.58101111996199], [-111.28979802131654, 25.580953057052817], [-111.28979802131654, 25.580875639796776], [-111.289701461792, 25.58080789965668], [-111.289701461792, 25.58074015947824], [-111.2895941734314, 25.580672419261454], [-111.2895941734314, 25.58060467900632], [-111.28949761390687, 25.58053693871286], [-111.28949761390687, 25.580488552765487], [-111.28940105438234, 25.58044016679855], [-111.28940105438234, 25.58038210361242], [-111.28929376602173, 25.58031436319298], [-111.28929376602173, 25.58024662273522], [-111.2891972064972, 25.580178882239107], [-111.2891972064972, 25.58011114170466], [-111.28910064697267, 25.580043401131878], [-111.28910064697267, 25.57996598328746], [-111.28889679908752, 25.579811147448407], [-111.28889679908752, 25.57974340670585], [-111.288800239563, 25.579656311409074], [-111.288800239563, 25.579578893314288], [-111.28859639167786, 25.579424056974496], [-111.28859639167786, 25.57932728416042], [-111.28849983215333, 25.579249865852827], [-111.28849983215333, 25.57916277019692], [-111.2884032726288, 25.579075674477654], [-111.28829598426819, 25.579007933318852], [-111.28829598426819, 25.5789305148047], [-111.28819942474365, 25.578853096240486], [-111.28819942474365, 25.578775677626197], [-111.2880063056946, 25.57863051758944], [-111.2880063056946, 25.578543421482884], [-111.28789901733398, 25.57846600266831], [-111.28789901733398, 25.578388583803648], [-111.28769516944887, 25.578253100670025], [-111.28769516944887, 25.578166004288864], [-111.28750205039978, 25.578011166121424], [-111.28750205039978, 25.577924069564222], [-111.2873947620392, 25.577827295537467], [-111.2873947620392, 25.577633747249227], [-111.28729820251466, 25.577527295557285], [-111.28729820251466, 25.57743052120975], [-111.28720164299011, 25.577343424230083], [-111.28720164299011, 25.577227294825285], [-111.28710508346559, 25.5771208427719], [-111.28710508346559, 25.576898260899867], [-111.286997795105, 25.576791808553903], [-111.286997795105, 25.576675678613967], [-111.28690123558044, 25.57656922607007], [-111.28690123558044, 25.576462773431505], [-111.28679394721986, 25.576346643172382], [-111.28679394721986, 25.576249867870388], [-111.28669738769533, 25.576153092490166], [-111.28669738769533, 25.576056317031714], [-111.28660082817079, 25.575978896608618], [-111.28650426864624, 25.57593050881875], [-111.28650426864624, 25.57589179857279], [-111.28639698028566, 25.57585308831431], [-111.28639698028566, 25.57581437804331], [-111.28620386123657, 25.57569824715519], [-111.28620386123657, 25.575630504085105], [-111.28589272499086, 25.575388564236146], [-111.28589272499086, 25.57531114338122], [-111.28569960594179, 25.57516597914328], [-111.28569960594179, 25.57511759102485], [-111.28560304641725, 25.57507888051602], [-111.28560304641725, 25.575030492362387], [-111.28549575805664, 25.5749821041892], [-111.28549575805664, 25.574924038355547], [-111.28509879112244, 25.574633708764893], [-111.28509879112244, 25.574546609750396], [-111.28449797630311, 25.574053047471377], [-111.28449797630311, 25.573965948034452], [-111.28430485725404, 25.573811104434576], [-111.28419756889345, 25.57375303803299], [-111.28419756889345, 25.573656260634436], [-111.2841010093689, 25.573617549653108], [-111.2841010093689, 25.57357883865927], [-111.28399372100831, 25.57353044989936], [-111.28399372100831, 25.573482061119908], [-111.28389716148378, 25.573414316795805], [-111.28389716148378, 25.57336592796941], [-111.28380060195924, 25.573307861351914], [-111.28380060195924, 25.573249794706264], [-111.28359675407411, 25.573123983544075], [-111.28350019454957, 25.573046561224707], [-111.28350019454957, 25.572988494452336], [-111.28340363502502, 25.57293042765179], [-111.2833070755005, 25.572804616154016], [-111.28309249877931, 25.572669126700877], [-111.28309249877931, 25.5726013819168], [-111.28289937973024, 25.572446536552146], [-111.2824058532715, 25.5721078116188], [-111.28209471702577, 25.57191425408381], [-111.28160119056702, 25.57164327300915], [-111.28160119056702, 25.571565849732323], [-111.28119349479677, 25.571362613392466], [-111.28109693527223, 25.57129486786918], [-111.28109693527223, 25.571256156124388], [-111.28090381622314, 25.571159376707648], [-111.28069996833803, 25.57108195311793], [-111.28069996833803, 25.571043241304295], [-111.28060340881348, 25.570985173560377], [-111.28009915351869, 25.57075290230313], [-111.27979874610902, 25.570569020571607], [-111.27979874610902, 25.57049159660017], [-111.27960562705995, 25.570336748507124], [-111.27960562705995, 25.570259324385503], [-111.27929449081422, 25.57007544189604], [-111.27929449081422, 25.569998017605467], [-111.27910137176515, 25.56985284692572], [-111.27910137176515, 25.5697657444334], [-111.27859711647035, 25.569330231021418], [-111.27859711647035, 25.56925280624903], [-111.27839326858522, 25.569107634665862], [-111.27820014953615, 25.569001175393016], [-111.2781035900116, 25.568972141029466], [-111.27780318260193, 25.568923750407873], [-111.2777066230774, 25.568894716025543], [-111.27749204635622, 25.56878825656343], [-111.2772023677826, 25.568565659200427], [-111.2772023677826, 25.568468877609206], [-111.2768054008484, 25.56819788873767], [-111.27660155296327, 25.56809142865607], [-111.2763011455536, 25.567859151785925], [-111.27600073814392, 25.567675265610873], [-111.2759041786194, 25.567588161534676], [-111.27559304237367, 25.56739459669407], [-111.2753999233246, 25.567249422858307], [-111.2753999233246, 25.56718167500806], [-111.27519607543947, 25.567026822635018], [-111.27500295639038, 25.566852613476005], [-111.27500295639038, 25.566755830500387], [-111.27490639686586, 25.566659047446567], [-111.27469182014465, 25.566494516075572], [-111.27469182014465, 25.566397732810575], [-111.27440214157106, 25.566146095955567], [-111.27389788627625, 25.56575896130009], [-111.27389788627625, 25.565681534218836], [-111.27350091934206, 25.56540086062968], [-111.27350091934206, 25.565333111733757], [-111.27299666404726, 25.564965331344336], [-111.27299666404726, 25.564878225297225], [-111.2729001045227, 25.5648007976466], [-111.27279281616212, 25.564742726875785], [-111.27259969711305, 25.56457819287227], [-111.27259969711305, 25.564500765027706], [-111.27229928970338, 25.564278159695746], [-111.27210617065431, 25.56411362505405], [-111.27210617065431, 25.564016839865133], [-111.27199888229372, 25.56392005459799], [-111.27199888229372, 25.56382326925266], [-111.2718915939331, 25.563707126735018], [-111.2718915939331, 25.563600662661596], [-111.27169847488405, 25.563387734230854], [-111.27169847488405, 25.563281269873535], [-111.27160191535951, 25.563165126830363], [-111.2714946269989, 25.562942519016186], [-111.2714946269989, 25.56283605426317], [-111.27130150794984, 25.56263280310826], [-111.27130150794984, 25.562526338079973], [-111.27120494842531, 25.56243923025916], [-111.27120494842531, 25.562332765058812], [-111.27109766006471, 25.56224565709724], [-111.27109766006471, 25.56215854907232], [-111.27100110054018, 25.562071440984056], [-111.27100110054018, 25.561877867227818], [-111.27089381217958, 25.56179075893545]], [[-111.27090454101564, 25.56180043763774], [-111.27089381217958, 25.56179075893545]], [[-111.27089381217958, 25.56179075893545], [-111.27089381217958, 25.561713329289066], [-111.27079725265503, 25.56162622087705], [-111.27070069313051, 25.561568148567186], [-111.27060413360597, 25.56151975495412], [-111.27049684524536, 25.5614907187769], [-111.27009987831116, 25.561500397503423], [-111.26979947090149, 25.561539112401697], [-111.26909136772156, 25.561587506006926], [-111.2688982486725, 25.561568148567186], [-111.26869440078735, 25.5614907187769], [-111.2685012817383, 25.561374573997643], [-111.2685012817383, 25.561306822824406], [-111.26829743385316, 25.561180999115297], [-111.26829743385316, 25.561132605345836], [-111.26820087432863, 25.561074532796685], [-111.26820087432863, 25.56102613898422]], [[-111.26059412956239, 25.56102613898422], [-111.26059412956239, 25.561093890316204], [-111.26040101051332, 25.56122939286522], [-111.26040101051332, 25.561306822824406], [-111.26010060310365, 25.56151975495412], [-111.26010060310365, 25.56160686344355], [-111.25969290733339, 25.561916582004084], [-111.25969290733339, 25.562003690204953], [-111.25940322875978, 25.562226299763843], [-111.25940322875978, 25.562323086399537], [-111.25929594039917, 25.562410194304807], [-111.25929594039917, 25.56250698079192], [-111.25919938087465, 25.562603767200844], [-111.25919938087465, 25.562807018404996], [-111.25910282135011, 25.562903804571487], [-111.25910282135011, 25.563010269264304], [-111.25900626182558, 25.56310705526655], [-111.25900626182558, 25.56331030561675], [-111.25889897346497, 25.563407091376558], [-111.25889897346497, 25.563494198493533], [-111.25879168510438, 25.563581305547174], [-111.25879168510438, 25.563649055433977], [-111.2585985660553, 25.5637555194644], [-111.25839471817018, 25.563842626327983], [-111.2582015991211, 25.563881340469248], [-111.25760078430177, 25.564191053148896], [-111.25739693641664, 25.564239445682738], [-111.25699996948244, 25.56445237259942], [-111.2567961215973, 25.56453947895624], [-111.25649571418762, 25.564607228301078], [-111.25620603561403, 25.564607228301078], [-111.25599145889284, 25.56458787134931], [-111.25570178031923, 25.564529800475267], [-111.25549793243408, 25.56452012199353], [-111.25520825386049, 25.564481408058725], [-111.25470399856569, 25.56446205108664], [-111.25450015068056, 25.56439430165968], [-111.254403591156, 25.564336230691797], [-111.254403591156, 25.56426848119367], [-111.25419974327089, 25.564094268022526], [-111.25419974327089, 25.563997482817964], [-111.25399589538576, 25.56382326925266], [-111.25399589538576, 25.563726483829107], [-111.25380277633668, 25.563600662661596], [-111.25369548797607, 25.56357162698877], [-111.25340580940247, 25.563532912747412], [-111.2529981136322, 25.56354259130893], [-111.25279426574708, 25.56352323418512], [-111.25269770622253, 25.563494198493533], [-111.25250458717348, 25.563378055656816], [-111.25250458717348, 25.563290948455396], [-111.25240802764894, 25.563203841190614], [-111.25240802764894, 25.562942519016186]]]}}, {"type": "Feature", "id": 4, "properties": {"CRURIMT2KG": 70166, "CRURIMT2KG_1": 70166, "DESCRIPCIO": "Caminos Rurales (rev.) 2 carriles", "ESTADO": "BCS", "FNODE_": 0, "ID_IMT": 420, "LENGTH": 0, "LPOLY_": 0, "RPOLY_": 0, "TNODE_": 0, "extrude": 0, "fid": 50, "layer": "CAMINOS_RURALES", "path": "D:/Back-up/Escritorio Brenda/Datos_SIG/Mapoteca/BCS/BCS/camr-bcsg.shp", "tessellate": -1, "visibility": -1}, "geometry": {"type": "LineString", "coordinates": [[-111.29080653190614, 25.585888303768886], [-111.29080653190614, 25.585820566466072]]}}, {"type": "Feature", "id": 1, "properties": {"CRURIMT2KG": 70167, "CRURIMT2KG_1": 70167, "DESCRIPCIO": "Caminos Rurales (rev.) 2 carriles", "ESTADO": "BCS", "FNODE_": 0, "ID_IMT": 420, "LENGTH": 0.056, "LPOLY_": 0, "RPOLY_": 0, "TNODE_": 0, "extrude": 0, "fid": 51, "layer": "CAMINOS_RURALES", "path": "D:/Back-up/Escritorio Brenda/Datos_SIG/Mapoteca/BCS/BCS/camr-bcsg.shp", "tessellate": -1, "visibility": -1}, "geometry": {"type": "LineString", "coordinates": [[-111.27180576324463, 25.563503877058178], [-111.27169847488405, 25.563387734230854], [-111.27169847488405, 25.563281269873535], [-111.27160191535951, 25.563165126830363], [-111.2714946269989, 25.562942519016186], [-111.2714946269989, 25.56283605426317], [-111.27130150794984, 25.56263280310826], [-111.27130150794984, 25.562526338079973], [-111.27120494842531, 25.56243923025916], [-111.27120494842531, 25.562332765058812], [-111.27109766006471, 25.56224565709724], [-111.27109766006471, 25.56215854907232], [-111.27100110054018, 25.562071440984056], [-111.27100110054018, 25.561877867227818], [-111.27089381217958, 25.56179075893545], [-111.27089381217958, 25.561713329289066], [-111.27079725265503, 25.56162622087705], [-111.27070069313051, 25.561568148567186], [-111.27060413360597, 25.56151975495412], [-111.27049684524536, 25.5614907187769], [-111.27009987831116, 25.561500397503423], [-111.26979947090149, 25.561539112401697], [-111.26909136772156, 25.561587506006926], [-111.2688982486725, 25.561568148567186], [-111.26869440078735, 25.5614907187769], [-111.2685012817383, 25.561374573997643], [-111.2685012817383, 25.561306822824406], [-111.26829743385316, 25.561180999115297], [-111.26829743385316, 25.561132605345836], [-111.26820087432863, 25.561074532796685], [-111.26820087432863, 25.561016460219378], [-111.26815795898439, 25.560997102687363]]}}, {"type": "Feature", "id": 1, "properties": {"CARIMT2KG_": 1659, "CARIMT2KG__1": 1659, "CENTRO": "BCS", "DESCRIPCIO": "Carretera Federal Libre (pav.) 2 carriles", "FNODE_": 0, "LENGTH": 0.104, "LPOLY_": 0, "PAISGEO_ID": 100, "RPOLY_": 0, "TNODE_": 0, "extrude": 0, "fid": 18, "layer": "CARRETERA_FEDERAL_LIBRE", "path": "D:/Back-up/Escritorio Brenda/Datos_SIG/Mapoteca/BCS/BCS/camf-bcsg.shp", "tessellate": -1, "visibility": -1}, "geometry": {"type": "MultiLineString", "coordinates": [[[-111.26470327377321, 25.721527729275792], [-111.26510024070741, 25.722098007678678], [-111.26519680023193, 25.722416975762425], [-111.26519680023193, 25.723141900044094], [-111.26510024070741, 25.723547855711743], [-111.26510024070741, 25.72421477987174], [-111.26500368118288, 25.72442742157118], [-111.26519680023193, 25.72524898820113], [-111.2656044960022, 25.72605121837439], [-111.26600146293642, 25.726921100398066], [-111.26639842987062, 25.727906958998677], [-111.26660227775574, 25.72814858976142], [-111.26719236373903, 25.72965635462886], [-111.26740694046022, 25.7301299434937], [-111.26760005950929, 25.730352239657247], [-111.26780390739442, 25.730787165731627], [-111.26809358596803, 25.73122209021493], [-111.26820087432863, 25.731434719383238], [-111.26840472221375, 25.731647348171265], [-111.2685012817383, 25.731869641497575], [-111.26869440078735, 25.732091934408228], [-111.26880168914796, 25.73232389178489], [-111.26899480819704, 25.732536518982574], [-111.26919865608217, 25.732981101894257], [-111.26940250396729, 25.733184063105508], [-111.26970291137697, 25.73359964926637], [-111.26989603042604, 25.733976574993015], [-111.27009987831116, 25.734150540309894], [-111.27049684524536, 25.734401823095926], [-111.27090454101564, 25.734556458392536]], [[-111.26470327377321, 25.721527729275792], [-111.26500368118288, 25.721972353350186]], [[-111.25869512557985, 25.71976854816206], [-111.25889897346497, 25.720048858983244], [-111.25910282135011, 25.720232510542374], [-111.25949978828432, 25.7203195032872], [-111.25980019569398, 25.720300171571633], [-111.26019716262819, 25.720358166708934], [-111.26119494438173, 25.720870455860297], [-111.26159191131593, 25.721005777154524], [-111.2619996070862, 25.72105410615087], [-111.26239657402039, 25.721131432504176], [-111.26269698143007, 25.721160429873706], [-111.26349091529846, 25.72134407971653], [-111.26380205154419, 25.72135374548988], [-111.2641990184784, 25.721334413942397], [-111.26449942588806, 25.721363411262434], [-111.26470327377321, 25.721527729275792]], [[-111.24088525772096, 25.679899692285908], [-111.24049901962282, 25.680586199196682], [-111.24030590057374, 25.6810889904813], [-111.24049901962282, 25.681427406497495], [-111.24059557914735, 25.681794828512512], [-111.24079942703247, 25.68218158730427], [-111.24079942703247, 25.68260702052517], [-111.24070286750795, 25.683013114455285], [-111.24070286750795, 25.68342887585453], [-111.24059557914735, 25.683641590427982], [-111.24059557914735, 25.68405734963403], [-111.24030590057374, 25.68467615134693], [-111.2401020526886, 25.68506290078532], [-111.23970508575441, 25.685381968126798], [-111.23940467834473, 25.68568169727518], [-111.23920083045961, 25.686029768888233], [-111.239093542099, 25.686426182542156], [-111.239093542099, 25.686841932030248], [-111.23920083045961, 25.687248011524805], [-111.23920083045961, 25.688533920791475], [-111.239093542099, 25.688746626249404], [-111.239093542099, 25.689191372797673], [-111.23899698257448, 25.689636117685286], [-111.23899698257448, 25.69028389531153], [-111.239093542099, 25.690699631334947], [-111.2393081188202, 25.691134702363605], [-111.23950123786928, 25.691347403176973], [-111.23970508575441, 25.69176313548806], [-111.23989820480348, 25.691966167019544], [-111.24030590057374, 25.69282663014434], [-111.24049901962282, 25.693058664079995], [-111.24059557914735, 25.693522730595], [-111.24049901962282, 25.693745095159237], [-111.24049901962282, 25.69421882697674], [-111.24040246009828, 25.69445085819976], [-111.24040246009828, 25.694905251368546], [-111.24030590057374, 25.695311303371483], [-111.24030590057374, 25.69568835042011], [-111.24040246009828, 25.696084731927517], [-111.24059557914735, 25.6964617765271], [-111.24070286750795, 25.69686782322219], [-111.24120712280275, 25.69788293390186], [-111.24130368232728, 25.698250305157867], [-111.24130368232728, 25.69861767528034], [-111.24049901962282, 25.699845456675124], [-111.24040246009828, 25.700183819400884], [-111.24070286750795, 25.701218236627007], [-111.24079942703247, 25.701614599724298], [-111.24079942703247, 25.70329671135455], [-111.24099254608156, 25.703702734738563], [-111.24109983444215, 25.70408942238811], [-111.24120712280275, 25.70429243290123], [-111.24120712280275, 25.704688785762297], [-111.24140024185182, 25.70519147529737], [-111.24170064926149, 25.70545248633397], [-111.24189376831056, 25.706167846981636], [-111.24210834503175, 25.706477190794914], [-111.24239802360536, 25.70674786597198], [-111.24260187149049, 25.707414884316382], [-111.24290227890015, 25.70771455800767], [-111.24320268630981, 25.708139900015844], [-111.24320268630981, 25.708826244141534], [-111.2433958053589, 25.70911624751207], [-111.24359965324402, 25.709348249699644], [-111.24390006065369, 25.709580251434932], [-111.24420046806337, 25.709841252846473], [-111.2444043159485, 25.710160253794307], [-111.24450087547304, 25.710508253852986], [-111.24469399452211, 25.710875586144184], [-111.2448012828827, 25.71120425091721], [-111.24500513076782, 25.71147491534279], [-111.24519824981691, 25.711668246698398], [-111.24549865722658, 25.711745579152694], [-111.24579906463624, 25.71170691293184], [-111.24609947204591, 25.711639247015093], [-111.24649643898012, 25.711639247015093], [-111.24720454216005, 25.711871244283735], [-111.24749422073366, 25.711987242748428], [-111.24780535697937, 25.71215157371317], [-111.24839544296266, 25.71257689986216], [-111.24870657920839, 25.712702564115215], [-111.24950051307678, 25.712799228834946], [-111.24980092048646, 25.712934559310632], [-111.25019788742065, 25.713031223841885], [-111.25060558319092, 25.713011890941914], [-111.25129222869873, 25.712847561165365], [-111.25160336494446, 25.71282822823555], [-111.25190377235414, 25.712915226394966], [-111.25209689140321, 25.713456546846448], [-111.25219345092775, 25.71395919934616], [-111.25219345092775, 25.714268522905858], [-111.25209689140321, 25.714490848717666], [-111.25179648399354, 25.714568179337444], [-111.25119566917421, 25.714471516054882], [-111.25079870224, 25.714345853670135], [-111.25039100646974, 25.714181525735977], [-111.25010132789613, 25.714017197574858], [-111.24970436096193, 25.713939866596974], [-111.2493932247162, 25.713930200221206], [-111.24910354614259, 25.713785204490414], [-111.24859929084779, 25.713398548344436], [-111.24829888343812, 25.713369549082834], [-111.24799847602846, 25.71356287736001], [-111.24799847602846, 25.713804537264735], [-111.24820232391359, 25.71437485269378], [-111.24859929084779, 25.714848502412732], [-111.24889969825746, 25.715109492268418], [-111.24920010566711, 25.715283485187463], [-111.24960780143739, 25.715399480325452], [-111.2500047683716, 25.715544474088905], [-111.25060558319092, 25.715911790832116], [-111.25119566917421, 25.716095448778436], [-111.25150680541994, 25.71623077550481], [-111.25179648399354, 25.716443431478115], [-111.25209689140321, 25.71655942548515], [-111.25240802764894, 25.71655942548515], [-111.25269770622253, 25.716414432958675], [-111.25309467315675, 25.71610511497827], [-111.25369548797607, 25.715708800140543], [-111.25399589538576, 25.715457477852034], [-111.25419974327089, 25.71522548757606], [-111.25459671020509, 25.71507082714074], [-111.25489711761476, 25.714993496847693], [-111.25549793243408, 25.714693841487353], [-111.25609874725343, 25.71462617726927], [-111.2567961215973, 25.71509015970615], [-111.25689268112183, 25.715389814068278], [-111.25739693641664, 25.716027785357504], [-111.25750422477722, 25.716298438810274], [-111.2573003768921, 25.716549759322223], [-111.25720381736755, 25.716839743868558], [-111.25720381736755, 25.717158726053103], [-111.25739693641664, 25.71779668785621], [-111.25739693641664, 25.71838631617732], [-111.25760078430177, 25.718647298271613], [-111.25779390335084, 25.71884061797228], [-111.25810503959657, 25.718995273506607], [-111.25839471817018, 25.719198258590264], [-111.25850200653078, 25.71946890482964], [-111.25869512557985, 25.71976854816206]], [[-111.25851273536684, 25.719497902604473], [-111.25869512557985, 25.71976854816206]]]}}, {"type": "Feature", "id": 1, "properties": {"CRURIMT2KG": 70170, "CRURIMT2KG_1": 70170, "DESCRIPCIO": "Caminos Rurales (rev.) 2 carriles", "ESTADO": "BCS", "FNODE_": 0, "ID_IMT": 420, "LENGTH": 0.055, "LPOLY_": 0, "RPOLY_": 0, "TNODE_": 0, "extrude": 0, "fid": 54, "layer": "CAMINOS_RURALES", "path": "D:/Back-up/Escritorio Brenda/Datos_SIG/Mapoteca/BCS/BCS/camr-bcsg.shp", "tessellate": -1, "visibility": -1}, "geometry": {"type": "MultiLineString", "coordinates": [[[-111.25230073928833, 25.562748946667575], [-111.25230073928833, 25.562661839008648], [-111.25219345092775, 25.562574731286375], [-111.25219345092775, 25.562477944854006], [-111.25209689140321, 25.562390836998], [-111.25209689140321, 25.56230372907866], [-111.25200033187866, 25.562216621095967], [-111.25200033187866, 25.562129513049943], [-111.25179648399354, 25.561945618078088], [-111.25179648399354, 25.561858509834984], [-111.25160336494446, 25.5616746144471], [-111.25160336494446, 25.56157782728745], [-111.25129222869873, 25.561306822824406], [-111.25129222869873, 25.56120035661762], [-111.25119566917421, 25.561103569074792], [-111.25119566917421, 25.56102613898422], [-111.25119566917421, 25.561006781453756], [-111.25100255012514, 25.560861599875583], [-111.25100255012514, 25.560803527195063], [-111.25089526176453, 25.56073577569886], [-111.25089526176453, 25.560609951389974], [-111.25070214271547, 25.560474448140297], [-111.25070214271547, 25.56040669645798], [-111.25060558319092, 25.560348623556933], [-111.25060558319092, 25.560261514152568], [-111.25049829483034, 25.560164725851216], [-111.25049829483034, 25.56007761631314], [-111.25039100646974, 25.55999050671172], [-111.25039100646974, 25.559893718191418], [-111.25010132789613, 25.559632388795986], [-111.25010132789613, 25.559535599986354], [-111.2500047683716, 25.559448489990842], [-111.2500047683716, 25.559361379931968], [-111.24980092048646, 25.55923555417956], [-111.24960780143739, 25.559167801796605], [-111.24929666519166, 25.559177480710805], [-111.24920010566711, 25.559206517448708], [-111.24920010566711, 25.55924523308829], [-111.24910354614259, 25.559274269809766], [-111.248996257782, 25.559283948715358], [-111.24889969825746, 25.559322664329915], [-111.24790191650392, 25.55954527887084], [-111.24769806861879, 25.55964206767266], [-111.24749422073366, 25.559767892998114], [-111.24709725379944, 25.560087295153835], [-111.24709725379944, 25.56015504701678], [-111.24690413475038, 25.560329265916995], [-111.24690413475038, 25.560513163370125], [-111.24680757522584, 25.560600272591508], [-111.24680757522584, 25.560803527195063], [-111.24670028686523, 25.560968066383456], [-111.24649643898012, 25.561122926589604]], [[-111.24662518501283, 25.56102613898422], [-111.24649643898012, 25.561122926589604]], [[-111.24649643898012, 25.561122926589604], [-111.24639987945557, 25.561171320362984], [-111.24600291252136, 25.561287465339298], [-111.24569177627563, 25.56147136132151], [-111.24569177627563, 25.561548791124302], [-111.24549865722658, 25.561742365412318], [-111.24549865722658, 25.561829473739873], [-111.24529480934143, 25.562032726257836], [-111.24529480934143, 25.562119834374254], [-111.24510169029237, 25.562313407739488], [-111.24510169029237, 25.562410194304807], [-111.24489784240724, 25.562603767200844], [-111.24489784240724, 25.562690874901996], [-111.24469399452211, 25.562845732880984], [-111.24450087547304, 25.562923161795396], [-111.2444043159485, 25.562932840406187], [-111.24429702758789, 25.562932840406187], [-111.24410390853883, 25.562874768729753], [-111.2440073490143, 25.562826375644555], [-111.2437927722931, 25.56276830391652], [-111.2433958053589, 25.562613445837435], [-111.24290227890015, 25.56248762350075], [-111.24260187149049, 25.562371479688064], [-111.24239802360536, 25.562313407739488], [-111.24230146408082, 25.562265014427506], [-111.24230146408082, 25.562235978430927], [-111.24189376831056, 25.562148870398975], [-111.24160408973695, 25.562168227744888], [-111.24120712280275, 25.562235978430927], [-111.24089598655702, 25.56236180103193], [-111.24019861221315, 25.562526338079973], [-111.23999476432802, 25.562603767200844], [-111.23980164527894, 25.562642481742515], [-111.2393081188202, 25.562797339784055], [-111.239093542099, 25.562797339784055], [-111.23860001564027, 25.562739268041938], [-111.23850345611574, 25.562710232160317], [-111.2384068965912, 25.562710232160317], [-111.23819231987001, 25.56263280310826], [-111.23819231987001, 25.562584409925307], [-111.23809576034547, 25.562536016722813], [-111.23809576034547, 25.562468266206462], [-111.23799920082092, 25.562400515651802], [-111.23799920082092, 25.562206942427316], [-111.2379026412964, 25.562148870398975], [-111.2379026412964, 25.562081119663674], [-111.2377953529358, 25.562013368890028], [-111.2377953529358, 25.561945618078088], [-111.23769879341125, 25.56186818853179], [-111.23769879341125, 25.56180043763774], [-111.23760223388673, 25.561742365412318], [-111.23760223388673, 25.561684293158752], [-111.2375056743622, 25.561635899592616], [-111.2375056743622, 25.561568148567186], [-111.2373983860016, 25.5614907187769], [-111.2373983860016, 25.561403610203016], [-111.23730182647705, 25.561335859046203], [-111.23730182647705, 25.56125842910577], [-111.23709797859193, 25.561113247832598], [-111.23709797859193, 25.561035817748277]], [[-111.23709797859193, 25.561035817748277], [-111.23708724975587, 25.56102613898422]], [[-111.23709797859193, 25.561035817748277], [-111.23629331588745, 25.560551878587447], [-111.23619675636293, 25.560484126948932], [-111.23619675636293, 25.560416375272098], [-111.2361001968384, 25.560367981193743], [-111.23589634895325, 25.560300229451222], [-111.23570322990419, 25.560319587095844], [-111.23549938201906, 25.560426054085415], [-111.23549938201906, 25.560503484563835], [-111.23519897460938, 25.560764812059062], [-111.23510241508485, 25.560832563538842], [-111.2348985671997, 25.56093903007251], [-111.23480200767519, 25.56097774515219], [-111.23459815979005, 25.560997102687363], [-111.23439431190492, 25.561045496511554]], [[-111.23448014259338, 25.56102613898422], [-111.23439431190492, 25.561045496511554]], [[-111.23439431190492, 25.561045496511554], [-111.23429775238039, 25.561103569074792], [-111.23410463333131, 25.561142284101305], [-111.23390078544618, 25.561093890316204], [-111.23390078544618, 25.56102613898422], [-111.23390078544618, 25.56097774515219], [-111.23380422592163, 25.5609003149803], [-111.23380422592163, 25.560755133273112], [-111.23370766639711, 25.560706739331607], [-111.23370766639711, 25.560658345370562], [-111.2334930896759, 25.56059059379225], [-111.23329997062685, 25.560571236191418], [-111.23320341110231, 25.56058091499223], [-111.23320341110231, 25.560609951389974], [-111.2330961227417, 25.56064866657601], [-111.23290300369264, 25.560774490844235], [-111.23269915580751, 25.560803527195063], [-111.2323021888733, 25.560764812059062], [-111.23219490051271, 25.560745454486373], [-111.23209834098816, 25.560706739331607], [-111.23209834098816, 25.56064866657601], [-111.23200178146364, 25.560571236191418], [-111.23200178146364, 25.560038900942555], [-111.2319052219391, 25.559980827863217], [-111.2319052219391, 25.559942112461346], [-111.2317979335785, 25.559913075901736], [-111.2317979335785, 25.559893718191418], [-111.23149752616884, 25.559903397046973], [-111.23119711875917, 25.559942112461346], [-111.23110055923463, 25.559932433608925], [-111.23100399971008, 25.559893718191418], [-111.23069286346436, 25.559709819787404], [-111.2304997444153, 25.55954527887084], [-111.2304997444153, 25.559477526663045], [-111.23040318489076, 25.559419453311577], [-111.23019933700563, 25.559361379931968], [-111.2301027774811, 25.559351701032625], [-111.22989892959596, 25.559409774416928], [-111.22989892959596, 25.559458168882358], [-111.22979164123537, 25.55951624221506], [-111.22979164123537, 25.559651746548543], [-111.22989892959596, 25.559709819787404], [-111.22989892959596, 25.56022279884141], [-111.22959852218628, 25.560416375272098], [-111.22950196266176, 25.56045509052069], [-111.22939467430116, 25.560484126948932], [-111.22910499572755, 25.560503484563835], [-111.22850418090822, 25.560474448140297], [-111.22839689254762, 25.560445411709704], [-111.22820377349854, 25.560426054085415], [-111.22799992561342, 25.560426054085415], [-111.22779607772829, 25.560445411709704], [-111.22769951820375, 25.560474448140297], [-111.22730255126955, 25.560542199784283], [-111.227205991745, 25.56058091499223], [-111.22700214385988, 25.56062930898456], [-111.22660517692567, 25.560668024164336]], [[-111.22695922851564, 25.56062930898456], [-111.22660517692567, 25.560668024164336]], [[-111.22660517692567, 25.560668024164336], [-111.22640132904054, 25.560668024164336], [-111.226304769516, 25.56064866657601], [-111.22619748115541, 25.560619630187656], [-111.22599363327028, 25.56052284217563], [-111.22599363327028, 25.560445411709704], [-111.22580051422119, 25.560300229451222], [-111.22559666633607, 25.560164725851216], [-111.225403547287, 25.56009697399374], [-111.225403547287, 25.560029222097942], [-111.22530698776247, 25.559951791312983], [-111.22480273246767, 25.55957431551961]], [[-111.22480273246767, 25.55957431551961], [-111.22409462928773, 25.559080691533655], [-111.2239980697632, 25.558993581207364], [-111.22330069541933, 25.55852899173076], [-111.22330069541933, 25.558461238948226], [-111.22279644012453, 25.55814183245737], [-111.22269988059999, 25.55806440045256], [-111.22269988059999, 25.55800632641612], [-111.22200250625612, 25.5575223750177], [-111.22170209884645, 25.55729007765212], [-111.22170209884645, 25.55721264509685], [-111.22149825096132, 25.55703842166451], [-111.22149825096132, 25.556951309853332], [-111.22129440307617, 25.556767406932867], [-111.22129440307617, 25.556680294924657], [-111.22100472450258, 25.556389921106547], [-111.22100472450258, 25.55629312967746], [-111.22070431709291, 25.556012434090967], [-111.22070431709291, 25.55591564235694], [-111.22039318084718, 25.55566398348257], [-111.22039318084718, 25.55555751226122], [-111.22029662132265, 25.555470399373398], [-111.22029662132265, 25.55537360720154], [-111.22010350227357, 25.555199381095143], [-111.22010350227357, 25.55512194718876], [-111.21989965438843, 25.554976758479427], [-111.21970653533937, 25.554889645169393], [-111.21949195861816, 25.554860607385304], [-111.2192988395691, 25.5547928525284], [-111.21909499168397, 25.55475413545011], [-111.21899843215944, 25.55475413545011], [-111.21880531311035, 25.55481221106285], [-111.21880531311035, 25.554860607385304], [-111.21860146522523, 25.555015475485785], [-111.21860146522523, 25.555112267946946], [-111.21830105781557, 25.555344569534725], [-111.21830105781557, 25.555422003297245], [-111.2180006504059, 25.55565430428455], [-111.2180006504059, 25.555731737846898], [-111.21779680252075, 25.5558866048215], [-111.21779680252075, 25.555954359059925], [-111.2174963951111, 25.556196338170185], [-111.2174963951111, 25.55629312967746], [-111.21719598770143, 25.556506070718235], [-111.21719598770143, 25.556593182853117], [-111.21709942817688, 25.556660936692005], [-111.21709942817688, 25.556738369603842], [-111.21679902076723, 25.556980347130757], [-111.21679902076723, 25.55706745892083], [-111.2165951728821, 25.557222324168997], [-111.2165951728821, 25.55729007765212], [-111.21629476547243, 25.55748365882139], [-111.21610164642335, 25.55758044928873], [-111.21589779853822, 25.55765788160631], [-111.21569395065308, 25.55769659774632], [-111.21540427207948, 25.557832104137876], [-111.21520042419435, 25.557870820221606], [-111.21490001678468, 25.558025684431403], [-111.21469616889955, 25.55806440045256], [-111.21450304985048, 25.558151511454458], [-111.21439576148988, 25.558180548441012], [-111.21429920196533, 25.55819022743496], [-111.21410608291627, 25.558170869446265], [-111.21390223503113, 25.558093437460236], [-111.21350526809694, 25.5578514621813], [-111.21339797973634, 25.557812746091336], [-111.21320486068726, 25.557783709015638], [-111.21309757232667, 25.557803067066885], [-111.21289372444153, 25.557870820221606], [-111.21270060539247, 25.55797728938734], [-111.2124001979828, 25.558112795461437], [-111.21219635009766, 25.558170869446265], [-111.21219635009766, 25.55820958542052], [-111.21179938316347, 25.558345091231892], [-111.21170282363893, 25.558393486127382], [-111.21170282363893, 25.558432202029707], [-111.210994720459, 25.558712891947334], [-111.21089816093446, 25.55872257089828], [-111.21070504188539, 25.558683855089793], [-111.21040463447572, 25.558558028625818], [-111.21029734611513, 25.55852899173076], [-111.21009349822998, 25.55852899173076]], [[-111.22480273246767, 25.55957431551961], [-111.22421264648439, 25.559167801796605]]]}}, {"type": "Feature", "id": 4, "properties": {"CRURIMT2KG": 70169, "CRURIMT2KG_1": 70169, "DESCRIPCIO": "Caminos Rurales (rev.) 2 carriles", "ESTADO": "BCS", "FNODE_": 0, "ID_IMT": 420, "LENGTH": 0, "LPOLY_": 0, "RPOLY_": 0, "TNODE_": 0, "extrude": 0, "fid": 53, "layer": "CAMINOS_RURALES", "path": "D:/Back-up/Escritorio Brenda/Datos_SIG/Mapoteca/BCS/BCS/camr-bcsg.shp", "tessellate": -1, "visibility": -1}, "geometry": {"type": "LineString", "coordinates": [[-111.25230073928833, 25.562845732880984], [-111.25230073928833, 25.562748946667575]]}}, {"type": "Feature", "id": 5, "properties": {"CRURIMT2KG": 70168, "CRURIMT2KG_1": 70168, "DESCRIPCIO": "Caminos Rurales (rev.) 2 carriles", "ESTADO": "BCS", "FNODE_": 0, "ID_IMT": 420, "LENGTH": 0, "LPOLY_": 0, "RPOLY_": 0, "TNODE_": 0, "extrude": 0, "fid": 52, "layer": "CAMINOS_RURALES", "path": "D:/Back-up/Escritorio Brenda/Datos_SIG/Mapoteca/BCS/BCS/camr-bcsg.shp", "tessellate": -1, "visibility": -1}, "geometry": {"type": "LineString", "coordinates": [[-111.25240802764894, 25.562942519016186], [-111.25230073928833, 25.562845732880984]]}}, {"type": "Feature", "id": 2, "properties": {"CRURIMT2KG": 70167, "CRURIMT2KG_1": 70167, "DESCRIPCIO": "Caminos Rurales (rev.) 2 carriles", "ESTADO": "BCS", "FNODE_": 0, "ID_IMT": 420, "LENGTH": 0.056, "LPOLY_": 0, "RPOLY_": 0, "TNODE_": 0, "extrude": 0, "fid": 51, "layer": "CAMINOS_RURALES", "path": "D:/Back-up/Escritorio Brenda/Datos_SIG/Mapoteca/BCS/BCS/camr-bcsg.shp", "tessellate": -1, "visibility": -1}, "geometry": {"type": "MultiLineString", "coordinates": [[[-111.27090454101564, 25.56180043763774], [-111.27089381217958, 25.56179075893545], [-111.27089381217958, 25.561713329289066], [-111.27079725265503, 25.56162622087705], [-111.27070069313051, 25.561568148567186], [-111.27060413360597, 25.56151975495412], [-111.27049684524536, 25.5614907187769], [-111.27009987831116, 25.561500397503423], [-111.26979947090149, 25.561539112401697], [-111.26909136772156, 25.561587506006926], [-111.2688982486725, 25.561568148567186], [-111.26869440078735, 25.5614907187769], [-111.2685012817383, 25.561374573997643], [-111.2685012817383, 25.561306822824406], [-111.26829743385316, 25.561180999115297], [-111.26829743385316, 25.561132605345836], [-111.26820087432863, 25.561074532796685], [-111.26820087432863, 25.561016460219378], [-111.26799702644348, 25.560919672527977], [-111.26799702644348, 25.56088095742952], [-111.26790046691896, 25.560842242318543], [-111.26790046691896, 25.560803527195063], [-111.26769661903381, 25.560774490844235], [-111.26660227775574, 25.560726096910567], [-111.26600146293642, 25.560668024164336], [-111.26549720764162, 25.560668024164336], [-111.26470327377321, 25.560609951389974], [-111.26429557800294, 25.560638987780674], [-111.26410245895387, 25.560677702957335], [-111.2632977962494, 25.560764812059062], [-111.26180648803712, 25.560774490844235], [-111.26119494438173, 25.560832563538842], [-111.26119494438173, 25.56085192109746], [-111.26090526580812, 25.560890636205304], [-111.26079797744752, 25.560919672527977], [-111.26059412956239, 25.561016460219378], [-111.26059412956239, 25.561093890316204], [-111.26040101051332, 25.56122939286522], [-111.26040101051332, 25.561306822824406], [-111.26010060310365, 25.56151975495412], [-111.26010060310365, 25.56160686344355], [-111.25969290733339, 25.561916582004084], [-111.25969290733339, 25.562003690204953], [-111.25940322875978, 25.562226299763843], [-111.25940322875978, 25.562323086399537], [-111.25929594039917, 25.562410194304807], [-111.25929594039917, 25.56250698079192], [-111.25919938087465, 25.562603767200844], [-111.25919938087465, 25.562807018404996], [-111.25910282135011, 25.562903804571487], [-111.25910282135011, 25.563010269264304], [-111.25900626182558, 25.56310705526655], [-111.25900626182558, 25.56331030561675], [-111.25889897346497, 25.563407091376558], [-111.25889897346497, 25.563494198493533], [-111.25888824462892, 25.563503877058178]], [[-111.25272989273073, 25.563503877058178], [-111.25269770622253, 25.563494198493533], [-111.25250458717348, 25.563378055656816], [-111.25250458717348, 25.563290948455396], [-111.25240802764894, 25.563203841190614], [-111.25240802764894, 25.562942519016186]]]}}, {"type": "Feature", "id": 3, "properties": {"CRURIMT2KG": 70169, "CRURIMT2KG_1": 70169, "DESCRIPCIO": "Caminos Rurales (rev.) 2 carriles", "ESTADO": "BCS", "FNODE_": 0, "ID_IMT": 420, "LENGTH": 0, "LPOLY_": 0, "RPOLY_": 0, "TNODE_": 0, "extrude": 0, "fid": 53, "layer": "CAMINOS_RURALES", "path": "D:/Back-up/Escritorio Brenda/Datos_SIG/Mapoteca/BCS/BCS/camr-bcsg.shp", "tessellate": -1, "visibility": -1}, "geometry": {"type": "LineString", "coordinates": [[-111.25230073928833, 25.562845732880984], [-111.25230073928833, 25.562748946667575]]}}, {"type": "Feature", "id": 4, "properties": {"CRURIMT2KG": 70168, "CRURIMT2KG_1": 70168, "DESCRIPCIO": "Caminos Rurales (rev.) 2 carriles", "ESTADO": "BCS", "FNODE_": 0, "ID_IMT": 420, "LENGTH": 0, "LPOLY_": 0, "RPOLY_": 0, "TNODE_": 0, "extrude": 0, "fid": 52, "layer": "CAMINOS_RURALES", "path": "D:/Back-up/Escritorio Brenda/Datos_SIG/Mapoteca/BCS/BCS/camr-bcsg.shp", "tessellate": -1, "visibility": -1}, "geometry": {"type": "LineString", "coordinates": [[-111.25240802764894, 25.562942519016186], [-111.25230073928833, 25.562845732880984]]}}, {"type": "Feature", "id": 2, "properties": {"CRURIMT2KG": 70176, "CRURIMT2KG_1": 70176, "DESCRIPCIO": "Caminos Rurales (rev.) 2 carriles", "ESTADO": "BCS", "FNODE_": 0, "ID_IMT": 420, "LENGTH": 0.033, "LPOLY_": 0, "RPOLY_": 0, "TNODE_": 0, "extrude": 0, "fid": 60, "layer": "CAMINOS_RURALES", "path": "D:/Back-up/Escritorio Brenda/Datos_SIG/Mapoteca/BCS/BCS/camr-bcsg.shp", "tessellate": -1, "visibility": -1}, "geometry": {"type": "LineString", "coordinates": [[-111.19369983673096, 25.576017606826426], [-111.19349598884584, 25.57604663948156], [-111.19349598884584, 25.576065994581075], [-111.19330286979677, 25.576065994581075], [-111.19330286979677, 25.576114382316174], [-111.19319558143617, 25.576133737404735], [-111.19319558143617, 25.57619180265165], [-111.19309902191164, 25.57640470831602], [-111.19300246238708, 25.57643374087729], [-111.19300246238708, 25.576511161006223], [-111.19290590286256, 25.576540193541657], [-111.19290590286256, 25.576588581085083], [-111.19279861450197, 25.576617613601762], [-111.19279861450197, 25.576636968608952], [-111.19270205497743, 25.576656323613026], [-111.19270205497743, 25.57668535611327], [-111.19259476661684, 25.576714388606465], [-111.19259476661684, 25.57675309858644], [-111.1924982070923, 25.57673374359802], [-111.1924982070923, 25.576714388606465], [-111.19240164756776, 25.57668535611327], [-111.19240164756776, 25.576588581085083], [-111.19229435920715, 25.576559548561377], [-111.19229435920715, 25.576346643172382], [-111.19219779968263, 25.57630793306097], [-111.19219779968263, 25.57626922293704], [-111.19189739227296, 25.576220835264536], [-111.19180083274843, 25.57618212511244], [-111.19180083274843, 25.57607567212965], [-111.19170427322389, 25.576036961930633], [-111.19170427322389, 25.576007929273143], [-111.19159698486328, 25.57598857416424], [-111.19139313697816, 25.575998251719085], [-111.19139313697816, 25.576017606826426], [-111.19129657745363, 25.576056317031714], [-111.19129657745363, 25.576104704770717], [-111.19120001792909, 25.576162770031704], [-111.19120001792909, 25.5763369656457], [-111.19110345840456, 25.576385353271274], [-111.19110345840456, 25.576472450948003], [-111.19099617004396, 25.57650148349284], [-111.19099617004396, 25.57657890357797], [-111.19089961051941, 25.57660793609698], [-111.19080305099489, 25.57660793609698], [-111.19080305099489, 25.57656922607007], [-111.19069576263429, 25.576540193541657], [-111.19069576263429, 25.576520838518807], [-111.19059920310976, 25.57650148349284], [-111.19059920310976, 25.576443418396146], [-111.19050264358522, 25.57641438583723], [-111.19050264358522, 25.576365998223388], [-111.19039535522462, 25.576346643172382], [-111.19039535522462, 25.576240190335884], [-111.19029879570009, 25.576201480190047], [-111.19029879570009, 25.57608534967746], [-111.19020223617554, 25.576036961930633], [-111.19020223617554, 25.575862765880096], [-111.19010567665102, 25.575804700473594], [-111.19010567665102, 25.575736957463747], [-111.18999838829042, 25.575707924733496], [-111.18999838829042, 25.57566921441555], [-111.18990182876588, 25.575659536834117], [-111.18990182876588, 25.57564018166889], [-111.18979454040529, 25.575630504085105], [-111.18960142135622, 25.57558211615443], [-111.18960142135622, 25.575533728204185], [-111.1894941329956, 25.5754853402344], [-111.1894941329956, 25.575388564236146], [-111.18939757347108, 25.57535953142142], [-111.18930101394655, 25.575378886632013], [-111.18930101394655, 25.575553083386634], [-111.18939757347108, 25.575591793742124], [-111.18939757347108, 25.57595954149502], [-111.1894941329956, 25.576027284378917], [-111.1894941329956, 25.57640470831602], [-111.18960142135622, 25.576462773431505], [-111.18960142135622, 25.576675678613967], [-111.1894941329956, 25.57675309858644], [-111.1894941329956, 25.57682084102127], [-111.18939757347108, 25.576878905934915], [-111.18939757347108, 25.57691761586169], [-111.18909716606142, 25.57698535820343], [-111.18900060653688, 25.57698535820343], [-111.18870019912721, 25.57706277797562], [-111.18849635124207, 25.577053100506827], [-111.18849635124207, 25.57700471315117], [-111.18839979171754, 25.576956325775956], [-111.18839979171754, 25.5767821310632], [-111.18830323219301, 25.576704711109503], [-111.18839979171754, 25.57664664611138], [-111.18839979171754, 25.576549871051913], [-111.18849635124207, 25.57650148349284], [-111.18859291076662, 25.57649180597868], [-111.18870019912721, 25.576462773431505], [-111.18870019912721, 25.576443418396146], [-111.18879675865173, 25.57643374087729], [-111.18879675865173, 25.576385353271274], [-111.18890404701234, 25.57630793306097], [-111.18890404701234, 25.576249867870388], [-111.18879675865173, 25.57619180265165], [-111.18879675865173, 25.57608534967746], [-111.18870019912721, 25.57604663948156], [-111.18849635124207, 25.576017606826426], [-111.18839979171754, 25.575978896608618], [-111.18839979171754, 25.575949863937044], [-111.18830323219301, 25.57591115369734], [-111.18830323219301, 25.575872443445107], [-111.18819594383241, 25.575804700473594], [-111.18819594383241, 25.575756312613322], [-111.18809938430786, 25.575688569576094], [-111.18809938430786, 25.575630504085105], [-111.18800282478334, 25.575562760976684], [-111.18800282478334, 25.5754853402344], [-111.18789553642274, 25.575407919442057], [-111.18789553642274, 25.575330498599637], [-111.1877989768982, 25.575262755321464], [-111.1877989768982, 25.575204689623938], [-111.18759512901308, 25.57507888051602], [-111.18759512901308, 25.574924038355547], [-111.18740200996399, 25.57477887364823], [-111.18740200996399, 25.57470145239902], [-111.18730545043947, 25.574624031099745], [-111.18730545043947, 25.574536932078214], [-111.18699431419374, 25.574304667711], [-111.18699431419374, 25.574207890758338], [-111.1868977546692, 25.574130469139902], [-111.1868977546692, 25.574053047471377], [-111.18680119514467, 25.573956270315325], [-111.18669390678407, 25.573878848534157], [-111.18669390678407, 25.57380142670293], [-111.186500787735, 25.573656260634436], [-111.18609309196474, 25.57343367232089], [-111.18609309196474, 25.573375605736256], [-111.1859965324402, 25.573336894664177], [-111.18569612503052, 25.573153016900932], [-111.18569612503052, 25.573075594600343], [-111.185599565506, 25.57299817224969], [-111.185599565506, 25.572833649588315], [-111.18550300598146, 25.572736871446605], [-111.18550300598146, 25.572572348426196], [-111.18539571762086, 25.57248524791209], [-111.18539571762086, 25.572417503023974], [-111.18529915809633, 25.572359435946534], [-111.18529915809633, 25.572301368840915], [-111.1850953102112, 25.572214268129677], [-111.18490219116212, 25.572156200953668], [-111.18430137634277, 25.57211748948734], [-111.18409752845766, 25.572165878818286], [-111.18409752845766, 25.572214268129677], [-111.18379712104799, 25.5724078251797], [-111.18379712104799, 25.572475570073273], [-111.1836040019989, 25.572649771052195], [-111.18349671363832, 25.572707837988837], [-111.18349671363832, 25.572785260527244], [-111.18329286575319, 25.57293042765179], [-111.18329286575319, 25.57299817224969], [-111.18309974670412, 25.57313366133048], [-111.18309974670412, 25.573201405813368], [-111.18300318717958, 25.57324011692925], [-111.18300318717958, 25.57353044989936], [-111.18289589881897, 25.573617549653108], [-111.18300318717958, 25.573685293862212], [-111.18300318717958, 25.57376271576854], [-111.18309974670412, 25.573811104434576], [-111.18309974670412, 25.573849815353324], [-111.18319630622865, 25.573888526259545], [-111.18319630622865, 25.57393691487474], [-111.18329286575319, 25.57399498118714], [-111.18329286575319, 25.57415950225268], [-111.18319630622865, 25.574227246155132], [-111.18319630622865, 25.574304667711], [-111.18289589881897, 25.574469188350985], [-111.18289589881897, 25.574536932078214], [-111.18279933929445, 25.574604675767095], [-111.18279933929445, 25.574653064092836], [-111.18270277976991, 25.574691774739343], [-111.18260622024538, 25.574691774739343], [-111.18260622024538, 25.574662741755628], [-111.18249893188478, 25.574594998099606], [-111.18249893188478, 25.57444983299331], [-111.18240237236024, 25.574372411531318], [-111.18240237236024, 25.57406272518268], [-111.18229508399965, 25.57401433661835], [-111.18229508399965, 25.573782071237307], [-111.1821985244751, 25.57376271576854], [-111.1821985244751, 25.573153016900932], [-111.18210196495058, 25.573143339116093], [-111.18210196495058, 25.573065916809245], [-111.18199467658998, 25.573065916809245], [-111.18199467658998, 25.573046561224707], [-111.18189811706544, 25.573046561224707], [-111.18189811706544, 25.573075594600343], [-111.18180155754091, 25.573094950180185], [-111.18180155754091, 25.573172372468257], [-111.18170499801637, 25.573201405813368], [-111.18170499801637, 25.573298183579592], [-111.18159770965578, 25.573317539123458], [-111.18159770965578, 25.573404639032084], [-111.18150115013123, 25.57343367232089], [-111.18150115013123, 25.573491738877355], [-111.18139386177064, 25.573520772145027], [-111.18139386177064, 25.573569160908857], [-111.18129730224611, 25.573598194157753], [-111.18129730224611, 25.5736756161204], [-111.18120074272157, 25.573704649343497], [-111.18120074272157, 25.573791748970503], [-111.18109345436098, 25.573811104434576], [-111.18109345436098, 25.573907881707964], [-111.18099689483644, 25.573927237153256], [-111.18099689483644, 25.574207890758338], [-111.1809003353119, 25.574236923852354], [-111.1809003353119, 25.574488543705527], [-111.18080377578735, 25.574536932078214], [-111.18080377578735, 25.57458532043133], [-111.18070721626283, 25.574633708764893], [-111.18070721626283, 25.574682097078888], [-111.18059992790224, 25.574711130057906], [-111.18049263954164, 25.574711130057906], [-111.18049263954164, 25.574730485373344], [-111.1803960800171, 25.574749840685637], [-111.1803960800171, 25.57477887364823], [-111.18029952049257, 25.574788551300863], [-111.18029952049257, 25.574846617200212], [-111.18026733398439, 25.574856294847372]]}}, {"type": "Feature", "id": 3, "properties": {"CRURIMT2KG": 70174, "CRURIMT2KG_1": 70174, "DESCRIPCIO": "Caminos Rurales (rev.) 2 carriles", "ESTADO": "BCS", "FNODE_": 0, "ID_IMT": 420, "LENGTH": 0, "LPOLY_": 0, "RPOLY_": 0, "TNODE_": 0, "extrude": 0, "fid": 58, "layer": "CAMINOS_RURALES", "path": "D:/Back-up/Escritorio Brenda/Datos_SIG/Mapoteca/BCS/BCS/camr-bcsg.shp", "tessellate": -1, "visibility": -1}, "geometry": {"type": "LineString", "coordinates": [[-111.19379639625551, 25.575978896608618], [-111.19369983673096, 25.575998251719085]]}}, {"type": "Feature", "id": 4, "properties": {"CRURIMT2KG": 70173, "CRURIMT2KG_1": 70173, "DESCRIPCIO": "Caminos Rurales (rev.) 2 carriles", "ESTADO": "BCS", "FNODE_": 0, "ID_IMT": 420, "LENGTH": 0.04, "LPOLY_": 0, "RPOLY_": 0, "TNODE_": 0, "extrude": 0, "fid": 57, "layer": "CAMINOS_RURALES", "path": "D:/Back-up/Escritorio Brenda/Datos_SIG/Mapoteca/BCS/BCS/camr-bcsg.shp", "tessellate": -1, "visibility": -1}, "geometry": {"type": "LineString", "coordinates": [[-111.19942903518678, 25.56102613898422], [-111.19920372962953, 25.56116164160986], [-111.1989998817444, 25.56123907161285], [-111.1989998817444, 25.561287465339298], [-111.19890332221986, 25.561306822824406], [-111.19890332221986, 25.561335859046203], [-111.19879603385927, 25.561374573997643], [-111.19879603385927, 25.561413288936578], [-111.19860291481018, 25.561500397503423], [-111.19860291481018, 25.561548791124302], [-111.19839906692506, 25.561635899592616], [-111.19819521903993, 25.561761722823917], [-111.1980986595154, 25.5618488311374], [-111.19800209999086, 25.561906903311197], [-111.19779825210573, 25.562003690204953], [-111.19740128517152, 25.562235978430927], [-111.19689702987672, 25.562545695364875], [-111.19670391082765, 25.562681196271665], [-111.19629621505739, 25.56291348318384], [-111.19580268859863, 25.56323287695257], [-111.19529843330385, 25.563532912747412], [-111.19529843330385, 25.56357162698877], [-111.1950945854187, 25.563658733986106], [-111.19490146636964, 25.56376519800793], [-111.1948049068451, 25.563842626327983], [-111.19419336318971, 25.564171696129865], [-111.19349598884584, 25.56458787134931], [-111.19319558143617, 25.564684656076814], [-111.19229435920715, 25.564684656076814], [-111.19170427322389, 25.5648007976466], [-111.19170427322389, 25.56482015456394], [-111.19150042533876, 25.564858868389248], [-111.19150042533876, 25.564878225297225], [-111.19139313697816, 25.564897582202047], [-111.19139313697816, 25.564945974450442], [-111.19129657745363, 25.56498468823509], [-111.19129657745363, 25.56540086062968], [-111.19139313697816, 25.565439574267295], [-111.19139313697816, 25.5656621774407], [-111.19129657745363, 25.56572024776573], [-111.19129657745363, 25.5658363883313], [-111.19120001792909, 25.565884780200378], [-111.19120001792909, 25.565933172049903], [-111.19110345840456, 25.56598156387989], [-111.19110345840456, 25.566029955690322], [-111.19099617004396, 25.566088025837022], [-111.19099617004396, 25.566146095955567], [-111.19089961051941, 25.56621384439162], [-111.19089961051941, 25.566339662814034], [-111.19080305099489, 25.566397732810575], [-111.19080305099489, 25.566455802778965], [-111.19069576263429, 25.566513872719195], [-111.19069576263429, 25.56656226431453], [-111.19059920310976, 25.56661065589034], [-111.19059920310976, 25.566823578591542], [-111.19050264358522, 25.566881648353434], [-111.19050264358522, 25.56744298793355], [-111.19059920310976, 25.567462344423873], [-111.19059920310976, 25.567481700911063], [-111.19080305099489, 25.567510735635977], [-111.19080305099489, 25.567530092115344], [-111.19089961051941, 25.56754944859158], [-111.19089961051941, 25.567588161534676], [-111.19099617004396, 25.567626874465255], [-111.19099617004396, 25.567733334959815], [-111.19110345840456, 25.567791404280605], [-111.19110345840456, 25.567907542837677], [-111.19120001792909, 25.567955933869904], [-111.19120001792909, 25.5682075669222], [-111.19129657745363, 25.56827531419211], [-111.19129657745363, 25.568468877609206], [-111.19139313697816, 25.568575337355252], [-111.19150042533876, 25.568604371815013], [-111.19150042533876, 25.56874954400827], [-111.19159698486328, 25.568807612836302], [-111.19159698486328, 25.569020531631487], [-111.19170427322389, 25.569097956554064], [-111.19170427322389, 25.569417333830533], [-111.19180083274843, 25.569494758496553], [-111.19180083274843, 25.569717354132514], [-111.19189739227296, 25.569785100548277], [-111.19189739227296, 25.57014318810923], [-111.19200468063356, 25.570201256261445], [-111.19200468063356, 25.570539986588184], [-111.1921012401581, 25.570617410528335], [-111.1921012401581, 25.570956139677865], [-111.19219779968263, 25.571014207435855], [-111.19219779968263, 25.571052919258875], [-111.19229435920715, 25.57108195311793], [-111.19229435920715, 25.57113034286736], [-111.19240164756776, 25.571169054652835], [-111.19240164756776, 25.571227122307572], [-111.1924982070923, 25.571285189934155], [-111.1924982070923, 25.571343257532583], [-111.19259476661684, 25.57138196924921], [-111.19259476661684, 25.57141100302848], [-111.19270205497743, 25.571420680953338], [-111.19270205497743, 25.571449714723222], [-111.19279861450197, 25.571488426405434], [-111.19279861450197, 25.57151746015888], [-111.19290590286256, 25.571556171819207], [-111.19300246238708, 25.57153681599061], [-111.19300246238708, 25.571507782241845], [-111.19309902191164, 25.571469070565893], [-111.19319558143617, 25.571469070565893], [-111.19319558143617, 25.571546493905288], [-111.19330286979677, 25.571594883467004], [-111.19330286979677, 25.571691662531748], [-111.1933994293213, 25.571730374135743], [-111.1933994293213, 25.57176908572722], [-111.19349598884584, 25.571817475198973], [-111.19349598884584, 25.57250460358736], [-111.19360327720644, 25.572552992761864], [-111.19360327720644, 25.57261105974544], [-111.19369983673096, 25.572649771052195], [-111.1939036846161, 25.572678804524045], [-111.19409680366518, 25.572669126700877], [-111.19419336318971, 25.572707837988837], [-111.19419336318971, 25.57338528350232], [-111.19430065155031, 25.573443350082254], [-111.19430065155031, 25.573482061119908], [-111.19439721107483, 25.57351109438992], [-111.19450449943544, 25.57351109438992], [-111.19450449943544, 25.573482061119908], [-111.19460105895998, 25.573453027842845], [-111.19460105895998, 25.573307861351914], [-111.19469761848451, 25.573249794706264], [-111.19469761848451, 25.57313366133048], [-111.1948049068451, 25.573075594600343], [-111.1948049068451, 25.57299817224969], [-111.19490146636964, 25.5729788166542], [-111.19499802589418, 25.57299817224969], [-111.19499802589418, 25.573453027842845], [-111.1950945854187, 25.573501416634038], [-111.1950945854187, 25.5735401276529], [-111.19520187377931, 25.573588516408904], [-111.19520187377931, 25.573869170808006], [-111.1950945854187, 25.573917559431], [-111.1950945854187, 25.57401433661835], [-111.19499802589418, 25.574053047471377], [-111.19499802589418, 25.574207890758338], [-111.1950945854187, 25.574246601548797], [-111.1950945854187, 25.57426595693932], [-111.19520187377931, 25.574256279244455], [-111.19520187377931, 25.574304667711], [-111.19529843330385, 25.574314345401962], [-111.19529843330385, 25.574333700781544], [-111.19539499282838, 25.574372411531318], [-111.19539499282838, 25.574469188350985], [-111.19550228118898, 25.574507899056954], [-111.19550228118898, 25.57477887364823], [-111.19539499282838, 25.574817584254053], [-111.19539499282838, 25.57494339363657], [-111.19529843330385, 25.574972426552208], [-111.19529843330385, 25.57500145946082], [-111.1950945854187, 25.57502081472931], [-111.1950945854187, 25.575040169994686], [-111.19499802589418, 25.575049847626182], [-111.19490146636964, 25.57507888051602], [-111.19490146636964, 25.575098235772003], [-111.1948049068451, 25.57511759102485], [-111.1948049068451, 25.57513694627456], [-111.19469761848451, 25.575156301521158], [-111.19469761848451, 25.575195012004947], [-111.19450449943544, 25.575272432934973], [-111.19450449943544, 25.57531114338122], [-111.19439721107483, 25.575340176207686], [-111.19419336318971, 25.575340176207686], [-111.19419336318971, 25.5754853402344], [-111.19430065155031, 25.575504695424662], [-111.19430065155031, 25.575533728204185], [-111.19439721107483, 25.575562760976684], [-111.19439721107483, 25.57560147132904], [-111.19450449943544, 25.575620826500526], [-111.19450449943544, 25.57564018166889], [-111.19460105895998, 25.575746635038936], [-111.19460105895998, 25.57581437804331], [-111.19450449943544, 25.575824055612227], [-111.19430065155031, 25.575775667759782], [-111.19419336318971, 25.575765990186945], [-111.19419336318971, 25.575736957463747], [-111.19409680366518, 25.575756312613322], [-111.19400024414064, 25.575785345331827], [-111.19400024414064, 25.575862765880096], [-111.1939036846161, 25.57589179857279], [-111.1939036846161, 25.57595954149502], [-111.19379639625551, 25.575978896608618]]}}, {"type": "Feature", "id": 5, "properties": {"CRURIMT2KG": 70175, "CRURIMT2KG_1": 70175, "DESCRIPCIO": "Caminos Rurales (rev.) 2 carriles", "ESTADO": "BCS", "FNODE_": 0, "ID_IMT": 420, "LENGTH": 0, "LPOLY_": 0, "RPOLY_": 0, "TNODE_": 0, "extrude": 0, "fid": 59, "layer": "CAMINOS_RURALES", "path": "D:/Back-up/Escritorio Brenda/Datos_SIG/Mapoteca/BCS/BCS/camr-bcsg.shp", "tessellate": -1, "visibility": -1}, "geometry": {"type": "LineString", "coordinates": [[-111.19369983673096, 25.575998251719085], [-111.19369983673096, 25.576017606826426]]}}, {"type": "Feature", "id": 2, "properties": {"CRURIMT2KG": 70173, "CRURIMT2KG_1": 70173, "DESCRIPCIO": "Caminos Rurales (rev.) 2 carriles", "ESTADO": "BCS", "FNODE_": 0, "ID_IMT": 420, "LENGTH": 0.04, "LPOLY_": 0, "RPOLY_": 0, "TNODE_": 0, "extrude": 0, "fid": 57, "layer": "CAMINOS_RURALES", "path": "D:/Back-up/Escritorio Brenda/Datos_SIG/Mapoteca/BCS/BCS/camr-bcsg.shp", "tessellate": -1, "visibility": -1}, "geometry": {"type": "LineString", "coordinates": [[-111.20990037918092, 25.558606423435297], [-111.20950341224672, 25.558829039307103], [-111.20909571647645, 25.55901293906312], [-111.20899915695192, 25.559071012611643], [-111.20899915695192, 25.5591194072139], [-111.20869874954224, 25.55924523308829], [-111.20850563049318, 25.559351701032625], [-111.20830178260805, 25.559438811098534], [-111.20809793472291, 25.559477526663045], [-111.20770096778871, 25.5593807377283], [-111.20740056037904, 25.55923555417956], [-111.20729327201843, 25.559216196359767], [-111.20710015296937, 25.55923555417956], [-111.2067997455597, 25.55939041662529], [-111.20670318603517, 25.559458168882358], [-111.20670318603517, 25.559525921101095], [-111.20649933815004, 25.559671104297955], [-111.2064027786255, 25.559719498657802], [-111.20619893074037, 25.55978725072876], [-111.2060058116913, 25.559796929592913], [-111.20589852333069, 25.55982596618068], [-111.20570540428163, 25.559893718191418], [-111.20570540428163, 25.559913075901736], [-111.2053942680359, 25.55996147016384], [-111.2053942680359, 25.559980827863217], [-111.2049973011017, 25.5600582586294], [-111.20449304580688, 25.56022279884141], [-111.20420336723329, 25.560338944737346], [-111.20399951934816, 25.560387338827432], [-111.20369911193849, 25.560367981193743], [-111.20349526405334, 25.56029055062773], [-111.20300173759462, 25.560000185559463], [-111.20279788970947, 25.55985500276141], [-111.20279788970947, 25.55978725072876], [-111.20240092277527, 25.559535599986354], [-111.20219707489015, 25.559458168882358], [-111.2021005153656, 25.559438811098534], [-111.20200395584108, 25.559438811098534], [-111.20180010795595, 25.55948720555222], [-111.20169281959535, 25.559535599986354], [-111.20159626007081, 25.55961303104033], [-111.20159626007081, 25.559680783171498], [-111.20129585266115, 25.559864681620077], [-111.20110273361207, 25.559922754755725], [-111.20099544525148, 25.55999050671172], [-111.20099544525148, 25.5600582586294], [-111.2008023262024, 25.56011633167122], [-111.20059847831727, 25.56023247767037], [-111.20020151138307, 25.560484126948932], [-111.20020151138307, 25.56052284217563], [-111.20010495185853, 25.56056155738982], [-111.20010495185853, 25.56059059379225], [-111.19999766349792, 25.56062930898456], [-111.19999766349792, 25.560668024164336], [-111.19979381561281, 25.560755133273112], [-111.1995041370392, 25.560919672527977], [-111.1995041370392, 25.56097774515219], [-111.19920372962953, 25.56116164160986], [-111.1989998817444, 25.56123907161285], [-111.1989998817444, 25.561287465339298], [-111.19890332221986, 25.561306822824406], [-111.19890332221986, 25.561335859046203], [-111.19879603385927, 25.561374573997643], [-111.19879603385927, 25.561413288936578], [-111.19860291481018, 25.561500397503423], [-111.19860291481018, 25.561548791124302], [-111.19839906692506, 25.561635899592616], [-111.19819521903993, 25.561761722823917], [-111.1980986595154, 25.5618488311374], [-111.19800209999086, 25.561906903311197], [-111.19779825210573, 25.562003690204953], [-111.19740128517152, 25.562235978430927], [-111.19689702987672, 25.562545695364875], [-111.19670391082765, 25.562681196271665], [-111.19629621505739, 25.56291348318384], [-111.19580268859863, 25.56323287695257], [-111.19535207748415, 25.563503877058178]]}}, {"type": "Feature", "id": 3, "properties": {"CRURIMT2KG": 70171, "CRURIMT2KG_1": 70171, "DESCRIPCIO": "Caminos Rurales (rev.) 2 carriles", "ESTADO": "BCS", "FNODE_": 0, "ID_IMT": 420, "LENGTH": 0, "LPOLY_": 0, "RPOLY_": 0, "TNODE_": 0, "extrude": 0, "fid": 55, "layer": "CAMINOS_RURALES", "path": "D:/Back-up/Escritorio Brenda/Datos_SIG/Mapoteca/BCS/BCS/camr-bcsg.shp", "tessellate": -1, "visibility": -1}, "geometry": {"type": "LineString", "coordinates": [[-111.21009349822998, 25.55852899173076], [-111.20999693870546, 25.558558028625818]]}}, {"type": "Feature", "id": 4, "properties": {"CRURIMT2KG": 70172, "CRURIMT2KG_1": 70172, "DESCRIPCIO": "Caminos Rurales (rev.) 2 carriles", "ESTADO": "BCS", "FNODE_": 0, "ID_IMT": 420, "LENGTH": 0, "LPOLY_": 0, "RPOLY_": 0, "TNODE_": 0, "extrude": 0, "fid": 56, "layer": "CAMINOS_RURALES", "path": "D:/Back-up/Escritorio Brenda/Datos_SIG/Mapoteca/BCS/BCS/camr-bcsg.shp", "tessellate": -1, "visibility": -1}, "geometry": {"type": "LineString", "coordinates": [[-111.20999693870546, 25.558558028625818], [-111.20990037918092, 25.558606423435297]]}}, {"type": "Feature", "id": 1, "properties": {"CRURIMT2KG": 70176, "CRURIMT2KG_1": 70176, "DESCRIPCIO": "Caminos Rurales (rev.) 2 carriles", "ESTADO": "BCS", "FNODE_": 0, "ID_IMT": 420, "LENGTH": 0.033, "LPOLY_": 0, "RPOLY_": 0, "TNODE_": 0, "extrude": 0, "fid": 60, "layer": "CAMINOS_RURALES", "path": "D:/Back-up/Escritorio Brenda/Datos_SIG/Mapoteca/BCS/BCS/camr-bcsg.shp", "tessellate": -1, "visibility": -1}, "geometry": {"type": "MultiLineString", "coordinates": [[[-111.18301391601564, 25.573230439151448], [-111.18300318717958, 25.57324011692925], [-111.18300318717958, 25.57353044989936], [-111.18289589881897, 25.573617549653108], [-111.18300318717958, 25.573685293862212], [-111.18300318717958, 25.57376271576854], [-111.18301391601564, 25.57376271576854]], [[-111.18301391601564, 25.574401444585437], [-111.18289589881897, 25.574469188350985], [-111.18289589881897, 25.574536932078214], [-111.18279933929445, 25.574604675767095], [-111.18279933929445, 25.574653064092836], [-111.18270277976991, 25.574691774739343], [-111.18260622024538, 25.574691774739343], [-111.18260622024538, 25.574662741755628], [-111.18249893188478, 25.574594998099606], [-111.18249893188478, 25.57444983299331], [-111.18240237236024, 25.574372411531318], [-111.18240237236024, 25.57406272518268], [-111.18229508399965, 25.57401433661835], [-111.18229508399965, 25.573782071237307], [-111.1821985244751, 25.57376271576854], [-111.1821985244751, 25.573153016900932], [-111.18210196495058, 25.573143339116093], [-111.18210196495058, 25.573065916809245], [-111.18199467658998, 25.573065916809245], [-111.18199467658998, 25.573046561224707], [-111.18189811706544, 25.573046561224707], [-111.18189811706544, 25.573075594600343], [-111.18180155754091, 25.573094950180185], [-111.18180155754091, 25.573172372468257], [-111.18170499801637, 25.573201405813368], [-111.18170499801637, 25.573298183579592], [-111.18159770965578, 25.573317539123458], [-111.18159770965578, 25.573404639032084], [-111.18150115013123, 25.57343367232089], [-111.18150115013123, 25.573491738877355], [-111.18139386177064, 25.573520772145027], [-111.18139386177064, 25.573569160908857], [-111.18129730224611, 25.573598194157753], [-111.18129730224611, 25.5736756161204], [-111.18120074272157, 25.573704649343497], [-111.18120074272157, 25.573791748970503], [-111.18109345436098, 25.573811104434576], [-111.18109345436098, 25.573907881707964], [-111.18099689483644, 25.573927237153256], [-111.18099689483644, 25.574207890758338], [-111.1809003353119, 25.574236923852354], [-111.1809003353119, 25.574488543705527], [-111.18080377578735, 25.574536932078214], [-111.18080377578735, 25.57458532043133], [-111.18070721626283, 25.574633708764893], [-111.18070721626283, 25.574682097078888], [-111.18059992790224, 25.574711130057906], [-111.18049263954164, 25.574711130057906], [-111.18049263954164, 25.574730485373344], [-111.1803960800171, 25.574749840685637], [-111.1803960800171, 25.57477887364823], [-111.18029952049257, 25.574788551300863], [-111.18029952049257, 25.574846617200212], [-111.18020296096803, 25.574875650139333], [-111.18020296096803, 25.57500145946082], [-111.18009567260742, 25.57502081472931], [-111.18009567260742, 25.575040169994686], [-111.17980599403383, 25.575049847626182], [-111.17969870567323, 25.5750885581444], [-111.1796021461487, 25.575098235772003], [-111.1796021461487, 25.57511759102485], [-111.1794948577881, 25.57513694627456], [-111.1794948577881, 25.575156301521158], [-111.17939829826355, 25.575195012004947], [-111.17939829826355, 25.575262755321464], [-111.17930173873903, 25.575301465770828], [-111.17930173873903, 25.575407919442057], [-111.17919445037843, 25.575475662638105], [-111.17919445037843, 25.575514373018617], [-111.1790978908539, 25.575572438565942], [-111.1790978908539, 25.575611148915183], [-111.17900133132936, 25.575630504085105], [-111.17900133132936, 25.575659536834117], [-111.17879748344423, 25.57569824715519], [-111.17879748344423, 25.57572727988778], [-111.17870092391968, 25.575746635038936], [-111.1785936355591, 25.57579502290311], [-111.1785936355591, 25.575824055612227], [-111.17849707603456, 25.575862765880096], [-111.17829322814943, 25.57590147613545], [-111.17829322814943, 25.57593050881875], [-111.17810010910036, 25.576065994581075], [-111.17810010910036, 25.57619180265165], [-111.1780035495758, 25.57621115772769], [-111.1780035495758, 25.576249867870388], [-111.17790699005128, 25.576259545404103], [-111.17790699005128, 25.5762789004692], [-111.17769241333009, 25.576298255531174], [-111.17740273475648, 25.576288578000565], [-111.17740273475648, 25.576259545404103], [-111.17729544639587, 25.576240190335884], [-111.17710232734682, 25.576240190335884], [-111.17700576782228, 25.576220835264536], [-111.17700576782228, 25.57618212511244], [-111.17689847946168, 25.576162770031704], [-111.17689847946168, 25.576133737404735], [-111.17680191993715, 25.576114382316174], [-111.17680191993715, 25.576133737404735], [-111.17650151252748, 25.576143414947836], [-111.17599725723268, 25.576540193541657], [-111.17599725723268, 25.576559548561377], [-111.17590069770813, 25.576588581085083], [-111.17590069770813, 25.57664664611138], [-111.17579340934755, 25.576675678613967], [-111.17579340934755, 25.576704711109503], [-111.17569684982301, 25.576724066102624]]]}}, {"type": "Feature", "id": 2, "properties": {"CRURIMT2KG": 70178, "CRURIMT2KG_1": 70178, "DESCRIPCIO": "Caminos Rurales (rev.) 2 carriles", "ESTADO": "BCS", "FNODE_": 0, "ID_IMT": 420, "LENGTH": 0, "LPOLY_": 0, "RPOLY_": 0, "TNODE_": 0, "extrude": 0, "fid": 62, "layer": "CAMINOS_RURALES", "path": "D:/Back-up/Escritorio Brenda/Datos_SIG/Mapoteca/BCS/BCS/camr-bcsg.shp", "tessellate": -1, "visibility": -1}, "geometry": {"type": "LineString", "coordinates": [[-111.17560029029848, 25.576772453571724], [-111.17560029029848, 25.576801486043802]]}}, {"type": "Feature", "id": 3, "properties": {"CRURIMT2KG": 70179, "CRURIMT2KG_1": 70179, "DESCRIPCIO": "Caminos Rurales (rev.) 2 carriles", "ESTADO": "BCS", "FNODE_": 0, "ID_IMT": 420, "LENGTH": 0.047, "LPOLY_": 0, "RPOLY_": 0, "TNODE_": 0, "extrude": 0, "fid": 63, "layer": "CAMINOS_RURALES", "path": "D:/Back-up/Escritorio Brenda/Datos_SIG/Mapoteca/BCS/BCS/camr-bcsg.shp", "tessellate": -1, "visibility": -1}, "geometry": {"type": "LineString", "coordinates": [[-111.17560029029848, 25.576801486043802], [-111.17549300193788, 25.576830518508842], [-111.17549300193788, 25.57691761586169], [-111.17529988288881, 25.57700471315117], [-111.17529988288881, 25.57704342303727], [-111.17520332336426, 25.57704342303727], [-111.17510676383974, 25.577014390623866], [-111.17510676383974, 25.57698535820343], [-111.17489218711854, 25.576927293341424], [-111.17489218711854, 25.57690793838117], [-111.17469906806947, 25.576878905934915], [-111.17460250854494, 25.576898260899867], [-111.17460250854494, 25.57691761586169], [-111.17449522018433, 25.576927293341424], [-111.1734974384308, 25.576956325775956], [-111.1734974384308, 25.576975680728378], [-111.17340087890626, 25.57698535820343], [-111.17340087890626, 25.577024068095792], [-111.17330431938173, 25.577053100506827], [-111.17330431938173, 25.577140197697744], [-111.17319703102113, 25.577178907540016], [-111.17319703102113, 25.577217617369797], [-111.17310047149658, 25.577256327187044], [-111.17310047149658, 25.57728535954176], [-111.172993183136, 25.577324069337113], [-111.172993183136, 25.577343424230083], [-111.1725962162018, 25.577343424230083], [-111.17249965667726, 25.577362779119923], [-111.17230653762819, 25.577362779119923], [-111.17219924926759, 25.577343424230083], [-111.17209196090698, 25.577353101675403], [-111.17209196090698, 25.577333746783985], [-111.17189884185792, 25.577333746783985], [-111.17159843444826, 25.577372456563676], [-111.17140531539918, 25.5774208437707], [-111.17140531539918, 25.577449876085517], [-111.17120146751405, 25.577507940694048], [-111.17120146751405, 25.577546650417403], [-111.17099761962892, 25.577633747249227], [-111.17099761962892, 25.577662779512405], [-111.17090106010438, 25.577720844017655], [-111.17090106010438, 25.577769231083842], [-111.17079377174379, 25.577807940722714], [-111.17069721221924, 25.57786600515756], [-111.17069721221924, 25.577982133942733], [-111.17060065269472, 25.578040198293067], [-111.17060065269472, 25.578349874352543], [-111.17069721221924, 25.578417615883765], [-111.17069721221924, 25.5787660002959], [-111.17079377174379, 25.578804709612424], [-111.17079377174379, 25.579036965248747], [-111.17090106010438, 25.57908535178293], [-111.17090106010438, 25.57919180208927], [-111.17099761962892, 25.57924018856086], [-111.17099761962892, 25.579288575012882], [-111.17109417915346, 25.579336961445353], [-111.17109417915346, 25.579385347858256], [-111.17120146751405, 25.579443411527922], [-111.17120146751405, 25.579520829710344], [-111.17129802703859, 25.579559538782767], [-111.17129802703859, 25.579588570578874], [-111.17140531539918, 25.579607925105698], [-111.17140531539918, 25.579627279629392], [-111.17150187492372, 25.57964663414996], [-111.17150187492372, 25.57973372945378], [-111.17159843444826, 25.579762761207636], [-111.17159843444826, 25.579936951582905], [-111.17150187492372, 25.57996598328746], [-111.17150187492372, 25.579985337753257], [-111.17129802703859, 25.579995014984984], [-111.17129802703859, 25.579956306053393], [-111.17120146751405, 25.579946628818526], [-111.17109417915346, 25.579917597109272], [-111.17109417915346, 25.579898242632524], [-111.17079377174379, 25.579840179183496], [-111.17069721221924, 25.579811147448407], [-111.17069721221924, 25.57978211570629], [-111.17050409317018, 25.57972405220093], [-111.17039680480958, 25.57972405220093], [-111.17030024528505, 25.579685343181712], [-111.17009639739992, 25.579636956890063], [-111.17009639739992, 25.579607925105698], [-111.16999983787537, 25.579588570578874], [-111.16999983787537, 25.579559538782767], [-111.16990327835084, 25.579540184248106], [-111.16990327835084, 25.579501475169437], [-111.16979598999025, 25.579472443352195], [-111.16979598999025, 25.579443411527922], [-111.16969943046571, 25.579395025138492], [-111.16969943046571, 25.57932728416042], [-111.16960287094118, 25.579298252300934], [-111.16960287094118, 25.579230511268104], [-111.16950631141664, 25.57918212479261], [-111.16950631141664, 25.579056319864765], [-111.16939902305604, 25.578988578695007], [-111.16939902305604, 25.578359551716495], [-111.16950631141664, 25.578311164888923], [-111.16950631141664, 25.577730521432454], [-111.16960287094118, 25.57769181176855], [-111.16960287094118, 25.577488585827666], [-111.16969943046571, 25.577449876085517], [-111.16969943046571, 25.577362779119923], [-111.16979598999025, 25.577314391889452], [-111.16979598999025, 25.5772660046394], [-111.16990327835084, 25.577217617369797], [-111.16990327835084, 25.577169230080628], [-111.16999983787537, 25.577072455443624], [-111.16999983787537, 25.577024068095792], [-111.17009639739992, 25.576975680728378], [-111.17009639739992, 25.576927293341424], [-111.17019295692445, 25.576878905934915], [-111.17019295692445, 25.576811163532938], [-111.17030024528505, 25.576772453571724], [-111.17030024528505, 25.576704711109503], [-111.17039680480958, 25.576636968608952], [-111.17039680480958, 25.57657890357797], [-111.17050409317018, 25.576520838518807], [-111.17050409317018, 25.576462773431505], [-111.17060065269472, 25.57640470831602], [-111.17060065269472, 25.576327288118247], [-111.17069721221924, 25.57626922293704], [-111.17069721221924, 25.575659536834117], [-111.17060065269472, 25.575630504085105], [-111.17060065269472, 25.575417597043845], [-111.17050409317018, 25.575369209027105], [-111.17050409317018, 25.57524340009208], [-111.17039680480958, 25.57516597914328], [-111.17039680480958, 25.57494339363657], [-111.17030024528505, 25.574875650139333], [-111.17030024528505, 25.57480790660378], [-111.17019295692445, 25.574749840685637], [-111.17019295692445, 25.57470145239902], [-111.17009639739992, 25.57467241941766], [-111.16990327835084, 25.574653064092836], [-111.16929173469543, 25.57472080771602], [-111.16919517517091, 25.574711130057906], [-111.16909861564638, 25.574730485373344], [-111.16889476776124, 25.574730485373344], [-111.16879820823671, 25.574711130057906], [-111.16879820823671, 25.574682097078888], [-111.16860508918762, 25.574604675767095], [-111.16860508918762, 25.574536932078214], [-111.16849780082704, 25.574469188350985], [-111.16849780082704, 25.574401444585437], [-111.1684012413025, 25.574314345401962], [-111.1684012413025, 25.574169179955387], [-111.16829395294191, 25.57399498118714], [-111.16810083389284, 25.57382078216543], [-111.16810083389284, 25.57373368255953], [-111.1680042743683, 25.573636905145328], [-111.1680042743683, 25.57354980540568], [-111.16789698600769, 25.573453027842845], [-111.16789698600769, 25.573356250201783], [-111.16770386695863, 25.57316269468498], [-111.16770386695863, 25.573056239017372], [-111.1675000190735, 25.572853005207264], [-111.1675000190735, 25.572736871446605], [-111.16729617118837, 25.572514281423828], [-111.16729617118837, 25.5724078251797], [-111.16719961166382, 25.572301368840915], [-111.16719961166382, 25.572214268129677], [-111.1669957637787, 25.57198199925664], [-111.1669957637787, 25.571865864651162], [-111.16680264472963, 25.571652950915233], [-111.16680264472963, 25.571546493905288], [-111.1665987968445, 25.571343257532583], [-111.1665987968445, 25.571246478186236], [-111.16649150848389, 25.57114969876167], [-111.16649150848389, 25.571052919258875], [-111.16629838943483, 25.570869037988075], [-111.16629838943483, 25.570772258258444], [-111.16620182991029, 25.570694834418415], [-111.16620182991029, 25.570598054547986], [-111.1660945415497, 25.570510952597736], [-111.1660945415497, 25.570414172578673], [-111.16590142250062, 25.57023996834728], [-111.16590142250062, 25.570152866136542], [-111.16580486297607, 25.57005608582809], [-111.16580486297607, 25.569959305441404], [-111.16569757461549, 25.569872203026524], [-111.16569757461549, 25.569775422491233], [-111.16560101509096, 25.569707676069985], [-111.16560101509096, 25.56959153925868], [-111.16549372673036, 25.56953347081079], [-111.16549372673036, 25.569456046169794], [-111.16539716720582, 25.56937862147875], [-111.16539716720582, 25.569310874833008], [-111.16530060768129, 25.56924312814896], [-111.16530060768129, 25.569165703320248], [-111.16520404815675, 25.569097956554064], [-111.16520404815675, 25.56896246290671], [-111.16509675979614, 25.568885037896543], [-111.16509675979614, 25.568797934700253], [-111.16500020027162, 25.568720509583702], [-111.16500020027162, 25.5686430844171], [-111.16490364074708, 25.568555981044824], [-111.16490364074708, 25.568478555771843], [-111.16469979286195, 25.568304348724613], [-111.16469979286195, 25.56821724510597], [-111.16459250450136, 25.56813014142396], [-111.16459250450136, 25.568043037678617], [-111.16449594497682, 25.567955933869904], [-111.16449594497682, 25.567868829997835], [-111.16430282592775, 25.56768494383766], [-111.16430282592775, 25.56759783976848], [-111.16419553756715, 25.567501057395123], [-111.16419553756715, 25.56739459669407], [-111.16400241851808, 25.56720103154061], [-111.16400241851808, 25.56708489229838], [-111.16379857063295, 25.566881648353434], [-111.16379857063295, 25.56676550880148], [-111.16359472274782, 25.56656226431453], [-111.16359472274782, 25.56644612445286], [-111.16340160369874, 25.56622352273649], [-111.16340160369874, 25.566117060899813], [-111.16310119628908, 25.565787996442662], [-111.16310119628908, 25.565681534218836], [-111.16300463676453, 25.565565393503093], [-111.16289734840394, 25.565468609487283], [-111.16289734840394, 25.565362146979556], [-111.16269350051881, 25.565149221680212], [-111.16269350051881, 25.56504275888859], [-111.16250038146974, 25.56482983302144], [-111.16250038146974, 25.564723369945938], [-111.16219997406007, 25.56441365864273], [-111.16219997406007, 25.564297516697565], [-111.162006855011, 25.564094268022526], [-111.162006855011, 25.5639878042932], [-111.16179227828981, 25.56376519800793], [-111.16179227828981, 25.563668412537446], [-111.1615025997162, 25.5633393413529], [-111.1615025997162, 25.56323287695257], [-111.16129875183107, 25.563010269264304], [-111.16129875183107, 25.562903804571487], [-111.1609983444214, 25.562574731286375], [-111.1609983444214, 25.56245858755814], [-111.16079449653627, 25.562235978430927], [-111.16079449653627, 25.562129513049943], [-111.1604940891266, 25.56180043763774], [-111.1604940891266, 25.561684293158752], [-111.16020441055298, 25.561345537785233], [-111.16020441055298, 25.56123907161285], [-111.1600971221924, 25.561142284101305], [-111.16000056266786, 25.56102613898422]]}}, {"type": "Feature", "id": 4, "properties": {"CRURIMT2KG": 70177, "CRURIMT2KG_1": 70177, "DESCRIPCIO": "Caminos Rurales (rev.) 2 carriles", "ESTADO": "BCS", "FNODE_": 0, "ID_IMT": 420, "LENGTH": 0, "LPOLY_": 0, "RPOLY_": 0, "TNODE_": 0, "extrude": 0, "fid": 61, "layer": "CAMINOS_RURALES", "path": "D:/Back-up/Escritorio Brenda/Datos_SIG/Mapoteca/BCS/BCS/camr-bcsg.shp", "tessellate": -1, "visibility": -1}, "geometry": {"type": "LineString", "coordinates": [[-111.17569684982301, 25.576724066102624], [-111.17560029029848, 25.576772453571724]]}}, {"type": "Feature", "id": 1, "properties": {"CRURIMT2KG": 70182, "CRURIMT2KG_1": 70182, "DESCRIPCIO": "Caminos Rurales (rev.) 2 carriles", "ESTADO": "BCS", "FNODE_": 0, "ID_IMT": 420, "LENGTH": 0.052, "LPOLY_": 0, "RPOLY_": 0, "TNODE_": 0, "extrude": 0, "fid": 66, "layer": "CAMINOS_RURALES", "path": "D:/Back-up/Escritorio Brenda/Datos_SIG/Mapoteca/BCS/BCS/camr-bcsg.shp", "tessellate": -1, "visibility": -1}, "geometry": {"type": "LineString", "coordinates": [[-111.15329504013063, 25.552692432962633], [-111.15310192108156, 25.55251820295801], [-111.15289807319641, 25.552363331630133], [-111.15289807319641, 25.55227621642024], [-111.15229725837709, 25.551840639420927], [-111.15220069885254, 25.551753523831096], [-111.15220069885254, 25.551685767217432], [-111.15199685096742, 25.551559933404732], [-111.15199685096742, 25.55149217668163], [-111.15190029144289, 25.55142441992021], [-111.15190029144289, 25.551346983574543], [-111.15180373191835, 25.55127922673105], [-111.15180373191835, 25.55120179029157], [-111.15170717239381, 25.551134033365983], [-111.15170717239381, 25.550766209387252], [-111.15159988403322, 25.55071781141128], [-111.15159988403322, 25.550553258146756], [-111.15149259567261, 25.550514539698742], [-111.15129947662355, 25.550514539698742], [-111.15120291709901, 25.5505629377568], [-111.15120291709901, 25.55062101540068], [-111.15109562873842, 25.55066941341575], [-111.15109562873842, 25.55071781141128], [-111.15099906921388, 25.550766209387252], [-111.15099906921388, 25.550804927753973], [-111.1508059501648, 25.550853325694767], [-111.15059137344362, 25.5508339665208], [-111.15000128746034, 25.550630695005253], [-111.1499047279358, 25.550572617366083], [-111.14970088005067, 25.550495180470055], [-111.14970088005067, 25.55045646200326], [-111.14910006523134, 25.550272549115256], [-111.14910006523134, 25.550224150939936], [-111.1490035057068, 25.55015639346163], [-111.1490035057068, 25.55004023769544], [-111.14890694618227, 25.54998215977013], [-111.1490035057068, 25.549914402155025], [-111.1490035057068, 25.54975952746239], [-111.14910006523134, 25.549701449401056], [-111.14910006523134, 25.549565933815167], [-111.14919662475587, 25.54949817596476], [-111.14919662475587, 25.549362660149033], [-111.14930391311647, 25.549285222471262], [-111.14930391311647, 25.548859314349162], [-111.14940047264099, 25.548810915603173], [-111.14940047264099, 25.548723797811128], [-111.14959359169008, 25.548656039484644], [-111.14959359169008, 25.548636679955763], [-111.14980816841127, 25.54859796088861], [-111.15000128746034, 25.54859796088861], [-111.15009784698486, 25.54861732042375], [-111.15009784698486, 25.548636679955763], [-111.15019440650941, 25.548646359720596], [-111.15030169487001, 25.548636679955763], [-111.15030169487001, 25.54861732042375], [-111.15049481391908, 25.54858828111987], [-111.15049481391908, 25.54855924180895], [-111.15059137344362, 25.548530202490998], [-111.15059137344362, 25.54850116316601], [-111.15069866180421, 25.548462444055076], [-111.15069866180421, 25.54842372493164], [-111.15090250968935, 25.54833660685818], [-111.15090250968935, 25.548288207901106], [-111.15099906921388, 25.548239808924503], [-111.15099906921388, 25.548162370521286], [-111.15109562873842, 25.54811397149387], [-111.15109562873842, 25.548075252257867], [-111.15120291709901, 25.548046212822666], [-111.15120291709901, 25.547736458409332], [-111.15109562873842, 25.547697739051372], [-111.15109562873842, 25.547668699524714], [-111.15090250968935, 25.547610620450257], [-111.15090250968935, 25.547591260752526], [-111.15069866180421, 25.547533181640553], [-111.15069866180421, 25.54747510250044], [-111.15059137344362, 25.547426703195526], [-111.15059137344362, 25.547387983737508], [-111.15039825439455, 25.547320224655913], [-111.15039825439455, 25.54729118503778], [-111.15030169487001, 25.54726214541262], [-111.15030169487001, 25.547233105780414], [-111.15019440650941, 25.547204066141187], [-111.15009784698486, 25.547165346611266], [-111.15009784698486, 25.547145986841613], [-111.1499047279358, 25.547078227623214], [-111.1499047279358, 25.547049187946442], [-111.14949703216554, 25.54697174877404], [-111.14869236946106, 25.546933029169082], [-111.148499250412, 25.546865269830306], [-111.148499250412, 25.546574872230256], [-111.14859580993654, 25.546536152497094], [-111.14859580993654, 25.54649743275144], [-111.14869236946106, 25.546468392933974], [-111.14869236946106, 25.546429673166426], [-111.14879965782167, 25.54640063333256], [-111.14879965782167, 25.546342553643697], [-111.14890694618227, 25.546313513788725], [-111.14890694618227, 25.546119914575762], [-111.14879965782167, 25.5460618347509], [-111.14879965782167, 25.54602311485202], [-111.14869236946106, 25.545984394940643], [-111.14840269088747, 25.545984394940643], [-111.14789843559267, 25.54594567501675], [-111.14789843559267, 25.545916635065637], [-111.14779114723207, 25.545916635065637], [-111.14750146865846, 25.545955354998895], [-111.14739418029787, 25.545974714960842], [-111.14739418029787, 25.546003754897896], [-111.14700794219972, 25.54602311485202], [-111.14700794219972, 25.546003754897896], [-111.14690065383913, 25.545984394940643], [-111.146696805954, 25.545897275094315], [-111.146696805954, 25.545848875152327], [-111.14660024642944, 25.545790795196158], [-111.14660024642944, 25.54563591517543], [-111.14650368690492, 25.545558475090044], [-111.14650368690492, 25.54515191382098], [-111.14629983901979, 25.545026073148726], [-111.14629983901979, 25.544977672855005], [-111.14610671997072, 25.54489055227705], [-111.14599943161012, 25.54486151207032], [-111.14599943161012, 25.544822791783755], [-111.14589214324951, 25.54476471133044], [-111.14560246467592, 25.544648550339414], [-111.14560246467592, 25.544609829984058], [-111.14530205726625, 25.544474308641835], [-111.14530205726625, 25.544445268334286], [-111.14509820938112, 25.544377507589306], [-111.14509820938112, 25.544261346223102], [-111.14499092102052, 25.54419358537417], [-111.14499092102052, 25.544116144357062], [-111.14489436149599, 25.544038703289914], [-111.14489436149599, 25.54396126217277], [-111.14479780197145, 25.543874140856182], [-111.14479780197145, 25.54379669963272], [-111.14470124244691, 25.543709578196545], [-111.14470124244691, 25.543632136866787], [-111.14449739456177, 25.543467573874956], [-111.14449739456177, 25.543390132388893], [-111.14420771598817, 25.54311908679369], [-111.14420771598817, 25.543022284646913], [-111.14399313926698, 25.542818999884243], [-111.14399313926698, 25.54272219749517], [-111.14370346069337, 25.54241242932487], [-111.14370346069337, 25.542305946331496], [-111.14359617233278, 25.542209143528176], [-111.14349961280824, 25.541996177085746], [-111.14330649375917, 25.541792890583274], [-111.14319920539857, 25.541705767690992], [-111.14319920539857, 25.541638005397683], [-111.14280223846437, 25.54146375932472], [-111.1425018310547, 25.54129919335663], [-111.14229798316957, 25.54124111119631], [-111.1419975757599, 25.54107654492262], [-111.14179372787477, 25.54100878227369], [-111.14150404930116, 25.540815174494305], [-111.14130020141603, 25.540766772500618], [-111.1410963535309, 25.540660288045704], [-111.14090323448183, 25.540534442658902], [-111.1406993865967, 25.54047636012814], [-111.14039897918703, 25.54031179280483], [-111.1401951313019, 25.54025371016622], [-111.13989472389223, 25.54007946208154], [-111.13970160484315, 25.54002137933039], [-111.13929390907289, 25.53977936756437], [-111.13910079002382, 25.53972128466784], [-111.13880038261415, 25.539556716308244], [-111.13860726356508, 25.539488952800408], [-111.13819956779481, 25.539266301005025], [-111.13799571990968, 25.539198537333057], [-111.13759875297548, 25.538975884998433], [-111.13739490509035, 25.538917801712717], [-111.13680481910707, 25.538608023713724], [-111.13660097122194, 25.5385596208291], [-111.13632202148439, 25.538395050875216]]}}, {"type": "Feature", "id": 2, "properties": {"CRURIMT2KG": 70181, "CRURIMT2KG_1": 70181, "DESCRIPCIO": "Caminos Rurales (rev.) 2 carriles", "ESTADO": "BCS", "FNODE_": 0, "ID_IMT": 420, "LENGTH": 0, "LPOLY_": 0, "RPOLY_": 0, "TNODE_": 0, "extrude": 0, "fid": 65, "layer": "CAMINOS_RURALES", "path": "D:/Back-up/Escritorio Brenda/Datos_SIG/Mapoteca/BCS/BCS/camr-bcsg.shp", "tessellate": -1, "visibility": -1}, "geometry": {"type": "LineString", "coordinates": [[-111.15339159965517, 25.552779547869967], [-111.15329504013063, 25.552692432962633]]}}, {"type": "Feature", "id": 3, "properties": {"CRURIMT2KG": 70180, "CRURIMT2KG_1": 70180, "DESCRIPCIO": "Caminos Rurales (rev.) 2 carriles", "ESTADO": "BCS", "FNODE_": 0, "ID_IMT": 420, "LENGTH": 0, "LPOLY_": 0, "RPOLY_": 0, "TNODE_": 0, "extrude": 0, "fid": 64, "layer": "CAMINOS_RURALES", "path": "D:/Back-up/Escritorio Brenda/Datos_SIG/Mapoteca/BCS/BCS/camr-bcsg.shp", "tessellate": -1, "visibility": -1}, "geometry": {"type": "LineString", "coordinates": [[-111.15349888801576, 25.55285698328999], [-111.15339159965517, 25.552779547869967]]}}, {"type": "Feature", "id": 4, "properties": {"CRURIMT2KG": 70179, "CRURIMT2KG_1": 70179, "DESCRIPCIO": "Caminos Rurales (rev.) 2 carriles", "ESTADO": "BCS", "FNODE_": 0, "ID_IMT": 420, "LENGTH": 0.047, "LPOLY_": 0, "RPOLY_": 0, "TNODE_": 0, "extrude": 0, "fid": 63, "layer": "CAMINOS_RURALES", "path": "D:/Back-up/Escritorio Brenda/Datos_SIG/Mapoteca/BCS/BCS/camr-bcsg.shp", "tessellate": -1, "visibility": -1}, "geometry": {"type": "LineString", "coordinates": [[-111.16165280342103, 25.563503877058178], [-111.1615025997162, 25.5633393413529], [-111.1615025997162, 25.56323287695257], [-111.16129875183107, 25.563010269264304], [-111.16129875183107, 25.562903804571487], [-111.1609983444214, 25.562574731286375], [-111.1609983444214, 25.56245858755814], [-111.16079449653627, 25.562235978430927], [-111.16079449653627, 25.562129513049943], [-111.1604940891266, 25.56180043763774], [-111.1604940891266, 25.561684293158752], [-111.16020441055298, 25.561345537785233], [-111.16020441055298, 25.56123907161285], [-111.1600971221924, 25.561142284101305], [-111.16000056266786, 25.56102613898422], [-111.16000056266786, 25.560919672527977], [-111.15979671478273, 25.560706739331607], [-111.15979671478273, 25.560600272591508], [-111.1597001552582, 25.560503484563835], [-111.15960359573366, 25.56029055062773], [-111.15930318832399, 25.559971149013922], [-111.15930318832399, 25.559864681620077], [-111.15909934043886, 25.55964206767266], [-111.15909934043886, 25.559525921101095], [-111.15889549255373, 25.559322664329915], [-111.15889549255373, 25.559216196359767], [-111.15859508514406, 25.55889679188163], [-111.15859508514406, 25.558790323533017], [-111.15840196609498, 25.558577386551967], [-111.15840196609498, 25.5584709179195], [-111.15819811820985, 25.558267659358457], [-111.15819811820985, 25.558170869446265], [-111.15799427032472, 25.55798696839771], [-111.15799427032472, 25.557890178258784], [-111.15780115127565, 25.557706276779374], [-111.15780115127565, 25.557609486413675], [-111.15759730339052, 25.55740622639122], [-111.15759730339052, 25.55730943578312], [-111.15740418434143, 25.557106175251636], [-111.15740418434143, 25.557009384401145], [-111.15720033645631, 25.55681580246563], [-111.15720033645631, 25.556719011380576], [-111.15709304809572, 25.556622220217335], [-111.15709304809572, 25.556515749847456], [-111.15680336952211, 25.556235054782483], [-111.15680336952211, 25.556138263228288], [-111.15669608116151, 25.556051150762677], [-111.15669608116151, 25.555954359059925], [-111.15650296211244, 25.555770454609306], [-111.15650296211244, 25.55568334187629], [-111.15629911422731, 25.555489757798398], [-111.15629911422731, 25.555392965642163], [-111.15609526634218, 25.555199381095143], [-111.15609526634218, 25.555102588704347], [-111.15599870681764, 25.55500579623537], [-111.15599870681764, 25.554909003688206], [-111.15579485893251, 25.55471541835932], [-111.15579485893251, 25.55460894629512], [-111.15560173988344, 25.55443471907693], [-111.15560173988344, 25.554328246763326], [-111.1555051803589, 25.554270170916038], [-111.1555051803589, 25.554212095040597], [-111.1553978919983, 25.554144339817], [-111.1553978919983, 25.55407658455511], [-111.15530133247377, 25.55399914992317], [-111.15530133247377, 25.5539217152412], [-111.15519404411317, 25.553824921818364], [-111.15509748458864, 25.553660372820122], [-111.1550009250641, 25.55356357918619], [-111.1550009250641, 25.553486144222756], [-111.15479707717897, 25.5533893504481], [-111.1546039581299, 25.55336031230045], [-111.1540997028351, 25.553331274145776], [-111.15389585494997, 25.553253839032234], [-111.15379929542543, 25.553186083266837], [-111.15379929542543, 25.553108648059478], [-111.15349888801576, 25.55285698328999]]}}, {"type": "Feature", "id": 1, "properties": {"CRURIMT2KG": 70189, "CRURIMT2KG_1": 70189, "DESCRIPCIO": "Caminos Rurales (rev.) 2 carriles", "ESTADO": "BCS", "FNODE_": 0, "ID_IMT": 420, "LENGTH": 0.04, "LPOLY_": 0, "RPOLY_": 0, "TNODE_": 0, "extrude": 0, "fid": 73, "layer": "CAMINOS_RURALES", "path": "D:/Back-up/Escritorio Brenda/Datos_SIG/Mapoteca/BCS/BCS/camr-bcsg.shp", "tessellate": -1, "visibility": -1}, "geometry": {"type": "MultiLineString", "coordinates": [[[-111.0985028743744, 25.514433192233998], [-111.0985028743744, 25.514413827181013], [-111.09839558601381, 25.514404144653344], [-111.09839558601381, 25.51459779505823], [-111.0985028743744, 25.514626842592012], [-111.0985028743744, 25.515682231552564], [-111.09839558601381, 25.51574032608829], [-111.09839558601381, 25.516040480741648], [-111.09829902648927, 25.51607921031967], [-111.09829902648927, 25.516176034210055], [-111.09819173812868, 25.516195398978763], [-111.09819173812868, 25.5162341285068], [-111.09809517860414, 25.516263175644614], [-111.09809517860414, 25.516301905150783], [-111.0979986190796, 25.516340634644468], [-111.0979986190796, 25.516408411228316], [-111.09790205955507, 25.516447140687625], [-111.09790205955507, 25.516834434593413], [-111.09780550003053, 25.516911893224613], [-111.09780550003053, 25.516940940198428], [-111.09769821166994, 25.516969987165222], [-111.09769821166994, 25.517047445708943], [-111.0976016521454, 25.517086174962067], [-111.0976016521454, 25.517124904202696], [-111.09750509262086, 25.517173315735896], [-111.09750509262086, 25.51721204494841], [-111.09739780426027, 25.51724109184958], [-111.09739780426027, 25.517279821040223], [-111.09730124473573, 25.51731855021836], [-111.09730124473573, 25.517366961673464], [-111.09719395637514, 25.517405690823484], [-111.09719395637514, 25.517521878198586], [-111.0970973968506, 25.51757997184395], [-111.0970973968506, 25.51763806546121], [-111.09719395637514, 25.517686476787436], [-111.09719395637514, 25.51772520583437], [-111.09730124473573, 25.517773617125457], [-111.09730124473573, 25.517792981636422], [-111.09739780426027, 25.51781234614426], [-111.09739780426027, 25.517860757400197], [-111.09750509262086, 25.517899486390895], [-111.09750509262086, 25.518073766694364], [-111.0976016521454, 25.518122177844855], [-111.0976016521454, 25.518199635645043], [-111.09769821166994, 25.518248046744773], [-111.09769821166994, 25.518499784148602], [-111.09780550003053, 25.51856755951327], [-111.09780550003053, 25.518693427946115], [-111.09790205955507, 25.51875152102445], [-111.09790205955507, 25.51879993190158], [-111.0979986190796, 25.51884834275917], [-111.0979986190796, 25.518896753597243], [-111.09809517860414, 25.518935482253656], [-111.09809517860414, 25.518954846577174], [-111.09819173812868, 25.519003257372283], [-111.09819173812868, 25.519032303839985], [-111.09829902648927, 25.51906135030065], [-111.09829902648927, 25.519100078903946], [-111.09839558601381, 25.519129125348197], [-111.09839558601381, 25.519158171785442], [-111.0985028743744, 25.51918721821565], [-111.0985028743744, 25.51922594677831], [-111.09859943389894, 25.519274357464088], [-111.09859943389894, 25.519739099053925], [-111.0985028743744, 25.519816555810607], [-111.0985028743744, 25.51996178709464], [-111.09839558601381, 25.52002956163371], [-111.09839558601381, 25.52036843375497], [-111.09829902648927, 25.52043620806439], [-111.09829902648927, 25.521017129146642], [-111.09819173812868, 25.52107522110022], [-111.09829902648927, 25.521133313025654], [-111.09829902648927, 25.521191404922988], [-111.09819173812868, 25.52124949679219], [-111.09819173812868, 25.521307588633274], [-111.09829902648927, 25.521375362412332], [-111.09829902648927, 25.521956278948476], [-111.09819173812868, 25.521975642784593], [-111.09819173812868, 25.522004688532903], [-111.09809517860414, 25.522014370447437], [-111.09809517860414, 25.521975642784593], [-111.0979986190796, 25.52194659702925], [-111.0979986190796, 25.521878823572802], [-111.09790205955507, 25.521830413937614], [-111.09790205955507, 25.52171423073349], [-111.09780550003053, 25.521665821031906], [-111.09780550003053, 25.521501227900465], [-111.09769821166994, 25.521443136153106], [-111.09769821166994, 25.521375362412332], [-111.09769821166994, 25.520871899139703], [-111.0976016521454, 25.52081380708772], [-111.0976016521454, 25.520726668957018], [-111.09750509262086, 25.520678258857064], [-111.09750509262086, 25.52061048468432], [-111.09739780426027, 25.520581438598576], [-111.09690427780153, 25.520581438598576], [-111.0967004299164, 25.52053302844005], [-111.0967004299164, 25.520503982335555], [-111.09660387039186, 25.520465254185297], [-111.09660387039186, 25.520426526022533], [-111.09649658203126, 25.520397479892264], [-111.09649658203126, 25.52031034145927], [-111.09640002250673, 25.520261931191392], [-111.09640002250673, 25.52008765406531], [-111.09629273414613, 25.52002956163371], [-111.09629273414613, 25.519942422933585], [-111.0961961746216, 25.5199036946021], [-111.0961961746216, 25.51945831789192], [-111.09629273414613, 25.5194002251557], [-111.09629273414613, 25.519293721732925], [-111.09640002250673, 25.519235628917038], [-111.09640002250673, 25.51917753607302], [-111.09649658203126, 25.5191194432009], [-111.09649658203126, 25.51901293952896], [-111.09660387039186, 25.518964528737754], [-111.09660387039186, 25.518867707096756], [-111.0967004299164, 25.518828978418476], [-111.0967004299164, 25.518790249727704], [-111.09660387039186, 25.51875152102445], [-111.09660387039186, 25.518654699211602], [-111.09649658203126, 25.518615970464595], [-111.09640002250673, 25.518606288275897], [-111.09640002250673, 25.518586923896134], [-111.09629273414613, 25.51856755951327], [-111.09629273414613, 25.5185385129331], [-111.09600305557252, 25.5185385129331], [-111.09579920768739, 25.51850946634589], [-111.09570264816286, 25.51850946634589], [-111.09559535980226, 25.5185385129331], [-111.09559535980226, 25.518577241705096], [-111.09549880027772, 25.518615970464595], [-111.09549880027772, 25.518635334839676], [-111.09540224075319, 25.518654699211602], [-111.09529495239259, 25.518654699211602], [-111.09529495239259, 25.518557877320664], [-111.09510183334352, 25.518499784148602]], [[-111.09512329101564, 25.51850946634589], [-111.09510183334352, 25.518499784148602]], [[-111.09510183334352, 25.518499784148602], [-111.09500527381898, 25.51850946634589], [-111.09489798545839, 25.51854819512727], [-111.09489798545839, 25.51859660608641], [-111.09480142593385, 25.518712792308687], [-111.09480142593385, 25.51876120320143], [-111.09459757804872, 25.518828978418476], [-111.09459757804872, 25.518858024928353], [-111.09450101852418, 25.51888707143119], [-111.09429717063905, 25.518935482253656], [-111.09410405158998, 25.518954846577174], [-111.09380364418031, 25.518916117927006], [-111.09359979629518, 25.518867707096756], [-111.09359979629518, 25.51883866058921], [-111.09350323677064, 25.51879993190158], [-111.09350323677064, 25.51875152102445], [-111.09339594841005, 25.518703110127788], [-111.09339594841005, 25.518586923896134], [-111.09329938888551, 25.518557877320664], [-111.09329938888551, 25.51836423330446], [-111.09339594841005, 25.518315822251594], [-111.09339594841005, 25.51817058897582], [-111.09350323677064, 25.518141542299592], [-111.09350323677064, 25.518102813387006], [-111.09359979629518, 25.518083448926024], [-111.09359979629518, 25.51803503775991], [-111.09369635581972, 25.518005991050853], [-111.09369635581972, 25.517976944334777], [-111.09380364418031, 25.51793821536909], [-111.09380364418031, 25.517880121897115], [-111.09390020370485, 25.51784139290017], [-111.09390020370485, 25.517609018656092], [-111.09380364418031, 25.517570289571665], [-111.09380364418031, 25.517473466805964], [-111.09369635581972, 25.517405690823484], [-111.09369635581972, 25.517173315735896], [-111.09380364418031, 25.517095857273393], [-111.09380364418031, 25.516911893224613], [-111.09390020370485, 25.5168537992559], [-111.09390020370485, 25.51669888186853], [-111.09399676322938, 25.51666015249045], [-111.09399676322938, 25.516408411228316], [-111.09390020370485, 25.516379364125637], [-111.09390020370485, 25.51635031701592], [-111.09380364418031, 25.516330952272213], [-111.09380364418031, 25.516311587525376], [-111.09359979629518, 25.516301905150783], [-111.09320282936098, 25.51636968175651], [-111.09299898147584, 25.516389046493984], [-111.09279513359071, 25.516447140687625], [-111.09249472618104, 25.516485870134442]], [[-111.09249472618104, 25.516485870134442], [-111.09237670898439, 25.516514917211346]], [[-111.09249472618104, 25.516485870134442], [-111.0920011997223, 25.516640787796728], [-111.09190464019777, 25.51666015249045], [-111.09170079231264, 25.516669834836154], [-111.09140038490297, 25.516640787796728], [-111.0910999774933, 25.51657301134407], [-111.0905957221985, 25.516543964281226], [-111.09040260314943, 25.516514917211346], [-111.08860015869142, 25.51635031701592], [-111.08850359916688, 25.516321269899183], [-111.08779549598695, 25.516272858022326], [-111.08709812164308, 25.516176034210055], [-111.08559608459474, 25.516011433549927], [-111.08540296554567, 25.515972703950048], [-111.085102558136, 25.515953339145415], [-111.0849952697754, 25.51592429193261], [-111.08480215072633, 25.51592429193261], [-111.0845983028412, 25.515895244712773], [-111.08450174331666, 25.515866197485913], [-111.08399748802186, 25.515808103011096], [-111.08380436897279, 25.51575969092729], [-111.08339667320253, 25.515730643667617], [-111.08260273933412, 25.515604772127855], [-111.08249545097352, 25.515604772127855], [-111.08239889144899, 25.5155757248307], [-111.08209848403932, 25.515556359962037], [-111.08129382133485, 25.515440170684403], [-111.08070373535158, 25.515382076003412], [-111.08029603958131, 25.515323981294305], [-111.08019948005678, 25.515294933929205], [-111.07959866523744, 25.51526588655708], [-111.07939481735231, 25.515227156716637], [-111.0776996612549, 25.515072237229948], [-111.0776996612549, 25.515023824849344], [-111.07739925384523, 25.514810810142773], [-111.07739925384523, 25.514743032656884], [-111.0773026943207, 25.514655890118775], [-111.0773026943207, 25.5144912873742], [-111.07720613479616, 25.514404144653344], [-111.07720613479616, 25.514317001869237], [-111.07709884643556, 25.51424922410453], [-111.07709884643556, 25.51418144630155], [-111.07689499855043, 25.514065255693133], [-111.0767984390259, 25.5140458905808]]]}}, {"type": "Feature", "id": 2, "properties": {"CRURIMT2KG": 70182, "CRURIMT2KG_1": 70182, "DESCRIPCIO": "Caminos Rurales (rev.) 2 carriles", "ESTADO": "BCS", "FNODE_": 0, "ID_IMT": 420, "LENGTH": 0.052, "LPOLY_": 0, "RPOLY_": 0, "TNODE_": 0, "extrude": 0, "fid": 66, "layer": "CAMINOS_RURALES", "path": "D:/Back-up/Escritorio Brenda/Datos_SIG/Mapoteca/BCS/BCS/camr-bcsg.shp", "tessellate": -1, "visibility": -1}, "geometry": {"type": "MultiLineString", "coordinates": [[[-111.13906860351564, 25.539711604182358], [-111.13880038261415, 25.539556716308244], [-111.13860726356508, 25.539488952800408], [-111.13819956779481, 25.539266301005025], [-111.13799571990968, 25.539198537333057], [-111.13759875297548, 25.538975884998433], [-111.13739490509035, 25.538917801712717], [-111.13680481910707, 25.538608023713724], [-111.13660097122194, 25.5385596208291], [-111.13609671592714, 25.538259522508305], [-111.13609671592714, 25.538201438875607], [-111.13590359687807, 25.538065910289887], [-111.13580703735353, 25.537891659026027], [-111.13569974899293, 25.537794852658934], [-111.13569974899293, 25.53769804621367], [-111.1354959011078, 25.537514113752405], [-111.1354959011078, 25.53740762640904], [-111.13519549369813, 25.53709784450888], [-111.13519549369813, 25.53699135679587], [-111.13490581512453, 25.536652531625435], [-111.13490581512453, 25.53654604351702], [-111.13400459289552, 25.535684454435106], [-111.13400459289552, 25.535587646286263], [-111.13380074501039, 25.535394029754187], [-111.13340377807619, 25.5350648809323], [-111.13340377807619, 25.534987434019396], [-111.13319993019105, 25.53484222092292], [-111.13319993019105, 25.53477445475105], [-111.13310337066652, 25.534726050319136], [-111.13310337066652, 25.534667964975043], [-111.13300681114197, 25.534619560500165], [-111.13300681114197, 25.5345614751045], [-111.13289952278139, 25.534503389680715], [-111.13289952278139, 25.53442594240524], [-111.13269567489625, 25.534280728628925], [-111.13259911537172, 25.534183919347043], [-111.13259911537172, 25.53410647186528], [-111.13210558891298, 25.53366114787462], [-111.13210558891298, 25.533554657110137], [-111.13199830055238, 25.533448166251127], [-111.13199830055238, 25.533341675297564], [-111.13179445266725, 25.533109331070698], [-111.13179445266725, 25.533002839816294], [-111.13160133361816, 25.532789857023854], [-111.13160133361816, 25.53269304653864], [-111.13150477409364, 25.532596235975287], [-111.13150477409364, 25.53251878746834], [-111.13139748573305, 25.53247038212611], [-111.13139748573305, 25.532373571383033], [-111.13130092620851, 25.53233484706393], [-111.13130092620851, 25.5322089929405], [-111.13120436668397, 25.532150906377456], [-111.13120436668397, 25.532083138685014], [-111.13110780715944, 25.531947603185277], [-111.13110780715944, 25.53187015425953], [-111.13100051879884, 25.53180238640848], [-111.13100051879884, 25.531715256258007], [-111.13089323043825, 25.531637807182246], [-111.13089323043825, 25.531560358056463], [-111.13079667091371, 25.531492590030386], [-111.13079667091371, 25.531366735023244], [-111.13070011138917, 25.531308648052338], [-111.13070011138917, 25.53124087988406], [-111.13060355186464, 25.531173111677504], [-111.13060355186464, 25.531085981069946], [-111.13049626350404, 25.530998850399108], [-111.13049626350404, 25.530911719664978], [-111.13030314445497, 25.53071809558478], [-111.13030314445497, 25.530621283427475], [-111.13020658493042, 25.53051478996421], [-111.13020658493042, 25.53042765887849], [-111.13009929656984, 25.53034052772946], [-111.13009929656984, 25.530253396517168], [-111.1298954486847, 25.53006945263893], [-111.1298954486847, 25.529972639958153], [-111.12979888916017, 25.529866145919048], [-111.12979888916017, 25.529769333074192], [-111.12959504127504, 25.529556344540485], [-111.12959504127504, 25.529449850131833], [-111.12940192222597, 25.529256223692062], [-111.12940192222597, 25.52916909169221], [-111.12930536270143, 25.529081959629078], [-111.12930536270143, 25.528994827502654], [-111.12919807434083, 25.52890769531295], [-111.12919807434083, 25.52882056305995], [-111.12909078598024, 25.528733430743685], [-111.12909078598024, 25.528617254223548], [-111.12889766693117, 25.528404263644422], [-111.12889766693117, 25.528307449619824], [-111.1287045478821, 25.528113821336234], [-111.1287045478821, 25.528007325647057], [-111.1285972595215, 25.527910511302125], [-111.1285972595215, 25.52781369687908], [-111.12850069999696, 25.52771688237789], [-111.12850069999696, 25.527639430720708], [-111.12840414047243, 25.52757166047965], [-111.12840414047243, 25.52750389020031], [-111.12830758094789, 25.527436119882694], [-111.12830758094789, 25.527319942106274], [-111.1282002925873, 25.527242490192826], [-111.1282002925873, 25.52717471972754], [-111.1280930042267, 25.527106949223985], [-111.1280930042267, 25.527010134152487], [-111.12799644470216, 25.526923000521354], [-111.12799644470216, 25.526835866826943], [-111.12780332565309, 25.52665191770869], [-111.12780332565309, 25.5265647838174], [-111.1276960372925, 25.52647764986283], [-111.1276960372925, 25.52639051584498], [-111.12759947776796, 25.52630338176384], [-111.12759947776796, 25.52621624761944], [-111.12750291824342, 25.526138794993507], [-111.12740635871889, 25.525964526402344], [-111.12740635871889, 25.525858028805366], [-111.12729907035829, 25.525770894337544], [-111.12729907035829, 25.5256643965687], [-111.12709522247316, 25.525480445654402], [-111.12709522247316, 25.5254029925535], [-111.12699866294862, 25.525306176107048], [-111.12699866294862, 25.525209359582483], [-111.12679481506349, 25.525025407970574], [-111.12679481506349, 25.52491890954005], [-111.12669825553895, 25.52483177439023], [-111.12669825553895, 25.524725275787826], [-111.12650513648988, 25.524541323433795], [-111.12650513648988, 25.524444506292085], [-111.12639784812929, 25.524338007345968], [-111.12639784812929, 25.524241190040208], [-111.12630128860475, 25.524125009170167], [-111.12619400024415, 25.52402819169254], [-111.12619400024415, 25.52392169237693], [-111.12600088119508, 25.523728057015475]], [[-111.1261296272278, 25.523853920035958], [-111.12600088119508, 25.523728057015475]], [[-111.12600088119508, 25.523728057015475], [-111.12600088119508, 25.523621557433486], [-111.12590432167055, 25.523524739549654], [-111.12590432167055, 25.5234182397872], [-111.12570047378541, 25.523214921796438], [-111.12570047378541, 25.523118103584526], [-111.12550735473634, 25.522905103243325], [-111.12550735473634, 25.522808284781433], [-111.12540006637575, 25.522701784383123], [-111.12540006637575, 25.522604965757193], [-111.12529277801515, 25.522508147053145], [-111.12529277801515, 25.52242101015272], [-111.12509965896608, 25.52223705426625]]]}}, {"type": "Feature", "id": 3, "properties": {"CRURIMT2KG": 70183, "CRURIMT2KG_1": 70183, "DESCRIPCIO": "Caminos Rurales (rev.) 2 carriles", "ESTADO": "BCS", "FNODE_": 0, "ID_IMT": 420, "LENGTH": 0, "LPOLY_": 0, "RPOLY_": 0, "TNODE_": 0, "extrude": 0, "fid": 67, "layer": "CAMINOS_RURALES", "path": "D:/Back-up/Escritorio Brenda/Datos_SIG/Mapoteca/BCS/BCS/camr-bcsg.shp", "tessellate": -1, "visibility": -1}, "geometry": {"type": "LineString", "coordinates": [[-111.12509965896608, 25.52223705426625], [-111.12509965896608, 25.522140235265354]]}}, {"type": "Feature", "id": 4, "properties": {"CRURIMT2KG": 70185, "CRURIMT2KG_1": 70185, "DESCRIPCIO": "Caminos Rurales (rev.) 2 carriles", "ESTADO": "BCS", "FNODE_": 0, "ID_IMT": 420, "LENGTH": 0.037, "LPOLY_": 0, "RPOLY_": 0, "TNODE_": 0, "extrude": 0, "fid": 69, "layer": "CAMINOS_RURALES", "path": "D:/Back-up/Escritorio Brenda/Datos_SIG/Mapoteca/BCS/BCS/camr-bcsg.shp", "tessellate": -1, "visibility": -1}, "geometry": {"type": "LineString", "coordinates": [[-111.12500309944154, 25.522053098097775], [-111.12489581108095, 25.52194659702925], [-111.12489581108095, 25.521849777794035], [-111.12479925155641, 25.521752958480697], [-111.12479925155641, 25.521656139089256], [-111.12470269203187, 25.52156900157016], [-111.12470269203187, 25.521481863987802], [-111.12460613250734, 25.521394726342173], [-111.12460613250734, 25.521375362412332], [-111.12460613250734, 25.521307588633274], [-111.12449884414674, 25.5212301328389], [-111.12449884414674, 25.521181722942043], [-111.1244022846222, 25.52112363104003], [-111.1244022846222, 25.52108490308974], [-111.12429499626161, 25.521046175126944], [-111.12429499626161, 25.521017129146642], [-111.12419843673707, 25.52098808315932], [-111.12419843673707, 25.520968719163857], [-111.12410187721254, 25.520939673164808], [-111.1233937740326, 25.520881581145634], [-111.12320065498353, 25.520852535125503], [-111.12290024757387, 25.520736350974666], [-111.1227071285248, 25.520697622899394], [-111.1224925518036, 25.520620166711357], [-111.12229943275453, 25.520571756568437], [-111.1220955848694, 25.520571756568437], [-111.12199902534486, 25.520591120627955], [-111.12160205841066, 25.520736350974666], [-111.12160205841066, 25.520775079037435], [-111.12100124359132, 25.52083317110817], [-111.12079739570619, 25.520775079037435], [-111.12079739570619, 25.520726668957018], [-111.12059354782106, 25.52061048468432], [-111.12059354782106, 25.519932740851882], [-111.12070083618165, 25.51984560208147], [-111.12070083618165, 25.519390543030255], [-111.12079739570619, 25.519313085998633], [-111.12079739570619, 25.518916117927006], [-111.12070083618165, 25.518858024928353], [-111.12070083618165, 25.51879993190158], [-111.12049698829652, 25.51875152102445], [-111.12019658088686, 25.518741838846665], [-111.12000346183778, 25.51876120320143], [-111.12000346183778, 25.518741838846665], [-111.11979961395265, 25.518664381396405], [-111.11979961395265, 25.518615970464595], [-111.11969232559206, 25.51854819512727], [-111.11969232559206, 25.518315822251594], [-111.11979961395265, 25.518248046744773], [-111.11979961395265, 25.517860757400197], [-111.11969232559206, 25.51769615905034], [-111.11969232559206, 25.517405690823484], [-111.11959576606752, 25.51731855021836], [-111.11959576606752, 25.51690221089845], [-111.11949920654298, 25.516834434593413], [-111.11949920654298, 25.51674729357357], [-111.11929535865785, 25.516631105448695], [-111.11929535865785, 25.516592376048735], [-111.11910223960878, 25.516476187773904], [-111.11910223960878, 25.51635031701592], [-111.11900568008424, 25.516301905150783], [-111.11900568008424, 25.516214763744337], [-111.11889839172365, 25.51616635182452], [-111.11889839172365, 25.516146987051133], [-111.11880183219911, 25.516146987051133], [-111.1186945438385, 25.516176034210055], [-111.11859798431398, 25.516224446125957], [-111.11859798431398, 25.516301905150783], [-111.11850142478944, 25.51636968175651], [-111.11850142478944, 25.516447140687625], [-111.1184048652649, 25.516514917211346], [-111.1184048652649, 25.516592376048735], [-111.11820101737977, 25.516727928893896], [-111.11820101737977, 25.516805387593834], [-111.11810445785524, 25.516882846243774], [-111.11810445785524, 25.516940940198428], [-111.11799716949463, 25.51700871644333], [-111.11799716949463, 25.517124904202696], [-111.1179006099701, 25.5171829980402], [-111.1179006099701, 25.51723140954997], [-111.11779332160951, 25.517289503335927], [-111.11779332160951, 25.51732823251095], [-111.11769676208498, 25.517376643962145], [-111.11769676208498, 25.51742505539381], [-111.11760020256044, 25.517483149086043], [-111.11760020256044, 25.517521878198586], [-111.11729979515076, 25.517647747728024], [-111.11669898033144, 25.517647747728024], [-111.1164951324463, 25.51762838319361], [-111.1164951324463, 25.517609018656092], [-111.11639857292177, 25.517570289571665], [-111.11639857292177, 25.516766658250106], [-111.11630201339723, 25.516718246552898], [-111.11630201339723, 25.51666015249045], [-111.11600160598756, 25.516524599568754], [-111.11600160598756, 25.516485870134442], [-111.1157011985779, 25.516389046493984], [-111.1157011985779, 25.51635031701592], [-111.11549735069276, 25.516253493266113], [-111.11549735069276, 25.516127622274613], [-111.11540079116823, 25.516069527926334], [-111.11540079116823, 25.51583715025203], [-111.11530423164369, 25.515798420595907], [-111.11530423164369, 25.515779055763154], [-111.1151969432831, 25.51575969092729], [-111.11499309539796, 25.515779055763154], [-111.11499309539796, 25.515808103011096], [-111.11479997634889, 25.515885562304604], [-111.11479997634889, 25.515933974337663], [-111.11470341682436, 25.515963021548114], [-111.11449956893922, 25.51599206875154], [-111.11409187316896, 25.515963021548114], [-111.11380219459535, 25.515963021548114], [-111.11369490623476, 25.515943656741925], [-111.11340522766115, 25.515953339145415], [-111.11290097236635, 25.51592429193261], [-111.11269712448122, 25.515933974337663], [-111.11260056495668, 25.515963021548114], [-111.11260056495668, 25.51598238635118], [-111.11250400543214, 25.516021115947954], [-111.11250400543214, 25.516069527926334], [-111.11239671707155, 25.5161179398852], [-111.11239671707155, 25.51618571659479], [-111.11230015754701, 25.516224446125957], [-111.11219286918642, 25.516311587525376], [-111.11219286918642, 25.516340634644468], [-111.11199975013734, 25.516379364125637], [-111.11199975013734, 25.516408411228316], [-111.11190319061281, 25.516408411228316], [-111.11190319061281, 25.51643745832397], [-111.11169934272768, 25.51646650541259], [-111.11169934272768, 25.516485870134442], [-111.1115062236786, 25.516534281925384], [-111.11139893531801, 25.516514917211346], [-111.11139893531801, 25.51649555249419], [-111.11129164695741, 25.51646650541259], [-111.11129164695741, 25.516389046493984], [-111.11119508743288, 25.516340634644468], [-111.11119508743288, 25.516253493266113], [-111.11109852790834, 25.516214763744337], [-111.11109852790834, 25.516040480741648], [-111.1110019683838, 25.516001751151133], [-111.1110019683838, 25.515904927120165], [-111.11089468002321, 25.515866197485913], [-111.11089468002321, 25.51575969092729], [-111.11079812049867, 25.515720961246167], [-111.11079812049867, 25.515662866701074], [-111.11070156097414, 25.51563381941798], [-111.11070156097414, 25.515604772127855], [-111.1106050014496, 25.515566042396756], [-111.1106050014496, 25.51550794777668], [-111.110497713089, 25.51547890045611], [-111.110497713089, 25.5154498531285], [-111.11040115356447, 25.515420805793855], [-111.11040115356447, 25.51539175845219], [-111.11019730567934, 25.51535302865237], [-111.11000418663026, 25.51535302865237], [-111.11000418663026, 25.515382076003412], [-111.10980033874513, 25.5154498531285], [-111.10980033874513, 25.515498265337264], [-111.1097037792206, 25.515556359962037], [-111.1097037792206, 25.515604772127855], [-111.10959649086, 25.515682231552564], [-111.10959649086, 25.515895244712773], [-111.10949993133546, 25.51598238635118], [-111.10949993133546, 25.516292222775423], [-111.10939264297487, 25.51635031701592], [-111.10939264297487, 25.51646650541259], [-111.10929608345033, 25.516524599568754], [-111.10929608345033, 25.516592376048735], [-111.1091995239258, 25.516640787796728], [-111.1091995239258, 25.516756975912227], [-111.10910296440126, 25.516815069927805], [-111.10910296440126, 25.516882846243774], [-111.10899567604066, 25.516950622521474], [-111.10899567604066, 25.51700871644333], [-111.10889911651613, 25.51706681033707], [-111.10889911651613, 25.5171829980402], [-111.10880255699159, 25.51724109184958], [-111.10880255699159, 25.517299185630858], [-111.10870599746706, 25.517347597093757], [-111.10870599746706, 25.517405690823484], [-111.10859870910646, 25.517454102243445], [-111.10859870910646, 25.51750251364388], [-111.10850214958192, 25.51756060729862], [-111.10850214958192, 25.517599336386162], [-111.10839486122133, 25.51763806546121], [-111.10839486122133, 25.517676794523755], [-111.10820174217226, 25.517744570353134], [-111.10820174217226, 25.517792981636422], [-111.10810518264772, 25.51784139290017], [-111.10810518264772, 25.517899486390895], [-111.10799789428712, 25.517957579853505], [-111.10799789428712, 25.51859660608641], [-111.10790133476259, 25.518654699211602], [-111.10790133476259, 25.518712792308687], [-111.10780477523805, 25.518741838846665], [-111.10780477523805, 25.518770885377634], [-111.10769748687746, 25.51879993190158], [-111.10749363899232, 25.51879993190158], [-111.10730051994325, 25.518780567553062], [-111.10700011253358, 25.518819296246953], [-111.10700011253358, 25.51883866058921], [-111.10690355300905, 25.51884834275917], [-111.10690355300905, 25.518867707096756], [-111.10679626464845, 25.51888707143119], [-111.10679626464845, 25.51890643576252], [-111.10669970512392, 25.518935482253656], [-111.10669970512392, 25.51898389305658], [-111.10649585723878, 25.51904198599432], [-111.10649585723878, 25.51906135030065], [-111.10639929771425, 25.51908071460385], [-111.10639929771425, 25.51910976105281], [-111.10630273818971, 25.519129125348197], [-111.10630273818971, 25.51914848964047], [-111.10620617866518, 25.519158171785442], [-111.10620617866518, 25.51917753607302], [-111.10609889030458, 25.51919690035748], [-111.10609889030458, 25.51921626463882], [-111.10600233078004, 25.519235628917038], [-111.10590577125551, 25.51921626463882], [-111.10579848289491, 25.51921626463882], [-111.10579848289491, 25.51917753607302], [-111.10570192337038, 25.519158171785442], [-111.10570192337038, 25.519100078903946], [-111.10559463500978, 25.519071032452644], [-111.10559463500978, 25.5189451644158], [-111.10549807548524, 25.518916117927006], [-111.10549807548524, 25.518790249727704], [-111.10540151596071, 25.51876120320143], [-111.10540151596071, 25.51868374576365], [-111.10530495643617, 25.518654699211602], [-111.10530495643617, 25.518615970464595], [-111.10519766807558, 25.51859660608641], [-111.10519766807558, 25.518557877320664], [-111.10510110855104, 25.5185385129331], [-111.10510110855104, 25.518499784148602], [-111.1050045490265, 25.51848041975168], [-111.1050045490265, 25.51844169094843], [-111.10489726066591, 25.518422326542115], [-111.10489726066591, 25.518373915512697], [-111.10480070114137, 25.51835455109544], [-111.10480070114137, 25.518286775610505], [-111.10469341278078, 25.518257728962375], [-111.10469341278078, 25.518219000087285], [-111.10459685325624, 25.518180271199682], [-111.10459685325624, 25.518112495616325], [-111.1045002937317, 25.518073766694364], [-111.1045002937317, 25.517986626574263], [-111.10440373420717, 25.51794789761168], [-111.10440373420717, 25.517870439649045], [-111.10429644584657, 25.51783171064898], [-111.10429644584657, 25.517792981636422], [-111.10419988632204, 25.51775425261136], [-111.10419988632204, 25.517705841312463], [-111.10389947891237, 25.517647747728024], [-111.1035990715027, 25.517705841312463], [-111.10350251197816, 25.517744570353134], [-111.10340595245363, 25.51775425261136], [-111.10310554504396, 25.517705841312463], [-111.10310554504396, 25.517657429994035], [-111.10299825668335, 25.51763806546121], [-111.10299825668335, 25.517609018656092], [-111.10290169715883, 25.51757997184395], [-111.10290169715883, 25.517521878198586], [-111.10279440879823, 25.51749283136535], [-111.10279440879823, 25.51746378452509], [-111.1026978492737, 25.51742505539381], [-111.1026978492737, 25.517396008537155], [-111.10260128974916, 25.517366961673464], [-111.10260128974916, 25.517308867924996], [-111.10250473022462, 25.51727013874373], [-111.10250473022462, 25.51723140954997], [-111.10239744186403, 25.517192680343705], [-111.10239744186403, 25.517076492649963], [-111.10230088233948, 25.5170280810777], [-111.10230088233948, 25.516911893224613], [-111.10239744186403, 25.5168537992559], [-111.10239744186403, 25.516805387593834], [-111.10230088233948, 25.516756975912227], [-111.10230088233948, 25.516582693696797], [-111.10220432281496, 25.516534281925384], [-111.10220432281496, 25.516456823050504], [-111.10209703445436, 25.516408411228316], [-111.10209703445436, 25.51635031701592], [-111.10200047492982, 25.516321269899183], [-111.10200047492982, 25.516301905150783], [-111.10189318656923, 25.516282540399263]]}}, {"type": "Feature", "id": 5, "properties": {"CRURIMT2KG": 70184, "CRURIMT2KG_1": 70184, "DESCRIPCIO": "Caminos Rurales (rev.) 2 carriles", "ESTADO": "BCS", "FNODE_": 0, "ID_IMT": 420, "LENGTH": 0, "LPOLY_": 0, "RPOLY_": 0, "TNODE_": 0, "extrude": 0, "fid": 68, "layer": "CAMINOS_RURALES", "path": "D:/Back-up/Escritorio Brenda/Datos_SIG/Mapoteca/BCS/BCS/camr-bcsg.shp", "tessellate": -1, "visibility": -1}, "geometry": {"type": "LineString", "coordinates": [[-111.12509965896608, 25.522140235265354], [-111.12500309944154, 25.522053098097775]]}}, {"type": "Feature", "id": 5, "properties": {"CRURIMT2KG": 70187, "CRURIMT2KG_1": 70187, "DESCRIPCIO": "Caminos Rurales (rev.) 2 carriles", "ESTADO": "BCS", "FNODE_": 0, "ID_IMT": 420, "LENGTH": 0, "LPOLY_": 0, "RPOLY_": 0, "TNODE_": 0, "extrude": 0, "fid": 71, "layer": "CAMINOS_RURALES", "path": "D:/Back-up/Escritorio Brenda/Datos_SIG/Mapoteca/BCS/BCS/camr-bcsg.shp", "tessellate": -1, "visibility": -1}, "geometry": {"type": "LineString", "coordinates": [[-111.10189318656923, 25.516263175644614], [-111.10179662704469, 25.516243810886852]]}}, {"type": "Feature", "id": 6, "properties": {"CRURIMT2KG": 70184, "CRURIMT2KG_1": 70184, "DESCRIPCIO": "Caminos Rurales (rev.) 2 carriles", "ESTADO": "BCS", "FNODE_": 0, "ID_IMT": 420, "LENGTH": 0, "LPOLY_": 0, "RPOLY_": 0, "TNODE_": 0, "extrude": 0, "fid": 68, "layer": "CAMINOS_RURALES", "path": "D:/Back-up/Escritorio Brenda/Datos_SIG/Mapoteca/BCS/BCS/camr-bcsg.shp", "tessellate": -1, "visibility": -1}, "geometry": {"type": "LineString", "coordinates": [[-111.12509965896608, 25.522140235265354], [-111.12500309944154, 25.522053098097775]]}}, {"type": "Feature", "id": 7, "properties": {"CRURIMT2KG": 70186, "CRURIMT2KG_1": 70186, "DESCRIPCIO": "Caminos Rurales (rev.) 2 carriles", "ESTADO": "BCS", "FNODE_": 0, "ID_IMT": 420, "LENGTH": 0, "LPOLY_": 0, "RPOLY_": 0, "TNODE_": 0, "extrude": 0, "fid": 70, "layer": "CAMINOS_RURALES", "path": "D:/Back-up/Escritorio Brenda/Datos_SIG/Mapoteca/BCS/BCS/camr-bcsg.shp", "tessellate": -1, "visibility": -1}, "geometry": {"type": "LineString", "coordinates": [[-111.10189318656923, 25.516282540399263], [-111.10189318656923, 25.516263175644614]]}}, {"type": "Feature", "id": 8, "properties": {"CRURIMT2KG": 70188, "CRURIMT2KG_1": 70188, "DESCRIPCIO": "Caminos Rurales (rev.) 2 carriles", "ESTADO": "BCS", "FNODE_": 0, "ID_IMT": 420, "LENGTH": 0.007, "LPOLY_": 0, "RPOLY_": 0, "TNODE_": 0, "extrude": 0, "fid": 72, "layer": "CAMINOS_RURALES", "path": "D:/Back-up/Escritorio Brenda/Datos_SIG/Mapoteca/BCS/BCS/camr-bcsg.shp", "tessellate": -1, "visibility": -1}, "geometry": {"type": "LineString", "coordinates": [[-111.10179662704469, 25.516243810886852], [-111.10179662704469, 25.51620508136193], [-111.10170006752016, 25.51618571659479], [-111.10170006752016, 25.516146987051133], [-111.1016035079956, 25.51610825749499], [-111.1016035079956, 25.516030798345195], [-111.10149621963502, 25.51598238635118], [-111.10149621963502, 25.515643501846455], [-111.10139966011049, 25.51558540726387], [-111.10139966011049, 25.515498265337264], [-111.10130310058595, 25.5154498531285], [-111.10130310058595, 25.51540144090019], [-111.10119581222536, 25.51536271110349], [-111.10119581222536, 25.515314298840057], [-111.10109925270082, 25.515275569015238], [-111.10109925270082, 25.51520779179174], [-111.10099196434022, 25.51516906193256], [-111.10099196434022, 25.51514001452998], [-111.10089540481569, 25.51511096712035], [-111.10089540481569, 25.515091602176714], [-111.10079884529115, 25.51506255475538], [-111.10079884529115, 25.514994777411626], [-111.10070228576662, 25.514956047483718], [-111.10070228576662, 25.514830175131728], [-111.10060572624208, 25.514781762653506], [-111.10060572624208, 25.51456874751741], [-111.10049843788148, 25.514539699969564], [-111.10049843788148, 25.514481604852786], [-111.10040187835695, 25.51444287475931], [-111.10040187835695, 25.514258906644688], [-111.10030531883241, 25.514220176479373], [-111.10030531883241, 25.514016842906436], [-111.10019803047182, 25.51396843010022], [-111.10019803047182, 25.513590809541636], [-111.10010147094728, 25.51358112694758], [-111.10010147094728, 25.513561761757146], [-111.09999418258668, 25.513552079160764], [-111.09999418258668, 25.51353271396565], [-111.09989762306215, 25.513503666167114], [-111.09970450401308, 25.513503666167114], [-111.09970450401308, 25.513523031366912], [-111.09950065612794, 25.51358112694758], [-111.09950065612794, 25.513648905089493], [-111.09940409660341, 25.513687635439116], [-111.09940409660341, 25.513765096100872], [-111.09929680824281, 25.513803826413017], [-111.09929680824281, 25.51383287413893], [-111.09920024871828, 25.513881286999812], [-111.09920024871828, 25.513939382407116], [-111.09909296035768, 25.513958747536623], [-111.09909296035768, 25.513987795225045], [-111.09899640083314, 25.514016842906436], [-111.09899640083314, 25.514065255693133], [-111.09889984130861, 25.51409430335578], [-111.09859943389894, 25.51409430335578], [-111.09859943389894, 25.5141136684603], [-111.0985028743744, 25.5141136684603], [-111.0985028743744, 25.514142716111245], [-111.09839558601381, 25.514162081207957], [-111.09839558601381, 25.514258906644688], [-111.09829902648927, 25.51430731933377], [-111.09829902648927, 25.514404144653344], [-111.09839558601381, 25.51444287475931], [-111.09839558601381, 25.514743032656884], [-111.0985028743744, 25.514781762653506], [-111.0985028743744, 25.514820492637647], [-111.09839558601381, 25.514859222609292], [-111.09839558601381, 25.515198109328118]]}}, {"type": "Feature", "id": 2, "properties": {"CRURIMT2KG": 70191, "CRURIMT2KG_1": 70191, "DESCRIPCIO": "Caminos Rurales (rev.) 2 carriles", "ESTADO": "BCS", "FNODE_": 0, "ID_IMT": 420, "LENGTH": 0.012, "LPOLY_": 0, "RPOLY_": 0, "TNODE_": 0, "extrude": 0, "fid": 75, "layer": "CAMINOS_RURALES", "path": "D:/Back-up/Escritorio Brenda/Datos_SIG/Mapoteca/BCS/BCS/camr-bcsg.shp", "tessellate": -1, "visibility": -1}, "geometry": {"type": "LineString", "coordinates": [[-111.07670187950136, 25.514016842906436], [-111.07659459114076, 25.51396843010022], [-111.07649803161623, 25.513890969569655], [-111.07649803161623, 25.513842556712667], [-111.07640147209169, 25.513823191564406], [-111.07630491256715, 25.51383287413893], [-111.07589721679689, 25.513958747536623], [-111.07589721679689, 25.513987795225045], [-111.07580065727235, 25.514026525465336], [-111.07540369033815, 25.514084620802347], [-111.07519984245302, 25.514084620802347], [-111.07499599456789, 25.514036208023448], [-111.07499599456789, 25.514007160346758], [-111.07440590858461, 25.513842556712667], [-111.07440590858461, 25.513803826413017], [-111.07420206069948, 25.51375541352089], [-111.07420206069948, 25.513736048358584], [-111.07399821281435, 25.513716683193135], [-111.07379436492921, 25.513736048358584], [-111.07379436492921, 25.513765096100872], [-111.07369780540468, 25.513803826413017], [-111.0735046863556, 25.51385223928563], [-111.07330083847047, 25.513881286999812], [-111.07330083847047, 25.51390065213871], [-111.07309699058534, 25.513949064972252], [-111.07309699058534, 25.51397811266303], [-111.0730004310608, 25.514026525465336], [-111.0730004310608, 25.514152398659995], [-111.07289314270021, 25.514210493936094], [-111.07289314270021, 25.514336366937833], [-111.07279658317567, 25.514452557283853], [-111.07279658317567, 25.514549382486294], [-111.07270002365114, 25.51459779505823], [-111.07270002365114, 25.514820492637647], [-111.07250690460206, 25.514839857625034], [-111.07250690460206, 25.514820492637647], [-111.07239961624147, 25.51480112764714], [-111.07239961624147, 25.514743032656884], [-111.07230305671693, 25.514694620143523], [-111.07230305671693, 25.514549382486294], [-111.07219576835634, 25.51447192233059], [-111.07219576835634, 25.514026525465336], [-111.0720992088318, 25.513949064972252], [-111.0720992088318, 25.513590809541636], [-111.07200264930727, 25.5135133487674], [-111.07200264930727, 25.513455253153936], [-111.07189536094667, 25.513397157512365], [-111.07189536094667, 25.513348744456238], [-111.0717022418976, 25.51325191828542], [-111.0717022418976, 25.513213187795213], [-111.07140183448793, 25.513067948345704], [-111.07140183448793, 25.51302921779615], [-111.0711979866028, 25.512932391367617], [-111.0711979866028, 25.51289366077435], [-111.07089757919313, 25.512729055613505], [-111.07089757919313, 25.512680642287958], [-111.07070446014406, 25.51255476755017], [-111.07070446014406, 25.512351431156475], [-111.07059717178346, 25.512283652282044], [-111.07059717178346, 25.512041584561022], [-111.07050061225893, 25.51195444006196], [-111.07050061225893, 25.511615544186572], [-111.07039332389833, 25.5115187166179], [-111.07039332389833, 25.511257281792425], [-111.0702967643738, 25.511160453934817], [-111.0702967643738, 25.510976480790237], [-111.07020020484926, 25.510811873000854], [-111.07020020484926, 25.510560119474704], [-111.07009291648866, 25.51047297390036], [-111.07009291648866, 25.51022121966362], [-111.06999635696413, 25.51012439097047], [-111.06999635696413, 25.509804855729044], [-111.06989979743959, 25.509737075417], [-111.06989979743959, 25.50918514859461], [-111.06999635696413, 25.509127050886775]]}}, {"type": "Feature", "id": 3, "properties": {"CRURIMT2KG": 70190, "CRURIMT2KG_1": 70190, "DESCRIPCIO": "Caminos Rurales (rev.) 2 carriles", "ESTADO": "BCS", "FNODE_": 0, "ID_IMT": 420, "LENGTH": 0, "LPOLY_": 0, "RPOLY_": 0, "TNODE_": 0, "extrude": 0, "fid": 74, "layer": "CAMINOS_RURALES", "path": "D:/Back-up/Escritorio Brenda/Datos_SIG/Mapoteca/BCS/BCS/camr-bcsg.shp", "tessellate": -1, "visibility": -1}, "geometry": {"type": "LineString", "coordinates": [[-111.0767984390259, 25.5140458905808], [-111.07670187950136, 25.514016842906436]]}}]}