{
  "type": "FeatureCollection",
  "features": [
    {
      "type": "Feature",
      "geometry": {
        "type": "Polygon",
        "coordinates": [
          [
            [
              -111.351056070953,
              26.1305675342313
            ],
            [
              -111.351063749132,
              26.1300343236369
            ],
            [
              -111.351162941122,
              26.1293343767978
            ],
            [
              -111.350873023089,
              26.1285905665284
            ],
            [
              -111.350155841795,
              26.1283197471139
            ],
            [
              -111.349133479061,
              26.127724703826
            ],
            [
              -111.348507854755,
              26.1272955853777
            ],
            [
              -111.347584681229,
              26.1262809551979
            ],
            [
              -111.347111650518,
              26.1257259599236
            ],
            [
              -111.347058244606,
              26.1255848266884
            ],
            [
              -111.346806472327,
              26.1250756030858
            ],
            [
              -111.346547070832,
              26.1245263281122
            ],
            [
              -111.346440261732,
              26.1239713305505
            ],
            [
              -111.346287675791,
              26.1233305088017
            ],
            [
              -111.345974864241,
              26.1230558724632
            ],
            [
              -111.345570503327,
              26.1221766509891
            ],
            [
              -111.345471325302,
              26.1214767053698
            ],
            [
              -111.345471329918,
              26.1210151604277
            ],
            [
              -111.345463710857,
              26.1199604730461
            ],
            [
              -111.345196684827,
              26.1189057872949
            ],
            [
              -111.344754171548,
              26.1184556884228
            ],
            [
              -111.344136177671,
              26.1179464671474
            ],
            [
              -111.343518184656,
              26.1173514213988
            ],
            [
              -111.343319816468,
              26.117166423242
            ],
            [
              -111.342793379873,
              26.1164702947511
            ],
            [
              -111.342434795296,
              26.1157302993415
            ],
            [
              -111.342129617122,
              26.1150818496966
            ],
            [
              -111.342030439129,
              26.1143819040337
            ],
            [
              -111.342022817352,
              26.1136018549198
            ],
            [
              -111.342122009418,
              26.1129019079454
            ],
            [
              -111.342221199378,
              26.1124117541374
            ],
            [
              -111.341908389699,
              26.1119521183853
            ],
            [
              -111.340710545592,
              26.111376148556
            ],
            [
              -111.340298548529,
              26.1111511003762
            ],
            [
              -111.339672924241,
              26.110721982043
            ],
            [
              -111.338810785262,
              26.10995147454
            ],
            [
              -111.338185160942,
              26.1095261706339
            ],
            [
              -111.337826572606,
              26.1091618957321
            ],
            [
              -111.337353541992,
              26.1086011788793
            ],
            [
              -111.336201475659,
              26.1080213943465
            ],
            [
              -111.335575851387,
              26.1075922760278
            ],
            [
              -111.335217262615,
              26.1072718669785
            ],
            [
              -111.334652678811,
              26.1064918215159
            ],
            [
              -111.334179648147,
              26.1059368263115
            ],
            [
              -111.333439580741,
              26.1053970905357
            ],
            [
              -111.33303521245,
              26.1052578667973
            ],
            [
              -111.332012846066,
              26.1050328225992
            ],
            [
              -111.331303292578,
              26.1049470027267
            ],
            [
              -111.329968111536,
              26.1047620119392
            ],
            [
              -111.329250930305,
              26.1044911926818
            ],
            [
              -111.328945746547,
              26.1044015557573
            ],
            [
              -111.328114124019,
              26.1038370268367
            ],
            [
              -111.327648722028,
              26.1033773921345
            ],
            [
              -111.327305394759,
              26.1028319321832
            ],
            [
              -111.326641619039,
              26.1027422975654
            ],
            [
              -111.326283028031,
              26.1026469393518
            ],
            [
              -111.325924437825,
              26.1024714783048
            ],
            [
              -111.325527698719,
              26.1023780275436
            ],
            [
              -111.324749478829,
              26.1022826720086
            ],
            [
              -111.323780521654,
              26.1018764424171
            ],
            [
              -111.322651344934,
              26.1012318125717
            ],
            [
              -111.321873130246,
              26.1006176958575
            ],
            [
              -111.321041515547,
              26.0992731180037
            ],
            [
              -111.320995743457,
              26.0987123985057
            ],
            [
              -111.320942342097,
              26.0981173492657
            ],
            [
              -111.321041534112,
              26.0974174024715
            ],
            [
              -111.321346725274,
              26.0967670417939
            ],
            [
              -111.321819767085,
              26.0962082260955
            ],
            [
              -111.322109698386,
              26.0956227106158
            ],
            [
              -111.322262300074,
              26.0946919909191
            ],
            [
              -111.322361491982,
              26.0940073016986
            ],
            [
              -111.322155498273,
              26.0934179750041
            ],
            [
              -111.321941884282,
              26.0919036512258
            ],
            [
              -111.321636706182,
              26.0912532944366
            ],
            [
              -111.321537528236,
              26.0905533487943
            ],
            [
              -111.321484126529,
              26.0899983508477
            ],
            [
              -111.32158331863,
              26.0892984038554
            ],
            [
              -111.321888509893,
              26.0886480429351
            ],
            [
              -111.322140291005,
              26.0882780423398
            ],
            [
              -111.322613332896,
              26.0877230407772
            ],
            [
              -111.322704895161,
              26.0870478874981
            ],
            [
              -111.322346308077,
              26.0865634583728
            ],
            [
              -111.321873277513,
              26.0860027415936
            ],
            [
              -111.321568099419,
              26.0853542919656
            ],
            [
              -111.321468921518,
              26.0846543462266
            ],
            [
              -111.321468926665,
              26.0841489353168
            ],
            [
              -111.321568118825,
              26.08344898819
            ],
            [
              -111.3217207145,
              26.0831228540451
            ],
            [
              -111.321812272051,
              26.0829130601928
            ],
            [
              -111.321163763444,
              26.0820433764354
            ],
            [
              -111.320393179071,
              26.0813586930051
            ],
            [
              -111.319935405802,
              26.0809886972343
            ],
            [
              -111.319264005136,
              26.0804337034748
            ],
            [
              -111.318790974523,
              26.0798787083409
            ],
            [
              -111.31818061978,
              26.0784444898559
            ],
            [
              -111.31798225382,
              26.078043976908
            ],
            [
              -111.316860711812,
              26.0768939364461
            ],
            [
              -111.316387681245,
              26.0763351269
            ],
            [
              -111.315876510123,
              26.0750401341273
            ],
            [
              -111.315777332262,
              26.0743401883275
            ],
            [
              -111.315876524425,
              26.073644055538
            ],
            [
              -111.315769719678,
              26.0726790074023
            ],
            [
              -111.315708693981,
              26.0715842685494
            ],
            [
              -111.315556114983,
              26.0702854587033
            ],
            [
              -111.315655312022,
              26.0691201518068
            ],
            [
              -111.316975275092,
              26.0653400487678
            ],
            [
              -111.317478840981,
              26.0642758208563
            ],
            [
              -111.317951883182,
              26.0637150970457
            ],
            [
              -111.318516479773,
              26.0632554547519
            ],
            [
              -111.319264195447,
              26.0620100396772
            ],
            [
              -111.319721982224,
              26.0610907599663
            ],
            [
              -111.320195024444,
              26.0605357576191
            ],
            [
              -111.320805399833,
              26.0599807541886
            ],
            [
              -111.321835405433,
              26.0593208508056
            ],
            [
              -111.322857777875,
              26.0590004312197
            ],
            [
              -111.323636000124,
              26.0589050645599
            ],
            [
              -111.323948819827,
              26.0584053724334
            ],
            [
              -111.324200602154,
              26.0579457322287
            ],
            [
              -111.324978834238,
              26.0569253673372
            ],
            [
              -111.325604467674,
              26.0564962395297
            ],
            [
              -111.325879145979,
              26.0553709817714
            ],
            [
              -111.325932563659,
              26.0544002099684
            ],
            [
              -111.325871542414,
              26.0529259348125
            ],
            [
              -111.325711330088,
              26.0520161954724
            ],
            [
              -111.325558750616,
              26.0508051163794
            ],
            [
              -111.325657951486,
              26.0493308397813
            ],
            [
              -111.325757147025,
              26.0483562529937
            ],
            [
              -111.325968951939,
              26.0474575386931
            ],
            [
              -111.326062345811,
              26.0470612526292
            ],
            [
              -111.326771918054,
              26.045445836961
            ],
            [
              -111.327634076852,
              26.0443816045925
            ],
            [
              -111.327840081155,
              26.0439658302873
            ],
            [
              -111.328908247341,
              26.0422111846111
            ],
            [
              -111.33029685579,
              26.0406415356984
            ],
            [
              -111.330922489566,
              26.0402124071629
            ],
            [
              -111.332585759489,
              26.0391119302032
            ],
            [
              -111.33376073267,
              26.0380972819275
            ],
            [
              -111.334775481845,
              26.0372619130785
            ],
            [
              -111.336606605408,
              26.0360164857111
            ],
            [
              -111.337712911707,
              26.0350476107108
            ],
            [
              -111.338185954673,
              26.034486885282
            ],
            [
              -111.339444855599,
              26.0333368232585
            ],
            [
              -111.340207831021,
              26.0321829511491
            ],
            [
              -111.340764805074,
              26.0311664003153
            ],
            [
              -111.341581188993,
              26.0299228883672
            ],
            [
              -111.342183945008,
              26.0285420587483
            ],
            [
              -111.342489143617,
              26.0273424172766
            ],
            [
              -111.34268752585,
              26.0262877251316
            ],
            [
              -111.342786718937,
              26.0255877760108
            ],
            [
              -111.342893542507,
              26.0248134453786
            ],
            [
              -111.34277911007,
              26.0237625705145
            ],
            [
              -111.342367119622,
              26.0229386571525
            ],
            [
              -111.341955128177,
              26.0222024757204
            ],
            [
              -111.341749132978,
              26.0217886118205
            ],
            [
              -111.341443955331,
              26.0211382540846
            ],
            [
              -111.341085372304,
              26.0203124329836
            ],
            [
              -111.340780194642,
              26.0196639824565
            ],
            [
              -111.340055394792,
              26.018378525789
            ],
            [
              -111.339185631012,
              26.0171827096672
            ],
            [
              -111.338010687404,
              26.0155291646229
            ],
            [
              -111.337339293411,
              26.0143791197773
            ],
            [
              -111.337034115789,
              26.0137287620194
            ],
            [
              -111.336622131361,
              26.0123841785953
            ],
            [
              -111.336370367453,
              26.01118454202
            ],
            [
              -111.336263567008,
              26.0099391308045
            ],
            [
              -111.336103354815,
              26.0090732561371
            ],
            [
              -111.336004177735,
              26.0083733086838
            ],
            [
              -111.336004188421,
              26.0074483086943
            ],
            [
              -111.336103381679,
              26.0067483592482
            ],
            [
              -111.335889760427,
              26.0060293407161
            ],
            [
              -111.335439620209,
              26.0053541905057
            ],
            [
              -111.334928441002,
              26.0048487831793
            ],
            [
              -111.334150228646,
              26.004013430034
            ],
            [
              -111.333845051051,
              26.0033649794183
            ],
            [
              -111.333745874009,
              26.0026650318972
            ],
            [
              -111.333845069409,
              26.0017838967932
            ],
            [
              -111.334150262145,
              26.0011297183876
            ],
            [
              -111.334501232622,
              26.0004793539235
            ],
            [
              -111.33476064319,
              26.0002047120801
            ],
            [
              -111.334707242626,
              25.9996191970275
            ],
            [
              -111.334806435976,
              25.9989192474019
            ],
            [
              -111.334897996718,
              25.998474864913
            ],
            [
              -111.334798822443,
              25.9975441440037
            ],
            [
              -111.334844625153,
              25.9954195036388
            ],
            [
              -111.334943818566,
              25.9947195538929
            ],
            [
              -111.334684429487,
              25.9931651744576
            ],
            [
              -111.334585252521,
              25.9924690411417
            ],
            [
              -111.33452424054,
              25.9903501231751
            ],
            [
              -111.334722632271,
              25.9885497076882
            ],
            [
              -111.335073618931,
              25.9865604758849
            ],
            [
              -111.335325410459,
              25.9854104208412
            ],
            [
              -111.335684014705,
              25.9844396430816
            ],
            [
              -111.336851372695,
              25.982400814402
            ],
            [
              -111.339254743446,
              25.9793511460544
            ],
            [
              -111.340628092348,
              25.9781057171501
            ],
            [
              -111.342054850509,
              25.9767210604322
            ],
            [
              -111.344648949016,
              25.9748214411186
            ],
            [
              -111.347243047288,
              25.9729714088259
            ],
            [
              -111.349325962117,
              25.9709859691578
            ],
            [
              -111.350584868531,
              25.969650900583
            ],
            [
              -111.352004002194,
              25.9679362930618
            ],
            [
              -111.352362602556,
              25.9673412361088
            ],
            [
              -111.352835646963,
              25.9667862293994
            ],
            [
              -111.353178985871,
              25.9663666368426
            ],
            [
              -111.353529956721,
              25.9657658582251
            ],
            [
              -111.353629150669,
              25.9650811648665
            ],
            [
              -111.353880938562,
              25.9643011086316
            ],
            [
              -111.35468970235,
              25.9625464558532
            ],
            [
              -111.355353503171,
              25.9607918045918
            ],
            [
              -111.355551900881,
              25.9586766939892
            ],
            [
              -111.355338301949,
              25.9562774122652
            ],
            [
              -111.355330680513,
              25.9556423076473
            ],
            [
              -111.354148116946,
              25.9533021615385
            ],
            [
              -111.353125766979,
              25.9516428914845
            ],
            [
              -111.352568814643,
              25.9507770198112
            ],
            [
              -111.352095784342,
              25.9502182097643
            ],
            [
              -111.351790607265,
              25.9495678509999
            ],
            [
              -111.351439664956,
              25.9479486242125
            ],
            [
              -111.351638053736,
              25.9465525354334
            ],
            [
              -111.351783023188,
              25.9460680992785
            ],
            [
              -111.351477846142,
              25.945417740462
            ],
            [
              -111.351065858846,
              25.9444088252698
            ],
            [
              -111.350760681808,
              25.943758466441
            ],
            [
              -111.350661505668,
              25.9430585172376
            ],
            [
              -111.350440258592,
              25.9421087234797
            ],
            [
              -111.350135081567,
              25.9414583646284
            ],
            [
              -111.350035905451,
              25.9407584153855
            ],
            [
              -111.349982513752,
              25.9395587733409
            ],
            [
              -111.349822300217,
              25.9388836187242
            ],
            [
              -111.349517123215,
              25.9382332598371
            ],
            [
              -111.349417947134,
              25.9375333105327
            ],
            [
              -111.349517141689,
              25.9368333586722
            ],
            [
              -111.349822335876,
              25.9361829919232
            ],
            [
              -111.350127528817,
              25.9356279862642
            ],
            [
              -111.351226210044,
              25.9346438452348
            ],
            [
              -111.351943399832,
              25.9343730103158
            ],
            [
              -111.352416446539,
              25.9336978473128
            ],
            [
              -111.352515641212,
              25.9329978952458
            ],
            [
              -111.352820835511,
              25.9323494354773
            ],
            [
              -111.352759820362,
              25.9307092245182
            ],
            [
              -111.352599614008,
              25.9295095833134
            ],
            [
              -111.352088446617,
              25.9281287605036
            ],
            [
              -111.351523867898,
              25.9270340218563
            ],
            [
              -111.350966915253,
              25.9262043871295
            ],
            [
              -111.350623587377,
              25.9257600086649
            ],
            [
              -111.350013221663,
              25.9253442420916
            ],
            [
              -111.349753815009,
              25.9252584204853
            ],
            [
              -111.348632267612,
              25.9245241544089
            ],
            [
              -111.348454315399,
              25.9244031823172
            ],
            [
              -111.348456661315,
              25.9252010113423
            ],
            [
              -111.344897890594,
              25.9252095243505
            ],
            [
              -111.344896027946,
              25.9245695178047
            ],
            [
              -111.344878483515,
              25.9245737917172
            ],
            [
              -111.343947669203,
              25.9244345766547
            ],
            [
              -111.3432304866,
              25.9241637604025
            ],
            [
              -111.342566711536,
              25.9238891290014
            ],
            [
              -111.341941086739,
              25.9234600120513
            ],
            [
              -111.341628275754,
              25.9231396027105
            ],
            [
              -111.341155245451,
              25.92258460706
            ],
            [
              -111.340850068515,
              25.9219342480694
            ],
            [
              -111.340804295617,
              25.9215642474345
            ],
            [
              -111.340705119652,
              25.9208642979333
            ],
            [
              -111.34069750542,
              25.9197142425872
            ],
            [
              -111.340644103357,
              25.9193099120113
            ],
            [
              -111.340430483264,
              25.9185756339565
            ],
            [
              -111.340178710692,
              25.9181598626529
            ],
            [
              -111.339873533785,
              25.9175095036128
            ],
            [
              -111.339766725656,
              25.9170002764517
            ],
            [
              -111.339507324575,
              25.9165005874239
            ],
            [
              -111.339202147677,
              25.9158502283696
            ],
            [
              -111.338805421073,
              25.9147554875141
            ],
            [
              -111.338446832783,
              25.9143950270918
            ],
            [
              -111.33797380257,
              25.9138343097516
            ],
            [
              -111.337668625656,
              25.9131858579042
            ],
            [
              -111.337561816955,
              25.9127204968431
            ],
            [
              -111.337561823782,
              25.9122150826593
            ],
            [
              -111.337477906104,
              25.9115952361847
            ],
            [
              -111.336852281228,
              25.9111699337404
            ],
            [
              -111.336394507182,
              25.9108399902199
            ],
            [
              -111.335921476896,
              25.9102849945453
            ],
            [
              -111.335425555647,
              25.909880669825
            ],
            [
              -111.334952525438,
              25.9093199524816
            ],
            [
              -111.334136163075,
              25.908631455769
            ],
            [
              -111.333983575862,
              25.9082156831128
            ],
            [
              -111.333678398988,
              25.9075653240182
            ],
            [
              -111.333518188959,
              25.9066460444605
            ],
            [
              -111.333419015615,
              25.9057610940804
            ],
            [
              -111.333518212855,
              25.9048856771135
            ],
            [
              -111.333564004516,
              25.9038710335017
            ],
            [
              -111.333663199409,
              25.9031710810431
            ],
            [
              -111.333968393994,
              25.902520713575
            ],
            [
              -111.334220180055,
              25.901946635757
            ],
            [
              -111.333754783813,
              25.9010712263292
            ],
            [
              -111.333602199858,
              25.9004208650442
            ],
            [
              -111.333503024092,
              25.8997209151923
            ],
            [
              -111.33360221906,
              25.8990209626014
            ],
            [
              -111.333854006782,
              25.8983305440053
            ],
            [
              -111.334159201451,
              25.8976820835705
            ],
            [
              -111.334418613832,
              25.8973559446394
            ],
            [
              -111.335013738403,
              25.8964614481838
            ],
            [
              -111.334708561637,
              25.8958110888976
            ],
            [
              -111.333632808535,
              25.8938809927086
            ],
            [
              -111.333175038814,
              25.8932363572046
            ],
            [
              -111.332869862112,
              25.8925821834475
            ],
            [
              -111.332763050213,
              25.8923571324416
            ],
            [
              -111.33266387455,
              25.8916571824074
            ],
            [
              -111.332763066314,
              25.8911975398853
            ],
            [
              -111.332862261376,
              25.8905014014882
            ],
            [
              -111.3329690874,
              25.8897118089442
            ],
            [
              -111.333266658351,
              25.8886513877458
            ],
            [
              -111.333312442432,
              25.888207003697
            ],
            [
              -111.333213266837,
              25.887507053545
            ],
            [
              -111.333266684025,
              25.8868166373384
            ],
            [
              -111.33315988322,
              25.8858019951209
            ],
            [
              -111.333159896134,
              25.8848827126042
            ],
            [
              -111.333259091377,
              25.8841827595379
            ],
            [
              -111.333762663041,
              25.8831166133877
            ],
            [
              -111.334540900736,
              25.8821420100082
            ],
            [
              -111.335166537829,
              25.8817128752391
            ],
            [
              -111.335593802371,
              25.8814077129669
            ],
            [
              -111.335898997486,
              25.8807573445938
            ],
            [
              -111.336303383225,
              25.8797426946145
            ],
            [
              -111.336875618037,
              25.8789530947627
            ],
            [
              -111.337386811643,
              25.8784476724093
            ],
            [
              -111.338416824193,
              25.8777419836559
            ],
            [
              -111.338996682392,
              25.8773967671871
            ],
            [
              -111.338889880465,
              25.8764832073953
            ],
            [
              -111.338683887959,
              25.8759282075893
            ],
            [
              -111.338424489872,
              25.8752377954982
            ],
            [
              -111.338325310358,
              25.8748277433014
            ],
            [
              -111.338218502576,
              25.8743223298937
            ],
            [
              -111.338119327257,
              25.8736223792691
            ],
            [
              -111.338065925645,
              25.8732123263737
            ],
            [
              -111.337905716327,
              25.8722930455817
            ],
            [
              -111.33744031839,
              25.8715587702939
            ],
            [
              -111.337089360489,
              25.8711487218142
            ],
            [
              -111.336540031083,
              25.8707825425031
            ],
            [
              -111.335563449358,
              25.8698632738595
            ],
            [
              -111.335090419175,
              25.8693082779824
            ],
            [
              -111.334785242648,
              25.8686579182699
            ],
            [
              -111.334220662542,
              25.8676985917138
            ],
            [
              -111.333915486022,
              25.8670482319886
            ],
            [
              -111.333213566148,
              25.8665084973449
            ],
            [
              -111.332496387198,
              25.8659535051169
            ],
            [
              -111.332023357014,
              25.8653985092365
            ],
            [
              -111.331466409472,
              25.8642389237492
            ],
            [
              -111.330795021139,
              25.8628085137598
            ],
            [
              -111.330695845887,
              25.8621085630101
            ],
            [
              -111.330642455108,
              25.8609585060027
            ],
            [
              -111.330634837435,
              25.8601383985229
            ],
            [
              -111.330535662221,
              25.8594384477065
            ],
            [
              -111.330482264834,
              25.8587442178605
            ],
            [
              -111.33063487411,
              25.8576342093376
            ],
            [
              -111.330787477342,
              25.8569380690697
            ],
            [
              -111.3310926729,
              25.8562896071227
            ],
            [
              -111.330673049196,
              25.8558089922457
            ],
            [
              -111.330421278901,
              25.8552539929322
            ],
            [
              -111.329856703166,
              25.8540047676235
            ],
            [
              -111.329650708645,
              25.8535947168801
            ],
            [
              -111.329650713375,
              25.8532743026631
            ],
            [
              -111.32934553686,
              25.8526296644539
            ],
            [
              -111.328979325227,
              25.8518438923385
            ],
            [
              -111.328880143824,
              25.8515692530951
            ],
            [
              -111.328880150117,
              25.8511439413406
            ],
            [
              -111.328727567826,
              25.8504191971912
            ],
            [
              -111.328628392735,
              25.8497192461611
            ],
            [
              -111.328567384936,
              25.8477395446535
            ],
            [
              -111.328468209885,
              25.8470395935551
            ],
            [
              -111.328353788292,
              25.845485204527
            ],
            [
              -111.328201210585,
              25.8444591182009
            ],
            [
              -111.328201230579,
              25.8431240584726
            ],
            [
              -111.328300426566,
              25.842424104137
            ],
            [
              -111.328605622423,
              25.8417756416917
            ],
            [
              -111.329078669348,
              25.8412149090649
            ],
            [
              -111.329101566156,
              25.8406942353251
            ],
            [
              -111.328948977292,
              25.8404157823775
            ],
            [
              -111.328643800918,
              25.8397692367377
            ],
            [
              -111.328338624576,
              25.839120783863
            ],
            [
              -111.328239449659,
              25.8384208325363
            ],
            [
              -111.328338647796,
              25.8375854647963
            ],
            [
              -111.328643843803,
              25.8369350949232
            ],
            [
              -111.329147417827,
              25.8358250796708
            ],
            [
              -111.329467867627,
              25.8355408974184
            ],
            [
              -111.329765432691,
              25.8349801673093
            ],
            [
              -111.329101663344,
              25.8342859466072
            ],
            [
              -111.328628633235,
              25.8337309505584
            ],
            [
              -111.328193751776,
              25.8331511599169
            ],
            [
              -111.327476568387,
              25.8328803449283
            ],
            [
              -111.326515235511,
              25.8326457712081
            ],
            [
              -111.325370786538,
              25.8327010992054
            ],
            [
              -111.32443996808,
              25.8327449803663
            ],
            [
              -111.323814337125,
              25.8327011240998
            ],
            [
              -111.323226854476,
              25.8326553599851
            ],
            [
              -111.322669885427,
              25.8329414531695
            ],
            [
              -111.321960320648,
              25.8334049210123
            ],
            [
              -111.321090536087,
              25.8336757612613
            ],
            [
              -111.320411492911,
              25.8339446912206
            ],
            [
              -111.320045263921,
              25.8343204210007
            ],
            [
              -111.319839259084,
              25.8346007868182
            ],
            [
              -111.319755324894,
              25.8351348120678
            ],
            [
              -111.319656128981,
              25.8358309519401
            ],
            [
              -111.319350933097,
              25.8364851359947
            ],
            [
              -111.319174348891,
              25.8367446334556
            ],
            [
              -111.319686629194,
              25.837061113631
            ],
            [
              -111.320136772413,
              25.8374806967676
            ],
            [
              -111.320464839998,
              25.8379803853959
            ],
            [
              -111.320976012205,
              25.838951156492
            ],
            [
              -111.320976008791,
              25.8391800238574
            ],
            [
              -111.321044667016,
              25.8397598201015
            ],
            [
              -111.320975991512,
              25.8403396184731
            ],
            [
              -111.320769980644,
              25.8410300381781
            ],
            [
              -111.320556342154,
              25.8415850447944
            ],
            [
              -111.320228259727,
              25.8420847435541
            ],
            [
              -111.31936609609,
              25.8429658960569
            ],
            [
              -111.318900682727,
              25.8432805957755
            ],
            [
              -111.318450527134,
              25.8437001927476
            ],
            [
              -111.317916446721,
              25.8440301512895
            ],
            [
              -111.317313701152,
              25.8442456772141
            ],
            [
              -111.316672809138,
              25.8443391411515
            ],
            [
              -111.315818289386,
              25.844264772333
            ],
            [
              -111.314841699208,
              25.8439195790954
            ],
            [
              -111.31462807023,
              25.8438356643535
            ],
            [
              -111.313773557698,
              25.843269230897
            ],
            [
              -111.31337682267,
              25.8428057807374
            ],
            [
              -111.313109792672,
              25.8422755756497
            ],
            [
              -111.312972475817,
              25.8411255197229
            ],
            [
              -111.313163231612,
              25.8401356658217
            ],
            [
              -111.313422645766,
              25.8397256079517
            ],
            [
              -111.313697321734,
              25.8391458065825
            ],
            [
              -111.314040670493,
              25.8381654863315
            ],
            [
              -111.314236446062,
              25.8377767786182
            ],
            [
              -111.313621050156,
              25.8374560041346
            ],
            [
              -111.312804688265,
              25.8367255485587
            ],
            [
              -111.312331658171,
              25.8361648309395
            ],
            [
              -111.312072256143,
              25.8357509665473
            ],
            [
              -111.311629743752,
              25.8352512797399
            ],
            [
              -111.311233006393,
              25.8349461294472
            ],
            [
              -111.310096199506,
              25.8341908848668
            ],
            [
              -111.309432426632,
              25.833731253261
            ],
            [
              -111.308974654286,
              25.8332754329277
            ],
            [
              -111.308501624158,
              25.8327166225371
            ],
            [
              -111.307937042158,
              25.8318908016871
            ],
            [
              -111.307250377368,
              25.8316314293433
            ],
            [
              -111.306533194144,
              25.8313606141004
            ],
            [
              -111.305106461601,
              25.8305309921167
            ],
            [
              -111.304900463746,
              25.8303459942191
            ],
            [
              -111.304068840088,
              25.8297814676844
            ],
            [
              -111.303595809893,
              25.8292264717556
            ],
            [
              -111.303290633431,
              25.8285761118536
            ],
            [
              -111.302985458294,
              25.8278361122451
            ],
            [
              -111.30288628316,
              25.8271361612185
            ],
            [
              -111.302756585509,
              25.8267013153061
            ],
            [
              -111.301734218182,
              25.8262969988674
            ],
            [
              -111.301375627296,
              25.826112003332
            ],
            [
              -111.300750002241,
              25.8256809795572
            ],
            [
              -111.300238822379,
              25.8252213455962
            ],
            [
              -111.29976579218,
              25.8246663496604
            ],
            [
              -111.299460615777,
              25.8240121752823
            ],
            [
              -111.299216472843,
              25.823611661242
            ],
            [
              -111.298743442644,
              25.8230566653018
            ],
            [
              -111.298438266189,
              25.8224063053668
            ],
            [
              -111.298133090979,
              25.8216720274009
            ],
            [
              -111.297980511719,
              25.8207413025778
            ],
            [
              -111.297782150688,
              25.8200718686697
            ],
            [
              -111.297461709517,
              25.8197876967032
            ],
            [
              -111.297156530279,
              25.8193261522995
            ],
            [
              -111.296851353814,
              25.8186776995518
            ],
            [
              -111.296652992964,
              25.8179968222511
            ],
            [
              -111.296248626211,
              25.8176725998079
            ],
            [
              -111.295836629153,
              25.8173922437285
            ],
            [
              -111.295127083077,
              25.8166121985571
            ],
            [
              -111.294158130237,
              25.8157367960397
            ],
            [
              -111.294005539117,
              25.8156071069193
            ],
            [
              -111.293219688873,
              25.8153420145081
            ],
            [
              -111.29244146577,
              25.815246665259
            ],
            [
              -111.29131228608,
              25.8146516277497
            ],
            [
              -111.290686660966,
              25.8142225112177
            ],
            [
              -111.290228887914,
              25.813812464349
            ],
            [
              -111.289496453596,
              25.8129828316177
            ],
            [
              -111.288939504098,
              25.8119624733495
            ],
            [
              -111.288840331054,
              25.8111232945734
            ],
            [
              -111.288939526863,
              25.8104271547714
            ],
            [
              -111.289038726831,
              25.8094525596255
            ],
            [
              -111.289137918419,
              25.8090425039973
            ],
            [
              -111.289443114223,
              25.8083921343446
            ],
            [
              -111.290221351969,
              25.8075128897605
            ],
            [
              -111.290846989995,
              25.8070818462042
            ],
            [
              -111.291564181458,
              25.8068129155825
            ],
            [
              -111.292594186138,
              25.8067175377516
            ],
            [
              -111.293051971542,
              25.8063074762681
            ],
            [
              -111.293731021224,
              25.8056132341111
            ],
            [
              -111.294493997846,
              25.8048732170344
            ],
            [
              -111.295356157924,
              25.8042724259953
            ],
            [
              -111.296546395487,
              25.8035228656798
            ],
            [
              -111.297263587201,
              25.8032520274866
            ],
            [
              -111.298347001148,
              25.8030631941642
            ],
            [
              -111.299056559873,
              25.8030135946388
            ],
            [
              -111.299933968844,
              25.8031070345705
            ],
            [
              -111.30116233705,
              25.8035227905497
            ],
            [
              -111.302688263318,
              25.8038431801491
            ],
            [
              -111.303405446852,
              25.8041120877789
            ],
            [
              -111.304031072018,
              25.8045431114363
            ],
            [
              -111.304656692513,
              25.8052773846236
            ],
            [
              -111.304961868744,
              25.8059277449544
            ],
            [
              -111.305328087302,
              25.8062481535428
            ],
            [
              -111.305526491924,
              25.8040720010743
            ],
            [
              -111.305831698142,
              25.8027827085708
            ],
            [
              -111.306693873053,
              25.8012588173846
            ],
            [
              -111.307304258661,
              25.8004234403432
            ],
            [
              -111.307861237347,
              25.7995480122702
            ],
            [
              -111.308006218707,
              25.7984074859767
            ],
            [
              -111.308105415243,
              25.7977075306682
            ],
            [
              -111.30835721706,
              25.796238958754
            ],
            [
              -111.308456413592,
              25.7955428178169
            ],
            [
              -111.308357247594,
              25.7943031193881
            ],
            [
              -111.308303851681,
              25.7935631146593
            ],
            [
              -111.308303857445,
              25.7931988335255
            ],
            [
              -111.308242828719,
              25.7926590881614
            ],
            [
              -111.307937652652,
              25.7920087275395
            ],
            [
              -111.307838478182,
              25.7913087753845
            ],
            [
              -111.307838481845,
              25.7910780004059
            ],
            [
              -111.307937674873,
              25.7906088198207
            ],
            [
              -111.308189469092,
              25.7896380347578
            ],
            [
              -111.307777477389,
              25.7890143771539
            ],
            [
              -111.307464670112,
              25.7884631926385
            ],
            [
              -111.30715949414,
              25.7878090174884
            ],
            [
              -111.307060319667,
              25.7871128796938
            ],
            [
              -111.307060324054,
              25.7868382383511
            ],
            [
              -111.307159520829,
              25.7861382826466
            ],
            [
              -111.307411314901,
              25.7851846624566
            ],
            [
              -111.307151913744,
              25.7847288385571
            ],
            [
              -111.306640742105,
              25.7837542519686
            ],
            [
              -111.306495794937,
              25.7827338854452
            ],
            [
              -111.306282171571,
              25.782289504123
            ],
            [
              -111.305976995587,
              25.7816391433396
            ],
            [
              -111.305832040067,
              25.781139451087
            ],
            [
              -111.305221676744,
              25.7805444053312
            ],
            [
              -111.304748646678,
              25.7799894090558
            ],
            [
              -111.304184070418,
              25.778829821818
            ],
            [
              -111.30408489611,
              25.7781298693711
            ],
            [
              -111.304138317144,
              25.7773002224479
            ],
            [
              -111.304077295308,
              25.7763447001644
            ],
            [
              -111.303871300517,
              25.7759689790161
            ],
            [
              -111.303772119359,
              25.7756943393039
            ],
            [
              -111.303665313796,
              25.7750954702245
            ],
            [
              -111.303566139544,
              25.7743955176804
            ],
            [
              -111.303627192214,
              25.7734495293019
            ],
            [
              -111.303154162253,
              25.772888811285
            ],
            [
              -111.302566690672,
              25.7721240214041
            ],
            [
              -111.301941065315,
              25.7716949051233
            ],
            [
              -111.301468035257,
              25.7711399088006
            ],
            [
              -111.300575377069,
              25.7703808460011
            ],
            [
              -111.300071823178,
              25.7701443580523
            ],
            [
              -111.29935463861,
              25.7699155027987
            ],
            [
              -111.298637454727,
              25.7696446884235
            ],
            [
              -111.297363309354,
              25.7691354797887
            ],
            [
              -111.296646125479,
              25.7688646653979
            ],
            [
              -111.296142572213,
              25.7685900327837
            ],
            [
              -111.29522702098,
              25.7680808178231
            ],
            [
              -111.29450983711,
              25.767810003419
            ],
            [
              -111.293846062573,
              25.7674342902959
            ],
            [
              -111.292877101275,
              25.7670757476095
            ],
            [
              -111.292335400532,
              25.7667496203805
            ],
            [
              -111.291557176516,
              25.7666561796212
            ],
            [
              -111.29083999266,
              25.7663853651882
            ],
            [
              -111.289817627553,
              25.7657903266128
            ],
            [
              -111.289359850821,
              25.7656053330874
            ],
            [
              -111.288650299608,
              25.7651495169916
            ],
            [
              -111.288024674243,
              25.7647204006797
            ],
            [
              -111.287551644135,
              25.7641654043849
            ],
            [
              -111.287139653499,
              25.7634749935396
            ],
            [
              -111.286834477456,
              25.7628265399297
            ],
            [
              -111.286758188666,
              25.7623401970478
            ],
            [
              -111.286193597363,
              25.7621113390558
            ],
            [
              -111.285567972017,
              25.7616803155139
            ],
            [
              -111.284858425268,
              25.7609460435165
            ],
            [
              -111.284087839716,
              25.7603052269639
            ],
            [
              -111.283462219397,
              25.7595614173346
            ],
            [
              -111.283157043382,
              25.7589110564743
            ],
            [
              -111.283057869049,
              25.7582111039548
            ],
            [
              -111.283004469471,
              25.7577114100139
            ],
            [
              -111.282859514533,
              25.7571754802554
            ],
            [
              -111.282302556746,
              25.7567063108649
            ],
            [
              -111.281905818422,
              25.7564507486902
            ],
            [
              -111.281211525815,
              25.7560368914501
            ],
            [
              -111.280685080002,
              25.755981590949
            ],
            [
              -111.279922116689,
              25.7558004172513
            ],
            [
              -111.279204932767,
              25.7555315100565
            ],
            [
              -111.278733585909,
              25.7551929223596
            ],
            [
              -111.278632709485,
              25.7554456946169
            ],
            [
              -111.278510625733,
              25.7560159591851
            ],
            [
              -111.278396169974,
              25.7566911213653
            ],
            [
              -111.278182530556,
              25.7572461296235
            ],
            [
              -111.277854447116,
              25.7577458301163
            ],
            [
              -111.276992285733,
              25.7583504375882
            ],
            [
              -111.276458204199,
              25.7586803979338
            ],
            [
              -111.276153014816,
              25.7588654046877
            ],
            [
              -111.275550268183,
              25.7590809322701
            ],
            [
              -111.274299001535,
              25.7592259034111
            ],
            [
              -111.273032480918,
              25.7590352020027
            ],
            [
              -111.272727295982,
              25.7589417528929
            ],
            [
              -111.271659153814,
              25.7582914052674
            ],
            [
              -111.271262418829,
              25.7578260475876
            ],
            [
              -111.270995389093,
              25.7572958418118
            ],
            [
              -111.270804663144,
              25.7563117136111
            ],
            [
              -111.270858082094,
              25.7555965008376
            ],
            [
              -111.27130062401,
              25.7542366369835
            ],
            [
              -111.271567670495,
              25.7537121436081
            ],
            [
              -111.272460354354,
              25.7528672243717
            ],
            [
              -111.273230961871,
              25.7521367410708
            ],
            [
              -111.2744059417,
              25.7513967144417
            ],
            [
              -111.274657722088,
              25.751301348417
            ],
            [
              -111.275924249126,
              25.7511106029598
            ],
            [
              -111.276541033272,
              25.7511800437485
            ],
            [
              -111.276443072157,
              25.7507405907342
            ],
            [
              -111.27578692421,
              25.7505517862603
            ],
            [
              -111.275428332248,
              25.750416379059
            ],
            [
              -111.274711148296,
              25.7501474718844
            ],
            [
              -111.273643003034,
              25.7496821259241
            ],
            [
              -111.272925819119,
              25.749411311503
            ],
            [
              -111.272300193699,
              25.7489821951858
            ],
            [
              -111.271605900061,
              25.7486312765971
            ],
            [
              -111.270942123847,
              25.7483566467638
            ],
            [
              -111.269873979238,
              25.7478512488908
            ],
            [
              -111.26905760841,
              25.7476624471639
            ],
            [
              -111.268340424509,
              25.7473916327087
            ],
            [
              -111.267699535766,
              25.7472123640619
            ],
            [
              -111.267279904449,
              25.7472066496793
            ],
            [
              -111.266524570086,
              25.7470712493498
            ],
            [
              -111.265914197844,
              25.747027393627
            ],
            [
              -111.265135973873,
              25.7469320455426
            ],
            [
              -111.264899453574,
              25.7469816376789
            ],
            [
              -111.264083079006,
              25.7470312398596
            ],
            [
              -111.263304855033,
              25.746937798964
            ],
            [
              -111.262587671172,
              25.7466669844378
            ],
            [
              -111.262282487658,
              25.7464819882221
            ],
            [
              -111.26167211555,
              25.7464324107337
            ],
            [
              -111.261015966842,
              25.7462970085947
            ],
            [
              -111.260298782993,
              25.7460261940455
            ],
            [
              -111.259787600051,
              25.7457515614807
            ],
            [
              -111.259070417049,
              25.745427344435
            ],
            [
              -111.258702349631,
              25.745177131899
            ],
            [
              -111.256060847663,
              25.7452203867091
            ],
            [
              -111.256054903454,
              25.742447018098
            ],
            [
              -111.255553194201,
              25.7422079978381
            ],
            [
              -111.254843642294,
              25.7417922335329
            ],
            [
              -111.25347030845,
              25.7414680277488
            ],
            [
              -111.252753124604,
              25.7411972131655
            ],
            [
              -111.252127499177,
              25.7407680967848
            ],
            [
              -111.251547656604,
              25.740028100866
            ],
            [
              -111.251547659515,
              25.7398430993978
            ],
            [
              -111.250357442276,
              25.7392175478442
            ],
            [
              -111.249731816783,
              25.7387922459228
            ],
            [
              -111.249068046431,
              25.7381476130199
            ],
            [
              -111.248801014899,
              25.7377280266431
            ],
            [
              -111.248289840038,
              25.7369384415132
            ],
            [
              -111.248083860208,
              25.7356033828523
            ],
            [
              -111.247977050784,
              25.7352333817252
            ],
            [
              -111.247931278652,
              25.7348633795422
            ],
            [
              -111.247771060038,
              25.7345925553834
            ],
            [
              -111.246565596027,
              25.7331678739733
            ],
            [
              -111.24609256578,
              25.7326128776561
            ],
            [
              -111.245665313168,
              25.7320788600975
            ],
            [
              -111.245505090278,
              25.7320788628634
            ],
            [
              -111.245199905325,
              25.731983506535
            ],
            [
              -111.244482721426,
              25.7317126919771
            ],
            [
              -111.243857095959,
              25.7312835755925
            ],
            [
              -111.243384065701,
              25.7307285792741
            ],
            [
              -111.243078889496,
              25.7300782184635
            ],
            [
              -111.24297971494,
              25.7293782660554
            ],
            [
              -111.242850031215,
              25.728079443293
            ],
            [
              -111.242224405759,
              25.727648419682
            ],
            [
              -111.241751375499,
              25.7270934233417
            ],
            [
              -111.24144619931,
              25.7264430624836
            ],
            [
              -111.241347024785,
              25.7257431100044
            ],
            [
              -111.241392812342,
              25.7251385165974
            ],
            [
              -111.241492009061,
              25.7244385606242
            ],
            [
              -111.2416446081,
              25.7240742765873
            ],
            [
              -111.241949804954,
              25.7234239050085
            ],
            [
              -111.242316036339,
              25.7229489977131
            ],
            [
              -111.241858261674,
              25.7226285906656
            ],
            [
              -111.240698568143,
              25.721673087477
            ],
            [
              -111.239531235678,
              25.7212992903271
            ],
            [
              -111.238058715868,
              25.7209789009879
            ],
            [
              -111.237578044917,
              25.7211181373267
            ],
            [
              -111.237005813255,
              25.7215587179405
            ],
            [
              -111.237158400794,
              25.721919182182
            ],
            [
              -111.237463576932,
              25.7225733575299
            ],
            [
              -111.237562751533,
              25.7232694955472
            ],
            [
              -111.237570376164,
              25.723588003178
            ],
            [
              -111.237516951802,
              25.7246484251196
            ],
            [
              -111.237417755177,
              25.72534838096
            ],
            [
              -111.23701337071,
              25.7261379819167
            ],
            [
              -111.236334319173,
              25.7268837211919
            ],
            [
              -111.235556084934,
              25.7274482750785
            ],
            [
              -111.234838892606,
              25.7277191142033
            ],
            [
              -111.234060665752,
              25.7278144890385
            ],
            [
              -111.233503699865,
              25.7278583648374
            ],
            [
              -111.232725476004,
              25.7277630164927
            ],
            [
              -111.231802293405,
              25.7273586991201
            ],
            [
              -111.231291110529,
              25.7270783447884
            ],
            [
              -111.230917257956,
              25.7270287631122
            ],
            [
              -111.230261103421,
              25.7272728998183
            ],
            [
              -111.229292131742,
              25.7275895165539
            ],
            [
              -111.228513905028,
              25.7276829839892
            ],
            [
              -111.228296473755,
              25.7276568774797
            ],
            [
              -111.228437606347,
              25.7278183986758
            ],
            [
              -111.22865122826,
              25.7283733993019
            ],
            [
              -111.228597799967,
              25.7297179979909
            ],
            [
              -111.228384161056,
              25.7302691912726
            ],
            [
              -111.22778140102,
              25.7313792096062
            ],
            [
              -111.227575395432,
              25.7316939060872
            ],
            [
              -111.226797156183,
              25.732618925814
            ],
            [
              -111.226263075103,
              25.7329488855207
            ],
            [
              -111.225507734287,
              25.7332578693185
            ],
            [
              -111.224615062899,
              25.7333532455524
            ],
            [
              -111.223866634352,
              25.7332139964341
            ],
            [
              -111.223600321314,
              25.7331644464669
            ],
            [
              -111.222265138081,
              25.7327143620964
            ],
            [
              -111.221372480934,
              25.7318694738174
            ],
            [
              -111.220800277256,
              25.7305039064366
            ],
            [
              -111.220662955448,
              25.7297085936958
            ],
            [
              -111.220609561534,
              25.7288045674182
            ],
            [
              -111.220708759759,
              25.7279691988746
            ],
            [
              -111.220846102267,
              25.727398934696
            ],
            [
              -111.221364931979,
              25.7265483012626
            ],
            [
              -111.221613145847,
              25.726258350194
            ],
            [
              -111.221761681292,
              25.7260848376153
            ],
            [
              -111.221963643273,
              25.7259284714878
            ],
            [
              -111.221761686417,
              25.7257491650144
            ],
            [
              -111.22128865614,
              25.7251884470734
            ],
            [
              -111.221217703815,
              25.7250376849104
            ],
            [
              -111.220983479696,
              25.7245399937145
            ],
            [
              -111.220830891504,
              25.7242138598012
            ],
            [
              -111.220563868728,
              25.723214475319
            ],
            [
              -111.220487846881,
              25.7227846654845
            ],
            [
              -111.220464691746,
              25.722653751103
            ],
            [
              -111.220433700178,
              25.7226175146433
            ],
            [
              -111.219785608354,
              25.7206168169091
            ],
            [
              -111.219783842997,
              25.7206113670496
            ],
            [
              -111.219344098989,
              25.7206115539166
            ],
            [
              -111.099760835376,
              25.7206131306495
            ],
            [
              -111.099762629526,
              25.5888514303637
            ],
            [
              -110.750648413785,
              25.5888553028477
            ],
            [
              -110.75064843026,
              25.6037109330094
            ],
            [
              -110.751083228774,
              25.603211452812
            ],
            [
              -110.751434192971,
              25.6027823287907
            ],
            [
              -110.752021678287,
              25.6017181023999
            ],
            [
              -110.75234975713,
              25.6006081040195
            ],
            [
              -110.752487093005,
              25.6000378472311
            ],
            [
              -110.752754132067,
              25.5995076412675
            ],
            [
              -110.753150874194,
              25.5990422798713
            ],
            [
              -110.753646800839,
              25.5986627425057
            ],
            [
              -110.75462339311,
              25.598262223543
            ],
            [
              -110.755195615339,
              25.5979933040262
            ],
            [
              -110.756462131823,
              25.5978025768712
            ],
            [
              -110.75672153804,
              25.5979131939149
            ],
            [
              -110.757423465314,
              25.5973372126158
            ],
            [
              -110.758018579065,
              25.5965686033801
            ],
            [
              -110.757797325524,
              25.5955768542598
            ],
            [
              -110.756637631656,
              25.5942074817018
            ],
            [
              -110.756500304689,
              25.5930536190826
            ],
            [
              -110.756904679951,
              25.5919531556835
            ],
            [
              -110.757797349131,
              25.5911082562154
            ],
            [
              -110.758369571553,
              25.5908374291958
            ],
            [
              -110.759636088366,
              25.5906486087764
            ],
            [
              -110.76027697538,
              25.5907439661459
            ],
            [
              -110.762130971212,
              25.5907935441804
            ],
            [
              -110.763374596575,
              25.5911025061977
            ],
            [
              -110.764763185451,
              25.5912588904068
            ],
            [
              -110.765541404299,
              25.5915831124919
            ],
            [
              -110.766785029692,
              25.5918920744106
            ],
            [
              -110.768593243367,
              25.5927731971308
            ],
            [
              -110.769875014605,
              25.5934826734582
            ],
            [
              -110.771370414328,
              25.5943180246578
            ],
            [
              -110.773026036878,
              25.5949874474401
            ],
            [
              -110.774635883618,
              25.5953269225919
            ],
            [
              -110.775841359305,
              25.5959276880717
            ],
            [
              -110.777558020876,
              25.5962328327009
            ],
            [
              -110.779419646059,
              25.5963834921874
            ],
            [
              -110.780838755543,
              25.596202298975
            ],
            [
              -110.781914530812,
              25.5962881174825
            ],
            [
              -110.783158156327,
              25.5965970789494
            ],
            [
              -110.784195781596,
              25.5970128455079
            ],
            [
              -110.785927702776,
              25.597281752613
            ],
            [
              -110.786721181578,
              25.5974915414858
            ],
            [
              -110.787705397536,
              25.5982429778393
            ],
            [
              -110.787972431728,
              25.5986377694537
            ],
            [
              -110.788300502215,
              25.5991374574438
            ],
            [
              -110.788514128131,
              25.5996924552788
            ],
            [
              -110.788979529294,
              25.6005926572461
            ],
            [
              -110.789818783927,
              25.6011075999563
            ],
            [
              -110.790802999839,
              25.6018571290416
            ],
            [
              -110.791428622057,
              25.6028965566065
            ],
            [
              -110.791848241389,
              25.6044776338614
            ],
            [
              -110.791955048222,
              25.6057726308881
            ],
            [
              -110.792489111708,
              25.6073670578264
            ],
            [
              -110.793091845284,
              25.6083664339113
            ],
            [
              -110.793641169742,
              25.6096671498918
            ],
            [
              -110.793740350447,
              25.6103823540918
            ],
            [
              -110.793511455899,
              25.6114065285634
            ],
            [
              -110.793488562441,
              25.612180856983
            ],
            [
              -110.793961592817,
              25.6131363677855
            ],
            [
              -110.794480402244,
              25.6138611056091
            ],
            [
              -110.794694028124,
              25.6144161032243
            ],
            [
              -110.794915282572,
              25.6151465643238
            ],
            [
              -110.795281496703,
              25.6163767142166
            ],
            [
              -110.795350159778,
              25.6169565063531
            ],
            [
              -110.79544933467,
              25.6186558318181
            ],
            [
              -110.795838443072,
              25.6189705196742
            ],
            [
              -110.796662436028,
              25.6198554615412
            ],
            [
              -110.797425391172,
              25.6208910734755
            ],
            [
              -110.797768716747,
              25.6220697285787
            ],
            [
              -110.797768709859,
              25.6232312205992
            ],
            [
              -110.798035740852,
              25.6241504952283
            ],
            [
              -110.798249366714,
              25.6247054926863
            ],
            [
              -110.79847824819,
              25.6258707977819
            ],
            [
              -110.798478241348,
              25.6270303824201
            ],
            [
              -110.799203049255,
              25.6279153246906
            ],
            [
              -110.800057555268,
              25.6296947484142
            ],
            [
              -110.800629770767,
              25.6306044851978
            ],
            [
              -110.800912059717,
              25.6317354600084
            ],
            [
              -110.800927313164,
              25.6327157664997
            ],
            [
              -110.800744199592,
              25.6332097351516
            ],
            [
              -110.8008357519,
              25.6337246816747
            ],
            [
              -110.801507153024,
              25.634514263556
            ],
            [
              -110.802369289225,
              25.6361849759185
            ],
            [
              -110.802994911624,
              25.6371500214088
            ],
            [
              -110.804375863783,
              25.6383992373772
            ],
            [
              -110.805032006305,
              25.6390743866173
            ],
            [
              -110.805505040153,
              25.6394138676892
            ],
            [
              -110.805955184657,
              25.6398391733671
            ],
            [
              -110.806496880776,
              25.6408900437207
            ],
            [
              -110.806565543836,
              25.6414698354462
            ],
            [
              -110.8063976855,
              25.6426389564875
            ],
            [
              -110.806184053147,
              25.6431939558823
            ],
            [
              -110.805665233356,
              25.6442696252833
            ],
            [
              -110.805237968522,
              25.6454139537059
            ],
            [
              -110.805215075518,
              25.6461291577014
            ],
            [
              -110.804978549106,
              25.6475938963543
            ],
            [
              -110.80471150714,
              25.648568482055
            ],
            [
              -110.804497874884,
              25.6491234812328
            ],
            [
              -110.80438342844,
              25.649523995896
            ],
            [
              -110.803902757348,
              25.6505233762433
            ],
            [
              -110.804513112143,
              25.6529340864988
            ],
            [
              -110.804513105492,
              25.6540936699835
            ],
            [
              -110.804345252005,
              25.6544636694458
            ],
            [
              -110.80413161982,
              25.6550186684399
            ],
            [
              -110.804131617795,
              25.655373409411
            ],
            [
              -110.804192652544,
              25.6557434077658
            ],
            [
              -110.805176867421,
              25.6565272662283
            ],
            [
              -110.806420491655,
              25.6568381354964
            ],
            [
              -110.807717521051,
              25.6575132814997
            ],
            [
              -110.808167665476,
              25.6579328654491
            ],
            [
              -110.808495735714,
              25.6584325527767
            ],
            [
              -110.808709361518,
              25.658987549719
            ],
            [
              -110.808709354829,
              25.6601471330465
            ],
            [
              -110.808495722654,
              25.6606983175542
            ],
            [
              -110.80816764668,
              25.6611980079261
            ],
            [
              -110.807717497435,
              25.6616233176835
            ],
            [
              -110.807198681548,
              25.6620829574975
            ],
            [
              -110.806748532366,
              25.6625025455744
            ],
            [
              -110.806214458037,
              25.6628324951857
            ],
            [
              -110.805993198575,
              25.6629869801245
            ],
            [
              -110.805459124266,
              25.6633169297014
            ],
            [
              -110.804406235043,
              25.6639520350006
            ],
            [
              -110.803872160777,
              25.664281984507
            ],
            [
              -110.802781114975,
              25.6664676504359
            ],
            [
              -110.802453039174,
              25.6669673404912
            ],
            [
              -110.802735328851,
              25.6679972318401
            ],
            [
              -110.802803992082,
              25.6685770228997
            ],
            [
              -110.802521690426,
              25.669711813062
            ],
            [
              -110.802193614691,
              25.6702076885974
            ],
            [
              -110.801857904732,
              25.6715465501361
            ],
            [
              -110.801934197257,
              25.6721873717313
            ],
            [
              -110.801934190902,
              25.6733469541993
            ],
            [
              -110.801873150596,
              25.6739820546931
            ],
            [
              -110.80201047991,
              25.674632412019
            ],
            [
              -110.802391954365,
              25.6756813747685
            ],
            [
              -110.802605580234,
              25.6762363713642
            ],
            [
              -110.802651356981,
              25.6763965766304
            ],
            [
              -110.802941276914,
              25.6773120351657
            ],
            [
              -110.80300994018,
              25.6778918260242
            ],
            [
              -110.802918379088,
              25.6789655842824
            ],
            [
              -110.802765782804,
              25.6797418183609
            ],
            [
              -110.802552150908,
              25.6802968165851
            ],
            [
              -110.80236902393,
              25.6833502562372
            ],
            [
              -110.802437687215,
              25.6839319541645
            ],
            [
              -110.802369017672,
              25.6845117453996
            ],
            [
              -110.802353756159,
              25.6849408670559
            ],
            [
              -110.80214012432,
              25.6854958651234
            ],
            [
              -110.801812048759,
              25.6859955546001
            ],
            [
              -110.80136190001,
              25.6864151418212
            ],
            [
              -110.800225086468,
              25.6869606072165
            ],
            [
              -110.799584199444,
              25.6870559699178
            ],
            [
              -110.798874646311,
              25.6870960238575
            ],
            [
              -110.798340572487,
              25.6874259725604
            ],
            [
              -110.79744790672,
              25.6878913341972
            ],
            [
              -110.796890940578,
              25.6889002484437
            ],
            [
              -110.796616270965,
              25.6896650392011
            ],
            [
              -110.796471300853,
              25.6911450318438
            ],
            [
              -110.796471294831,
              25.6923046132494
            ],
            [
              -110.796257661958,
              25.6930903829254
            ],
            [
              -110.796677286119,
              25.6938303774768
            ],
            [
              -110.796959575433,
              25.6949651641363
            ],
            [
              -110.796890906035,
              25.6955449549964
            ],
            [
              -110.796623865895,
              25.6963497968017
            ],
            [
              -110.796295790566,
              25.6968456714204
            ],
            [
              -110.790153929279,
              25.7036887436967
            ],
            [
              -110.789322297525,
              25.7048292546818
            ],
            [
              -110.788658514579,
              25.7064541950858
            ],
            [
              -110.786453543603,
              25.7100645393452
            ],
            [
              -110.785911837195,
              25.71111922476
            ],
            [
              -110.785286206642,
              25.7118897368839
            ],
            [
              -110.784263837749,
              25.7125381888824
            ],
            [
              -110.783737392882,
              25.7131237018415
            ],
            [
              -110.783287243893,
              25.7137282866159
            ],
            [
              -110.783058349718,
              25.7150595154984
            ],
            [
              -110.783081237487,
              25.7152731222743
            ],
            [
              -110.782776049335,
              25.7161943024365
            ],
            [
              -110.782447974409,
              25.716693990587
            ],
            [
              -110.781845232996,
              25.7174282653993
            ],
            [
              -110.780777086681,
              25.7180976962903
            ],
            [
              -110.779617386633,
              25.718479139577
            ],
            [
              -110.779617386589,
              25.7184886755942
            ],
            [
              -110.778350874925,
              25.7182979580321
            ],
            [
              -110.778038103521,
              25.71815097129
            ],
            [
              -110.778037363928,
              25.7185495015413
            ],
            [
              -110.774688989815,
              25.7185443639349
            ],
            [
              -110.774690311919,
              25.7178425294499
            ],
            [
              -110.774658153801,
              25.7178440514997
            ],
            [
              -110.774040157457,
              25.7176895693174
            ],
            [
              -110.773467939202,
              25.7174187476383
            ],
            [
              -110.772972017372,
              25.7170392152158
            ],
            [
              -110.772575280639,
              25.7165738584424
            ],
            [
              -110.772308247279,
              25.7160436564895
            ],
            [
              -110.772003065269,
              25.715664123668
            ],
            [
              -110.771507143425,
              25.7152845912353
            ],
            [
              -110.770843371569,
              25.7146742875465
            ],
            [
              -110.770347449718,
              25.7142947551064
            ],
            [
              -110.769950712963,
              25.7138293983133
            ],
            [
              -110.76968367958,
              25.7132991963395
            ],
            [
              -110.76880628283,
              25.7118535380001
            ],
            [
              -110.76853924941,
              25.7113290576172
            ],
            [
              -110.768401921896,
              25.7101751998208
            ],
            [
              -110.767997562577,
              25.7081344928834
            ],
            [
              -110.767486387582,
              25.7063951242447
            ],
            [
              -110.766998100107,
              25.7049342072338
            ],
            [
              -110.76670818227,
              25.7034294240452
            ],
            [
              -110.766708189901,
              25.7017301053328
            ],
            [
              -110.766845527784,
              25.7005800609796
            ],
            [
              -110.767158346119,
              25.699485325081
            ],
            [
              -110.767265167148,
              25.6980053343352
            ],
            [
              -110.765876589509,
              25.6960752468346
            ],
            [
              -110.765472225911,
              25.6949747908555
            ],
            [
              -110.765510377704,
              25.6941298991845
            ],
            [
              -110.765510380325,
              25.6935501090099
            ],
            [
              -110.765647715649,
              25.6929760401002
            ],
            [
              -110.764617719646,
              25.6931000108997
            ],
            [
              -110.762138100927,
              25.6931305320571
            ],
            [
              -110.760451963935,
              25.6923199741005
            ],
            [
              -110.760055227023,
              25.6918565243479
            ],
            [
              -110.759650863325,
              25.6907560683285
            ],
            [
              -110.759780572178,
              25.6894610761642
            ],
            [
              -110.759826354359,
              25.6884216495493
            ],
            [
              -110.75962798895,
              25.6875004701699
            ],
            [
              -110.759765326807,
              25.6863466109679
            ],
            [
              -110.760009480775,
              25.6848017744359
            ],
            [
              -110.76014681606,
              25.6842315198157
            ],
            [
              -110.761306524104,
              25.6821564777382
            ],
            [
              -110.762199190804,
              25.6813115834794
            ],
            [
              -110.762779043601,
              25.6805658646495
            ],
            [
              -110.763007934259,
              25.6799670015364
            ],
            [
              -110.763236824543,
              25.6794520554414
            ],
            [
              -110.763686976866,
              25.6781322679677
            ],
            [
              -110.764007424382,
              25.6771767570429
            ],
            [
              -110.76414475978,
              25.6766065021462
            ],
            [
              -110.76383958862,
              25.6738372401435
            ],
            [
              -110.763542043148,
              25.6719166845685
            ],
            [
              -110.76192458147,
              25.6690272720471
            ],
            [
              -110.759795945614,
              25.6641619950567
            ],
            [
              -110.758437886309,
              25.6620984017262
            ],
            [
              -110.757781746941,
              25.6607385654221
            ],
            [
              -110.756858577072,
              25.6581733752378
            ],
            [
              -110.756591546912,
              25.6568974547002
            ],
            [
              -110.756507628457,
              25.6553430813172
            ],
            [
              -110.756644963924,
              25.6547690115712
            ],
            [
              -110.757285858356,
              25.653058244724
            ],
            [
              -110.757690235346,
              25.651318870356
            ],
            [
              -110.757293498221,
              25.650853513069
            ],
            [
              -110.756141435682,
              25.6492743491439
            ],
            [
              -110.755737073613,
              25.6478038935123
            ],
            [
              -110.755286933267,
              25.6464745713365
            ],
            [
              -110.75508856913,
              25.6452882888392
            ],
            [
              -110.75528694709,
              25.6435145849268
            ],
            [
              -110.755515846741,
              25.6410542858629
            ],
            [
              -110.755378519301,
              25.6399042398595
            ],
            [
              -110.755546379468,
              25.6380256391558
            ],
            [
              -110.755683717827,
              25.6368698703944
            ],
            [
              -110.755950756471,
              25.6363453871009
            ],
            [
              -110.755683735146,
              25.6332404525166
            ],
            [
              -110.755088634441,
              25.631470565022
            ],
            [
              -110.754821600805,
              25.630940361974
            ],
            [
              -110.754684270645,
              25.6303701070431
            ],
            [
              -110.754875017428,
              25.6289854726264
            ],
            [
              -110.755142056176,
              25.6284552674912
            ],
            [
              -110.755065773049,
              25.6257813605358
            ],
            [
              -110.754402002142,
              25.6247857998867
            ],
            [
              -110.754264674803,
              25.6236357531814
            ],
            [
              -110.753104985338,
              25.6214253020066
            ],
            [
              -110.752708248038,
              25.6209618516667
            ],
            [
              -110.751998700551,
              25.6197355187339
            ],
            [
              -110.750915307273,
              25.6174812012347
            ],
            [
              -110.750648430971,
              25.6167770718741
            ],
            [
              -110.750647697351,
              25.7503961987075
            ],
            [
              -111.000654480068,
              25.7503951180325
            ],
            [
              -111.000651586842,
              26.1305657719311
            ],
            [
              -111.258229079292,
              26.1306500197692
            ],
            [
              -111.258028262593,
              26.1304963327939
            ],
            [
              -111.257631527284,
              26.1300309762979
            ],
            [
              -111.257173758251,
              26.1292204159374
            ],
            [
              -111.256662580751,
              26.1285452673373
            ],
            [
              -111.256265845444,
              26.1280799108476
            ],
            [
              -111.255998813978,
              26.1275554305053
            ],
            [
              -111.255869116873,
              26.1268707444108
            ],
            [
              -111.255731789127,
              26.1263004906418
            ],
            [
              -111.255731794381,
              26.125720700308
            ],
            [
              -111.255869132463,
              26.125150445453
            ],
            [
              -111.256174323101,
              26.1244466855631
            ],
            [
              -111.256311661194,
              26.1238764306767
            ],
            [
              -111.256532923506,
              26.12346638068
            ],
            [
              -111.256639740909,
              26.1231459697768
            ],
            [
              -111.257036484681,
              26.1226806101039
            ],
            [
              -111.257334045293,
              26.1220264374865
            ],
            [
              -111.25709753428,
              26.1212807211635
            ],
            [
              -111.256700800519,
              26.1206456234002
            ],
            [
              -111.256563472779,
              26.1200772767653
            ],
            [
              -111.256555853539,
              26.1189405823842
            ],
            [
              -111.256555858865,
              26.1183569775227
            ],
            [
              -111.256693196996,
              26.1177867225201
            ],
            [
              -111.25696023803,
              26.1172622398944
            ],
            [
              -111.256990756964,
              26.1172069308067
            ],
            [
              -111.257387500783,
              26.116741570989
            ],
            [
              -111.257883428717,
              26.1163620349839
            ],
            [
              -111.258531950971,
              26.1157460048051
            ],
            [
              -111.259027878925,
              26.1153664687491
            ],
            [
              -111.259424620713,
              26.1151261591203
            ],
            [
              -111.259294922064,
              26.1146169357407
            ],
            [
              -111.259096559946,
              26.113781580465
            ],
            [
              -111.259012640611,
              26.113091172325
            ],
            [
              -111.258875312904,
              26.1125228255846
            ],
            [
              -111.25873798978,
              26.1114566981059
            ],
            [
              -111.258737995119,
              26.1108769075111
            ],
            [
              -111.258882967385,
              26.1098222219795
            ],
            [
              -111.259127122488,
              26.1089925862775
            ],
            [
              -111.259363648593,
              26.1080981055722
            ],
            [
              -111.259439948974,
              26.1076327469388
            ],
            [
              -111.259577287192,
              26.1070624916821
            ],
            [
              -111.259729886344,
              26.106307237342
            ],
            [
              -111.260027449808,
              26.1053631688934
            ],
            [
              -111.260294491014,
              26.1048329643136
            ],
            [
              -111.261057459657,
              26.1039918827638
            ],
            [
              -111.261553387735,
              26.1036123463619
            ],
            [
              -111.262171389008,
              26.1032919327621
            ],
            [
              -111.26274361216,
              26.103023013932
            ],
            [
              -111.263361611959,
              26.1028628056383
            ],
            [
              -111.264010128991,
              26.1028322872313
            ],
            [
              -111.264651015245,
              26.1029276444875
            ],
            [
              -111.265787821881,
              26.1034731001226
            ],
            [
              -111.266237964889,
              26.1038926834241
            ],
            [
              -111.266588921716,
              26.1044476788789
            ],
            [
              -111.266916990233,
              26.104947365451
            ],
            [
              -111.267290836921,
              26.1053917428109
            ],
            [
              -111.267802018944,
              26.1055824610245
            ],
            [
              -111.268152979374,
              26.1057522007334
            ],
            [
              -111.268595494651,
              26.105971527376
            ],
            [
              -111.268992232399,
              26.1061775037917
            ],
            [
              -111.269656007791,
              26.1062423456183
            ],
            [
              -111.270243487936,
              26.1062175490865
            ],
            [
              -111.270861487793,
              26.1060573407109
            ],
            [
              -111.271319265574,
              26.1059276484119
            ],
            [
              -111.27266970782,
              26.1057826940635
            ],
            [
              -111.273318224926,
              26.1057521755532
            ],
            [
              -111.274813628441,
              26.1057521681358
            ],
            [
              -111.275942811178,
              26.1057025751109
            ],
            [
              -111.276583697521,
              26.1057979322544
            ],
            [
              -111.277819692344,
              26.1060115332385
            ],
            [
              -111.278460578701,
              26.106106890362
            ],
            [
              -111.278849687166,
              26.1062823514619
            ],
            [
              -111.279543981562,
              26.1062976055966
            ],
            [
              -111.280337463176,
              26.1060725510829
            ],
            [
              -111.281756572731,
              26.1058627509808
            ],
            [
              -111.282168573048,
              26.1057216154992
            ],
            [
              -111.283152797771,
              26.1052028499357
            ],
            [
              -111.283534280131,
              26.1050121271836
            ],
            [
              -111.283953910967,
              26.1047775384461
            ],
            [
              -111.284716879601,
              26.1039879504368
            ],
            [
              -111.285495107923,
              26.1031525892898
            ],
            [
              -111.285891852163,
              26.1026872284506
            ],
            [
              -111.286532745788,
              26.1020330526882
            ],
            [
              -111.286906600263,
              26.101666866736
            ],
            [
              -111.28746356636,
              26.1012034121618
            ],
            [
              -111.287990014516,
              26.100688463106
            ],
            [
              -111.288386758806,
              26.100223102145
            ],
            [
              -111.288943725911,
              26.0996585654503
            ],
            [
              -111.289920326392,
              26.0986076882624
            ],
            [
              -111.290416254853,
              26.0982281510225
            ],
            [
              -111.291209739186,
              26.0977475300343
            ],
            [
              -111.291415739885,
              26.0976273747368
            ],
            [
              -111.292033739995,
              26.097472887346
            ],
            [
              -111.292964555694,
              26.0971677286767
            ],
            [
              -111.293262110978,
              26.097127675595
            ],
            [
              -111.293658855361,
              26.0966623144153
            ],
            [
              -111.294933009327,
              26.0957773622129
            ],
            [
              -111.295551009493,
              26.095622874705
            ],
            [
              -111.297466042661,
              26.0955980697787
            ],
            [
              -111.298496037099,
              26.0959432685347
            ],
            [
              -111.299480249912,
              26.0966927958616
            ],
            [
              -111.299938022471,
              26.0971276368132
            ],
            [
              -111.300266090968,
              26.0976273236369
            ],
            [
              -111.300548375579,
              26.0987621113169
            ],
            [
              -111.300479703397,
              26.0993419032349
            ],
            [
              -111.300266068846,
              26.0998930878517
            ],
            [
              -111.299937990604,
              26.1003927784765
            ],
            [
              -111.299854058878,
              26.1010069001999
            ],
            [
              -111.299915089547,
              26.1016477219984
            ],
            [
              -111.299632782833,
              26.1027825128106
            ],
            [
              -111.299434403381,
              26.1037628191917
            ],
            [
              -111.298831654762,
              26.1047126124763
            ],
            [
              -111.297847427421,
              26.1054678725596
            ],
            [
              -111.297145498004,
              26.10599235878
            ],
            [
              -111.295894235987,
              26.1065721570224
            ],
            [
              -111.294787940768,
              26.1067228325366
            ],
            [
              -111.293704536296,
              26.1066770654457
            ],
            [
              -111.2927508383,
              26.1063127938729
            ],
            [
              -111.292018399842,
              26.1058665111492
            ],
            [
              -111.291881064322,
              26.1061277993989
            ],
            [
              -111.291758986033,
              26.106596973238
            ],
            [
              -111.29167505504,
              26.1071462495986
            ],
            [
              -111.291461420634,
              26.1076974338502
            ],
            [
              -111.291110452624,
              26.1083115566776
            ],
            [
              -111.290782374589,
              26.1088074324701
            ],
            [
              -111.290477183156,
              26.1095378946844
            ],
            [
              -111.290263548798,
              26.1100871716512
            ],
            [
              -111.28993547075,
              26.1105868617984
            ],
            [
              -111.289485319639,
              26.1110121714608
            ],
            [
              -111.288623169124,
              26.1114813490049
            ],
            [
              -111.28803568627,
              26.111776969204
            ],
            [
              -111.287944127861,
              26.1121011949568
            ],
            [
              -111.287730493491,
              26.1126561934366
            ],
            [
              -111.287402415526,
              26.1131520690499
            ],
            [
              -111.287211673036,
              26.1133866565327
            ],
            [
              -111.28685307821,
              26.113716605228
            ],
            [
              -111.287303221267,
              26.1141361885849
            ],
            [
              -111.288005143085,
              26.1143860292123
            ],
            [
              -111.288539212711,
              26.1147159733987
            ],
            [
              -111.288989355718,
              26.115141278383
            ],
            [
              -111.289187721858,
              26.1155360693222
            ],
            [
              -111.289447125969,
              26.1158164275067
            ],
            [
              -111.289820971172,
              26.11642101038
            ],
            [
              -111.290187190594,
              26.1166212653156
            ],
            [
              -111.291034070856,
              26.1173116701444
            ],
            [
              -111.291468954321,
              26.1177713049513
            ],
            [
              -111.291797022855,
              26.1182709916547
            ],
            [
              -111.292071682363,
              26.1189556777499
            ],
            [
              -111.292353967225,
              26.1200904647549
            ],
            [
              -111.292369222281,
              26.1205310295872
            ],
            [
              -111.292086915964,
              26.12166581936
            ],
            [
              -111.291842762755,
              26.1222665908597
            ],
            [
              -111.291880904118,
              26.1229760717718
            ],
            [
              -111.291949565149,
              26.1235558624337
            ],
            [
              -111.291911405515,
              26.1247860112536
            ],
            [
              -111.291529916731,
              26.1256652355759
            ],
            [
              -111.291201838833,
              26.1261611109855
            ],
            [
              -111.29039309411,
              26.1268057508031
            ],
            [
              -111.289859015745,
              26.1274103379259
            ],
            [
              -111.289645381471,
              26.1279653361349
            ],
            [
              -111.289317303573,
              26.1284650258633
            ],
            [
              -111.288905300759,
              26.1288807988635
            ],
            [
              -111.288455149815,
              26.1293061080547
            ],
            [
              -111.287600627955,
              26.1299049748857
            ],
            [
              -111.287295442829,
              26.1299850789598
            ],
            [
              -111.286229028412,
              26.1306314365859
            ],
            [
              -111.351056070953,
              26.1305675342313
            ]
          ],
          [
            [
              -111.305896655916,
              26.1068314811438
            ],
            [
              -111.304775102696,
              26.1068372092016
            ],
            [
              -111.304157105523,
              26.106682728822
            ],
            [
              -111.303249183314,
              26.1065015491662
            ],
            [
              -111.303027925793,
              26.1063718602325
            ],
            [
              -111.302455707421,
              26.106102947059
            ],
            [
              -111.301959786274,
              26.1057215081395
            ],
            [
              -111.301685122333,
              26.1055021807019
            ],
            [
              -111.301166316163,
              26.1047278569281
            ],
            [
              -111.300899284854,
              26.1041976544335
            ],
            [
              -111.300884028147,
              26.1039382741372
            ],
            [
              -111.300761957358,
              26.1036273998146
            ],
            [
              -111.30073144454,
              26.1030476085355
            ],
            [
              -111.300731450178,
              26.102467817073
            ],
            [
              -111.300868788765,
              26.1018975608531
            ],
            [
              -111.301135830394,
              26.1013673552535
            ],
            [
              -111.301532574826,
              26.1009019939834
            ],
            [
              -111.302287912853,
              26.1002573529504
            ],
            [
              -111.302860136501,
              26.099988433121
            ],
            [
              -111.303432359337,
              26.0998034304706
            ],
            [
              -111.304050359621,
              26.0996432212513
            ],
            [
              -111.304698877097,
              26.0996127020565
            ],
            [
              -111.305339763732,
              26.0997080587015
            ],
            [
              -111.30552287428,
              26.0997271297022
            ],
            [
              -111.306095097971,
              26.0994582097836
            ],
            [
              -111.306713098289,
              26.0992980004996
            ],
            [
              -111.307361615796,
              26.0992674812495
            ],
            [
              -111.307888059669,
              26.0992178906309
            ],
            [
              -111.308528946335,
              26.0993132472249
            ],
            [
              -111.309131683768,
              26.0995268510278
            ],
            [
              -111.309665753528,
              26.0998567950209
            ],
            [
              -111.31011589659,
              26.1002820999965
            ],
            [
              -111.310443965125,
              26.1007779724633
            ],
            [
              -111.310772030862,
              26.1015580191354
            ],
            [
              -111.310840691683,
              26.1021378103808
            ],
            [
              -111.310848318651,
              26.1024067268584
            ],
            [
              -111.310779646418,
              26.1029865189174
            ],
            [
              -111.310566011801,
              26.1035377036913
            ],
            [
              -111.310360008189,
              26.1039477549171
            ],
            [
              -111.310062447454,
              26.104537084343
            ],
            [
              -111.309734369151,
              26.1050367750951
            ],
            [
              -111.309284217816,
              26.1054563637617
            ],
            [
              -111.308979031001,
              26.1056871378569
            ],
            [
              -111.308444954806,
              26.106017088153
            ],
            [
              -111.30772013798,
              26.1063775548805
            ],
            [
              -111.307117396419,
              26.1065911657804
            ],
            [
              -111.306537544357,
              26.106738024218
            ],
            [
              -111.305896655916,
              26.1068314811438
            ]
          ],
          [
            [
              -111.064331736971,
              26.0649150854666
            ],
            [
              -111.064336828611,
              26.0643853474399
            ],
            [
              -111.065126520172,
              26.0643849933853
            ],
            [
              -111.065129699644,
              26.064255880588
            ],
            [
              -111.065442520535,
              26.0632507870042
            ],
            [
              -111.065640892972,
              26.0628464608469
            ],
            [
              -111.065778229969,
              26.0622762085231
            ],
            [
              -111.065946083126,
              26.0619920358515
            ],
            [
              -111.065846900661,
              26.0617059562601
            ],
            [
              -111.065572243498,
              26.0606569976573
            ],
            [
              -111.065709584959,
              26.0595069570911
            ],
            [
              -111.065877440367,
              26.0589309830828
            ],
            [
              -111.066541222341,
              26.0579373320919
            ],
            [
              -111.066861667356,
              26.0576474375903
            ],
            [
              -111.067357593653,
              26.0572659973534
            ],
            [
              -111.067929817463,
              26.0566766723901
            ],
            [
              -111.06765515607,
              26.0561769867757
            ],
            [
              -111.067388125546,
              26.0555113748977
            ],
            [
              -111.067250800749,
              26.0544967455552
            ],
            [
              -111.067388138849,
              26.0537872675828
            ],
            [
              -111.067655178607,
              26.0532570660752
            ],
            [
              -111.068296071974,
              26.0522519716253
            ],
            [
              -111.068692814284,
              26.051786614642
            ],
            [
              -111.06854785445,
              26.051477648677
            ],
            [
              -111.068547858934,
              26.0508978603128
            ],
            [
              -111.068593648665,
              26.0493225141914
            ],
            [
              -111.068296100082,
              26.0486168511173
            ],
            [
              -111.068013814619,
              26.0474019659657
            ],
            [
              -111.067876486424,
              26.046827899355
            ],
            [
              -111.067891754076,
              26.0457331672481
            ],
            [
              -111.068189316913,
              26.0445983834993
            ],
            [
              -111.068502134567,
              26.0440281305498
            ],
            [
              -111.069013323775,
              26.043177519019
            ],
            [
              -111.06902859068,
              26.0421819611311
            ],
            [
              -111.06916593228,
              26.0410281054945
            ],
            [
              -111.069326158085,
              26.0404635743006
            ],
            [
              -111.069631348786,
              26.0395576542005
            ],
            [
              -111.069631353721,
              26.0389225568806
            ],
            [
              -111.069494025533,
              26.0383484901656
            ],
            [
              -111.06949403004,
              26.0377687016069
            ],
            [
              -111.069364334097,
              26.0368532462028
            ],
            [
              -111.068975233232,
              26.0357833081097
            ],
            [
              -111.06883027717,
              26.0349880062639
            ],
            [
              -111.068830281679,
              26.0344082176681
            ],
            [
              -111.068853176092,
              26.0336834818693
            ],
            [
              -111.068868442903,
              26.0327031813491
            ],
            [
              -111.068868447416,
              26.0321233927203
            ],
            [
              -111.069005784514,
              26.031553139818
            ],
            [
              -111.069600903188,
              26.0302085629948
            ],
            [
              -111.07000528017,
              26.0291081080156
            ],
            [
              -111.070249435053,
              26.0280934772929
            ],
            [
              -111.070249439612,
              26.0275098741775
            ],
            [
              -111.070806412868,
              26.0258487020003
            ],
            [
              -111.071119230787,
              26.0252593765777
            ],
            [
              -111.071905090149,
              26.0238194389211
            ],
            [
              -111.072538362869,
              26.0217196102395
            ],
            [
              -111.072957996442,
              26.0209643580197
            ],
            [
              -111.073507331931,
              26.020359774282
            ],
            [
              -111.074163482181,
              26.0196998814488
            ],
            [
              -111.074659409639,
              26.0192097297861
            ],
            [
              -111.07453733874,
              26.0188797844141
            ],
            [
              -111.074430532311,
              26.0178804116647
            ],
            [
              -111.074445799914,
              26.0168142865809
            ],
            [
              -111.074689955841,
              26.0156852232826
            ],
            [
              -111.075338480757,
              26.0144951284951
            ],
            [
              -111.075353756845,
              26.0123609708936
            ],
            [
              -111.075330880836,
              26.0107493862991
            ],
            [
              -111.074926521033,
              26.0096508396884
            ],
            [
              -111.07492652781,
              26.008796413699
            ],
            [
              -111.075330905068,
              26.007695957674
            ],
            [
              -111.0757276477,
              26.0072305995516
            ],
            [
              -111.075399582986,
              26.0062407631193
            ],
            [
              -111.07505625761,
              26.0054359252224
            ],
            [
              -111.074651897822,
              26.0043354713207
            ],
            [
              -111.074392496957,
              26.0036603228522
            ],
            [
              -111.074247541368,
              26.0028154331548
            ],
            [
              -111.074094954637,
              26.0021650779873
            ],
            [
              -111.073934740647,
              26.0012210138481
            ],
            [
              -111.07379741247,
              26.0006507610725
            ],
            [
              -111.073568530333,
              25.9999317468569
            ],
            [
              -111.073072609672,
              25.9995503080323
            ],
            [
              -111.072187582655,
              25.9987912444788
            ],
            [
              -111.071226254097,
              25.998735938398
            ],
            [
              -111.070196262674,
              25.9982419762222
            ],
            [
              -111.069570640276,
              25.9976869824571
            ],
            [
              -111.068677984346,
              25.9968420948733
            ],
            [
              -111.068410952715,
              25.9963118937055
            ],
            [
              -111.068121036933,
              25.9951961818296
            ],
            [
              -111.068258378754,
              25.9940461390735
            ],
            [
              -111.068563569142,
              25.9932165056067
            ],
            [
              -111.069021353313,
              25.9921522858764
            ],
            [
              -111.069448615558,
              25.9915362585269
            ],
            [
              -111.069906396743,
              25.9908515717996
            ],
            [
              -111.070043732883,
              25.9904224510304
            ],
            [
              -111.069776701251,
              25.9898922498069
            ],
            [
              -111.069639373067,
              25.9893219969497
            ],
            [
              -111.069639379872,
              25.988467570618
            ],
            [
              -111.069776720337,
              25.9874968045331
            ],
            [
              -111.069776724961,
              25.9869170152074
            ],
            [
              -111.06991406224,
              25.9863467614472
            ],
            [
              -111.069738588075,
              25.9855266652302
            ],
            [
              -111.069418154413,
              25.9843518299208
            ],
            [
              -111.069280830896,
              25.9831979732207
            ],
            [
              -111.069181650745,
              25.98262199856
            ],
            [
              -111.068395808061,
              25.9819029859805
            ],
            [
              -111.067266632398,
              25.981327014658
            ],
            [
              -111.066694414821,
              25.9810581010379
            ],
            [
              -111.066030644095,
              25.9805374370624
            ],
            [
              -111.065450801113,
              25.9797421357449
            ],
            [
              -111.065054065797,
              25.9792786869656
            ],
            [
              -111.064649705952,
              25.9781782327699
            ],
            [
              -111.064634452134,
              25.9775030833279
            ],
            [
              -111.06477179403,
              25.9763530400666
            ],
            [
              -111.065038834136,
              25.9758228370076
            ],
            [
              -111.064909144751,
              25.9740987267198
            ],
            [
              -111.064161451458,
              25.9731985298174
            ],
            [
              -111.063665530699,
              25.9728189982591
            ],
            [
              -111.063001763723,
              25.9718234409643
            ],
            [
              -111.062864435528,
              25.9712531879715
            ],
            [
              -111.063001777446,
              25.970103144546
            ],
            [
              -111.063268817572,
              25.969572941385
            ],
            [
              -111.063543486143,
              25.9691876855595
            ],
            [
              -111.063818154505,
              25.9688291305553
            ],
            [
              -111.064085194648,
              25.9682989273474
            ],
            [
              -111.064405645219,
              25.9673643970032
            ],
            [
              -111.064123355331,
              25.9667140419472
            ],
            [
              -111.063986027149,
              25.9661437888768
            ],
            [
              -111.063986031798,
              25.9655639992955
            ],
            [
              -111.064123369129,
              25.9649937452225
            ],
            [
              -111.064390409301,
              25.9644635419204
            ],
            [
              -111.064787152119,
              25.9639981830188
            ],
            [
              -111.065092338115,
              25.96373880233
            ],
            [
              -111.065428047054,
              25.9629148894927
            ],
            [
              -111.065824789898,
              25.962449530528
            ],
            [
              -111.066320716833,
              25.9620699953012
            ],
            [
              -111.066519086999,
              25.9619937064402
            ],
            [
              -111.067091309035,
              25.961724788669
            ],
            [
              -111.067709307791,
              25.9615645812756
            ],
            [
              -111.068502786221,
              25.9615397846116
            ],
            [
              -111.069059746552,
              25.9615836481491
            ],
            [
              -111.069700632052,
              25.9616790058404
            ],
            [
              -111.070303368588,
              25.9618945174689
            ],
            [
              -111.071211287583,
              25.9622931194146
            ],
            [
              -111.071897947753,
              25.9627489383088
            ],
            [
              -111.072683793811,
              25.9630693453901
            ],
            [
              -111.07303475352,
              25.9632943940012
            ],
            [
              -111.07366800594,
              25.9638188724155
            ],
            [
              -111.074049482331,
              25.9642537132603
            ],
            [
              -111.07446910631,
              25.9647381412398
            ],
            [
              -111.074644586179,
              25.9648487583424
            ],
            [
              -111.075422797748,
              25.9657680272562
            ],
            [
              -111.075811903843,
              25.9661895176492
            ],
            [
              -111.076345973063,
              25.9665194617254
            ],
            [
              -111.077025002664,
              25.9670935272472
            ],
            [
              -111.077803214223,
              25.9680127961635
            ],
            [
              -111.078497502393,
              25.9686631497554
            ],
            [
              -111.078825571082,
              25.9691590213117
            ],
            [
              -111.079367269664,
              25.9695175734083
            ],
            [
              -111.079687711833,
              25.969637725964
            ],
            [
              -111.080122597815,
              25.9697788573081
            ],
            [
              -111.080618524868,
              25.9693993219214
            ],
            [
              -111.081808745882,
              25.9689682892751
            ],
            [
              -111.083197334567,
              25.9687737489883
            ],
            [
              -111.083677998515,
              25.9688729216381
            ],
            [
              -111.084975025973,
              25.9694126549992
            ],
            [
              -111.085982127564,
              25.9700839865664
            ],
            [
              -111.086516196806,
              25.9704139306151
            ],
            [
              -111.087462261743,
              25.9710680975956
            ],
            [
              -111.08822521711,
              25.9716230907337
            ],
            [
              -111.088980538186,
              25.9727426161573
            ],
            [
              -111.089194162369,
              25.9732976115224
            ],
            [
              -111.089262823951,
              25.9738774011137
            ],
            [
              -111.089148372692,
              25.9747528079667
            ],
            [
              -111.089361996923,
              25.9753020817032
            ],
            [
              -111.089461177351,
              25.9758284694507
            ],
            [
              -111.090201242158,
              25.9765932550734
            ],
            [
              -111.090575084494,
              25.9775621129106
            ],
            [
              -111.090735300814,
              25.9781972109952
            ],
            [
              -111.090803962401,
              25.9787770005367
            ],
            [
              -111.090842106414,
              25.9792576156192
            ],
            [
              -111.091414328611,
              25.9789867905024
            ],
            [
              -111.092192550195,
              25.9786930781088
            ],
            [
              -111.092764772414,
              25.9784222529473
            ],
            [
              -111.093329364948,
              25.9781628710175
            ],
            [
              -111.094519586062,
              25.9777375598289
            ],
            [
              -111.094626400381,
              25.9777470954134
            ],
            [
              -111.095717434597,
              25.977577349845
            ],
            [
              -111.096365950861,
              25.9775468319262
            ],
            [
              -111.097006836476,
              25.977642189472
            ],
            [
              -111.097609573088,
              25.9778577010038
            ],
            [
              -111.097914755963,
              25.9779931112069
            ],
            [
              -111.098448825215,
              25.9783230552441
            ],
            [
              -111.098898968111,
              25.9787426382057
            ],
            [
              -111.099402522023,
              25.9787083064472
            ],
            [
              -111.100646144297,
              25.9790172682784
            ],
            [
              -111.101180213556,
              25.9793472123086
            ],
            [
              -111.101637986166,
              25.9797534448124
            ],
            [
              -111.102248347556,
              25.9805430246521
            ],
            [
              -111.102629821812,
              25.9812277092362
            ],
            [
              -111.102858701823,
              25.9821774957806
            ],
            [
              -111.102851062924,
              25.9832817667882
            ],
            [
              -111.102568758201,
              25.9844127397327
            ],
            [
              -111.102255939852,
              25.9849772732779
            ],
            [
              -111.101477712939,
              25.985896548528
            ],
            [
              -111.101523486591,
              25.9863676276087
            ],
            [
              -111.101821033236,
              25.9872926201053
            ],
            [
              -111.102309323071,
              25.987836171148
            ],
            [
              -111.102759465897,
              25.988261475729
            ],
            [
              -111.10348427259,
              25.9888927571921
            ],
            [
              -111.104094636021,
              25.989436307752
            ],
            [
              -111.104872847446,
              25.9903612983377
            ],
            [
              -111.105483208888,
              25.9911413421277
            ],
            [
              -111.10578838747,
              25.991785975681
            ],
            [
              -111.106017270805,
              25.9923409709719
            ],
            [
              -111.106818375298,
              25.9927567381557
            ],
            [
              -111.107955181102,
              25.9933021938415
            ],
            [
              -111.108535028181,
              25.9936016224851
            ],
            [
              -111.109725249382,
              25.993176311346
            ],
            [
              -111.110373765692,
              25.9931419790712
            ],
            [
              -111.111632652801,
              25.9927815124758
            ],
            [
              -111.112433761113,
              25.9927509939407
            ],
            [
              -111.113677383378,
              25.9930618630406
            ],
            [
              -111.114341160002,
              25.9929016551755
            ],
            [
              -111.11534064052,
              25.9925717047435
            ],
            [
              -111.11629434632,
              25.9919060865536
            ],
            [
              -111.116866568702,
              25.9916371683612
            ],
            [
              -111.117774494677,
              25.9912366516292
            ],
            [
              -111.118400128803,
              25.9904413448022
            ],
            [
              -111.119292799437,
              25.9895964494391
            ],
            [
              -111.119865021879,
              25.989327531121
            ],
            [
              -111.120444877264,
              25.9886714502568
            ],
            [
              -111.120849255651,
              25.9875709914889
            ],
            [
              -111.121093414045,
              25.9862817201265
            ],
            [
              -111.120948457251,
              25.9856275496085
            ],
            [
              -111.120811129336,
              25.985057296052
            ],
            [
              -111.120818768798,
              25.9839167876304
            ],
            [
              -111.12095610661,
              25.9833427183814
            ],
            [
              -111.121459669652,
              25.9822727741728
            ],
            [
              -111.121177383416,
              25.9812276272348
            ],
            [
              -111.121314726251,
              25.9800775820362
            ],
            [
              -111.121635179309,
              25.9789580511994
            ],
            [
              -111.122222667853,
              25.9779129000199
            ],
            [
              -111.12232949556,
              25.9763928569955
            ],
            [
              -111.122192172742,
              25.9752428129086
            ],
            [
              -111.122703369483,
              25.9737227677623
            ],
            [
              -111.123565522527,
              25.9728320985519
            ],
            [
              -111.12406145126,
              25.9723228722025
            ],
            [
              -111.124725235581,
              25.9713273075448
            ],
            [
              -111.124908354757,
              25.9703431884927
            ],
            [
              -111.12493125173,
              25.9694181935994
            ],
            [
              -111.12506859477,
              25.9682681478022
            ],
            [
              -111.125335635621,
              25.9677379431942
            ],
            [
              -111.125732379188,
              25.9672725828926
            ],
            [
              -111.126380900253,
              25.9667480978641
            ],
            [
              -111.126861572464,
              25.9659489760086
            ],
            [
              -111.128311217294,
              25.963723258671
            ],
            [
              -111.128975001862,
              25.9627296005808
            ],
            [
              -111.129470929651,
              25.9623481565973
            ],
            [
              -111.130043152502,
              25.9620792373545
            ],
            [
              -111.130737458106,
              25.9608033123529
            ],
            [
              -111.131065536251,
              25.9602387773701
            ],
            [
              -111.131866652083,
              25.9594434676973
            ],
            [
              -111.132759323679,
              25.9585985700513
            ],
            [
              -111.133125549631,
              25.9580645500473
            ],
            [
              -111.133262887717,
              25.9574942943957
            ],
            [
              -111.133858006952,
              25.9564033685819
            ],
            [
              -111.13425475073,
              25.9559399149726
            ],
            [
              -111.135940901326,
              25.9551293421014
            ],
            [
              -111.137604159668,
              25.9547040250705
            ],
            [
              -111.139626008272,
              25.9544293751575
            ],
            [
              -111.140556830358,
              25.9533537044935
            ],
            [
              -111.141396105409,
              25.9513892754499
            ],
            [
              -111.141640269038,
              25.9496441787655
            ],
            [
              -111.141975989775,
              25.9477102677859
            ],
            [
              -111.142639774983,
              25.9467204226093
            ],
            [
              -111.143196744683,
              25.9458392888965
            ],
            [
              -111.144158090723,
              25.9442105268472
            ],
            [
              -111.144592994297,
              25.9425245517564
            ],
            [
              -111.144455666706,
              25.9419504828799
            ],
            [
              -111.144615901916,
              25.9405257970063
            ],
            [
              -111.145088947842,
              25.9394558498096
            ],
            [
              -111.145485691983,
              25.9389904882406
            ],
            [
              -111.146126586187,
              25.9382600229867
            ],
            [
              -111.147393113211,
              25.9370355863268
            ],
            [
              -111.14778986478,
              25.9357958977283
            ],
            [
              -111.148171358835,
              25.9343807458966
            ],
            [
              -111.148682558342,
              25.9327558000299
            ],
            [
              -111.14936160376,
              25.9317163661616
            ],
            [
              -111.150376351154,
              25.9307818263656
            ],
            [
              -111.151291918669,
              25.9293266188911
            ],
            [
              -111.151955704595,
              25.9283310506266
            ],
            [
              -111.153435863035,
              25.9269368694757
            ],
            [
              -111.155144906272,
              25.9259260356397
            ],
            [
              -111.155808692388,
              25.9249304669897
            ],
            [
              -111.157395662276,
              25.9238910255319
            ],
            [
              -111.158395157891,
              25.9222508169296
            ],
            [
              -111.160165246285,
              25.9204523037073
            ],
            [
              -111.16123339885,
              25.9198019365667
            ],
            [
              -111.162507562007,
              25.9180568285247
            ],
            [
              -111.163972459397,
              25.9169410984341
            ],
            [
              -111.165368688164,
              25.9160427907896
            ],
            [
              -111.165986699796,
              25.9147821190042
            ],
            [
              -111.167215083398,
              25.9132677829965
            ],
            [
              -111.168596056635,
              25.9120318984423
            ],
            [
              -111.169381912562,
              25.9115074086887
            ],
            [
              -111.170114377471,
              25.9093923043396
            ],
            [
              -111.170991805196,
              25.9072829201305
            ],
            [
              -111.171792941119,
              25.9047634855401
            ],
            [
              -111.172197327071,
              25.9032033820514
            ],
            [
              -111.173135788936,
              25.901402964968
            ],
            [
              -111.173730909474,
              25.9004226522821
            ],
            [
              -111.174577810284,
              25.8991772346613
            ],
            [
              -111.174799084826,
              25.897693420756
            ],
            [
              -111.175218729563,
              25.8962076977665
            ],
            [
              -111.175806229381,
              25.8944034684625
            ],
            [
              -111.175958825809,
              25.8940239315672
            ],
            [
              -111.176676023797,
              25.8927384630067
            ],
            [
              -111.177820496643,
              25.8899539201543
            ],
            [
              -111.178385104546,
              25.8884681950965
            ],
            [
              -111.178888676979,
              25.8868489654515
            ],
            [
              -111.179170980801,
              25.8861242213265
            ],
            [
              -111.179720325114,
              25.8850580832456
            ],
            [
              -111.1804069999,
              25.8842494177549
            ],
            [
              -111.180811381837,
              25.883148951012
            ],
            [
              -111.181658284729,
              25.8817948203635
            ],
            [
              -111.18222288826,
              25.880749661113
            ],
            [
              -111.182589118011,
              25.8800344519138
            ],
            [
              -111.182970610414,
              25.8790102736593
            ],
            [
              -111.182894326302,
              25.8779040895473
            ],
            [
              -111.182398409834,
              25.8770744557287
            ],
            [
              -111.182261082859,
              25.8765041996827
            ],
            [
              -111.182085619091,
              25.8749040476685
            ],
            [
              -111.182222965047,
              25.8737501809248
            ],
            [
              -111.182490007703,
              25.8732256939929
            ],
            [
              -111.182863872885,
              25.871999350595
            ],
            [
              -111.182711290735,
              25.8710648163926
            ],
            [
              -111.181673667586,
              25.8705346207685
            ],
            [
              -111.180430048529,
              25.869645870632
            ],
            [
              -111.17975102008,
              25.8689058776921
            ],
            [
              -111.179087253706,
              25.8679103176845
            ],
            [
              -111.178949933186,
              25.8667602679147
            ],
            [
              -111.179087272765,
              25.8661900089846
            ],
            [
              -111.179659505295,
              25.8652344880176
            ],
            [
              -111.179941811171,
              25.8643609802016
            ],
            [
              -111.180330931135,
              25.8635504093834
            ],
            [
              -111.180727676891,
              25.8630850445797
            ],
            [
              -111.180872641068,
              25.8629706101233
            ],
            [
              -111.181101545815,
              25.8615459171756
            ],
            [
              -111.180865042442,
              25.8602051464537
            ],
            [
              -111.180865048958,
              25.8596253526368
            ],
            [
              -111.181002388699,
              25.8590512790343
            ],
            [
              -111.18126943157,
              25.8585248844817
            ],
            [
              -111.181856921184,
              25.8577867855125
            ],
            [
              -111.182352851267,
              25.8574053369816
            ],
            [
              -111.183527821935,
              25.8566958399877
            ],
            [
              -111.184100047087,
              25.8564250091533
            ],
            [
              -111.185481014334,
              25.8560206645359
            ],
            [
              -111.18616768406,
              25.8557402963242
            ],
            [
              -111.186831465073,
              25.8554465778045
            ],
            [
              -111.187510508424,
              25.8548858486662
            ],
            [
              -111.188006438635,
              25.8545063070945
            ],
            [
              -111.189196673107,
              25.8534306236174
            ],
            [
              -111.18954001229,
              25.852921392806
            ],
            [
              -111.189936758385,
              25.8524560273941
            ],
            [
              -111.190768395516,
              25.8518056570884
            ],
            [
              -111.1914779607,
              25.8509760095633
            ],
            [
              -111.191722111758,
              25.8507261613365
            ],
            [
              -111.192179906448,
              25.8492766706129
            ],
            [
              -111.1922104397,
              25.8480159990986
            ],
            [
              -111.192347779766,
              25.8474419248958
            ],
            [
              -111.192797940515,
              25.8463719704223
            ],
            [
              -111.193362541891,
              25.8456319633669
            ],
            [
              -111.193896624598,
              25.8449072143415
            ],
            [
              -111.19429337091,
              25.8444418485395
            ],
            [
              -111.195109749154,
              25.8437914777441
            ],
            [
              -111.195468347644,
              25.8433013184597
            ],
            [
              -111.195964283373,
              25.8424869303803
            ],
            [
              -111.196628072246,
              25.8415714577077
            ],
            [
              -111.19728423195,
              25.8406216550875
            ],
            [
              -111.197680978399,
              25.840156289044
            ],
            [
              -111.197955650126,
              25.8397424193058
            ],
            [
              -111.198215073543,
              25.8384168989073
            ],
            [
              -111.198024343658,
              25.8375071574975
            ],
            [
              -111.197757312882,
              25.8369769536212
            ],
            [
              -111.197619986351,
              25.8364066966175
            ],
            [
              -111.197635255845,
              25.8355579837725
            ],
            [
              -111.197932821697,
              25.8347168964569
            ],
            [
              -111.198321943757,
              25.8338281275186
            ],
            [
              -111.198741584711,
              25.8329126570791
            ],
            [
              -111.199008628337,
              25.8323824467999
            ],
            [
              -111.198909455202,
              25.8313868791964
            ],
            [
              -111.19877212873,
              25.8308166220694
            ],
            [
              -111.198772135841,
              25.8302330127536
            ],
            [
              -111.198878972404,
              25.8284573895756
            ],
            [
              -111.199016312807,
              25.8278871290883
            ],
            [
              -111.199283356523,
              25.8273569186417
            ],
            [
              -111.199580925962,
              25.8262430983712
            ],
            [
              -111.199718266409,
              25.8256728378022
            ],
            [
              -111.199367319741,
              25.824328251631
            ],
            [
              -111.199283395114,
              25.8242176338629
            ],
            [
              -111.199016364408,
              25.8236874298074
            ],
            [
              -111.198627261932,
              25.8229626907389
            ],
            [
              -111.198489935575,
              25.8223886190156
            ],
            [
              -111.1984365429,
              25.8211927923125
            ],
            [
              -111.198352624882,
              25.8205481527343
            ],
            [
              -111.198306859707,
              25.819527790171
            ],
            [
              -111.198207680137,
              25.8190681511682
            ],
            [
              -111.197849106983,
              25.8174775333525
            ],
            [
              -111.197986454801,
              25.8163236629303
            ],
            [
              -111.19872657575,
              25.8126331805553
            ],
            [
              -111.198650295888,
              25.8113191059188
            ],
            [
              -111.198612151851,
              25.8109891570742
            ],
            [
              -111.198253575954,
              25.8096331270587
            ],
            [
              -111.197856840624,
              25.8091696772301
            ],
            [
              -111.19758980998,
              25.8086394729962
            ],
            [
              -111.197132042428,
              25.8077888579352
            ],
            [
              -111.196735307119,
              25.8073235008792
            ],
            [
              -111.196468276404,
              25.8067990182983
            ],
            [
              -111.196330950117,
              25.8062287607386
            ],
            [
              -111.196735342268,
              25.8045446786609
            ],
            [
              -111.197132089386,
              25.8040793114057
            ],
            [
              -111.198200247106,
              25.8034289349221
            ],
            [
              -111.199337068576,
              25.803018867447
            ],
            [
              -111.199985588362,
              25.8029845290349
            ],
            [
              -111.201229215644,
              25.8032934828922
            ],
            [
              -111.202243956689,
              25.8033735730151
            ],
            [
              -111.202861959496,
              25.8032190799278
            ],
            [
              -111.203510479328,
              25.8031847414405
            ],
            [
              -111.204319219621,
              25.8033048858662
            ],
            [
              -111.204975368547,
              25.8033144133683
            ],
            [
              -111.206218995913,
              25.8036233670874
            ],
            [
              -111.207203209744,
              25.8043786143178
            ],
            [
              -111.207531277862,
              25.8048744878991
            ],
            [
              -111.207744900612,
              25.8054294868856
            ],
            [
              -111.207813559882,
              25.8060092816637
            ],
            [
              -111.207699105411,
              25.8067740794168
            ],
            [
              -111.208423914442,
              25.8072985561218
            ],
            [
              -111.208874057712,
              25.8077238608519
            ],
            [
              -111.209202125782,
              25.8082235488592
            ],
            [
              -111.20941574859,
              25.8087747333688
            ],
            [
              -111.209629371547,
              25.8093144745377
            ],
            [
              -111.210079514886,
              25.8097340575978
            ],
            [
              -111.210895874295,
              25.8106685859355
            ],
            [
              -111.211773279254,
              25.8109489361716
            ],
            [
              -111.213337343753,
              25.811852939168
            ],
            [
              -111.214436009516,
              25.8120379253515
            ],
            [
              -111.216282381128,
              25.8121389838652
            ],
            [
              -111.216923269679,
              25.8122343365473
            ],
            [
              -111.218060079034,
              25.812777880017
            ],
            [
              -111.218754371428,
              25.8131535937254
            ],
            [
              -111.219654666157,
              25.8133729124318
            ],
            [
              -111.220898293532,
              25.8136837732656
            ],
            [
              -111.222080882248,
              25.8141128827079
            ],
            [
              -111.22332450965,
              25.8144237434942
            ],
            [
              -111.223858580197,
              25.8147536859552
            ],
            [
              -111.224308723516,
              25.8151732690166
            ],
            [
              -111.224636791528,
              25.8156729570714
            ],
            [
              -111.2248504142,
              25.8162279561142
            ],
            [
              -111.22531581365,
              25.8168878490637
            ],
            [
              -111.225529436326,
              25.8174428480962
            ],
            [
              -111.225720168634,
              25.8181084663536
            ],
            [
              -111.226200824424,
              25.8189934113833
            ],
            [
              -111.226528892712,
              25.8194721199656
            ],
            [
              -111.227337633498,
              25.8195579342698
            ],
            [
              -111.228413414349,
              25.8194434865963
            ],
            [
              -111.229054302936,
              25.8195388392083
            ],
            [
              -111.229657041769,
              25.8197524401475
            ],
            [
              -111.230641255537,
              25.8205076873319
            ],
            [
              -111.231182951175,
              25.821182837053
            ],
            [
              -111.231724641901,
              25.8222318024755
            ],
            [
              -111.231793301032,
              25.8228135045584
            ],
            [
              -111.231770396385,
              25.8240131480464
            ],
            [
              -111.231839055561,
              25.8245929428673
            ],
            [
              -111.23195348324,
              25.8258879455867
            ],
            [
              -111.232022142435,
              25.8264677403693
            ],
            [
              -111.231953459271,
              25.8277265081754
            ],
            [
              -111.231884784944,
              25.8283082119383
            ],
            [
              -111.231686403163,
              25.8291664646273
            ],
            [
              -111.231472766106,
              25.8297176546763
            ],
            [
              -111.231343058997,
              25.829967502489
            ],
            [
              -111.231259126692,
              25.8304519380394
            ],
            [
              -111.231449851128,
              25.8317316816679
            ],
            [
              -111.231632940713,
              25.8334176636406
            ],
            [
              -111.231419303681,
              25.8339726679988
            ],
            [
              -111.231419293405,
              25.8347717939958
            ],
            [
              -111.231350619212,
              25.8353515903319
            ],
            [
              -111.231175130482,
              25.8359008724684
            ],
            [
              -111.232266147665,
              25.8375467909219
            ],
            [
              -111.232876504261,
              25.8386758583993
            ],
            [
              -111.233158786354,
              25.8398106516993
            ],
            [
              -111.233151154985,
              25.8399460645319
            ],
            [
              -111.233105366175,
              25.8408062220485
            ],
            [
              -111.233395282775,
              25.8415614781024
            ],
            [
              -111.233608905556,
              25.8421164768553
            ],
            [
              -111.233677564909,
              25.8426962713117
            ],
            [
              -111.233555481173,
              25.8434458108631
            ],
            [
              -111.233883549276,
              25.8439416842874
            ],
            [
              -111.234097172069,
              25.8444966830101
            ],
            [
              -111.234234497547,
              25.8451260643155
            ],
            [
              -111.234303156925,
              25.8457058587184
            ],
            [
              -111.234394703189,
              25.8464458594042
            ],
            [
              -111.234722771249,
              25.8469455472511
            ],
            [
              -111.23508135607,
              25.8475863690802
            ],
            [
              -111.235531499335,
              25.8480059521103
            ],
            [
              -111.235859567394,
              25.8485056399523
            ],
            [
              -111.236370741476,
              25.8494210997096
            ],
            [
              -111.236508068184,
              25.8499551199002
            ],
            [
              -111.23656909176,
              25.8510250701336
            ],
            [
              -111.236500417718,
              25.8516048661552
            ],
            [
              -111.236286780954,
              25.8521560556391
            ],
            [
              -111.235966329441,
              25.8526958030929
            ],
            [
              -111.235638248811,
              25.8531954989769
            ],
            [
              -111.235432239118,
              25.8539545753491
            ],
            [
              -111.234737925801,
              25.8552705660527
            ],
            [
              -111.233799467996,
              25.8562852187461
            ],
            [
              -111.233349314303,
              25.8567048126756
            ],
            [
              -111.232761811756,
              25.8583698230177
            ],
            [
              -111.231983577638,
              25.8592910196481
            ],
            [
              -111.230831494114,
              25.860000519216
            ],
            [
              -111.229481038897,
              25.8608149180948
            ],
            [
              -111.229168215151,
              25.8615301291712
            ],
            [
              -111.228573087609,
              25.8628499321152
            ],
            [
              -111.228504413839,
              25.8634297276409
            ],
            [
              -111.228008473874,
              25.8645645289697
            ],
            [
              -111.227459128594,
              25.8655295883073
            ],
            [
              -111.226383335636,
              25.8667502209866
            ],
            [
              -111.22546776747,
              25.8677705936569
            ],
            [
              -111.224933689263,
              25.8681005486318
            ],
            [
              -111.223690055573,
              25.8684095322516
            ],
            [
              -111.223033904856,
              25.8686097976694
            ],
            [
              -111.222393014671,
              25.8687051658655
            ],
            [
              -111.222179376222,
              25.8694394474399
            ],
            [
              -111.222110694283,
              25.8707191918333
            ],
            [
              -111.221881791899,
              25.8718501749167
            ],
            [
              -111.221485039238,
              25.8728495617402
            ],
            [
              -111.221011989951,
              25.873879464828
            ],
            [
              -111.220523679379,
              25.8750848320592
            ],
            [
              -111.220699149675,
              25.876034624685
            ],
            [
              -111.221172175839,
              25.8769596201848
            ],
            [
              -111.22151549731,
              25.8779685346843
            ],
            [
              -111.221965624958,
              25.8797136340664
            ],
            [
              -111.222499684235,
              25.8809742991715
            ],
            [
              -111.222682788076,
              25.8815941429306
            ],
            [
              -111.223560181108,
              25.8828185671382
            ],
            [
              -111.223850097597,
              25.8836234098322
            ],
            [
              -111.223834822796,
              25.8849527406347
            ],
            [
              -111.223621186751,
              25.8855039287886
            ],
            [
              -111.223468588236,
              25.8860131574827
            ],
            [
              -111.223399914825,
              25.8865929523031
            ],
            [
              -111.223186278766,
              25.8871479548328
            ],
            [
              -111.223109976141,
              25.8876934197894
            ],
            [
              -111.222568260292,
              25.888748116666
            ],
            [
              -111.221934989176,
              25.889783742247
            ],
            [
              -111.221446683305,
              25.8906229228622
            ],
            [
              -111.221118603556,
              25.8911226171354
            ],
            [
              -111.220775263862,
              25.8916833424816
            ],
            [
              -111.220462440987,
              25.892392830386
            ],
            [
              -111.220248805056,
              25.8929478326714
            ],
            [
              -111.219768126688,
              25.8939834562842
            ],
            [
              -111.219646043003,
              25.8948283544707
            ],
            [
              -111.219523965664,
              25.8951182526349
            ],
            [
              -111.219432407119,
              25.8953833566652
            ],
            [
              -111.218982250149,
              25.8961729488775
            ],
            [
              -111.218196381252,
              25.8977025443537
            ],
            [
              -111.217776728272,
              25.8997833213763
            ],
            [
              -111.217776715187,
              25.9009429086904
            ],
            [
              -111.217807209045,
              25.9031323921899
            ],
            [
              -111.217296005584,
              25.9047878604979
            ],
            [
              -111.21654828848,
              25.9060275579854
            ],
            [
              -111.216533018911,
              25.906952557632
            ],
            [
              -111.216815302378,
              25.9080873480295
            ],
            [
              -111.216662693263,
              25.9095826063138
            ],
            [
              -111.215861564951,
              25.911186582013
            ],
            [
              -111.215174885051,
              25.9124320000082
            ],
            [
              -111.214663687331,
              25.9136068492566
            ],
            [
              -111.214060934623,
              25.9147416477617
            ],
            [
              -111.213572621221,
              25.9163418054451
            ],
            [
              -111.213236906837,
              25.917346910642
            ],
            [
              -111.212390007136,
              25.9184111441686
            ],
            [
              -111.211924586642,
              25.9196565594054
            ],
            [
              -111.211146355229,
              25.9205758437935
            ],
            [
              -111.210589385368,
              25.9212662603839
            ],
            [
              -111.209994263829,
              25.9222904397073
            ],
            [
              -111.210062924176,
              25.9228702321127
            ],
            [
              -111.209780616019,
              25.9240012124713
            ],
            [
              -111.209826366556,
              25.9265358990798
            ],
            [
              -111.210215466257,
              25.9275600693149
            ],
            [
              -111.211352273927,
              25.9281055222732
            ],
            [
              -111.211802417066,
              25.9285251052539
            ],
            [
              -111.212344108853,
              25.9295797895473
            ],
            [
              -111.212412769235,
              25.9301595818593
            ],
            [
              -111.212130461182,
              25.9312905619631
            ],
            [
              -111.211741340934,
              25.9321907701201
            ],
            [
              -111.211199626668,
              25.9332454638295
            ],
            [
              -111.21032983731,
              25.93443938686
            ],
            [
              -111.209582125244,
              25.9353205257644
            ],
            [
              -111.209215896693,
              25.9359651669041
            ],
            [
              -111.208742848906,
              25.9370446534553
            ],
            [
              -111.208414770058,
              25.9375405315858
            ],
            [
              -111.20743054126,
              25.9382957961825
            ],
            [
              -111.205805417349,
              25.9397395697759
            ],
            [
              -111.204790662776,
              25.9412100389827
            ],
            [
              -111.20424894893,
              25.94226473184
            ],
            [
              -111.203363900923,
              25.9434548394787
            ],
            [
              -111.20291374914,
              25.9438744298014
            ],
            [
              -111.202051589829,
              25.9450893308095
            ],
            [
              -111.201731138756,
              25.9457835585084
            ],
            [
              -111.201433564221,
              25.9476793293732
            ],
            [
              -111.201219929259,
              25.9482343296661
            ],
            [
              -111.200556141969,
              25.9492737652346
            ],
            [
              -111.199884726216,
              25.9502044897174
            ],
            [
              -111.199648187651,
              25.9522146923251
            ],
            [
              -111.199648175876,
              25.9533742767579
            ],
            [
              -111.199434541001,
              25.9539292768602
            ],
            [
              -111.198984380926,
              25.9551880396436
            ],
            [
              -111.198442667605,
              25.9562389170351
            ],
            [
              -111.197908575955,
              25.9580831939862
            ],
            [
              -111.198084042327,
              25.9595536521569
            ],
            [
              -111.198114546954,
              25.9609325652409
            ],
            [
              -111.197832239883,
              25.96206354321
            ],
            [
              -111.196641997073,
              25.9643636477274
            ],
            [
              -111.196428362353,
              25.964918647478
            ],
            [
              -111.195596723949,
              25.9659733407448
            ],
            [
              -111.194612491647,
              25.9671977766819
            ],
            [
              -111.194284413325,
              25.9676974680384
            ],
            [
              -111.193490925287,
              25.9685328316087
            ],
            [
              -111.19223203104,
              25.9693529406817
            ],
            [
              -111.19169795489,
              25.9696828916963
            ],
            [
              -111.191392766202,
              25.9701082015776
            ],
            [
              -111.190614536644,
              25.9710332036217
            ],
            [
              -111.190088088101,
              25.971572947538
            ],
            [
              -111.189790530384,
              25.9718628454174
            ],
            [
              -111.189363259806,
              25.9731235137367
            ],
            [
              -111.189431920673,
              25.9737033049014
            ],
            [
              -111.189149613994,
              25.9748380963182
            ],
            [
              -111.188600273496,
              25.975707787392
            ],
            [
              -111.188272195347,
              25.9762074783707
            ],
            [
              -111.187425299454,
              25.9771382020044
            ],
            [
              -111.186502109,
              25.9779125349152
            ],
            [
              -111.185517881938,
              25.978662074422
            ],
            [
              -111.184533658232,
              25.9790664090687
            ],
            [
              -111.183892770002,
              25.9791617736481
            ],
            [
              -111.182687289529,
              25.9793677599388
            ],
            [
              -111.181519955576,
              25.9797377658561
            ],
            [
              -111.18062728754,
              25.9801173060059
            ],
            [
              -111.179108993256,
              25.9803118508423
            ],
            [
              -111.178284995605,
              25.9802870623088
            ],
            [
              -111.177331293693,
              25.980357634976
            ],
            [
              -111.175446770936,
              25.9813265083623
            ],
            [
              -111.174195504539,
              25.9824365110368
            ],
            [
              -111.172928982795,
              25.9831421855963
            ],
            [
              -111.172394907074,
              25.9834721357451
            ],
            [
              -111.170769795267,
              25.9840214212499
            ],
            [
              -111.170167054177,
              25.9842369392768
            ],
            [
              -111.169526166174,
              25.9843323034387
            ],
            [
              -111.167870539726,
              25.9844867969641
            ],
            [
              -111.167542461933,
              25.9849864872021
            ],
            [
              -111.166962600315,
              25.9862166392484
            ],
            [
              -111.167229619042,
              25.9881124016347
            ],
            [
              -111.167313542011,
              25.98840611105
            ],
            [
              -111.167595827042,
              25.9895370832393
            ],
            [
              -111.168152776118,
              25.9908664033817
            ],
            [
              -111.168221437234,
              25.9914461939204
            ],
            [
              -111.167939131293,
              25.9925809836372
            ],
            [
              -111.167862828685,
              25.9932904650219
            ],
            [
              -111.16764919461,
              25.9938416489855
            ],
            [
              -111.167321116909,
              25.994341338982
            ],
            [
              -111.167443176208,
              25.9959109694411
            ],
            [
              -111.167511837352,
              25.9964907598912
            ],
            [
              -111.167984854413,
              25.9985162107316
            ],
            [
              -111.16791618041,
              25.9993401243273
            ],
            [
              -111.167702546384,
              25.9998913081531
            ],
            [
              -111.167404986345,
              26.0004806365389
            ],
            [
              -111.167076908707,
              26.0009803263643
            ],
            [
              -111.166870901128,
              26.0018805288497
            ],
            [
              -111.167404967693,
              26.0025251617576
            ],
            [
              -111.167733036243,
              26.0030210336627
            ],
            [
              -111.168038216531,
              26.003455875087
            ],
            [
              -111.168358647326,
              26.0048462267646
            ],
            [
              -111.16835863537,
              26.0061602918305
            ],
            [
              -111.168358624832,
              26.0073198731529
            ],
            [
              -111.168259435056,
              26.0078596129827
            ],
            [
              -111.168045801058,
              26.0084146110352
            ],
            [
              -111.168923191572,
              26.0099747010527
            ],
            [
              -111.169228369091,
              26.0107146954123
            ],
            [
              -111.169510654218,
              26.011849481508
            ],
            [
              -111.169449606913,
              26.0130052485741
            ],
            [
              -111.169449596429,
              26.0141648297046
            ],
            [
              -111.169235962467,
              26.0147198276421
            ],
            [
              -111.169235954257,
              26.0156295647645
            ],
            [
              -111.1697547596,
              26.0164954335813
            ],
            [
              -111.169754751948,
              26.0173441400919
            ],
            [
              -111.169747114147,
              26.0182538771974
            ],
            [
              -111.170807621223,
              26.0191445370315
            ],
            [
              -111.171135689737,
              26.0196442232942
            ],
            [
              -111.171738423174,
              26.020239268499
            ],
            [
              -111.172280115627,
              26.0212939505426
            ],
            [
              -111.172508991083,
              26.0227033743136
            ],
            [
              -111.172440319422,
              26.0232831651058
            ],
            [
              -111.17302015342,
              26.0250587705815
            ],
            [
              -111.173027770622,
              26.0264395872196
            ],
            [
              -111.17329479176,
              26.0281141121994
            ],
            [
              -111.173783079556,
              26.0288827136289
            ],
            [
              -111.174980911317,
              26.0306831097768
            ],
            [
              -111.17526319651,
              26.0318178955507
            ],
            [
              -111.175644663063,
              26.0333436578972
            ],
            [
              -111.176491541577,
              26.0341885458778
            ],
            [
              -111.177033234039,
              26.0352432278159
            ],
            [
              -111.177544403646,
              26.0367937831974
            ],
            [
              -111.178322615051,
              26.037713052496
            ],
            [
              -111.178704086405,
              26.0387028901715
            ],
            [
              -111.178704076038,
              26.0398624707858
            ],
            [
              -111.179093177717,
              26.040772205795
            ],
            [
              -111.179337322985,
              26.0410029765017
            ],
            [
              -111.180077389892,
              26.0415274545571
            ],
            [
              -111.180588568183,
              26.042107242576
            ],
            [
              -111.181496478061,
              26.0435624358864
            ],
            [
              -111.182480690288,
              26.0443119630494
            ],
            [
              -111.182808758795,
              26.0448116492808
            ],
            [
              -111.183091044,
              26.0459464349383
            ],
            [
              -111.183022372366,
              26.0465281327169
            ],
            [
              -111.18280873855,
              26.0470774086351
            ],
            [
              -111.182320438372,
              26.047697252303
            ],
            [
              -111.181992360957,
              26.0481969413526
            ],
            [
              -111.180100210467,
              26.0491867886191
            ],
            [
              -111.178192810484,
              26.0490914364187
            ],
            [
              -111.177323039962,
              26.0486127317461
            ],
            [
              -111.177124671783,
              26.0484429913827
            ],
            [
              -111.176430383874,
              26.0477678439257
            ],
            [
              -111.175720834549,
              26.0473425403093
            ],
            [
              -111.175148616716,
              26.0470717196737
            ],
            [
              -111.174492474566,
              26.0466521374472
            ],
            [
              -111.173889737617,
              26.0464614195179
            ],
            [
              -111.173317519773,
              26.0461925060824
            ],
            [
              -111.172821598936,
              26.0458129744811
            ],
            [
              -111.172424863693,
              26.0453476182769
            ],
            [
              -111.171272802043,
              26.0443978353151
            ],
            [
              -111.170700584222,
              26.0441270146768
            ],
            [
              -111.170052070812,
              26.0438066070417
            ],
            [
              -111.168846599786,
              26.0431028536515
            ],
            [
              -111.168350678954,
              26.0427233220557
            ],
            [
              -111.16696972986,
              26.0417029734928
            ],
            [
              -111.166351733415,
              26.0415484924912
            ],
            [
              -111.165779515609,
              26.0412776718456
            ],
            [
              -111.164497748465,
              26.0405872691907
            ],
            [
              -111.163879752083,
              26.0404270665639
            ],
            [
              -111.16267427934,
              26.039923569586
            ],
            [
              -111.162102061281,
              26.0396832641944
            ],
            [
              -111.161003397234,
              26.0398377521385
            ],
            [
              -111.159462218698,
              26.0397176044425
            ],
            [
              -111.158226226353,
              26.0393571478136
            ],
            [
              -111.157654008567,
              26.0390882343361
            ],
            [
              -111.156654532066,
              26.0389375691691
            ],
            [
              -111.156028906646,
              26.0387182431904
            ],
            [
              -111.155410910317,
              26.0385580404931
            ],
            [
              -111.15483869256,
              26.0382872197996
            ],
            [
              -111.153938399552,
              26.0382929449059
            ],
            [
              -111.152870253565,
              26.038502741418
            ],
            [
              -111.151641888219,
              26.0384531588212
            ],
            [
              -111.151001000915,
              26.0385485214287
            ],
            [
              -111.149940485112,
              26.0386972872959
            ],
            [
              -111.149803151477,
              26.0387926479805
            ],
            [
              -111.148796036099,
              26.0397329029705
            ],
            [
              -111.148483220199,
              26.0399980053777
            ],
            [
              -111.148155143857,
              26.0404080552757
            ],
            [
              -111.147704993785,
              26.0408333632284
            ],
            [
              -111.147315876716,
              26.0417030492636
            ],
            [
              -111.147071719844,
              26.0428321143506
            ],
            [
              -111.146858086295,
              26.0433871111847
            ],
            [
              -111.146530009256,
              26.0438829851145
            ],
            [
              -111.146179043864,
              26.0443273646276
            ],
            [
              -111.146179033968,
              26.0454869439754
            ],
            [
              -111.145950138935,
              26.0463127635862
            ],
            [
              -111.145614432212,
              26.046821987876
            ],
            [
              -111.145286355208,
              26.0473178617018
            ],
            [
              -111.145019310175,
              26.0483820816947
            ],
            [
              -111.144935377694,
              26.0491926430881
            ],
            [
              -111.1447217442,
              26.0497476397471
            ],
            [
              -111.144393667192,
              26.0502473278936
            ],
            [
              -111.144225813681,
              26.0505219656049
            ],
            [
              -111.143706996368,
              26.0510617055943
            ],
            [
              -111.143256846473,
              26.051481291582
            ],
            [
              -111.142593066802,
              26.0520210319797
            ],
            [
              -111.142104763135,
              26.0531272108573
            ],
            [
              -111.141967418884,
              26.0544870464675
            ],
            [
              -111.141753785445,
              26.0550420429579
            ],
            [
              -111.1414257085,
              26.0555417309224
            ],
            [
              -111.141151033357,
              26.0566822385942
            ],
            [
              -111.141151023603,
              26.0578418174128
            ],
            [
              -111.141135763236,
              26.0579810432025
            ],
            [
              -111.14063219699,
              26.0595010846233
            ],
            [
              -111.140418563588,
              26.0600560809865
            ],
            [
              -111.140090486687,
              26.0605557688131
            ],
            [
              -111.139968409556,
              26.0609810751617
            ],
            [
              -111.139640332663,
              26.0614807629585
            ],
            [
              -111.139083363284,
              26.0625259110594
            ],
            [
              -111.138778168763,
              26.0637961081817
            ],
            [
              -111.138518757814,
              26.0643511045482
            ],
            [
              -111.137771049602,
              26.0652703777032
            ],
            [
              -111.137389565067,
              26.0658310959486
            ],
            [
              -111.136725783955,
              26.0665710918446
            ],
            [
              -111.135878893992,
              26.06713562565
            ],
            [
              -111.134894669774,
              26.0678851582709
            ],
            [
              -111.134291929844,
              26.0681006735382
            ],
            [
              -111.133651042935,
              26.0681960352153
            ],
            [
              -111.132308231216,
              26.0685259843544
            ],
            [
              -111.131858081559,
              26.0689455696834
            ],
            [
              -111.131324007092,
              26.0692755167535
            ],
            [
              -111.130423709986,
              26.0698514935972
            ],
            [
              -111.129820970134,
              26.0700651015288
            ],
            [
              -111.129180083283,
              26.0701604630854
            ],
            [
              -111.128455271716,
              26.0701547431856
            ],
            [
              -111.12780675635,
              26.0701204150852
            ],
            [
              -111.127188760361,
              26.0699659332624
            ],
            [
              -111.126616542904,
              26.0696951120891
            ],
            [
              -111.126120622299,
              26.0693155803014
            ],
            [
              -111.12543396074,
              26.0690657385967
            ],
            [
              -111.12508299942,
              26.0690562033978
            ],
            [
              -111.123892786,
              26.0686309003774
            ],
            [
              -111.123602863714,
              26.0683448209498
            ],
            [
              -111.123106943116,
              26.0679652891625
            ],
            [
              -111.122710207962,
              26.0674999331257
            ],
            [
              -111.122443176413,
              26.0669754535769
            ],
            [
              -111.122305848394,
              26.0664013865153
            ],
            [
              -111.121993039771,
              26.0658158766498
            ],
            [
              -111.121726008268,
              26.0652856754958
            ],
            [
              -111.121550532145,
              26.0647268661195
            ],
            [
              -111.120810462491,
              26.0645914565862
            ],
            [
              -111.119147214347,
              26.0641451754619
            ],
            [
              -111.11884966066,
              26.0640803313202
            ],
            [
              -111.117544998001,
              26.0643111055146
            ],
            [
              -111.116469225347,
              26.0642805926948
            ],
            [
              -111.115568935625,
              26.0639754426151
            ],
            [
              -111.114859386588,
              26.0635711176947
            ],
            [
              -111.114363466006,
              26.0631915859118
            ],
            [
              -111.113966730854,
              26.0627262298982
            ],
            [
              -111.11331058643,
              26.0626365929137
            ],
            [
              -111.110068011971,
              26.0622360878018
            ],
            [
              -111.109419496724,
              26.0622017595595
            ],
            [
              -111.108801500846,
              26.0620453704387
            ],
            [
              -111.108229283446,
              26.0617764564139
            ],
            [
              -111.107336627736,
              26.0609315686301
            ],
            [
              -111.106932268117,
              26.0598311150216
            ],
            [
              -111.106932272794,
              26.0592513261865
            ],
            [
              -111.106825466783,
              26.0582214383322
            ],
            [
              -111.106688138686,
              26.0576511857722
            ],
            [
              -111.106627111661,
              26.056445835368
            ],
            [
              -111.105772604133,
              26.0555723395189
            ],
            [
              -111.105154608248,
              26.0554159504433
            ],
            [
              -111.104406910292,
              26.0551317792301
            ],
            [
              -111.103544767551,
              26.0549563186669
            ],
            [
              -111.103224322338,
              26.0552366777705
            ],
            [
              -111.10314039338,
              26.055661983573
            ],
            [
              -111.102812316815,
              26.0561616706831
            ],
            [
              -111.102209569849,
              26.0572869199403
            ],
            [
              -111.101881493301,
              26.0577866069969
            ],
            [
              -111.101431343854,
              26.0582119134846
            ],
            [
              -111.100897269648,
              26.0585418601263
            ],
            [
              -111.100134308039,
              26.0588222200019
            ],
            [
              -111.09953156844,
              26.0590358275492
            ],
            [
              -111.098890681826,
              26.05913118877
            ],
            [
              -111.098173499971,
              26.0591407261361
            ],
            [
              -111.098066683426,
              26.0594210846913
            ],
            [
              -111.097891195991,
              26.0602716960631
            ],
            [
              -111.097784379419,
              26.060555869004
            ],
            [
              -111.097456302958,
              26.0610517415004
            ],
            [
              -111.097006153575,
              26.0614770478181
            ],
            [
              -111.096472079436,
              26.0618069942923
            ],
            [
              -111.095869339894,
              26.062020601703
            ],
            [
              -111.095083489799,
              26.062276167803
            ],
            [
              -111.094549415685,
              26.0626061142183
            ],
            [
              -111.093832229495,
              26.0631706464388
            ],
            [
              -111.093229489974,
              26.0633861609672
            ],
            [
              -111.09258860345,
              26.0634815219913
            ],
            [
              -111.091322092626,
              26.0632908041447
            ],
            [
              -111.090574394754,
              26.0630161686771
            ],
            [
              -111.089552033662,
              26.062476432969
            ],
            [
              -111.089079000484,
              26.0622818994172
            ],
            [
              -111.088476261023,
              26.0624955066692
            ],
            [
              -111.087759075781,
              26.0629513283561
            ],
            [
              -111.087156336322,
              26.0631668427669
            ],
            [
              -111.086629890913,
              26.0636207569109
            ],
            [
              -111.085874555754,
              26.0643302360146
            ],
            [
              -111.085187889168,
              26.0647555423481
            ],
            [
              -111.084722482947,
              26.0649004901211
            ],
            [
              -111.084188408957,
              26.0652304362581
            ],
            [
              -111.083974776046,
              26.0657854313785
            ],
            [
              -111.083639069005,
              26.0664262505901
            ],
            [
              -111.081518028517,
              26.0682361847936
            ],
            [
              -111.081067879332,
              26.0686614906088
            ],
            [
              -111.0805338054,
              26.0689914365885
            ],
            [
              -111.079931066065,
              26.0692050435334
            ],
            [
              -111.079290179707,
              26.0693004042122
            ],
            [
              -111.077687965339,
              26.0693461788319
            ],
            [
              -111.07717678072,
              26.0696112799618
            ],
            [
              -111.076520630246,
              26.0703455519788
            ],
            [
              -111.076070481165,
              26.0707651360479
            ],
            [
              -111.07533803628,
              26.0713105954633
            ],
            [
              -111.074803962419,
              26.071640541267
            ],
            [
              -111.074102034914,
              26.0723156900455
            ],
            [
              -111.073331440807,
              26.0730308899985
            ],
            [
              -111.072194627728,
              26.0735763496279
            ],
            [
              -111.070905226642,
              26.0736354739055
            ],
            [
              -111.070127009683,
              26.0734848059616
            ],
            [
              -111.069554792554,
              26.0732158915789
            ],
            [
              -111.069058872172,
              26.0728363596658
            ],
            [
              -111.068036513141,
              26.0720658526813
            ],
            [
              -111.067906806631,
              26.0725197658268
            ],
            [
              -111.067693173894,
              26.0730709461101
            ],
            [
              -111.066914948696,
              26.0739959375384
            ],
            [
              -111.066426650402,
              26.07459479792
            ],
            [
              -111.066136722334,
              26.0750754118901
            ],
            [
              -111.065808646179,
              26.0755750978472
            ],
            [
              -111.065358497222,
              26.075994681583
            ],
            [
              -111.06434375737,
              26.076589727823
            ],
            [
              -111.063741018224,
              26.0768052414982
            ],
            [
              -111.063100132062,
              26.0769006017566
            ],
            [
              -111.061963323321,
              26.0769101384219
            ],
            [
              -111.061055405025,
              26.0765554002784
            ],
            [
              -111.060483187976,
              26.0762845786129
            ],
            [
              -111.060147486852,
              26.0761854045523
            ],
            [
              -111.059651566517,
              26.0758058726075
            ],
            [
              -111.058743648352,
              26.0754358768759
            ],
            [
              -111.058034099975,
              26.0750010363327
            ],
            [
              -111.057011744397,
              26.0737899667627
            ],
            [
              -111.056523462511,
              26.0722451374101
            ],
            [
              -111.056660803841,
              26.0710950974679
            ],
            [
              -111.057278808086,
              26.0700957257598
            ],
            [
              -111.057843402381,
              26.0694701646927
            ],
            [
              -111.058789476328,
              26.0688159953624
            ],
            [
              -111.059285402476,
              26.0684364627297
            ],
            [
              -111.060307773583,
              26.0676201814621
            ],
            [
              -111.060735035856,
              26.0669259612394
            ],
            [
              -111.061398817698,
              26.0659304035723
            ],
            [
              -111.062466965122,
              26.0652819554555
            ],
            [
              -111.062802668358,
              26.065110307365
            ],
            [
              -111.063420666265,
              26.0649558237898
            ],
            [
              -111.063992885648,
              26.0649310296902
            ],
            [
              -111.064331736971,
              26.0649150854666
            ]
          ],
          [
            [
              -111.239379979343,
              25.8816336069616
            ],
            [
              -111.23938674424,
              25.8849887938756
            ],
            [
              -111.235167342928,
              25.8850069534047
            ],
            [
              -111.235160674962,
              25.8816405065187
            ],
            [
              -111.239379979343,
              25.8816336069616
            ]
          ],
          [
            [
              -111.196110941805,
              25.7944957435204
            ],
            [
              -111.201715193338,
              25.8001554233062
            ],
            [
              -111.19647577339,
              25.8042947339975
            ],
            [
              -111.191046169768,
              25.7987924503707
            ],
            [
              -111.196110941805,
              25.7944957435204
            ]
          ],
          [
            [
              -111.049812403829,
              25.7871420033332
            ],
            [
              -111.05892221401,
              25.787138598837
            ],
            [
              -111.058909434742,
              25.797856998915
            ],
            [
              -111.049798805438,
              25.7978604038981
            ],
            [
              -111.049812403829,
              25.7871420033332
            ]
          ],
          [
            [
              -111.263486904101,
              25.8181766016333
            ],
            [
              -111.262884158997,
              25.8183921268643
            ],
            [
              -111.262090673306,
              25.8185676030952
            ],
            [
              -111.261678671974,
              25.8185981246564
            ],
            [
              -111.261289560303,
              25.8185771507953
            ],
            [
              -111.261030152461,
              25.8185676184112
            ],
            [
              -111.25979415368,
              25.8182872740964
            ],
            [
              -111.259069341464,
              25.8179878501542
            ],
            [
              -111.258283493699,
              25.8175720863438
            ],
            [
              -111.257787571979,
              25.817192555645
            ],
            [
              -111.257123806602,
              25.8161969935981
            ],
            [
              -111.257123807847,
              25.8161073540094
            ],
            [
              -111.256925447468,
              25.8153578173159
            ],
            [
              -111.256711822733,
              25.8149725608742
            ],
            [
              -111.255994632227,
              25.8152433971976
            ],
            [
              -111.254705221157,
              25.8153082613721
            ],
            [
              -111.253675223751,
              25.8149630683747
            ],
            [
              -111.253103004067,
              25.814692250596
            ],
            [
              -111.251859386661,
              25.8136185006458
            ],
            [
              -111.251088807233,
              25.8125485583735
            ],
            [
              -111.250821776964,
              25.8120183536026
            ],
            [
              -111.250158019502,
              25.8104487167698
            ],
            [
              -111.250020694969,
              25.8097926332453
            ],
            [
              -111.249997818659,
              25.8088828870833
            ],
            [
              -111.249860493003,
              25.8083088142181
            ],
            [
              -111.249860503643,
              25.8075440168092
            ],
            [
              -111.249997845226,
              25.8069737543894
            ],
            [
              -111.250264890258,
              25.8064435418024
            ],
            [
              -111.250402230535,
              25.8059686406216
            ],
            [
              -111.25026490486,
              25.8053983821415
            ],
            [
              -111.250158097485,
              25.8048491026903
            ],
            [
              -111.249799512477,
              25.8042483318092
            ],
            [
              -111.249028928949,
              25.8034740093938
            ],
            [
              -111.248632193808,
              25.8030086520955
            ],
            [
              -111.248365163579,
              25.8024784472238
            ],
            [
              -111.248212575735,
              25.8021141693221
            ],
            [
              -111.247579317386,
              25.8019444354798
            ],
            [
              -111.246930797798,
              25.8019139293343
            ],
            [
              -111.246625611912,
              25.8019139337847
            ],
            [
              -111.246094378951,
              25.8017762275815
            ],
            [
              -111.246007612735,
              25.8017537358284
            ],
            [
              -111.245740577592,
              25.8015744605009
            ],
            [
              -111.245061544729,
              25.8011644168616
            ],
            [
              -111.244672436085,
              25.8009241120877
            ],
            [
              -111.244275700932,
              25.8004587547941
            ],
            [
              -111.244115482097,
              25.8001898383033
            ],
            [
              -111.243848451796,
              25.7996634478956
            ],
            [
              -111.243764531882,
              25.799219065521
            ],
            [
              -111.243711129948,
              25.7988185488878
            ],
            [
              -111.24371113811,
              25.7982349377888
            ],
            [
              -111.243802701515,
              25.7976894698516
            ],
            [
              -111.243940043164,
              25.7971192072882
            ],
            [
              -111.244207088274,
              25.7965889945434
            ],
            [
              -111.244309875579,
              25.7962749662446
            ],
            [
              -111.244481767395,
              25.7957498110329
            ],
            [
              -111.244748812543,
              25.7952195982255
            ],
            [
              -111.245237120686,
              25.7944643294178
            ],
            [
              -111.245404977828,
              25.79411911897
            ],
            [
              -111.245397353115,
              25.7937700966646
            ],
            [
              -111.245191353819,
              25.7936842745374
            ],
            [
              -111.244741206473,
              25.7935488681476
            ],
            [
              -111.24416898664,
              25.7932799577236
            ],
            [
              -111.243282262851,
              25.7931067993119
            ],
            [
              -111.243192394343,
              25.7930892495614
            ],
            [
              -111.242574395012,
              25.7929347733779
            ],
            [
              -111.242002175212,
              25.7926639557141
            ],
            [
              -111.241506253426,
              25.7922844250285
            ],
            [
              -111.241063737833,
              25.792000254863
            ],
            [
              -111.240567816072,
              25.7916188169503
            ],
            [
              -111.240354189654,
              25.7913537156657
            ],
            [
              -111.239904050666,
              25.7906251619078
            ],
            [
              -111.239514958409,
              25.7892195419113
            ],
            [
              -111.239568378145,
              25.7883555675824
            ],
            [
              -111.239919356637,
              25.7873199383985
            ],
            [
              -111.240392411676,
              25.7861355436295
            ],
            [
              -111.240831924922,
              25.7855515951003
            ],
            [
              -111.2409493866,
              25.785395531321
            ],
            [
              -111.241666587014,
              25.7844590721632
            ],
            [
              -111.242421931705,
              25.7838048819155
            ],
            [
              -111.243192532243,
              25.7833948164276
            ],
            [
              -111.243467201595,
              25.7832593991345
            ],
            [
              -111.243932619588,
              25.7826109348219
            ],
            [
              -111.24412336453,
              25.7823553634677
            ],
            [
              -111.244054701574,
              25.7820845382444
            ],
            [
              -111.243657966416,
              25.7816210880691
            ],
            [
              -111.243390936225,
              25.7810946974124
            ],
            [
              -111.243253610787,
              25.780520624086
            ],
            [
              -111.243207841549,
              25.7799198481654
            ],
            [
              -111.243253630502,
              25.7791550492657
            ],
            [
              -111.243390972471,
              25.7785847861373
            ],
            [
              -111.243566464148,
              25.7779153465654
            ],
            [
              -111.24299424422,
              25.7776445290548
            ],
            [
              -111.241910844944,
              25.7768702113262
            ],
            [
              -111.241109739728,
              25.776305684286
            ],
            [
              -111.240560412864,
              25.7757506895116
            ],
            [
              -111.240133163319,
              25.7749954339617
            ],
            [
              -111.239827985879,
              25.7744003836447
            ],
            [
              -111.239690660415,
              25.7738301246939
            ],
            [
              -111.239393120241,
              25.7727105866222
            ],
            [
              -111.239187125015,
              25.7723405876216
            ],
            [
              -111.238981133641,
              25.7717054839558
            ],
            [
              -111.238843808252,
              25.771131410507
            ],
            [
              -111.238843816688,
              25.7705516132338
            ],
            [
              -111.239019309692,
              25.7697963482441
            ],
            [
              -111.239217694518,
              25.7688465455967
            ],
            [
              -111.239400817812,
              25.7680512286115
            ],
            [
              -111.239728908788,
              25.7669660106153
            ],
            [
              -111.240095149403,
              25.7657911521968
            ],
            [
              -111.24023249156,
              25.7652208887274
            ],
            [
              -111.240736065722,
              25.764067007499
            ],
            [
              -111.241224373134,
              25.7634204492398
            ],
            [
              -111.242002608062,
              25.7627319272771
            ],
            [
              -111.24257483616,
              25.7624610916541
            ],
            [
              -111.243581954787,
              25.7621768984437
            ],
            [
              -111.244627219051,
              25.7620719840944
            ],
            [
              -111.245634333443,
              25.7620757823744
            ],
            [
              -111.246877962565,
              25.7623866407143
            ],
            [
              -111.247900326176,
              25.7630655978438
            ],
            [
              -111.248770093877,
              25.7639314658956
            ],
            [
              -111.249151567193,
              25.7645608453896
            ],
            [
              -111.249700888119,
              25.7655106366769
            ],
            [
              -111.249876364411,
              25.7658958941415
            ],
            [
              -111.250089993321,
              25.7659912521631
            ],
            [
              -111.250540136675,
              25.7664108353343
            ],
            [
              -111.250868204351,
              25.7669105240906
            ],
            [
              -111.251181008519,
              25.7676905757644
            ],
            [
              -111.251249670332,
              25.7680300614344
            ],
            [
              -111.251699813597,
              25.7684553662893
            ],
            [
              -111.252066032971,
              25.768726186938
            ],
            [
              -111.252394100646,
              25.7692258756822
            ],
            [
              -111.252607722676,
              25.7697808758984
            ],
            [
              -111.252813718787,
              25.7700860292357
            ],
            [
              -111.253424082113,
              25.7706906110447
            ],
            [
              -111.253942891151,
              25.7711902967258
            ],
            [
              -111.254270958825,
              25.7716899854593
            ],
            [
              -111.254576136026,
              25.7722907576887
            ],
            [
              -111.254904203701,
              25.7727904464157
            ],
            [
              -111.255110198245,
              25.7732004973333
            ],
            [
              -111.255560341584,
              25.7736200804938
            ],
            [
              -111.256453002992,
              25.7741655336894
            ],
            [
              -111.256903146329,
              25.7745851168492
            ],
            [
              -111.257231213999,
              25.7750848055712
            ],
            [
              -111.25744483603,
              25.7756398057534
            ],
            [
              -111.257994165893,
              25.7759907270903
            ],
            [
              -111.258596905387,
              25.7762043270958
            ],
            [
              -111.25897075477,
              25.776450353646
            ],
            [
              -111.259245418874,
              25.7766811239499
            ],
            [
              -111.259695562204,
              25.7771007071072
            ],
            [
              -111.259909187221,
              25.7774554482615
            ],
            [
              -111.260237251893,
              25.7781553960039
            ],
            [
              -111.260305910124,
              25.7787351924598
            ],
            [
              -111.260283014392,
              25.7791891132648
            ],
            [
              -111.260214338839,
              25.7797708191079
            ],
            [
              -111.260344036933,
              25.7801751495214
            ],
            [
              -111.261061215526,
              25.7807701934666
            ],
            [
              -111.261656318919,
              25.7814148272941
            ],
            [
              -111.26198438659,
              25.7819145159839
            ],
            [
              -111.26219800869,
              25.7824657016575
            ],
            [
              -111.262419253871,
              25.7834593642206
            ],
            [
              -111.262251386866,
              25.7844454039821
            ],
            [
              -111.261969078601,
              25.7851949491757
            ],
            [
              -111.261793581953,
              25.786184803403
            ],
            [
              -111.261480754687,
              25.7869648646273
            ],
            [
              -111.261106892084,
              25.7876190497041
            ],
            [
              -111.261038216689,
              25.7881988480903
            ],
            [
              -111.260824578279,
              25.7887538547512
            ],
            [
              -111.261022944671,
              25.7890647298139
            ],
            [
              -111.261747749219,
              25.7899096204973
            ],
            [
              -111.262190259215,
              25.7905790506013
            ],
            [
              -111.262403881332,
              25.7911340505851
            ],
            [
              -111.262403877225,
              25.7914144130736
            ],
            [
              -111.262472535602,
              25.7919942092534
            ],
            [
              -111.262403860257,
              25.7925740075454
            ],
            [
              -111.262190221908,
              25.793129014098
            ],
            [
              -111.261869768595,
              25.7936744861338
            ],
            [
              -111.261938423511,
              25.7944945929149
            ],
            [
              -111.261869748216,
              25.7950743911208
            ],
            [
              -111.261663738858,
              25.7956789853688
            ],
            [
              -111.261450100584,
              25.7962339917958
            ],
            [
              -111.260771050473,
              25.7970083364276
            ],
            [
              -111.260191191536,
              25.7973897906867
            ],
            [
              -111.259886004179,
              25.7974832494536
            ],
            [
              -111.259435848115,
              25.7979486196858
            ],
            [
              -111.259542659974,
              25.7981736708535
            ],
            [
              -111.259977538132,
              25.7989994935494
            ],
            [
              -111.260183528774,
              25.7996879993582
            ],
            [
              -111.260183516251,
              25.8005596020424
            ],
            [
              -111.260252174777,
              25.8011393979605
            ],
            [
              -111.26018349962,
              25.8017191959322
            ],
            [
              -111.259969861492,
              25.8022742021151
            ],
            [
              -111.259695190412,
              25.8025335890613
            ],
            [
              -111.260023258182,
              25.8030332775202
            ],
            [
              -111.260229253557,
              25.8033937402633
            ],
            [
              -111.260442875803,
              25.8039487400016
            ],
            [
              -111.26054205604,
              25.8043130187905
            ],
            [
              -111.260610714608,
              25.8048928146275
            ],
            [
              -111.260664115652,
              25.8053486409599
            ],
            [
              -111.261289745359,
              25.8054535290785
            ],
            [
              -111.261892484545,
              25.8056690366697
            ],
            [
              -111.262632553492,
              25.8061591828255
            ],
            [
              -111.263082696786,
              25.8065787659336
            ],
            [
              -111.263830387972,
              25.8075876775895
            ],
            [
              -111.264044010273,
              25.8081388628555
            ],
            [
              -111.264219474957,
              25.8093480417963
            ],
            [
              -111.264150799869,
              25.8099278396298
            ],
            [
              -111.263967673945,
              25.8109386722746
            ],
            [
              -111.263754035924,
              25.8114936782599
            ],
            [
              -111.263776918571,
              25.8119380616143
            ],
            [
              -111.264104986357,
              25.8124377500141
            ],
            [
              -111.264471199196,
              25.8131624905272
            ],
            [
              -111.264845042387,
              25.8138376430431
            ],
            [
              -111.265058664676,
              25.8143926426725
            ],
            [
              -111.265127321184,
              25.8151231092159
            ],
            [
              -111.265195979829,
              25.8157029048924
            ],
            [
              -111.265127304826,
              25.8162827025689
            ],
            [
              -111.264913666885,
              25.8168377084114
            ],
            [
              -111.26458558503,
              25.8173374063531
            ],
            [
              -111.264135429964,
              25.8177570025671
            ],
            [
              -111.263601350058,
              25.8180869603683
            ],
            [
              -111.263486904101,
              25.8181766016333
            ]
          ],
          [
            [
              -111.283332448408,
              25.7637249071515
            ],
            [
              -111.283782591622,
              25.7641502120566
            ],
            [
              -111.284141177624,
              25.7646556222837
            ],
            [
              -111.284469245073,
              25.7651553113413
            ],
            [
              -111.284728639581,
              25.7660307262413
            ],
            [
              -111.284751514222,
              25.7669309392116
            ],
            [
              -111.284682838052,
              25.7675107388123
            ],
            [
              -111.284141115418,
              25.7685654471639
            ],
            [
              -111.283690958822,
              25.7689850457954
            ],
            [
              -111.283156877403,
              25.7693150059585
            ],
            [
              -111.282744872065,
              25.769549602446
            ],
            [
              -111.282142125548,
              25.769765129856
            ],
            [
              -111.280852712068,
              25.7698299976565
            ],
            [
              -111.280547527102,
              25.7697403629798
            ],
            [
              -111.279357306992,
              25.7693112561928
            ],
            [
              -111.278861385128,
              25.7689298183964
            ],
            [
              -111.27835020667,
              25.7683748228338
            ],
            [
              -111.277854288996,
              25.7677263726888
            ],
            [
              -111.277571998609,
              25.7672800854087
            ],
            [
              -111.27707607671,
              25.766900554843
            ],
            [
              -111.27667934173,
              25.7664351971936
            ],
            [
              -111.276412311979,
              25.7659049914811
            ],
            [
              -111.276274987072,
              25.7653347317034
            ],
            [
              -111.276221586685,
              25.7648750898965
            ],
            [
              -111.276221595814,
              25.7642952916019
            ],
            [
              -111.276465757531,
              25.7634961575171
            ],
            [
              -111.276732804007,
              25.7629659426238
            ],
            [
              -111.2771295537,
              25.7625005713489
            ],
            [
              -111.277625487639,
              25.762121023759
            ],
            [
              -111.278449495281,
              25.7618501826917
            ],
            [
              -111.279067500258,
              25.7616956862704
            ],
            [
              -111.279716021981,
              25.7616613449013
            ],
            [
              -111.280959651804,
              25.7619702949449
            ],
            [
              -111.281493722818,
              25.7623002368065
            ],
            [
              -111.281943866037,
              25.7627255417127
            ],
            [
              -111.282088824485,
              25.7630459541505
            ],
            [
              -111.282691564272,
              25.7632614609127
            ],
            [
              -111.282798377397,
              25.763394965292
            ],
            [
              -111.283332448408,
              25.7637249071515
            ]
          ],
          [
            [
              -111.248999243475,
              25.7468712897018
            ],
            [
              -111.249067901409,
              25.7474529939348
            ],
            [
              -111.24945699809,
              25.7484828919989
            ],
            [
              -111.24952565607,
              25.7490626889698
            ],
            [
              -111.249250966666,
              25.750472136939
            ],
            [
              -111.248617693076,
              25.7512522047179
            ],
            [
              -111.247633455761,
              25.7520017625399
            ],
            [
              -111.247030709533,
              25.7522172895154
            ],
            [
              -111.246389816867,
              25.7523126615988
            ],
            [
              -111.245329297054,
              25.752146750055
            ],
            [
              -111.244444261339,
              25.7518511439615
            ],
            [
              -111.243643155187,
              25.7513362050317
            ],
            [
              -111.24294123805,
              25.7505923968712
            ],
            [
              -111.242674208115,
              25.7500621913184
            ],
            [
              -111.242025699502,
              25.7492573509119
            ],
            [
              -111.241445859862,
              25.7483170960335
            ],
            [
              -111.241194088488,
              25.7478364781955
            ],
            [
              -111.240797353365,
              25.7473730278159
            ],
            [
              -111.240392998288,
              25.7462725626823
            ],
            [
              -111.240393012777,
              25.745322762019
            ],
            [
              -111.240797401467,
              25.7442222833966
            ],
            [
              -111.241690084426,
              25.7433773654279
            ],
            [
              -111.242720095298,
              25.7429234273322
            ],
            [
              -111.24333810006,
              25.7427670240642
            ],
            [
              -111.24462751146,
              25.7428280338115
            ],
            [
              -111.245764322242,
              25.7433715754936
            ],
            [
              -111.246222097503,
              25.7436481162696
            ],
            [
              -111.24667224089,
              25.7440676994895
            ],
            [
              -111.247000308493,
              25.7445673884584
            ],
            [
              -111.247473339615,
              25.7450670749874
            ],
            [
              -111.248007410634,
              25.7453970169435
            ],
            [
              -111.248457553928,
              25.745822321853
            ],
            [
              -111.248785621526,
              25.7463220108172
            ],
            [
              -111.248999243475,
              25.7468712897018
            ]
          ],
          [
            [
              -111.230703365633,
              25.7441881191817
            ],
            [
              -111.23022268702,
              25.7448728224218
            ],
            [
              -111.229665715166,
              25.7453381954498
            ],
            [
              -111.229215559203,
              25.7457577932058
            ],
            [
              -111.228681478386,
              25.7460877525051
            ],
            [
              -111.228105009333,
              25.7462938832278
            ],
            [
              -111.228078732395,
              25.7463032791234
            ],
            [
              -111.227437839961,
              25.7463967436593
            ],
            [
              -111.226789319697,
              25.746368145631
            ],
            [
              -111.2259195414,
              25.7462079523235
            ],
            [
              -111.225347321295,
              25.7459371349509
            ],
            [
              -111.224782730986,
              25.7456567813079
            ],
            [
              -111.224286809041,
              25.7452772506518
            ],
            [
              -111.223890073881,
              25.7448118930989
            ],
            [
              -111.223737484117,
              25.7445868425057
            ],
            [
              -111.223470453967,
              25.7440623587705
            ],
            [
              -111.223333128691,
              25.7434882849929
            ],
            [
              -111.223279732461,
              25.7427234869337
            ],
            [
              -111.223279744143,
              25.7419377084678
            ],
            [
              -111.223417086433,
              25.7413674446794
            ],
            [
              -111.22378332191,
              25.7405625879469
            ],
            [
              -111.224286888922,
              25.7399122145262
            ],
            [
              -111.224935417466,
              25.7393934375432
            ],
            [
              -111.225757086019,
              25.7390484237227
            ],
            [
              -111.225912019643,
              25.7389833672577
            ],
            [
              -111.226530024238,
              25.7388231498717
            ],
            [
              -111.22717854552,
              25.7387926235978
            ],
            [
              -111.228277213982,
              25.7389337406311
            ],
            [
              -111.228979138507,
              25.7391931124039
            ],
            [
              -111.229513209511,
              25.7395230544354
            ],
            [
              -111.229963352933,
              25.7399426376528
            ],
            [
              -111.23029142063,
              25.7404423265309
            ],
            [
              -111.230711039138,
              25.7412776863773
            ],
            [
              -111.230779697295,
              25.741857483147
            ],
            [
              -111.230917021823,
              25.7424735161487
            ],
            [
              -111.230917004356,
              25.7436331118608
            ],
            [
              -111.230703365633,
              25.7441881191817
            ]
          ],
          [
            [
              -111.01708180318,
              25.6968190409777
            ],
            [
              -111.016349138386,
              25.6966038485499
            ],
            [
              -111.015082621636,
              25.6964131400352
            ],
            [
              -111.014014480011,
              25.6957646969003
            ],
            [
              -111.013617744002,
              25.6952993396961
            ],
            [
              -111.012526717768,
              25.6942332158771
            ],
            [
              -111.012030799471,
              25.6934836841054
            ],
            [
              -111.011725622611,
              25.6926693048728
            ],
            [
              -111.011786667535,
              25.691904509445
            ],
            [
              -111.011862967819,
              25.6915192504065
            ],
            [
              -111.012130010388,
              25.690989040688
            ],
            [
              -111.012282607985,
              25.6905084198592
            ],
            [
              -111.012145280499,
              25.6899400700238
            ],
            [
              -111.012084248482,
              25.689453729789
            ],
            [
              -111.011702776422,
              25.6885344542056
            ],
            [
              -111.011588340194,
              25.6877391449967
            ],
            [
              -111.011702794284,
              25.6868141423886
            ],
            [
              -111.011725685522,
              25.6865890902539
            ],
            [
              -111.011885910657,
              25.6863144489322
            ],
            [
              -111.011809617294,
              25.6860302740563
            ],
            [
              -111.011542585686,
              25.6855000699219
            ],
            [
              -111.011405258247,
              25.6849298127711
            ],
            [
              -111.011390002901,
              25.6845540906855
            ],
            [
              -111.011122971294,
              25.6840238865326
            ],
            [
              -111.011000901393,
              25.6836195572983
            ],
            [
              -111.010863573961,
              25.6830493001152
            ],
            [
              -111.010863580023,
              25.6824695053308
            ],
            [
              -111.011000922682,
              25.6815845538696
            ],
            [
              -111.010688113443,
              25.681039092416
            ],
            [
              -111.010199828179,
              25.6799653329704
            ],
            [
              -111.009856505128,
              25.6789697679294
            ],
            [
              -111.009719177716,
              25.6783995106628
            ],
            [
              -111.009726815754,
              25.6776003853864
            ],
            [
              -111.009864155428,
              25.6770053312039
            ],
            [
              -111.009955723534,
              25.6758209464588
            ],
            [
              -111.009604769253,
              25.6749798662097
            ],
            [
              -111.009467441868,
              25.6744096088601
            ],
            [
              -111.009467448006,
              25.6738298138713
            ],
            [
              -111.009604787511,
              25.6732557389979
            ],
            [
              -111.009726867028,
              25.6727503242113
            ],
            [
              -111.009581908588,
              25.6723154795542
            ],
            [
              -111.00956665751,
              25.6715449626187
            ],
            [
              -111.009559032118,
              25.6711463535965
            ],
            [
              -111.009704003232,
              25.6703910925837
            ],
            [
              -111.009887127292,
              25.6691914486576
            ],
            [
              -111.010024466834,
              25.6686211880685
            ],
            [
              -111.010352549266,
              25.6678659248592
            ],
            [
              -111.010627219659,
              25.6675397869452
            ],
            [
              -111.010985816631,
              25.66716024587
            ],
            [
              -111.011519896174,
              25.6666948778152
            ],
            [
              -111.011855602744,
              25.666456471323
            ],
            [
              -111.012633829619,
              25.666090275908
            ],
            [
              -111.013129760112,
              25.6657107331529
            ],
            [
              -111.013618061962,
              25.6652415510503
            ],
            [
              -111.013770658186,
              25.6649211360804
            ],
            [
              -111.014434447471,
              25.6639255587296
            ],
            [
              -111.014960899939,
              25.6632408600159
            ],
            [
              -111.015357646195,
              25.6627754932703
            ],
            [
              -111.015937503545,
              25.6623311037848
            ],
            [
              -111.016334249839,
              25.6618657369766
            ],
            [
              -111.016929377288,
              25.6604467567732
            ],
            [
              -111.017326123643,
              25.6599813898665
            ],
            [
              -111.018127243923,
              25.6592413781035
            ],
            [
              -111.018737623965,
              25.6584403374201
            ],
            [
              -111.019134370379,
              25.6579768776076
            ],
            [
              -111.01978289504,
              25.6575019713958
            ],
            [
              -111.020370380666,
              25.6572006231336
            ],
            [
              -111.021278314084,
              25.6566417958887
            ],
            [
              -111.021850540136,
              25.6563709632992
            ],
            [
              -111.022224397696,
              25.6559113180412
            ],
            [
              -111.022354109676,
              25.6551961078695
            ],
            [
              -111.022087078269,
              25.6546659031571
            ],
            [
              -111.021827677281,
              25.6540670383173
            ],
            [
              -111.021690350218,
              25.6534967803168
            ],
            [
              -111.0216903568,
              25.6529169845024
            ],
            [
              -111.021827696817,
              25.6523467230965
            ],
            [
              -111.02224733574,
              25.6515857358579
            ],
            [
              -111.022644082374,
              25.6511222756878
            ],
            [
              -111.023140013426,
              25.6507408248627
            ],
            [
              -111.023063720439,
              25.6504413917351
            ],
            [
              -111.023201067175,
              25.6492913342663
            ],
            [
              -111.023468110732,
              25.6487611227782
            ],
            [
              -111.023864857452,
              25.6482976624667
            ],
            [
              -111.024360788594,
              25.6479162115007
            ],
            [
              -111.02465834515,
              25.6478723416134
            ],
            [
              -111.025848574299,
              25.6474470156938
            ],
            [
              -111.02693961252,
              25.6475061258286
            ],
            [
              -111.027328726279,
              25.6473363779589
            ],
            [
              -111.027824657495,
              25.6469568340725
            ],
            [
              -111.028732589421,
              25.6465810993462
            ],
            [
              -111.029350592341,
              25.6464266062849
            ],
            [
              -111.030090668162,
              25.6463922667656
            ],
            [
              -111.030823112312,
              25.6465314847364
            ],
            [
              -111.031425851626,
              25.6467469933371
            ],
            [
              -111.032020960826,
              25.6470025537415
            ],
            [
              -111.032623700165,
              25.6472161551064
            ],
            [
              -111.033157771338,
              25.6475460980389
            ],
            [
              -111.033607915302,
              25.6479714032704
            ],
            [
              -111.033997020222,
              25.6485569161327
            ],
            [
              -111.034210643695,
              25.6491119156604
            ],
            [
              -111.034401381906,
              25.6493560379156
            ],
            [
              -111.034409006354,
              25.6497966066264
            ],
            [
              -111.034477666314,
              25.650376401912
            ],
            [
              -111.035339808941,
              25.6509771664643
            ],
            [
              -111.036003584457,
              25.6512708704606
            ],
            [
              -111.036537655605,
              25.6516008133815
            ],
            [
              -111.037445581045,
              25.6517819879887
            ],
            [
              -111.038246693041,
              25.6518315654779
            ],
            [
              -111.038902839848,
              25.652047073344
            ],
            [
              -111.039436910997,
              25.6523770162463
            ],
            [
              -111.040009126987,
              25.6529911350818
            ],
            [
              -111.040337195734,
              25.6534908236125
            ],
            [
              -111.040871259989,
              25.6544005626983
            ],
            [
              -111.041161174859,
              25.6553770577673
            ],
            [
              -111.041168798762,
              25.6558614926123
            ],
            [
              -111.041519754538,
              25.6565213876471
            ],
            [
              -111.042145382507,
              25.6567559681587
            ],
            [
              -111.042648940755,
              25.6566052909544
            ],
            [
              -111.043266943712,
              25.6564507978055
            ],
            [
              -111.043640798154,
              25.6562905861262
            ],
            [
              -111.04478524394,
              25.6563554169035
            ],
            [
              -111.045586352899,
              25.656660562387
            ],
            [
              -111.04606701766,
              25.6568951447314
            ],
            [
              -111.046517161562,
              25.6573204499115
            ],
            [
              -111.046845230316,
              25.6578163239809
            ],
            [
              -111.047211450597,
              25.6580356500167
            ],
            [
              -111.047661594493,
              25.658460955191
            ],
            [
              -111.047989663195,
              25.6589606437023
            ],
            [
              -111.048271946485,
              25.6600916240459
            ],
            [
              -111.048203272769,
              25.6606714211039
            ],
            [
              -111.04837874956,
              25.6610910081524
            ],
            [
              -111.049225632577,
              25.6617108450383
            ],
            [
              -111.050186953972,
              25.662855167079
            ],
            [
              -111.050400577402,
              25.6634063520846
            ],
            [
              -111.050644712628,
              25.6645258894529
            ],
            [
              -111.050850702514,
              25.6654051170532
            ],
            [
              -111.051064325907,
              25.6659601164666
            ],
            [
              -111.051110091996,
              25.6669499650671
            ],
            [
              -111.051262671559,
              25.6680695034702
            ],
            [
              -111.051071918711,
              25.6690650766702
            ],
            [
              -111.050919312104,
              25.6702303922156
            ],
            [
              -111.05091929509,
              25.6716741603649
            ],
            [
              -111.05074380356,
              25.672505711958
            ],
            [
              -111.050743789955,
              25.6736653036879
            ],
            [
              -111.050530153507,
              25.6742203083107
            ],
            [
              -111.050202073108,
              25.6747200048734
            ],
            [
              -111.049812957358,
              25.6750690315552
            ],
            [
              -111.04982821506,
              25.6752044441968
            ],
            [
              -111.050156283778,
              25.6757041325178
            ],
            [
              -111.050369907243,
              25.6762591317279
            ],
            [
              -111.050438567254,
              25.676838926634
            ],
            [
              -111.050743746051,
              25.6774244402525
            ],
            [
              -111.051087071252,
              25.6781644384373
            ],
            [
              -111.051483804798,
              25.6788300542591
            ],
            [
              -111.051811873512,
              25.6793297425472
            ],
            [
              -111.05220859939,
              25.6806552574043
            ],
            [
              -111.052269626596,
              25.6815096923817
            ],
            [
              -111.052147539929,
              25.6825834601702
            ],
            [
              -111.05261293728,
              25.6835046428877
            ],
            [
              -111.053612404834,
              25.6848187068389
            ],
            [
              -111.054146469636,
              25.685678857564
            ],
            [
              -111.054497424308,
              25.6864341132955
            ],
            [
              -111.054947568164,
              25.6868536966815
            ],
            [
              -111.055725781403,
              25.6877138443888
            ],
            [
              -111.056198810753,
              25.6884290469359
            ],
            [
              -111.056839689444,
              25.6893788357514
            ],
            [
              -111.05729745951,
              25.6900940384673
            ],
            [
              -111.057938338082,
              25.69105336337
            ],
            [
              -111.058220621661,
              25.6921843426145
            ],
            [
              -111.058548690947,
              25.692632535794
            ],
            [
              -111.058998834752,
              25.6930540263768
            ],
            [
              -111.059738901954,
              25.6937234522867
            ],
            [
              -111.060066970639,
              25.6942231404522
            ],
            [
              -111.060280596419,
              25.6945778811379
            ],
            [
              -111.060494219891,
              25.6951328801242
            ],
            [
              -111.060570505508,
              25.6960674179202
            ],
            [
              -111.06053997976,
              25.6966929870448
            ],
            [
              -111.060715457924,
              25.6969981404063
            ],
            [
              -111.061020637409,
              25.6975226226995
            ],
            [
              -111.061348706092,
              25.6980223108293
            ],
            [
              -111.061630989656,
              25.6991571043238
            ],
            [
              -111.061531801371,
              25.6994183948811
            ],
            [
              -111.061463127991,
              25.6999981910681
            ],
            [
              -111.061249491796,
              25.7005531950949
            ],
            [
              -111.061486002896,
              25.7012226269975
            ],
            [
              -111.061829328961,
              25.7018882431687
            ],
            [
              -111.062027695123,
              25.7022734995203
            ],
            [
              -111.062348130687,
              25.7030783431101
            ],
            [
              -111.063004270337,
              25.7038774610182
            ],
            [
              -111.063294190594,
              25.7043981289768
            ],
            [
              -111.063484923486,
              25.7051018913521
            ],
            [
              -111.063515434557,
              25.7057579750868
            ],
            [
              -111.063294164753,
              25.7066677221941
            ],
            [
              -111.063141563584,
              25.7074115402092
            ],
            [
              -111.062927927527,
              25.7079627295934
            ],
            [
              -111.06289740814,
              25.7080371115699
            ],
            [
              -111.062569328143,
              25.7085368073078
            ],
            [
              -111.062119174894,
              25.7089564011754
            ],
            [
              -111.061585096661,
              25.7092882638411
            ],
            [
              -111.060982353057,
              25.7095018795976
            ],
            [
              -111.060341462619,
              25.709597248095
            ],
            [
              -111.060169946153,
              25.7095881709781
            ],
            [
              -111.060081367241,
              25.7744235866417
            ],
            [
              -111.017256393547,
              25.7653189247411
            ],
            [
              -111.01708180318,
              25.6968190409777
            ]
          ]
        ]
      },
      "properties": {
        "ZONIF": "Aprovechamiento Sustentable de los Recursos Naturales"
      }
    },
    {
      "type": "Feature",
      "geometry": {
        "type": "Polygon",
        "coordinates": [
          [
            [
              -111.196110941805,
              25.7944957435204
            ],
            [
              -111.191046169768,
              25.7987924503707
            ],
            [
              -111.19647577339,
              25.8042947339975
            ],
            [
              -111.201715193338,
              25.8001554233062
            ],
            [
              -111.196110941805,
              25.7944957435204
            ]
          ]
        ]
      },
      "properties": {
        "ZONIF": "Zona de Uso Restringido Marina IV"
      }
    },
    {
      "type": "Feature",
      "geometry": {
        "type": "Polygon",
        "coordinates": [
          [
            [
              -111.060173615827,
              25.7069018289085
            ],
            [
              -111.059815048357,
              25.7068775574704
            ],
            [
              -111.059364901935,
              25.7066925623201
            ],
            [
              -111.058754530977,
              25.7067021055608
            ],
            [
              -111.058052602925,
              25.7068432480859
            ],
            [
              -111.056480895832,
              25.7070416173006
            ],
            [
              -111.05631304256,
              25.7071579597012
            ],
            [
              -111.056198597927,
              25.7071674971292
            ],
            [
              -111.056190970805,
              25.7069424451894
            ],
            [
              -111.056068897027,
              25.7069081166329
            ],
            [
              -111.055962082029,
              25.7069176539727
            ],
            [
              -111.055962082987,
              25.7068318290467
            ],
            [
              -111.056015491541,
              25.7067326529575
            ],
            [
              -111.056068899541,
              25.7066830646031
            ],
            [
              -111.056061270864,
              25.7065972397643
            ],
            [
              -111.055946827232,
              25.7065171378254
            ],
            [
              -111.055778975535,
              25.7064923459027
            ],
            [
              -111.055756091104,
              25.7060918298388
            ],
            [
              -111.055588239897,
              25.7060231718429
            ],
            [
              -111.055244906441,
              25.7060117324987
            ],
            [
              -111.055016017706,
              25.7059831268406
            ],
            [
              -111.054680314889,
              25.705882048035
            ],
            [
              -111.054069944531,
              25.7058420034592
            ],
            [
              -111.053787647803,
              25.7058629861442
            ],
            [
              -111.052688980444,
              25.7058572771404
            ],
            [
              -111.051918388267,
              25.7057733682961
            ],
            [
              -111.050819722656,
              25.7056131743781
            ],
            [
              -111.049850758427,
              25.7056723092813
            ],
            [
              -111.049576091969,
              25.7056379824495
            ],
            [
              -111.049255647117,
              25.7056570583039
            ],
            [
              -111.049042016686,
              25.7057180917834
            ],
            [
              -111.048607128312,
              25.7056475295827
            ],
            [
              -111.047210904503,
              25.7057181125657
            ],
            [
              -111.047104088583,
              25.7058134747784
            ],
            [
              -111.047004902757,
              25.705866878062
            ],
            [
              -111.047050678534,
              25.7060518778901
            ],
            [
              -111.047058302574,
              25.7065630127718
            ],
            [
              -111.046852302358,
              25.7065725511953
            ],
            [
              -111.046692080968,
              25.7064886353221
            ],
            [
              -111.046470824551,
              25.7062178125775
            ],
            [
              -111.045990158877,
              25.7061033847948
            ],
            [
              -111.045829936529,
              25.7061072010388
            ],
            [
              -111.045456084855,
              25.7060728752858
            ],
            [
              -111.045082232602,
              25.7060919516865
            ],
            [
              -111.04497541713,
              25.7061472622633
            ],
            [
              -111.04465497242,
              25.7061568019583
            ],
            [
              -111.044601563948,
              25.7062521635508
            ],
            [
              -111.044441341044,
              25.7063074747223
            ],
            [
              -111.044120896339,
              25.7063170144092
            ],
            [
              -111.043968302533,
              25.7064219132064
            ],
            [
              -111.043861487605,
              25.70642763606
            ],
            [
              -111.04312141188,
              25.7065477991672
            ],
            [
              -111.042968818576,
              25.7066069246796
            ],
            [
              -111.042854371953,
              25.706803369585
            ],
            [
              -111.042594960758,
              25.7071428575729
            ],
            [
              -111.042495774499,
              25.707238219657
            ],
            [
              -111.042282144139,
              25.7072973458365
            ],
            [
              -111.042182959386,
              25.7072534808853
            ],
            [
              -111.042068512258,
              25.7074976062637
            ],
            [
              -111.042022732362,
              25.7076921431681
            ],
            [
              -111.041915914912,
              25.7079324540144
            ],
            [
              -111.041709913207,
              25.7080831266342
            ],
            [
              -111.041717541771,
              25.7081823019647
            ],
            [
              -111.041664132823,
              25.7083234367975
            ],
            [
              -111.041603095188,
              25.7083768396167
            ],
            [
              -111.041557315833,
              25.7085217888019
            ],
            [
              -111.041404720476,
              25.7087735434512
            ],
            [
              -111.041404719471,
              25.7088669972035
            ],
            [
              -111.041297904064,
              25.7089184933035
            ],
            [
              -111.041038495867,
              25.7089833416161
            ],
            [
              -111.040931680974,
              25.7089871572288
            ],
            [
              -111.040939306472,
              25.7093724154582
            ],
            [
              -111.041099527296,
              25.709507826274
            ],
            [
              -111.041099524718,
              25.7097481359114
            ],
            [
              -111.041252116933,
              25.7097881858437
            ],
            [
              -111.041259746094,
              25.7098320518048
            ],
            [
              -111.041305522864,
              25.7099274122694
            ],
            [
              -111.041305520778,
              25.7101219486405
            ],
            [
              -111.041419962254,
              25.7104023086245
            ],
            [
              -111.041732774328,
              25.7106674086797
            ],
            [
              -111.041938774028,
              25.7107017363695
            ],
            [
              -111.042152402316,
              25.7108333321596
            ],
            [
              -111.042152400761,
              25.7109782808267
            ],
            [
              -111.041992176891,
              25.7111270456862
            ],
            [
              -111.041839583596,
              25.711188078373
            ],
            [
              -111.04183957953,
              25.7115676150023
            ],
            [
              -111.041740394213,
              25.7115771521823
            ],
            [
              -111.04158017082,
              25.7116820509885
            ],
            [
              -111.041313130442,
              25.7119872089693
            ],
            [
              -111.041374166579,
              25.7120730331661
            ],
            [
              -111.041374165519,
              25.7121722085618
            ],
            [
              -111.041427571454,
              25.7123114349773
            ],
            [
              -111.041427570965,
              25.7123572082365
            ],
            [
              -111.041061347849,
              25.7124315937665
            ],
            [
              -111.040901124933,
              25.7124926265189
            ],
            [
              -111.040748532138,
              25.712507885929
            ],
            [
              -111.04059593786,
              25.7126623723292
            ],
            [
              -111.040435715963,
              25.7126280441241
            ],
            [
              -111.04038230903,
              25.7125822714463
            ],
            [
              -111.040122902351,
              25.712507892716
            ],
            [
              -111.04002371704,
              25.7125174298859
            ],
            [
              -111.039764308779,
              25.7125918142363
            ],
            [
              -111.039657493878,
              25.7125975370491
            ],
            [
              -111.039558308041,
              25.7126566619105
            ],
            [
              -111.039405713752,
              25.7128130555152
            ],
            [
              -111.039352305219,
              25.7129179531344
            ],
            [
              -111.039199711965,
              25.7129770785684
            ],
            [
              -111.038886896234,
              25.7130571851361
            ],
            [
              -111.038482527904,
              25.712856931508
            ],
            [
              -111.037811120688,
              25.7128264232294
            ],
            [
              -111.037353339117,
              25.7131773564062
            ],
            [
              -111.03714733882,
              25.7132021524579
            ],
            [
              -111.036895561202,
              25.7131830829662
            ],
            [
              -111.036491189239,
              25.7133280359151
            ],
            [
              -111.036048664034,
              25.7139574227998
            ],
            [
              -111.035796885283,
              25.7140470647547
            ],
            [
              -111.035598512886,
              25.7142377887234
            ],
            [
              -111.035506955439,
              25.7144170682416
            ],
            [
              -111.035506954919,
              25.7144666559241
            ],
            [
              -111.035361989421,
              25.7147069669981
            ],
            [
              -111.035361988421,
              25.7148023279244
            ],
            [
              -111.035209394976,
              25.7148824327181
            ],
            [
              -111.035117839153,
              25.7149072275278
            ],
            [
              -111.034957618755,
              25.7147317651218
            ],
            [
              -111.03484317514,
              25.7146516631561
            ],
            [
              -111.034797397978,
              25.714592539867
            ],
            [
              -111.034797399596,
              25.7144380551679
            ],
            [
              -111.03447695786,
              25.7141767696241
            ],
            [
              -111.034362515283,
              25.713997492295
            ],
            [
              -111.034339633047,
              25.7133623887603
            ],
            [
              -111.034240447951,
              25.7133528537197
            ],
            [
              -111.034019191667,
              25.7130667732806
            ],
            [
              -111.033912379719,
              25.7127921349373
            ],
            [
              -111.033836091116,
              25.712057856577
            ],
            [
              -111.033729278029,
              25.7118919296901
            ],
            [
              -111.033721650541,
              25.7116878573735
            ],
            [
              -111.033614837394,
              25.7115276521416
            ],
            [
              -111.033446989404,
              25.7111576535025
            ],
            [
              -111.033332546044,
              25.7110527576931
            ],
            [
              -111.033332546525,
              25.7110069844441
            ],
            [
              -111.033172325481,
              25.7108925530288
            ],
            [
              -111.033118918587,
              25.7108429659114
            ],
            [
              -111.032851883253,
              25.7106770407287
            ],
            [
              -111.032745070044,
              25.7105225571509
            ],
            [
              -111.032737442516,
              25.7103222992663
            ],
            [
              -111.03282900077,
              25.7100667309777
            ],
            [
              -111.032928186392,
              25.7100266783249
            ],
            [
              -111.032981594329,
              25.7099770900664
            ],
            [
              -111.032943457854,
              25.7088670891191
            ],
            [
              -111.03298161011,
              25.7084780160567
            ],
            [
              -111.032912946646,
              25.7081728617672
            ],
            [
              -111.032615401952,
              25.7071372450703
            ],
            [
              -111.032172888022,
              25.7066928678073
            ],
            [
              -111.031997409659,
              25.706393436312
            ],
            [
              -111.031989782625,
              25.7061474051391
            ],
            [
              -111.032027933845,
              25.7058575074313
            ],
            [
              -111.032012678694,
              25.7054684349026
            ],
            [
              -111.031905865384,
              25.7053234874047
            ],
            [
              -111.03160831594,
              25.7047379743507
            ],
            [
              -111.0314404661,
              25.7045434398138
            ],
            [
              -111.031425209379,
              25.7043031303655
            ],
            [
              -111.031577804033,
              25.7041124067953
            ],
            [
              -111.031730398144,
              25.7039731781393
            ],
            [
              -111.031844843148,
              25.703923589198
            ],
            [
              -111.0320432156,
              25.7037328651201
            ],
            [
              -111.032142403366,
              25.7034925544142
            ],
            [
              -111.032127148192,
              25.7031072962822
            ],
            [
              -111.032012705189,
              25.7029680705184
            ],
            [
              -111.031554934492,
              25.702287198204
            ],
            [
              -111.031326047532,
              25.702098385983
            ],
            [
              -111.031097160693,
              25.7018981304455
            ],
            [
              -111.030929309798,
              25.7018027713068
            ],
            [
              -111.030601237153,
              25.7016578262097
            ],
            [
              -111.030273163073,
              25.7016482936832
            ],
            [
              -111.029998497369,
              25.7015491212655
            ],
            [
              -111.029334721563,
              25.7013431487921
            ],
            [
              -111.029166871193,
              25.7011982019486
            ],
            [
              -111.028999019813,
              25.7011486160688
            ],
            [
              -111.028670945699,
              25.7011428979688
            ],
            [
              -111.028510721938,
              25.7012840339287
            ],
            [
              -111.028464942676,
              25.7014232614277
            ],
            [
              -111.027984273499,
              25.7016483184883
            ],
            [
              -111.027831679337,
              25.7017932687909
            ],
            [
              -111.027503605276,
              25.7017837362326
            ],
            [
              -111.027167902549,
              25.7016826572358
            ],
            [
              -111.027160274442,
              25.7015377086652
            ],
            [
              -111.02697716539,
              25.70133745263
            ],
            [
              -111.025649617408,
              25.7005841153694
            ],
            [
              -111.024993473777,
              25.7001378331537
            ],
            [
              -111.024863772082,
              25.6999432981992
            ],
            [
              -111.024779848696,
              25.6996991750548
            ],
            [
              -111.024276298212,
              25.6992033034971
            ],
            [
              -111.023841412409,
              25.6988981531121
            ],
            [
              -111.023437046652,
              25.6984480537432
            ],
            [
              -111.023276827946,
              25.6981085704572
            ],
            [
              -111.023269199355,
              25.6980093951426
            ],
            [
              -111.023162388132,
              25.6976641896206
            ],
            [
              -111.022986910703,
              25.6972732115742
            ],
            [
              -111.023063210526,
              25.6969394473856
            ],
            [
              -111.023330251493,
              25.6965732584003
            ],
            [
              -111.023505733451,
              25.6965332048967
            ],
            [
              -111.023665958134,
              25.6963043368424
            ],
            [
              -111.023696479616,
              25.6960239752659
            ],
            [
              -111.023650708357,
              25.6954041294589
            ],
            [
              -111.023589672787,
              25.6952629958845
            ],
            [
              -111.023200563752,
              25.6950532059751
            ],
            [
              -111.023131897645,
              25.6949978973576
            ],
            [
              -111.022483381314,
              25.694769038067
            ],
            [
              -111.02168990063,
              25.6946679640369
            ],
            [
              -111.021354198019,
              25.6945535345077
            ],
            [
              -111.02136182671,
              25.6946431737342
            ],
            [
              -111.020949826839,
              25.6946183843348
            ],
            [
              -111.020759084779,
              25.6947385412095
            ],
            [
              -111.020698046783,
              25.6948281811741
            ],
            [
              -111.020781971155,
              25.6949788505919
            ],
            [
              -111.020835375021,
              25.6953183350441
            ],
            [
              -111.020789595752,
              25.6954594697605
            ],
            [
              -111.020804854037,
              25.6955529233383
            ],
            [
              -111.020614112823,
              25.6955929769937
            ],
            [
              -111.020293668548,
              25.6955681865884
            ],
            [
              -111.01998085588,
              25.6953545813997
            ],
            [
              -111.019759597776,
              25.6952382434055
            ],
            [
              -111.019439155536,
              25.6950189166397
            ],
            [
              -111.019301829419,
              25.6943246903249
            ],
            [
              -111.018912722024,
              25.6939585084158
            ],
            [
              -111.018615169053,
              25.6937029442369
            ],
            [
              -111.018515985772,
              25.6935179450367
            ],
            [
              -111.018287097075,
              25.693493153647
            ],
            [
              -111.017943762649,
              25.6935885182947
            ],
            [
              -111.017775910492,
              25.6936133139448
            ],
            [
              -111.017577538914,
              25.6937239347835
            ],
            [
              -111.017409687236,
              25.6937029571705
            ],
            [
              -111.017394426602,
              25.6938345554553
            ],
            [
              -111.017150278708,
              25.6938040425613
            ],
            [
              -111.017073997565,
              25.6937544652057
            ],
            [
              -111.01708180318,
              25.6968190409777
            ],
            [
              -111.017256393547,
              25.7653189247411
            ],
            [
              -111.060081367241,
              25.7744235866417
            ],
            [
              -111.060169946153,
              25.7095881709781
            ],
            [
              -111.060173615827,
              25.7069018289085
            ]
          ],
          [
            [
              -111.044776668951,
              25.741940031473
            ],
            [
              -111.044624074117,
              25.7421650845829
            ],
            [
              -111.044517259345,
              25.7421650856477
            ],
            [
              -111.0444180765,
              25.7419400350507
            ],
            [
              -111.04436466962,
              25.7418904479455
            ],
            [
              -111.044212078004,
              25.7418008102757
            ],
            [
              -111.043906893409,
              25.741755040113
            ],
            [
              -111.043807708264,
              25.7417550411008
            ],
            [
              -111.043655117155,
              25.7416158157929
            ],
            [
              -111.043655118596,
              25.7414746817484
            ],
            [
              -111.043601713099,
              25.7412896822482
            ],
            [
              -111.043601716352,
              25.7409711770345
            ],
            [
              -111.043655126565,
              25.7406946300546
            ],
            [
              -111.043449126644,
              25.7406946321115
            ],
            [
              -111.043395719764,
              25.7406450450058
            ],
            [
              -111.04344912949,
              25.7404161784461
            ],
            [
              -111.043655129412,
              25.7404161763873
            ],
            [
              -111.043655132691,
              25.7400957639441
            ],
            [
              -111.04370091092,
              25.7400499902793
            ],
            [
              -111.043754319733,
              25.739910762907
            ],
            [
              -111.04380772759,
              25.7398649891648
            ],
            [
              -111.043853506328,
              25.7397696278573
            ],
            [
              -111.043853507755,
              25.7396304010176
            ],
            [
              -111.043754323015,
              25.7395903504557
            ],
            [
              -111.043601731962,
              25.7394454034951
            ],
            [
              -111.043449140341,
              25.7393557658269
            ],
            [
              -111.043449142705,
              25.7391249925705
            ],
            [
              -111.043349960369,
              25.7388503543164
            ],
            [
              -111.043143962804,
              25.738619583125
            ],
            [
              -111.043044778161,
              25.7385699964783
            ],
            [
              -111.042937965728,
              25.7383411315074
            ],
            [
              -111.043143966578,
              25.7382514902361
            ],
            [
              -111.04324315173,
              25.7382514892387
            ],
            [
              -111.043296559589,
              25.7382057154918
            ],
            [
              -111.043548336364,
              25.7382953521605
            ],
            [
              -111.04385352145,
              25.7382953490869
            ],
            [
              -111.043853522371,
              25.7382057098831
            ],
            [
              -111.043960338583,
              25.7380664819565
            ],
            [
              -111.043960340033,
              25.7379253478888
            ],
            [
              -111.043960347586,
              25.7371910692794
            ],
            [
              -111.044059534195,
              25.7370499342022
            ],
            [
              -111.044112942039,
              25.7370060676652
            ],
            [
              -111.044158719804,
              25.7370060672015
            ],
            [
              -111.044265533154,
              25.7371452929768
            ],
            [
              -111.044265527479,
              25.7376964787472
            ],
            [
              -111.044418118594,
              25.7378357040581
            ],
            [
              -111.044418116219,
              25.738066477335
            ],
            [
              -111.044517299942,
              25.7382057031851
            ],
            [
              -111.044723295621,
              25.7386195672241
            ],
            [
              -111.044723290875,
              25.7390811137647
            ],
            [
              -111.044669882564,
              25.7391707535058
            ],
            [
              -111.044616472823,
              25.7393996200918
            ],
            [
              -111.044517285302,
              25.7396303943519
            ],
            [
              -111.044517283874,
              25.7397696211948
            ],
            [
              -111.044769058688,
              25.7400499795664
            ],
            [
              -111.044822464687,
              25.7401853914375
            ],
            [
              -111.044822464218,
              25.7402311646456
            ],
            [
              -111.044769054931,
              25.7404161652301
            ],
            [
              -111.044769052585,
              25.7406450312669
            ],
            [
              -111.044822458526,
              25.7407861647865
            ],
            [
              -111.04482245663,
              25.7409711648305
            ],
            [
              -111.044776676056,
              25.7412458045264
            ],
            [
              -111.044624081178,
              25.7414746720804
            ],
            [
              -111.044776668951,
              25.741940031473
            ]
          ],
          [
            [
              -111.050270009098,
              25.7411046149733
            ],
            [
              -111.050270002868,
              25.7417053884101
            ],
            [
              -111.050064001996,
              25.7417950297145
            ],
            [
              -111.049865632611,
              25.7417053925216
            ],
            [
              -111.049606227192,
              25.7415203950881
            ],
            [
              -111.049453635117,
              25.741474623425
            ],
            [
              -111.049201856426,
              25.7415699868398
            ],
            [
              -111.049049263878,
              25.7415699883873
            ],
            [
              -111.048797486688,
              25.7415204032929
            ],
            [
              -111.04859148815,
              25.7413849929619
            ],
            [
              -111.048492304433,
              25.7412457671144
            ],
            [
              -111.048339716635,
              25.740786129323
            ],
            [
              -111.04833972046,
              25.7404161291862
            ],
            [
              -111.048538095078,
              25.7400003538116
            ],
            [
              -111.048538096065,
              25.7399049929483
            ],
            [
              -111.048744098382,
              25.7396761247756
            ],
            [
              -111.048690692867,
              25.7394949396758
            ],
            [
              -111.048637285987,
              25.7394453525702
            ],
            [
              -111.048538102231,
              25.7393099411521
            ],
            [
              -111.048637288835,
              25.7391707132751
            ],
            [
              -111.048896693804,
              25.7393995767078
            ],
            [
              -111.04904928537,
              25.7394949360169
            ],
            [
              -111.049102693753,
              25.7393995746043
            ],
            [
              -111.049301063601,
              25.7394453457941
            ],
            [
              -111.0494078774,
              25.7395407055704
            ],
            [
              -111.049453654236,
              25.7396303443183
            ],
            [
              -111.04945365279,
              25.7397695711847
            ],
            [
              -111.04935446571,
              25.7399545722783
            ],
            [
              -111.049812240978,
              25.7401853409019
            ],
            [
              -111.050064014912,
              25.7405496168403
            ],
            [
              -111.050270009098,
              25.7411046149733
            ]
          ]
        ]
      },
      "properties": {
        "ZONIF": "Zona de Uso Restringido Marina III"
      }
    }
  ]
}